source,word,decomp_as_found_in_source,has_no_correct_decomp,all_correct_decomps,is_misspelled,is_possibly_misspelled,is_borrowed,decomp_unknown,is_proper_name,comments
hansard,Haammalakkut,{Haammala:Haammalat/1n}{kkut:kkut/1nn},False,{Haammala:Haammalat/1n}{kkut:kkut/1nn},False,False,False,False,False,
hansard,Hamlakkut,{Hamla:Hamlat/1n}{kkut:kkut/1nn},False,{Hamla:Hamlat/1n}{kkut:kkut/1nn},False,False,False,False,False,
hansard,Hanta,[decomposition:/Hanta(Hanta)/],False,,False,False,False,False,True,
hansard,Haviujaq,[decomposition:/Haviujaq(Haviujaq)/],False,,False,False,False,False,True,
hansard,aagga,{aagga:aakka/1a},False,{aagga:aakka/1a},False,False,False,False,False,
hansard,aanniaqtulirijikkunnut,{aanniaq:aanniaq/1v}{tu:juq/1vn}{liri:liri/1nv}{ji:ji/1vn}{kkun:kkut/1nn}{nut:nut/tn-dat-p},False,{aanniaq:aanniaq/1v}{tu:juq/1vn}{liri:liri/1nv}{ji:ji/1vn}{kkun:kkut/1nn}{nut:nut/tn-dat-p};{aanniaq:aanniaq/1v}{tu:juq/1vn}{li:&iq/1nn}{ri:gi/1nv}{ji:ji/1vn}{kkun:kkut/1nn}{nut:nut/tn-dat-p};{aanni:aanniq/1v}{aq:a/1vv}{tu:juq/1vn}{liri:liri/1nv}{ji:ji/1vn}{kkun:kkut/1nn}{nut:nut/tn-dat-p};{aanni:aanniq/1v}{aq:a/1vv}{tu:juq/1vn}{li:&iq/1nn}{ri:gi/1nv}{ji:ji/1vn}{kkun:kkut/1nn}{nut:nut/tn-dat-p};{aan:aak/1v}{niaq:niaq/2vv}{tu:juq/1vn}{liri:liri/1nv}{ji:ji/1vn}{kkun:kkut/1nn}{nut:nut/tn-dat-p};{aan:aak/1v}{niaq:niaq/2vv}{tu:juq/1vn}{li:&iq/1nn}{ri:gi/1nv}{ji:ji/1vn}{kkun:kkut/1nn}{nut:nut/tn-dat-p};{aan:aak/1v}{ni:niq/2vn}{aq:aq/2nv}{tu:juq/1vn}{liri:liri/1nv}{ji:ji/1vn}{kkun:kkut/1nn}{nut:nut/tn-dat-p};{aan:aak/1v}{ni:niq/2vn}{aq:aq/2nv}{tu:juq/1vn}{li:&iq/1nn}{ri:gi/1nv}{ji:ji/1vn}{kkun:kkut/1nn}{nut:nut/tn-dat-p};{aa:aa/1a}{nniaq:niaq/1nv}{tu:juq/1vn}{liri:liri/1nv}{ji:ji/1vn}{kkun:kkut/1nn}{nut:nut/tn-dat-p};{aa:aa/1a}{nniaq:niaq/1nv}{tu:juq/1vn}{li:&iq/1nn}{ri:gi/1nv}{ji:ji/1vn}{kkun:kkut/1nn}{nut:nut/tn-dat-p};{aa:aa/1v}{n:t/1vv}{niaq:niaq/2vv}{tu:juq/1vn}{liri:liri/1nv}{ji:ji/1vn}{kkun:kkut/1nn}{nut:nut/tn-dat-p};{aa:aa/1v}{n:t/1vv}{niaq:niaq/2vv}{tu:juq/1vn}{li:&iq/1nn}{ri:gi/1nv}{ji:ji/1vn}{kkun:kkut/1nn}{nut:nut/tn-dat-p};{aa:aa/1v}{n:t/1vv}{ni:niq/2vn}{aq:aq/2nv}{tu:juq/1vn}{liri:liri/1nv}{ji:ji/1vn}{kkun:kkut/1nn}{nut:nut/tn-dat-p};{aa:aa/1v}{n:t/1vv}{ni:niq/2vn}{aq:aq/2nv}{tu:juq/1vn}{li:&iq/1nn}{ri:gi/1nv}{ji:ji/1vn}{kkun:kkut/1nn}{nut:nut/tn-dat-p},False,False,False,False,False,
hansard,aanniaqtulirijikkut,{aanniaq:aanniaq/1v}{tu:juq/1vn}{liri:liri/1nv}{ji:ji/1vn}{kkut:kkut/1nn},False,{aanniaq:aanniaq/1v}{tu:juq/1vn}{liri:liri/1nv}{ji:ji/1vn}{kkut:kkut/1nn};{aanniaq:aanniaq/1v}{tu:juq/1vn}{liri:liri/1nv}{ji:ji/1vn}{kkut:kkut/tn-via-s};{aanniaq:aanniaq/1v}{tu:juq/1vn}{liri:liri/1nv}{ji:ji/1vn}{kkut:kkut/tn-via-s-2s};{aanniaq:aanniaq/1v}{tu:juq/1vn}{liri:liri/1nv}{ji:ji/1vn}{kkut:pkut/tn-via-s-1s};{aanniaq:aanniaq/1v}{tu:juq/1vn}{liri:liri/1nv}{ji:ji/1vn}{kkut:pkut/tn-via-p-1s};{aanniaq:aanniaq/1v}{tu:juq/1vn}{li:&iq/1nn}{ri:gi/1nv}{ji:ji/1vn}{kkut:kkut/1nn};{aanniaq:aanniaq/1v}{tu:juq/1vn}{li:&iq/1nn}{ri:gi/1nv}{ji:ji/1vn}{kkut:kkut/tn-via-s};{aanniaq:aanniaq/1v}{tu:juq/1vn}{li:&iq/1nn}{ri:gi/1nv}{ji:ji/1vn}{kkut:kkut/tn-via-s-2s};{aanniaq:aanniaq/1v}{tu:juq/1vn}{li:&iq/1nn}{ri:gi/1nv}{ji:ji/1vn}{kkut:pkut/tn-via-s-1s};{aanniaq:aanniaq/1v}{tu:juq/1vn}{li:&iq/1nn}{ri:gi/1nv}{ji:ji/1vn}{kkut:pkut/tn-via-p-1s};{aanni:aanniq/1v}{aq:a/1vv}{tu:juq/1vn}{liri:liri/1nv}{ji:ji/1vn}{kkut:kkut/1nn};{aanni:aanniq/1v}{aq:a/1vv}{tu:juq/1vn}{liri:liri/1nv}{ji:ji/1vn}{kkut:kkut/tn-via-s};{aanni:aanniq/1v}{aq:a/1vv}{tu:juq/1vn}{liri:liri/1nv}{ji:ji/1vn}{kkut:kkut/tn-via-s-2s};{aanni:aanniq/1v}{aq:a/1vv}{tu:juq/1vn}{liri:liri/1nv}{ji:ji/1vn}{kkut:pkut/tn-via-s-1s};{aanni:aanniq/1v}{aq:a/1vv}{tu:juq/1vn}{liri:liri/1nv}{ji:ji/1vn}{kkut:pkut/tn-via-p-1s};{aanni:aanniq/1v}{aq:a/1vv}{tu:juq/1vn}{li:&iq/1nn}{ri:gi/1nv}{ji:ji/1vn}{kkut:kkut/1nn};{aanni:aanniq/1v}{aq:a/1vv}{tu:juq/1vn}{li:&iq/1nn}{ri:gi/1nv}{ji:ji/1vn}{kkut:kkut/tn-via-s};{aanni:aanniq/1v}{aq:a/1vv}{tu:juq/1vn}{li:&iq/1nn}{ri:gi/1nv}{ji:ji/1vn}{kkut:kkut/tn-via-s-2s};{aanni:aanniq/1v}{aq:a/1vv}{tu:juq/1vn}{li:&iq/1nn}{ri:gi/1nv}{ji:ji/1vn}{kkut:pkut/tn-via-s-1s};{aanni:aanniq/1v}{aq:a/1vv}{tu:juq/1vn}{li:&iq/1nn}{ri:gi/1nv}{ji:ji/1vn}{kkut:pkut/tn-via-p-1s};{aan:aak/1v}{niaq:niaq/2vv}{tu:juq/1vn}{liri:liri/1nv}{ji:ji/1vn}{kkut:kkut/1nn};{aan:aak/1v}{niaq:niaq/2vv}{tu:juq/1vn}{liri:liri/1nv}{ji:ji/1vn}{kkut:kkut/tn-via-s};{aan:aak/1v}{niaq:niaq/2vv}{tu:juq/1vn}{liri:liri/1nv}{ji:ji/1vn}{kkut:kkut/tn-via-s-2s};{aan:aak/1v}{niaq:niaq/2vv}{tu:juq/1vn}{liri:liri/1nv}{ji:ji/1vn}{kkut:pkut/tn-via-s-1s};{aan:aak/1v}{niaq:niaq/2vv}{tu:juq/1vn}{liri:liri/1nv}{ji:ji/1vn}{kkut:pkut/tn-via-p-1s};{aan:aak/1v}{niaq:niaq/2vv}{tu:juq/1vn}{li:&iq/1nn}{ri:gi/1nv}{ji:ji/1vn}{kkut:kkut/1nn};{aan:aak/1v}{ni:niq/2vn}{aq:aq/2nv}{tu:juq/1vn}{liri:liri/1nv}{ji:ji/1vn}{kkut:kkut/1nn};{aan:aak/1v}{niaq:niaq/2vv}{tu:juq/1vn}{li:&iq/1nn}{ri:gi/1nv}{ji:ji/1vn}{kkut:kkut/tn-via-s};{aan:aak/1v}{ni:niq/2vn}{aq:aq/2nv}{tu:juq/1vn}{liri:liri/1nv}{ji:ji/1vn}{kkut:kkut/tn-via-s};{aan:aak/1v}{niaq:niaq/2vv}{tu:juq/1vn}{li:&iq/1nn}{ri:gi/1nv}{ji:ji/1vn}{kkut:kkut/tn-via-s-2s};{aan:aak/1v}{ni:niq/2vn}{aq:aq/2nv}{tu:juq/1vn}{liri:liri/1nv}{ji:ji/1vn}{kkut:kkut/tn-via-s-2s};{aan:aak/1v}{niaq:niaq/2vv}{tu:juq/1vn}{li:&iq/1nn}{ri:gi/1nv}{ji:ji/1vn}{kkut:pkut/tn-via-s-1s};{aan:aak/1v}{ni:niq/2vn}{aq:aq/2nv}{tu:juq/1vn}{liri:liri/1nv}{ji:ji/1vn}{kkut:pkut/tn-via-s-1s};{aan:aak/1v}{niaq:niaq/2vv}{tu:juq/1vn}{li:&iq/1nn}{ri:gi/1nv}{ji:ji/1vn}{kkut:pkut/tn-via-p-1s};{aan:aak/1v}{ni:niq/2vn}{aq:aq/2nv}{tu:juq/1vn}{liri:liri/1nv}{ji:ji/1vn}{kkut:pkut/tn-via-p-1s};{aan:aak/1v}{ni:niq/2vn}{aq:aq/2nv}{tu:juq/1vn}{li:&iq/1nn}{ri:gi/1nv}{ji:ji/1vn}{kkut:kkut/1nn};{aan:aak/1v}{ni:niq/2vn}{aq:aq/2nv}{tu:juq/1vn}{li:&iq/1nn}{ri:gi/1nv}{ji:ji/1vn}{kkut:kkut/tn-via-s};{aan:aak/1v}{ni:niq/2vn}{aq:aq/2nv}{tu:juq/1vn}{li:&iq/1nn}{ri:gi/1nv}{ji:ji/1vn}{kkut:kkut/tn-via-s-2s};{aan:aak/1v}{ni:niq/2vn}{aq:aq/2nv}{tu:juq/1vn}{li:&iq/1nn}{ri:gi/1nv}{ji:ji/1vn}{kkut:pkut/tn-via-s-1s};{aan:aak/1v}{ni:niq/2vn}{aq:aq/2nv}{tu:juq/1vn}{li:&iq/1nn}{ri:gi/1nv}{ji:ji/1vn}{kkut:pkut/tn-via-p-1s};{aa:aa/1a}{nniaq:niaq/1nv}{tu:juq/1vn}{liri:liri/1nv}{ji:ji/1vn}{kkut:kkut/1nn};{aa:aa/1a}{nniaq:niaq/1nv}{tu:juq/1vn}{liri:liri/1nv}{ji:ji/1vn}{kkut:kkut/tn-via-s};{aa:aa/1a}{nniaq:niaq/1nv}{tu:juq/1vn}{liri:liri/1nv}{ji:ji/1vn}{kkut:kkut/tn-via-s-2s};{aa:aa/1a}{nniaq:niaq/1nv}{tu:juq/1vn}{liri:liri/1nv}{ji:ji/1vn}{kkut:pkut/tn-via-s-1s};{aa:aa/1a}{nniaq:niaq/1nv}{tu:juq/1vn}{liri:liri/1nv}{ji:ji/1vn}{kkut:pkut/tn-via-p-1s};{aa:aa/1a}{nniaq:niaq/1nv}{tu:juq/1vn}{li:&iq/1nn}{ri:gi/1nv}{ji:ji/1vn}{kkut:kkut/1nn};{aa:aa/1v}{n:t/1vv}{niaq:niaq/2vv}{tu:juq/1vn}{liri:liri/1nv}{ji:ji/1vn}{kkut:kkut/1nn};{aa:aa/1a}{nniaq:niaq/1nv}{tu:juq/1vn}{li:&iq/1nn}{ri:gi/1nv}{ji:ji/1vn}{kkut:kkut/tn-via-s};{aa:aa/1v}{n:t/1vv}{niaq:niaq/2vv}{tu:juq/1vn}{liri:liri/1nv}{ji:ji/1vn}{kkut:kkut/tn-via-s};{aa:aa/1a}{nniaq:niaq/1nv}{tu:juq/1vn}{li:&iq/1nn}{ri:gi/1nv}{ji:ji/1vn}{kkut:kkut/tn-via-s-2s};{aa:aa/1v}{n:t/1vv}{niaq:niaq/2vv}{tu:juq/1vn}{liri:liri/1nv}{ji:ji/1vn}{kkut:kkut/tn-via-s-2s};{aa:aa/1a}{nniaq:niaq/1nv}{tu:juq/1vn}{li:&iq/1nn}{ri:gi/1nv}{ji:ji/1vn}{kkut:pkut/tn-via-s-1s};{aa:aa/1v}{n:t/1vv}{niaq:niaq/2vv}{tu:juq/1vn}{liri:liri/1nv}{ji:ji/1vn}{kkut:pkut/tn-via-s-1s};{aa:aa/1a}{nniaq:niaq/1nv}{tu:juq/1vn}{li:&iq/1nn}{ri:gi/1nv}{ji:ji/1vn}{kkut:pkut/tn-via-p-1s};{aa:aa/1v}{n:t/1vv}{niaq:niaq/2vv}{tu:juq/1vn}{liri:liri/1nv}{ji:ji/1vn}{kkut:pkut/tn-via-p-1s};{aa:aa/1v}{n:t/1vv}{niaq:niaq/2vv}{tu:juq/1vn}{li:&iq/1nn}{ri:gi/1nv}{ji:ji/1vn}{kkut:kkut/1nn};{aa:aa/1v}{n:t/1vv}{ni:niq/2vn}{aq:aq/2nv}{tu:juq/1vn}{liri:liri/1nv}{ji:ji/1vn}{kkut:kkut/1nn};{aa:aa/1v}{n:t/1vv}{niaq:niaq/2vv}{tu:juq/1vn}{li:&iq/1nn}{ri:gi/1nv}{ji:ji/1vn}{kkut:kkut/tn-via-s};{aa:aa/1v}{n:t/1vv}{ni:niq/2vn}{aq:aq/2nv}{tu:juq/1vn}{liri:liri/1nv}{ji:ji/1vn}{kkut:kkut/tn-via-s};{aa:aa/1v}{n:t/1vv}{niaq:niaq/2vv}{tu:juq/1vn}{li:&iq/1nn}{ri:gi/1nv}{ji:ji/1vn}{kkut:kkut/tn-via-s-2s};{aa:aa/1v}{n:t/1vv}{ni:niq/2vn}{aq:aq/2nv}{tu:juq/1vn}{liri:liri/1nv}{ji:ji/1vn}{kkut:kkut/tn-via-s-2s};{aa:aa/1v}{n:t/1vv}{niaq:niaq/2vv}{tu:juq/1vn}{li:&iq/1nn}{ri:gi/1nv}{ji:ji/1vn}{kkut:pkut/tn-via-s-1s};{aa:aa/1v}{n:t/1vv}{ni:niq/2vn}{aq:aq/2nv}{tu:juq/1vn}{liri:liri/1nv}{ji:ji/1vn}{kkut:pkut/tn-via-s-1s};{aa:aa/1v}{n:t/1vv}{niaq:niaq/2vv}{tu:juq/1vn}{li:&iq/1nn}{ri:gi/1nv}{ji:ji/1vn}{kkut:pkut/tn-via-p-1s};{aa:aa/1v}{n:t/1vv}{ni:niq/2vn}{aq:aq/2nv}{tu:juq/1vn}{liri:liri/1nv}{ji:ji/1vn}{kkut:pkut/tn-via-p-1s};{aa:aa/1v}{n:t/1vv}{ni:niq/2vn}{aq:aq/2nv}{tu:juq/1vn}{li:&iq/1nn}{ri:gi/1nv}{ji:ji/1vn}{kkut:kkut/1nn};{aa:aa/1v}{n:t/1vv}{ni:niq/2vn}{aq:aq/2nv}{tu:juq/1vn}{li:&iq/1nn}{ri:gi/1nv}{ji:ji/1vn}{kkut:kkut/tn-via-s};{aa:aa/1v}{n:t/1vv}{ni:niq/2vn}{aq:aq/2nv}{tu:juq/1vn}{li:&iq/1nn}{ri:gi/1nv}{ji:ji/1vn}{kkut:kkut/tn-via-s-2s};{aa:aa/1v}{n:t/1vv}{ni:niq/2vn}{aq:aq/2nv}{tu:juq/1vn}{li:&iq/1nn}{ri:gi/1nv}{ji:ji/1vn}{kkut:pkut/tn-via-s-1s};{aa:aa/1v}{n:t/1vv}{ni:niq/2vn}{aq:aq/2nv}{tu:juq/1vn}{li:&iq/1nn}{ri:gi/1nv}{ji:ji/1vn}{kkut:pkut/tn-via-p-1s},False,False,False,False,False,
hansard,aanniaqtulirinirmut,{aanniaq:aanniaq/1v}{tu:juq/1vn}{liri:liri/1nv}{nir:niq/2vn}{mut:mut/tn-dat-s},False,{aanniaq:aanniaq/1v}{tu:juq/1vn}{liri:liri/1nv}{nir:niq/2vn}{mut:mut/tn-dat-s};{aanniaq:aanniaq/1v}{tu:juq/1vn}{li:&iq/1nn}{ri:gi/1nv}{nir:niq/2vn}{mut:mut/tn-dat-s};{aanni:aanniq/1v}{aq:a/1vv}{tu:juq/1vn}{liri:liri/1nv}{nir:niq/2vn}{mut:mut/tn-dat-s};{aanni:aanniq/1v}{aq:a/1vv}{tu:juq/1vn}{li:&iq/1nn}{ri:gi/1nv}{nir:niq/2vn}{mut:mut/tn-dat-s};{aan:aak/1v}{niaq:niaq/2vv}{tu:juq/1vn}{liri:liri/1nv}{nir:niq/2vn}{mut:mut/tn-dat-s};{aan:aak/1v}{niaq:niaq/2vv}{tu:juq/1vn}{li:&iq/1nn}{ri:gi/1nv}{nir:niq/2vn}{mut:mut/tn-dat-s};{aan:aak/1v}{ni:niq/2vn}{aq:aq/2nv}{tu:juq/1vn}{liri:liri/1nv}{nir:niq/2vn}{mut:mut/tn-dat-s};{aan:aak/1v}{ni:niq/2vn}{aq:aq/2nv}{tu:juq/1vn}{li:&iq/1nn}{ri:gi/1nv}{nir:niq/2vn}{mut:mut/tn-dat-s};{aa:aa/1a}{nniaq:niaq/1nv}{tu:juq/1vn}{liri:liri/1nv}{nir:niq/2vn}{mut:mut/tn-dat-s};{aa:aa/1a}{nniaq:niaq/1nv}{tu:juq/1vn}{li:&iq/1nn}{ri:gi/1nv}{nir:niq/2vn}{mut:mut/tn-dat-s};{aa:aa/1v}{n:t/1vv}{niaq:niaq/2vv}{tu:juq/1vn}{liri:liri/1nv}{nir:niq/2vn}{mut:mut/tn-dat-s};{aa:aa/1v}{n:t/1vv}{niaq:niaq/2vv}{tu:juq/1vn}{li:&iq/1nn}{ri:gi/1nv}{nir:niq/2vn}{mut:mut/tn-dat-s};{aa:aa/1v}{n:t/1vv}{ni:niq/2vn}{aq:aq/2nv}{tu:juq/1vn}{liri:liri/1nv}{nir:niq/2vn}{mut:mut/tn-dat-s};{aa:aa/1v}{n:t/1vv}{ni:niq/2vn}{aq:aq/2nv}{tu:juq/1vn}{li:&iq/1nn}{ri:gi/1nv}{nir:niq/2vn}{mut:mut/tn-dat-s},False,False,False,False,False,
hansard,aanniaviliaqtunut,{aannia:aanniaq/1v}{vi:vik/3vn}{liaq:liaq/2nv}{tu:juq/1vn}{nut:nut/tn-dat-p},False,{aannia:aanniaq/1n}{vi:vik/1nn}{liaq:liaq/2nv}{tu:juq/1vn}{nut:nut/tn-dat-p};{aannia:aanniaq/1v}{vi:vik/3vn}{liaq:liaq/2nv}{tu:juq/1vn}{nut:nut/tn-dat-p};{aannia:aanniaq/1n}{vi:vik/1nn}{liaq:liaq/2nv}{tu:juq/1vn}{nut:ngnut/tn-dat-s-2s};{aannia:aanniaq/1v}{vi:vik/3vn}{liaq:liaq/2nv}{tu:juq/1vn}{nut:ngnut/tn-dat-s-2s};{aannia:aanniaq/1n}{vi:vik/1nn}{liaq:liaq/2nv}{tu:juq/1vn}{nut:ngnut/tn-dat-p-2s};{aannia:aanniaq/1v}{vi:vik/3vn}{liaq:liaq/2nv}{tu:juq/1vn}{nut:ngnut/tn-dat-p-2s};{aannia:aanniaq/1n}{vi:vik/1nn}{liaq:liaq/2nv}{tu:juq/1vn}{nut:mnut/tn-dat-s-1s};{aannia:aanniaq/1v}{vi:vik/3vn}{liaq:liaq/2nv}{tu:juq/1vn}{nut:mnut/tn-dat-s-1s};{aannia:aanniaq/1n}{vi:vik/1nn}{liaq:liaq/2nv}{tu:juq/1vn}{nut:mnut/tn-dat-p-1s};{aannia:aanniaq/1v}{vi:vik/3vn}{liaq:liaq/2nv}{tu:juq/1vn}{nut:mnut/tn-dat-p-1s};{aannia:aanniaq/1n}{vi:vik/1nn}{li:lik/1nn}{aq:aq/2nv}{tu:juq/1vn}{nut:nut/tn-dat-p};{aannia:aanniaq/1v}{vi:vik/3vn}{li:lik/1nn}{aq:aq/2nv}{tu:juq/1vn}{nut:nut/tn-dat-p};{aannia:aanniaq/1n}{vi:vik/1nn}{li:lik/1nn}{aq:aq/2nv}{tu:juq/1vn}{nut:ngnut/tn-dat-s-2s};{aannia:aanniaq/1v}{vi:vik/3vn}{li:lik/1nn}{aq:aq/2nv}{tu:juq/1vn}{nut:ngnut/tn-dat-s-2s};{aannia:aanniaq/1n}{vi:vik/1nn}{li:lik/1nn}{aq:aq/2nv}{tu:juq/1vn}{nut:ngnut/tn-dat-p-2s};{aannia:aanniaq/1v}{vi:vik/3vn}{li:lik/1nn}{aq:aq/2nv}{tu:juq/1vn}{nut:ngnut/tn-dat-p-2s};{aannia:aanniaq/1n}{vi:vik/1nn}{li:lik/1nn}{aq:aq/2nv}{tu:juq/1vn}{nut:mnut/tn-dat-s-1s};{aannia:aanniaq/1v}{vi:vik/3vn}{li:lik/1nn}{aq:aq/2nv}{tu:juq/1vn}{nut:mnut/tn-dat-s-1s};{aannia:aanniaq/1n}{vi:vik/1nn}{li:lik/1nn}{aq:aq/2nv}{tu:juq/1vn}{nut:mnut/tn-dat-p-1s};{aannia:aanniaq/1v}{vi:vik/3vn}{li:lik/1nn}{aq:aq/2nv}{tu:juq/1vn}{nut:mnut/tn-dat-p-1s};{aanni:aanniq/1v}{a:a/1vv}{vi:vik/3vn}{liaq:liaq/2nv}{tu:juq/1vn}{nut:nut/tn-dat-p};{aanni:aanniq/1v}{a:a/1vv}{vi:vik/3vn}{liaq:liaq/2nv}{tu:juq/1vn}{nut:ngnut/tn-dat-s-2s};{aanni:aanniq/1v}{a:a/1vv}{vi:vik/3vn}{liaq:liaq/2nv}{tu:juq/1vn}{nut:ngnut/tn-dat-p-2s};{aanni:aanniq/1v}{a:a/1vv}{vi:vik/3vn}{liaq:liaq/2nv}{tu:juq/1vn}{nut:mnut/tn-dat-s-1s};{aanni:aanniq/1v}{a:a/1vv}{vi:vik/3vn}{liaq:liaq/2nv}{tu:juq/1vn}{nut:mnut/tn-dat-p-1s};{aanni:aanniq/1v}{a:a/1vv}{vi:vik/3vn}{li:lik/1nn}{aq:aq/2nv}{tu:juq/1vn}{nut:nut/tn-dat-p};{aanni:aanniq/1v}{a:a/1vv}{vi:vik/3vn}{li:lik/1nn}{aq:aq/2nv}{tu:juq/1vn}{nut:ngnut/tn-dat-s-2s};{aanni:aanniq/1v}{a:a/1vv}{vi:vik/3vn}{li:lik/1nn}{aq:aq/2nv}{tu:juq/1vn}{nut:ngnut/tn-dat-p-2s};{aanni:aanniq/1v}{a:a/1vv}{vi:vik/3vn}{li:lik/1nn}{aq:aq/2nv}{tu:juq/1vn}{nut:mnut/tn-dat-s-1s};{aanni:aanniq/1v}{a:a/1vv}{vi:vik/3vn}{li:lik/1nn}{aq:aq/2nv}{tu:juq/1vn}{nut:mnut/tn-dat-p-1s};{aan:aak/1v}{nia:niaq/2vv}{vi:vik/3vn}{liaq:liaq/2nv}{tu:juq/1vn}{nut:nut/tn-dat-p};{aan:aak/1v}{nia:niaq/2vv}{vi:vik/3vn}{liaq:liaq/2nv}{tu:juq/1vn}{nut:ngnut/tn-dat-s-2s};{aan:aak/1v}{nia:niaq/2vv}{vi:vik/3vn}{liaq:liaq/2nv}{tu:juq/1vn}{nut:ngnut/tn-dat-p-2s};{aan:aak/1v}{nia:niaq/2vv}{vi:vik/3vn}{liaq:liaq/2nv}{tu:juq/1vn}{nut:mnut/tn-dat-s-1s};{aan:aak/1v}{nia:niaq/2vv}{vi:vik/3vn}{liaq:liaq/2nv}{tu:juq/1vn}{nut:mnut/tn-dat-p-1s};{aan:aak/1v}{nia:niaq/2vv}{vi:vik/3vn}{li:lik/1nn}{aq:aq/2nv}{tu:juq/1vn}{nut:nut/tn-dat-p};{aan:aak/1v}{ni:niq/2vn}{a:aq/2nv}{vi:vik/3vn}{liaq:liaq/2nv}{tu:juq/1vn}{nut:nut/tn-dat-p};{aan:aak/1v}{nia:niaq/2vv}{vi:vik/3vn}{li:lik/1nn}{aq:aq/2nv}{tu:juq/1vn}{nut:ngnut/tn-dat-s-2s};{aan:aak/1v}{ni:niq/2vn}{a:aq/2nv}{vi:vik/3vn}{liaq:liaq/2nv}{tu:juq/1vn}{nut:ngnut/tn-dat-s-2s};{aan:aak/1v}{nia:niaq/2vv}{vi:vik/3vn}{li:lik/1nn}{aq:aq/2nv}{tu:juq/1vn}{nut:ngnut/tn-dat-p-2s};{aan:aak/1v}{ni:niq/2vn}{a:aq/2nv}{vi:vik/3vn}{liaq:liaq/2nv}{tu:juq/1vn}{nut:ngnut/tn-dat-p-2s};{aan:aak/1v}{nia:niaq/2vv}{vi:vik/3vn}{li:lik/1nn}{aq:aq/2nv}{tu:juq/1vn}{nut:mnut/tn-dat-s-1s};{aan:aak/1v}{ni:niq/2vn}{a:aq/2nv}{vi:vik/3vn}{liaq:liaq/2nv}{tu:juq/1vn}{nut:mnut/tn-dat-s-1s};{aan:aak/1v}{nia:niaq/2vv}{vi:vik/3vn}{li:lik/1nn}{aq:aq/2nv}{tu:juq/1vn}{nut:mnut/tn-dat-p-1s};{aan:aak/1v}{ni:niq/2vn}{a:aq/2nv}{vi:vik/3vn}{liaq:liaq/2nv}{tu:juq/1vn}{nut:mnut/tn-dat-p-1s};{aan:aak/1v}{ni:niq/2vn}{a:aq/2nv}{vi:vik/3vn}{li:lik/1nn}{aq:aq/2nv}{tu:juq/1vn}{nut:nut/tn-dat-p};{aan:aak/1v}{ni:niq/2vn}{a:aq/2nv}{vi:vik/3vn}{li:lik/1nn}{aq:aq/2nv}{tu:juq/1vn}{nut:ngnut/tn-dat-s-2s};{aan:aak/1v}{ni:niq/2vn}{a:aq/2nv}{vi:vik/3vn}{li:lik/1nn}{aq:aq/2nv}{tu:juq/1vn}{nut:ngnut/tn-dat-p-2s};{aan:aak/1v}{ni:niq/2vn}{a:aq/2nv}{vi:vik/3vn}{li:lik/1nn}{aq:aq/2nv}{tu:juq/1vn}{nut:mnut/tn-dat-s-1s};{aan:aak/1v}{ni:niq/2vn}{a:aq/2nv}{vi:vik/3vn}{li:lik/1nn}{aq:aq/2nv}{tu:juq/1vn}{nut:mnut/tn-dat-p-1s};{aa:aa/1a}{nnia:niaq/1nv}{vi:vik/3vn}{liaq:liaq/2nv}{tu:juq/1vn}{nut:nut/tn-dat-p};{aa:aa/1a}{nnia:niaq/1nv}{vi:vik/3vn}{liaq:liaq/2nv}{tu:juq/1vn}{nut:ngnut/tn-dat-s-2s};{aa:aa/1a}{nnia:niaq/1nv}{vi:vik/3vn}{liaq:liaq/2nv}{tu:juq/1vn}{nut:ngnut/tn-dat-p-2s};{aa:aa/1a}{nnia:niaq/1nv}{vi:vik/3vn}{liaq:liaq/2nv}{tu:juq/1vn}{nut:mnut/tn-dat-s-1s};{aa:aa/1a}{nnia:niaq/1nv}{vi:vik/3vn}{liaq:liaq/2nv}{tu:juq/1vn}{nut:mnut/tn-dat-p-1s};{aa:aa/1a}{nnia:niaq/1nv}{vi:vik/3vn}{li:lik/1nn}{aq:aq/2nv}{tu:juq/1vn}{nut:nut/tn-dat-p};{aa:aa/1v}{n:t/1vv}{nia:niaq/2vv}{vi:vik/3vn}{liaq:liaq/2nv}{tu:juq/1vn}{nut:nut/tn-dat-p};{aa:aa/1a}{nnia:niaq/1nv}{vi:vik/3vn}{li:lik/1nn}{aq:aq/2nv}{tu:juq/1vn}{nut:ngnut/tn-dat-s-2s};{aa:aa/1v}{n:t/1vv}{nia:niaq/2vv}{vi:vik/3vn}{liaq:liaq/2nv}{tu:juq/1vn}{nut:ngnut/tn-dat-s-2s};{aa:aa/1a}{nnia:niaq/1nv}{vi:vik/3vn}{li:lik/1nn}{aq:aq/2nv}{tu:juq/1vn}{nut:ngnut/tn-dat-p-2s};{aa:aa/1v}{n:t/1vv}{nia:niaq/2vv}{vi:vik/3vn}{liaq:liaq/2nv}{tu:juq/1vn}{nut:ngnut/tn-dat-p-2s};{aa:aa/1a}{nnia:niaq/1nv}{vi:vik/3vn}{li:lik/1nn}{aq:aq/2nv}{tu:juq/1vn}{nut:mnut/tn-dat-s-1s};{aa:aa/1v}{n:t/1vv}{nia:niaq/2vv}{vi:vik/3vn}{liaq:liaq/2nv}{tu:juq/1vn}{nut:mnut/tn-dat-s-1s};{aa:aa/1a}{nnia:niaq/1nv}{vi:vik/3vn}{li:lik/1nn}{aq:aq/2nv}{tu:juq/1vn}{nut:mnut/tn-dat-p-1s};{aa:aa/1v}{n:t/1vv}{nia:niaq/2vv}{vi:vik/3vn}{liaq:liaq/2nv}{tu:juq/1vn}{nut:mnut/tn-dat-p-1s};{aa:aa/1v}{n:t/1vv}{nia:niaq/2vv}{vi:vik/3vn}{li:lik/1nn}{aq:aq/2nv}{tu:juq/1vn}{nut:nut/tn-dat-p};{aa:aa/1v}{n:t/1vv}{ni:niq/2vn}{a:aq/2nv}{vi:vik/3vn}{liaq:liaq/2nv}{tu:juq/1vn}{nut:nut/tn-dat-p};{aa:aa/1v}{n:t/1vv}{nia:niaq/2vv}{vi:vik/3vn}{li:lik/1nn}{aq:aq/2nv}{tu:juq/1vn}{nut:ngnut/tn-dat-s-2s};{aa:aa/1v}{n:t/1vv}{ni:niq/2vn}{a:aq/2nv}{vi:vik/3vn}{liaq:liaq/2nv}{tu:juq/1vn}{nut:ngnut/tn-dat-s-2s};{aa:aa/1v}{n:t/1vv}{nia:niaq/2vv}{vi:vik/3vn}{li:lik/1nn}{aq:aq/2nv}{tu:juq/1vn}{nut:ngnut/tn-dat-p-2s};{aa:aa/1v}{n:t/1vv}{ni:niq/2vn}{a:aq/2nv}{vi:vik/3vn}{liaq:liaq/2nv}{tu:juq/1vn}{nut:ngnut/tn-dat-p-2s};{aa:aa/1v}{n:t/1vv}{nia:niaq/2vv}{vi:vik/3vn}{li:lik/1nn}{aq:aq/2nv}{tu:juq/1vn}{nut:mnut/tn-dat-s-1s};{aa:aa/1v}{n:t/1vv}{ni:niq/2vn}{a:aq/2nv}{vi:vik/3vn}{liaq:liaq/2nv}{tu:juq/1vn}{nut:mnut/tn-dat-s-1s};{aa:aa/1v}{n:t/1vv}{nia:niaq/2vv}{vi:vik/3vn}{li:lik/1nn}{aq:aq/2nv}{tu:juq/1vn}{nut:mnut/tn-dat-p-1s};{aa:aa/1v}{n:t/1vv}{ni:niq/2vn}{a:aq/2nv}{vi:vik/3vn}{liaq:liaq/2nv}{tu:juq/1vn}{nut:mnut/tn-dat-p-1s};{aa:aa/1v}{n:t/1vv}{ni:niq/2vn}{a:aq/2nv}{vi:vik/3vn}{li:lik/1nn}{aq:aq/2nv}{tu:juq/1vn}{nut:nut/tn-dat-p};{aa:aa/1v}{n:t/1vv}{ni:niq/2vn}{a:aq/2nv}{vi:vik/3vn}{li:lik/1nn}{aq:aq/2nv}{tu:juq/1vn}{nut:ngnut/tn-dat-s-2s};{aa:aa/1v}{n:t/1vv}{ni:niq/2vn}{a:aq/2nv}{vi:vik/3vn}{li:lik/1nn}{aq:aq/2nv}{tu:juq/1vn}{nut:ngnut/tn-dat-p-2s};{aa:aa/1v}{n:t/1vv}{ni:niq/2vn}{a:aq/2nv}{vi:vik/3vn}{li:lik/1nn}{aq:aq/2nv}{tu:juq/1vn}{nut:mnut/tn-dat-s-1s};{aa:aa/1v}{n:t/1vv}{ni:niq/2vn}{a:aq/2nv}{vi:vik/3vn}{li:lik/1nn}{aq:aq/2nv}{tu:juq/1vn}{nut:mnut/tn-dat-p-1s},False,False,False,False,False,
hansard,aaqqiumainnarutinut,{aaqqi:aaqqik/1v}{uma:ma/1vv}{inna:innaq/2vv}{ruti:ut/1vn}{nut:nut/tn-dat-p},False,{aaqqi:aaqqik/1v}{uma:ma/1vv}{inna:innaq/2vv}{ruti:jjut/1vn}{nut:nut/tn-dat-p};{aaqqi:aaqqik/1v}{uma:ma/1vv}{inna:innaq/2vv}{ruti:ut/1vn}{nut:nut/tn-dat-p};{aaqqi:aaqqik/1v}{uma:ma/1vv}{inna:innaq/2vv}{rut:jjut/1vn}{inut:nut/tn-dat-p};{aaqqi:aaqqik/1v}{uma:ma/1vv}{inna:innaq/2vv}{rut:ut/1vn}{inut:nut/tn-dat-p};{aaqqi:aaqqik/1v}{u:uq/3vv}{ma:ma/1vv}{inna:innaq/2vv}{ruti:jjut/1vn}{nut:nut/tn-dat-p};{aaqqi:aaqqik/1v}{u:uq/3vv}{ma:ma/1vv}{inna:innaq/2vv}{ruti:ut/1vn}{nut:nut/tn-dat-p};{aaqqi:aaqqik/1v}{u:uq/3vv}{ma:ma/1vv}{inna:innaq/2vv}{rut:jjut/1vn}{inut:nut/tn-dat-p};{aaqqi:aaqqik/1v}{u:uq/3vv}{ma:ma/1vv}{inna:innaq/2vv}{rut:ut/1vn}{inut:nut/tn-dat-p},False,False,False,False,False,
hansard,aglattiu,{aglat:allak/1v}{ti:ji/1vn}{u:up/tn-gen-s},False,{aglat:allak/1v}{tiu:siuk/tv-imp-2p-3s};{aglat:allaq/1v}{tiu:siuk/tv-imp-2p-3s};{aglat:allak/1v}{ti:ji/1vn}{u:up/tn-gen-s};{aglat:allaq/1v}{ti:ji/1vn}{u:up/tn-gen-s};{aglat:allak/1v}{ti:tiq/1vn}{u:up/tn-gen-s};{aglat:allaq/1v}{ti:tiq/1vn}{u:up/tn-gen-s};{aglat:allak/1v}{ti:ji/1vn}{u:ut/2nn};{aglat:allaq/1v}{ti:ji/1vn}{u:ut/2nn};{aglat:allak/1v}{ti:tiq/1vn}{u:ut/2nn};{aglat:allaq/1v}{ti:tiq/1vn}{u:ut/2nn};{aglat:allaq/1v}{ti:si/2vv}{u:ut/1vn};{aglat:allak/1v}{ti:tit/1vv}{u:ut/1vn};{aglat:allaq/1v}{ti:tit/1vv}{u:ut/1vn};{aglat:allak/1v}{ti:siq/1vv}{u:ut/1vn};{aglat:allaq/1v}{ti:siq/1vv}{u:ut/1vn};{agla:allak/1v}{tti:tsiaq/1vv}{u:ut/1vn};{agla:allaq/1v}{tti:tsiaq/1vv}{u:ut/1vn};{aglat:allak/1v}{ti:ji/1vn}{u:ut/2nn}{:up/tn-gen-s};{aglat:allaq/1v}{ti:ji/1vn}{u:ut/2nn}{:up/tn-gen-s};{aglat:allak/1v}{ti:tiq/1vn}{u:ut/2nn}{:up/tn-gen-s};{aglat:allaq/1v}{ti:tiq/1vn}{u:ut/2nn}{:up/tn-gen-s};{aglat:allaq/1v}{ti:si/2vv}{u:ut/1vn}{:up/tn-gen-s};{aglat:allak/1v}{ti:tit/1vv}{u:ut/1vn}{:up/tn-gen-s};{aglat:allaq/1v}{ti:tit/1vv}{u:ut/1vn}{:up/tn-gen-s};{aglat:allak/1v}{ti:siq/1vv}{u:ut/1vn}{:up/tn-gen-s};{aglat:allaq/1v}{ti:siq/1vv}{u:ut/1vn}{:up/tn-gen-s};{agla:allak/1v}{tti:tsiaq/1vv}{u:ut/1vn}{:up/tn-gen-s};{agla:allaq/1v}{tti:tsiaq/1vv}{u:ut/1vn}{:up/tn-gen-s},False,False,False,False,False,
hansard,agluukkaq,,True,,False,False,False,False,True,Family name
hansard,aippaanik,{aippa:aippaq/1n}{anik:nganik/tn-acc-s-4s},False,{aippa:aippaq/1n}{anik:ngnik/tn-acc-d};{aippa:aippaq/1n}{anik:ngnik/tn-acc-d-2s};{aippa:aippaq/1n}{anik:mnik/tn-acc-d-1s};{aippa:aippaq/1n}{anik:nganik/tn-acc-s-4s},False,False,False,False,False,
hansard,aippaanit,{aippa:aippaq/1n}{anit:nganit/tn-abl-s-4s},False,{aippa:aippaq/1n}{anit:ngnit/tn-abl-d};{aippa:aippaq/1n}{anit:ngnit/tn-abl-d-2s};{aippa:aippaq/1n}{anit:mnit/tn-abl-d-1s};{aippa:aippaq/1n}{anit:nganit/tn-abl-s-4s},False,False,False,False,False,
hansard,aippanga,{aippa:aippaq/1n}{nga:nga/tn-nom-s-4s},False,{aippa:aippaq/1n}{nga:nga/tn-nom-s-4s};{aip:ait/1v}{panga:vanga/tv-dec-3s-3s};{aip:ait/1v}{pa:vak/1vv}{nga:nnga/tv-imp-2s-1s};{ai:ai/1v}{p:t/1vv}{panga:vanga/tv-dec-3s-3s};{ai:ai/1v}{p:t/1vv}{pa:vak/1vv}{nga:nnga/tv-imp-2s-1s};{aippa:aippaq/1n}{nga:ngak/tn-nom-s-4d};{aippa:aippaq/1n}{nga:ngat/tn-nom-s-4p};{aip:ait/1v}{panga:vangak/tv-dec-3d-3s};{aip:ait/1v}{panga:vangat/tv-dec-3p-3s};{ai:ai/1v}{p:t/1vv}{panga:vangak/tv-dec-3d-3s};{ai:ai/1v}{p:t/1vv}{panga:vangat/tv-dec-3p-3s},False,False,False,False,False,
hansard,aipuru,{aipuru:iipuru/1n},False,{aipuru:iipuru/1n},False,False,False,False,False,
hansard,ajauqtiit,{aja:ajak/1v}{uq:uq/3vv}{ti:ji/1vn}{it:it/tn-nom-p},False,{aja:ajak/1v}{uq:uq/3vv}{ti:ji/1vn}{it:it/tn-nom-p};{aja:ajak/1v}{uq:uq/3vv}{ti:tiq/1vn}{it:it/tn-nom-p};{aja:ajak/1v}{uq:ut/1vn}{ti:&iq/1nn}{it:it/tn-nom-p};{aja:ajak/1v}{uq:uq/3vv}{ti:ji/1vn}{it:it/tn-gen-p};{aja:ajak/1v}{uq:uq/3vv}{ti:tiq/1vn}{it:it/tn-gen-p};{aja:ajak/1v}{uq:ut/1vn}{ti:&iq/1nn}{it:it/tn-gen-p};{aja:ajak/1v}{uq:uq/3vv}{ti:ji/1vn}{it:it/tn-nom-s-2s};{aja:ajak/1v}{uq:uq/3vv}{ti:tiq/1vn}{it:it/tn-nom-s-2s};{aja:ajak/1v}{uq:ut/1vn}{ti:&iq/1nn}{it:it/tn-nom-s-2s};{aja:ajak/1n}{uq:ut/2nn}{ti:&iq/1nn}{it:it/tn-nom-p};{aja:ajak/1n}{uq:ut/2nn}{ti:&iq/1nn}{it:it/tn-gen-p};{aja:ajak/1n}{uq:ut/2nn}{ti:&iq/1nn}{it:it/tn-nom-s-2s},False,False,False,False,False,
hansard,ajjaqsijii,{ajjaq:arjaq/1v}{si:si/1vv}{ji:ji/1vn}{i:k/tn-nom-d},False,{ajjaq:arjaq/1n}{si:si/4nv}{ji:ji/1vn}{i:k/tn-nom-d};{ajjaq:arjaq/1v}{si:si/1vv}{ji:ji/1vn}{i:k/tn-nom-d};{ajjaq:arjaq/1v}{si:si/2vv}{ji:ji/1vn}{i:k/tn-nom-d};{ajjaq:arjaq/1n}{si:si/4nv}{ji:ji/1vn}{i:k/tn-gen-d};{ajjaq:arjaq/1v}{si:si/1vv}{ji:ji/1vn}{i:k/tn-gen-d};{ajjaq:arjaq/1v}{si:si/2vv}{ji:ji/1vn}{i:k/tn-gen-d};{ajjaq:arjaq/1n}{si:si/4nv}{ji:ji/1vn}{i:it/tn-nom-p};{ajjaq:arjaq/1v}{si:si/1vv}{ji:ji/1vn}{i:it/tn-nom-p};{ajjaq:arjaq/1v}{si:si/2vv}{ji:ji/1vn}{i:it/tn-nom-p};{ajjaq:arjaq/1n}{si:si/4nv}{ji:ji/1vn}{i:it/tn-gen-p};{ajjaq:arjaq/1v}{si:si/1vv}{ji:ji/1vn}{i:it/tn-gen-p};{ajjaq:arjaq/1v}{si:si/2vv}{ji:ji/1vn}{i:it/tn-gen-p};{ajjaq:arjaq/1n}{si:si/4nv}{ji:ji/1vn}{i:it/tn-nom-s-2s};{ajjaq:arjaq/1v}{si:si/1vv}{ji:ji/1vn}{i:it/tn-nom-s-2s};{ajjaq:arjaq/1v}{si:si/2vv}{ji:ji/1vn}{i:it/tn-nom-s-2s},False,False,False,False,False,
hansard,ajjaqsiji,{ajjaq:arjaq/1v}{si:si/1vv}{ji:ji/1vn},False,{ajjaq:arjaq/1n}{si:si/4nv}{ji:ji/1vn};{ajjaq:arjaq/1v}{si:si/1vv}{ji:ji/1vn};{ajjaq:arjaq/1v}{si:si/2vv}{ji:ji/1vn},False,False,False,False,False,
hansard,ajjigiinngittunik,{ajji:ajji/1n}{gii:giik/2nv}{nngit:nngit/1vv}{tu:juq/1vn}{nik:nik/tn-acc-p},False,{ajji:ajji/1n}{gii:giik/1nn}{nngit:it/2nv}{tu:juq/1vn}{nik:nik/tn-acc-p};{ajji:ajji/1n}{gii:giik/2nv}{nngit:nngit/1vv}{tu:juq/1vn}{nik:nik/tn-acc-p};{ajji:ajji/1n}{gii:giik/1nn}{nngit:iq/1nv}{tu:juq/1vn}{nik:nik/tn-acc-p};{ajji:ajji/1n}{gii:giik/2nv}{nngit:iq/2vv}{tu:juq/1vn}{nik:nik/tn-acc-p};{ajji:ajji/1n}{gii:giik/1nn}{nngit:it/2nv}{tu:juq/1vn}{nik:ngnik/tn-acc-s-2s};{ajji:ajji/1n}{gii:giik/2nv}{nngit:nngit/1vv}{tu:juq/1vn}{nik:ngnik/tn-acc-s-2s};{ajji:ajji/1n}{gii:giik/1nn}{nngit:iq/1nv}{tu:juq/1vn}{nik:ngnik/tn-acc-s-2s};{ajji:ajji/1n}{gii:giik/2nv}{nngit:iq/2vv}{tu:juq/1vn}{nik:ngnik/tn-acc-s-2s};{ajji:ajji/1n}{gii:giik/1nn}{nngit:it/2nv}{tu:juq/1vn}{nik:ngnik/tn-acc-p-2s};{ajji:ajji/1n}{gii:giik/2nv}{nngit:nngit/1vv}{tu:juq/1vn}{nik:ngnik/tn-acc-p-2s};{ajji:ajji/1n}{gii:giik/1nn}{nngit:iq/1nv}{tu:juq/1vn}{nik:ngnik/tn-acc-p-2s};{ajji:ajji/1n}{gii:giik/2nv}{nngit:iq/2vv}{tu:juq/1vn}{nik:ngnik/tn-acc-p-2s};{ajji:ajji/1n}{gii:giik/1nn}{nngit:it/2nv}{tu:juq/1vn}{nik:mnik/tn-acc-s-1s};{ajji:ajji/1n}{gii:giik/2nv}{nngit:nngit/1vv}{tu:juq/1vn}{nik:mnik/tn-acc-s-1s};{ajji:ajji/1n}{gii:giik/1nn}{nngit:iq/1nv}{tu:juq/1vn}{nik:mnik/tn-acc-s-1s};{ajji:ajji/1n}{gii:giik/2nv}{nngit:iq/2vv}{tu:juq/1vn}{nik:mnik/tn-acc-s-1s};{ajji:ajji/1n}{gii:giik/1nn}{nngit:it/2nv}{tu:juq/1vn}{nik:mnik/tn-acc-p-1s};{ajji:ajji/1n}{gii:giik/2nv}{nngit:nngit/1vv}{tu:juq/1vn}{nik:mnik/tn-acc-p-1s};{ajji:ajji/1n}{gii:giik/1nn}{nngit:iq/1nv}{tu:juq/1vn}{nik:mnik/tn-acc-p-1s};{ajji:ajji/1n}{gii:giik/2nv}{nngit:iq/2vv}{tu:juq/1vn}{nik:mnik/tn-acc-p-1s};{ajji:ajji/1n}{gi:gi/1nv}{i:iq/2vv}{nngit:nngit/1vv}{tu:juq/1vn}{nik:nik/tn-acc-p};{ajji:ajji/1n}{gi:gik/1nv}{i:iq/2vv}{nngit:nngit/1vv}{tu:juq/1vn}{nik:nik/tn-acc-p};{ajji:ajji/1n}{gi:ggiq/1nv}{i:iq/2vv}{nngit:nngit/1vv}{tu:juq/1vn}{nik:nik/tn-acc-p};{ajji:ajji/1n}{gi:gi/1nv}{i:iq/2vv}{nngit:nngit/1vv}{tu:juq/1vn}{nik:ngnik/tn-acc-s-2s};{ajji:ajji/1n}{gi:gik/1nv}{i:iq/2vv}{nngit:nngit/1vv}{tu:juq/1vn}{nik:ngnik/tn-acc-s-2s};{ajji:ajji/1n}{gi:ggiq/1nv}{i:iq/2vv}{nngit:nngit/1vv}{tu:juq/1vn}{nik:ngnik/tn-acc-s-2s};{ajji:ajji/1n}{gi:gi/1nv}{i:iq/2vv}{nngit:nngit/1vv}{tu:juq/1vn}{nik:ngnik/tn-acc-p-2s};{ajji:ajji/1n}{gi:gik/1nv}{i:iq/2vv}{nngit:nngit/1vv}{tu:juq/1vn}{nik:ngnik/tn-acc-p-2s};{ajji:ajji/1n}{gi:ggiq/1nv}{i:iq/2vv}{nngit:nngit/1vv}{tu:juq/1vn}{nik:ngnik/tn-acc-p-2s};{ajji:ajji/1n}{gi:gi/1nv}{i:iq/2vv}{nngit:nngit/1vv}{tu:juq/1vn}{nik:mnik/tn-acc-s-1s};{ajji:ajji/1n}{gi:gik/1nv}{i:iq/2vv}{nngit:nngit/1vv}{tu:juq/1vn}{nik:mnik/tn-acc-s-1s};{ajji:ajji/1n}{gi:ggiq/1nv}{i:iq/2vv}{nngit:nngit/1vv}{tu:juq/1vn}{nik:mnik/tn-acc-s-1s};{ajji:ajji/1n}{gi:gi/1nv}{i:iq/2vv}{nngit:nngit/1vv}{tu:juq/1vn}{nik:mnik/tn-acc-p-1s};{ajji:ajji/1n}{gi:gik/1nv}{i:iq/2vv}{nngit:nngit/1vv}{tu:juq/1vn}{nik:mnik/tn-acc-p-1s};{ajji:ajji/1n}{gi:ggiq/1nv}{i:iq/2vv}{nngit:nngit/1vv}{tu:juq/1vn}{nik:mnik/tn-acc-p-1s},False,False,False,False,False,
hansard,ajjigiinngittunit,{ajji:ajji/1n}{gii:giik/2nv}{nngit:nngit/1vv}{tu:juq/1vn}{nit:nit/tn-abl-p},False,{ajji:ajji/1n}{gii:giik/1nn}{nngit:it/2nv}{tu:juq/1vn}{nit:nit/tn-abl-p};{ajji:ajji/1n}{gii:giik/2nv}{nngit:nngit/1vv}{tu:juq/1vn}{nit:nit/tn-abl-p};{ajji:ajji/1n}{gii:giik/1nn}{nngit:iq/1nv}{tu:juq/1vn}{nit:nit/tn-abl-p};{ajji:ajji/1n}{gii:giik/2nv}{nngit:iq/2vv}{tu:juq/1vn}{nit:nit/tn-abl-p};{ajji:ajji/1n}{gii:giik/1nn}{nngit:it/2nv}{tu:juq/1vn}{nit:ngnit/tn-abl-s-2s};{ajji:ajji/1n}{gii:giik/2nv}{nngit:nngit/1vv}{tu:juq/1vn}{nit:ngnit/tn-abl-s-2s};{ajji:ajji/1n}{gii:giik/1nn}{nngit:iq/1nv}{tu:juq/1vn}{nit:ngnit/tn-abl-s-2s};{ajji:ajji/1n}{gii:giik/2nv}{nngit:iq/2vv}{tu:juq/1vn}{nit:ngnit/tn-abl-s-2s};{ajji:ajji/1n}{gii:giik/1nn}{nngit:it/2nv}{tu:juq/1vn}{nit:ngnit/tn-abl-p-2s};{ajji:ajji/1n}{gii:giik/2nv}{nngit:nngit/1vv}{tu:juq/1vn}{nit:ngnit/tn-abl-p-2s};{ajji:ajji/1n}{gii:giik/1nn}{nngit:iq/1nv}{tu:juq/1vn}{nit:ngnit/tn-abl-p-2s};{ajji:ajji/1n}{gii:giik/2nv}{nngit:iq/2vv}{tu:juq/1vn}{nit:ngnit/tn-abl-p-2s};{ajji:ajji/1n}{gii:giik/1nn}{nngit:it/2nv}{tu:juq/1vn}{nit:mnit/tn-abl-s-1s};{ajji:ajji/1n}{gii:giik/2nv}{nngit:nngit/1vv}{tu:juq/1vn}{nit:mnit/tn-abl-s-1s};{ajji:ajji/1n}{gii:giik/1nn}{nngit:iq/1nv}{tu:juq/1vn}{nit:mnit/tn-abl-s-1s};{ajji:ajji/1n}{gii:giik/2nv}{nngit:iq/2vv}{tu:juq/1vn}{nit:mnit/tn-abl-s-1s};{ajji:ajji/1n}{gii:giik/1nn}{nngit:it/2nv}{tu:juq/1vn}{nit:mnit/tn-abl-p-1s};{ajji:ajji/1n}{gii:giik/2nv}{nngit:nngit/1vv}{tu:juq/1vn}{nit:mnit/tn-abl-p-1s};{ajji:ajji/1n}{gii:giik/1nn}{nngit:iq/1nv}{tu:juq/1vn}{nit:mnit/tn-abl-p-1s};{ajji:ajji/1n}{gii:giik/2nv}{nngit:iq/2vv}{tu:juq/1vn}{nit:mnit/tn-abl-p-1s};{ajji:ajji/1n}{gi:gi/1nv}{i:iq/2vv}{nngit:nngit/1vv}{tu:juq/1vn}{nit:nit/tn-abl-p};{ajji:ajji/1n}{gi:gik/1nv}{i:iq/2vv}{nngit:nngit/1vv}{tu:juq/1vn}{nit:nit/tn-abl-p};{ajji:ajji/1n}{gi:ggiq/1nv}{i:iq/2vv}{nngit:nngit/1vv}{tu:juq/1vn}{nit:nit/tn-abl-p};{ajji:ajji/1n}{gi:gi/1nv}{i:iq/2vv}{nngit:nngit/1vv}{tu:juq/1vn}{nit:ngnit/tn-abl-s-2s};{ajji:ajji/1n}{gi:gik/1nv}{i:iq/2vv}{nngit:nngit/1vv}{tu:juq/1vn}{nit:ngnit/tn-abl-s-2s};{ajji:ajji/1n}{gi:ggiq/1nv}{i:iq/2vv}{nngit:nngit/1vv}{tu:juq/1vn}{nit:ngnit/tn-abl-s-2s};{ajji:ajji/1n}{gi:gi/1nv}{i:iq/2vv}{nngit:nngit/1vv}{tu:juq/1vn}{nit:ngnit/tn-abl-p-2s};{ajji:ajji/1n}{gi:gik/1nv}{i:iq/2vv}{nngit:nngit/1vv}{tu:juq/1vn}{nit:ngnit/tn-abl-p-2s};{ajji:ajji/1n}{gi:ggiq/1nv}{i:iq/2vv}{nngit:nngit/1vv}{tu:juq/1vn}{nit:ngnit/tn-abl-p-2s};{ajji:ajji/1n}{gi:gi/1nv}{i:iq/2vv}{nngit:nngit/1vv}{tu:juq/1vn}{nit:mnit/tn-abl-s-1s};{ajji:ajji/1n}{gi:gik/1nv}{i:iq/2vv}{nngit:nngit/1vv}{tu:juq/1vn}{nit:mnit/tn-abl-s-1s};{ajji:ajji/1n}{gi:ggiq/1nv}{i:iq/2vv}{nngit:nngit/1vv}{tu:juq/1vn}{nit:mnit/tn-abl-s-1s};{ajji:ajji/1n}{gi:gi/1nv}{i:iq/2vv}{nngit:nngit/1vv}{tu:juq/1vn}{nit:mnit/tn-abl-p-1s};{ajji:ajji/1n}{gi:gik/1nv}{i:iq/2vv}{nngit:nngit/1vv}{tu:juq/1vn}{nit:mnit/tn-abl-p-1s};{ajji:ajji/1n}{gi:ggiq/1nv}{i:iq/2vv}{nngit:nngit/1vv}{tu:juq/1vn}{nit:mnit/tn-abl-p-1s},False,False,False,False,False,
hansard,ajjigiinngittunut,{ajji:ajji/1n}{gii:giik/2nv}{nngit:nngit/1vv}{tu:juq/1vn}{nut:nut/tn-dat-p},False,{ajji:ajji/1n}{gii:giik/1nn}{nngit:it/2nv}{tu:juq/1vn}{nut:nut/tn-dat-p};{ajji:ajji/1n}{gii:giik/2nv}{nngit:nngit/1vv}{tu:juq/1vn}{nut:nut/tn-dat-p};{ajji:ajji/1n}{gii:giik/1nn}{nngit:iq/1nv}{tu:juq/1vn}{nut:nut/tn-dat-p};{ajji:ajji/1n}{gii:giik/2nv}{nngit:iq/2vv}{tu:juq/1vn}{nut:nut/tn-dat-p};{ajji:ajji/1n}{gii:giik/1nn}{nngit:it/2nv}{tu:juq/1vn}{nut:ngnut/tn-dat-s-2s};{ajji:ajji/1n}{gii:giik/2nv}{nngit:nngit/1vv}{tu:juq/1vn}{nut:ngnut/tn-dat-s-2s};{ajji:ajji/1n}{gii:giik/1nn}{nngit:iq/1nv}{tu:juq/1vn}{nut:ngnut/tn-dat-s-2s};{ajji:ajji/1n}{gii:giik/2nv}{nngit:iq/2vv}{tu:juq/1vn}{nut:ngnut/tn-dat-s-2s};{ajji:ajji/1n}{gii:giik/1nn}{nngit:it/2nv}{tu:juq/1vn}{nut:ngnut/tn-dat-p-2s};{ajji:ajji/1n}{gii:giik/2nv}{nngit:nngit/1vv}{tu:juq/1vn}{nut:ngnut/tn-dat-p-2s};{ajji:ajji/1n}{gii:giik/1nn}{nngit:iq/1nv}{tu:juq/1vn}{nut:ngnut/tn-dat-p-2s};{ajji:ajji/1n}{gii:giik/2nv}{nngit:iq/2vv}{tu:juq/1vn}{nut:ngnut/tn-dat-p-2s};{ajji:ajji/1n}{gii:giik/1nn}{nngit:it/2nv}{tu:juq/1vn}{nut:mnut/tn-dat-s-1s};{ajji:ajji/1n}{gii:giik/2nv}{nngit:nngit/1vv}{tu:juq/1vn}{nut:mnut/tn-dat-s-1s};{ajji:ajji/1n}{gii:giik/1nn}{nngit:iq/1nv}{tu:juq/1vn}{nut:mnut/tn-dat-s-1s};{ajji:ajji/1n}{gii:giik/2nv}{nngit:iq/2vv}{tu:juq/1vn}{nut:mnut/tn-dat-s-1s};{ajji:ajji/1n}{gii:giik/1nn}{nngit:it/2nv}{tu:juq/1vn}{nut:mnut/tn-dat-p-1s};{ajji:ajji/1n}{gii:giik/2nv}{nngit:nngit/1vv}{tu:juq/1vn}{nut:mnut/tn-dat-p-1s};{ajji:ajji/1n}{gii:giik/1nn}{nngit:iq/1nv}{tu:juq/1vn}{nut:mnut/tn-dat-p-1s};{ajji:ajji/1n}{gii:giik/2nv}{nngit:iq/2vv}{tu:juq/1vn}{nut:mnut/tn-dat-p-1s};{ajji:ajji/1n}{gi:gi/1nv}{i:iq/2vv}{nngit:nngit/1vv}{tu:juq/1vn}{nut:nut/tn-dat-p};{ajji:ajji/1n}{gi:gik/1nv}{i:iq/2vv}{nngit:nngit/1vv}{tu:juq/1vn}{nut:nut/tn-dat-p};{ajji:ajji/1n}{gi:ggiq/1nv}{i:iq/2vv}{nngit:nngit/1vv}{tu:juq/1vn}{nut:nut/tn-dat-p};{ajji:ajji/1n}{gi:gi/1nv}{i:iq/2vv}{nngit:nngit/1vv}{tu:juq/1vn}{nut:ngnut/tn-dat-s-2s};{ajji:ajji/1n}{gi:gik/1nv}{i:iq/2vv}{nngit:nngit/1vv}{tu:juq/1vn}{nut:ngnut/tn-dat-s-2s};{ajji:ajji/1n}{gi:ggiq/1nv}{i:iq/2vv}{nngit:nngit/1vv}{tu:juq/1vn}{nut:ngnut/tn-dat-s-2s};{ajji:ajji/1n}{gi:gi/1nv}{i:iq/2vv}{nngit:nngit/1vv}{tu:juq/1vn}{nut:ngnut/tn-dat-p-2s};{ajji:ajji/1n}{gi:gik/1nv}{i:iq/2vv}{nngit:nngit/1vv}{tu:juq/1vn}{nut:ngnut/tn-dat-p-2s};{ajji:ajji/1n}{gi:ggiq/1nv}{i:iq/2vv}{nngit:nngit/1vv}{tu:juq/1vn}{nut:ngnut/tn-dat-p-2s};{ajji:ajji/1n}{gi:gi/1nv}{i:iq/2vv}{nngit:nngit/1vv}{tu:juq/1vn}{nut:mnut/tn-dat-s-1s};{ajji:ajji/1n}{gi:gik/1nv}{i:iq/2vv}{nngit:nngit/1vv}{tu:juq/1vn}{nut:mnut/tn-dat-s-1s};{ajji:ajji/1n}{gi:ggiq/1nv}{i:iq/2vv}{nngit:nngit/1vv}{tu:juq/1vn}{nut:mnut/tn-dat-s-1s};{ajji:ajji/1n}{gi:gi/1nv}{i:iq/2vv}{nngit:nngit/1vv}{tu:juq/1vn}{nut:mnut/tn-dat-p-1s};{ajji:ajji/1n}{gi:gik/1nv}{i:iq/2vv}{nngit:nngit/1vv}{tu:juq/1vn}{nut:mnut/tn-dat-p-1s};{ajji:ajji/1n}{gi:ggiq/1nv}{i:iq/2vv}{nngit:nngit/1vv}{tu:juq/1vn}{nut:mnut/tn-dat-p-1s},False,False,False,False,False,
hansard,ajjigiinngittut,{ajji:ajji/1n}{gii:giik/2nv}{nngit:nngit/1vv}{tut:jut/tv-ger-3p},False,{ajji:ajji/1n}{gii:giik/1nn}{nngit:nngiq/1nn}{tut:tut/tn-sim-s};{ajji:ajji/1n}{gii:giik/1nn}{nngit:it/2nv}{tut:jut/tv-ger-3p};{ajji:ajji/1n}{gii:giik/2nv}{nngit:nngit/1vv}{tut:jut/tv-ger-3p};{ajji:ajji/1n}{gii:giik/1nn}{nngit:iq/1nv}{tut:jut/tv-ger-3p};{ajji:ajji/1n}{gii:giik/2nv}{nngit:iq/2vv}{tut:jut/tv-ger-3p};{ajji:ajji/1n}{gii:giik/1nn}{nngi:nngiq/1nn}{ttut:ptut/tn-sim-s-1s};{ajji:ajji/1n}{gii:giik/1nn}{nngi:nngiq/1nn}{ttut:ptut/tn-sim-p-1s};{ajji:ajji/1n}{gii:giik/1nn}{nngi:nngiq/1nn}{ttut:ktut/tn-sim-s-2s};{ajji:ajji/1n}{gii:giik/1nn}{nngi:nngiq/1nn}{ttut:ktut/tn-sim-p-2s};{ajji:ajji/1n}{gi:gi/1nv}{i:iq/2vv}{nngit:nngit/1vv}{tut:jut/tv-ger-3p};{ajji:ajji/1n}{gi:gik/1nv}{i:iq/2vv}{nngit:nngit/1vv}{tut:jut/tv-ger-3p};{ajji:ajji/1n}{gi:ggiq/1nv}{i:iq/2vv}{nngit:nngit/1vv}{tut:jut/tv-ger-3p},False,False,False,False,False,
hansard,akinga,{aki:aki/1n}{nga:nga/tn-nom-s-4s},False,{aki:aki/1n}{nga:nga/tn-nom-s-4s};{aki:aki/1n}{nga:ngak/tn-nom-s-4d};{aki:aki/1n}{nga:ngat/tn-nom-s-4p},False,False,False,False,False,
hansard,akinginnut,{aki:aki/1n}{nginnut:nginnut/tn-dat-p-4s},False,{aki:aki/1n}{nginnut:nginnut/tn-dat-p-4s};{aki:aki/1n}{nginnut:nginnut/tn-dat-p-4p};{aki:aki/1n}{nginnut:ngingnut/tn-dat-p-4d},False,False,False,False,False,
hansard,akingit,{aki:aki/1n}{ngit:ngit/tn-nom-p-4s},False,{aki:aki/1n}{ngit:ngit/tn-nom-p-4s};{aki:aki/1n}{ngit:ngik/tn-nom-p-4d};{aki:aki/1n}{ngit:ngit/tn-nom-p-4p},False,False,False,False,False,
hansard,akiqangittuq,{aki:aki/1n}{qa:qaq/1nv}{ngit:nngit/1vv}{tuq:juq/1vn},False,,True,False,False,False,False,
hansard,akiraqtuqtut,{akiraq:akiraq/1v}{tuq:tuq/1vv}{tut:jut/tv-ger-3p},False,{akiraq:akiraq/1v}{tuq:juq/1vn}{tut:tut/tn-sim-s};{akiraq:akiraq/1n}{tuq:tuq/1nv}{tut:jut/tv-ger-3p};{akiraq:akiraq/1v}{tuq:tuq/1vv}{tut:jut/tv-ger-3p};{akira:akiraq/1n}{qtuq:ttuq/1nv}{tut:jut/tv-ger-3p};{aki:aki/1v}{raq:raq/1vv}{tuq:juq/1vn}{tut:tut/tn-sim-s};{aki:aki/1v}{raq:raq/1vv}{tuq:tuq/1vv}{tut:jut/tv-ger-3p},False,False,False,False,False,
hansard,akisuk,,True,,False,False,False,False,True,Family name
hansard,akitujunut,{aki:aki/1n}{tu:tu/1nv}{ju:juq/1vn}{nut:nut/tn-dat-p},False,{aki:aki/1n}{tu:tu/1nv}{ju:juq/1vn}{nut:nut/tn-dat-p};{aki:aki/1v}{tu:tu/1vv}{ju:juq/1vn}{nut:nut/tn-dat-p},False,False,False,False,False,
hansard,akitujutinut,{aki:aki/1n}{tu:tu/1nv}{ju:juq/1vn}{ti:ut/2nn}{nut:nut/tn-dat-p},False,,True,False,False,False,False,
hansard,akitujuutinut,{aki:aki/1n}{tu:tu/1nv}{ju:juq/1vn}{uti:ut/2nn}{nut:nut/tn-dat-p},False,{aki:aki/1n}{tu:tu/1nv}{ju:juq/1vn}{uti:ut/2nn}{nut:nut/tn-dat-p};{aki:aki/1v}{tu:tu/1vv}{ju:juq/1vn}{uti:ut/2nn}{nut:nut/tn-dat-p};{aki:aki/1n}{tu:tu/1nv}{ju:juq/1vn}{uti:uti/3nn}{nut:nut/tn-dat-p};{aki:aki/1v}{tu:tu/1vv}{ju:juq/1vn}{uti:uti/3nn}{nut:nut/tn-dat-p};{aki:aki/1n}{tu:tu/1nv}{ju:juq/1vn}{ut:ut/2nn}{inut:nut/tn-dat-p};{aki:aki/1v}{tu:tu/1vv}{ju:juq/1vn}{ut:ut/2nn}{inut:nut/tn-dat-p},False,False,False,False,False,
hansard,aksualuk,{aksualuk:aksualuk/1a},False,{aksualuk:aksualuk/1a};{aksu:aksut/1a}{aluk:aluk/1nn};{aksu:aksuq/1n}{aluk:aluk/1nn};{aksu:aksut/1a}{a:aq/2nv}{luk:luk/tv-imp-1d};{aksu:aksuq/1n}{a:aq/2nv}{luk:luk/tv-imp-1d},False,False,False,False,False,
hansard,akulliq,{aku:aku/1n}{lliq:&iq/1nn},False,{akulliq:akulliq/1n};{aku:akuq/2n}{lliq:&iq/1nn};{aku:akuq/1n}{lliq:&iq/1nn};{aku:aku/1n}{lliq:&iq/1nn},False,False,False,False,False,
hansard,akuni,{akuni:akuni/1n},False,{akuni:akuni/1n};{aku:akuq/2n}{ni:ni/tn-nom-s-3s};{aku:akuq/1n}{ni:ni/tn-nom-s-3s};{aku:akuq/2n}{ni:ni/tn-nom-p-3s};{aku:akuq/1n}{ni:ni/tn-nom-p-3s};{aku:aku/1n}{ni:ni/tn-loc-p};{aku:aku/1n}{ni:ni/tn-nom-s-3s};{aku:aku/1n}{ni:ni/tn-nom-p-3s};{akuni:akuniq/1n};{aku:aku/1n}{ni:nik/tn-acc-p};{aku:aku/1n}{ni:nit/tn-abl-p},False,False,False,False,False,
hansard,akunialuk,{akuni:akuni/1n}{aluk:aluk/1nn},False,{akuni:akuniq/1n}{aluk:aluk/1nn};{akuni:akuni/1n}{aluk:aluk/1nn};{akuni:akuni/1v}{a:a/1vv}{luk:luk/tv-imp-1d},False,False,False,False,False,
hansard,alakannuaq,,True,,False,False,False,False,True,Family name
hansard,alakkannuaq,,True,,False,False,False,False,True,Family name
hansard,alianaigusukpunga,{alianai:alianait/1v}{gusuk:gusuk/1vv}{punga:vunga/tv-dec-1s},False,{alianai:alianait/1v}{gusuk:gusuk/1vv}{punga:vunga/tv-dec-1s};{alianai:alianait/1v}{gusuk:gusuk/1vv}{punga:vunga/tv-int-1s},False,False,False,False,False,
hansard,allaat,{allaat:allaat/1a},False,{allaat:allaat/1a},False,False,False,False,False,
hansard,allatti,{allat:allak/1v}{ti:ji/1vn},False,{allat:allak/1v}{ti:ji/1vn};{allat:allaq/1v}{ti:ji/1vn};{allat:allak/1v}{ti:tiq/1vn};{allat:allaq/1v}{ti:tiq/1vn},False,False,False,False,False,
hansard,amisuni,{amisu:amisu/1n}{ni:ni/tn-loc-p},False,{amisu:amisu/1n}{ni:ni/tn-loc-p};{amisu:amisu/1n}{ni:ni/tn-nom-s-3s};{amisu:amisu/1n}{ni:ni/tn-nom-p-3s};{amisu:amisu/1n}{ni:nik/tn-acc-p};{amisu:amisu/1n}{ni:nit/tn-abl-p},False,False,False,False,False,
hansard,amisunik,{amisu:amisu/1n}{nik:nik/tn-acc-p},False,{amisu:amisu/1n}{nik:nik/tn-acc-p},False,False,False,False,False,
hansard,amisunit,{amisu:amisu/1n}{nit:nit/tn-abl-p},False,{amisu:amisu/1n}{nit:nit/tn-abl-p},False,False,False,False,False,
hansard,amisunut,{amisu:amisu/1n}{nut:nut/tn-dat-p},False,{amisu:amisu/1n}{nut:nut/tn-dat-p},False,False,False,False,False,
hansard,amisut,{amisut:amisut/1n},False,{amisut:amisut/1n},False,False,False,False,False,
hansard,amisuummata,{amisu:amisu/1n}{u:u/1nv}{mmata:mata/tv-caus-4p},False,{amisu:amisut/1n}{u:u/1nv}{mmata:mata/tv-caus-4p};{amisu:amisu/1n}{u:u/1nv}{mmata:mata/tv-caus-4p},False,False,False,False,False,
hansard,amisuuningit,{amisu:amisu/1n}{u:u/1nv}{ni:niq/2vn}{ngit:ngit/tn-nom-p-4s},False,{amisu:amisut/1n}{u:u/1nv}{ni:niq/2vn}{ngit:ngit/tn-nom-p-4s};{amisu:amisut/1n}{u:u/1nv}{ni:niq/2vn}{ngit:ngik/tn-nom-p-4d};{amisu:amisut/1n}{u:u/1nv}{ni:niq/2vn}{ngit:ngit/tn-nom-p-4p};{amisu:amisu/1n}{u:u/1nv}{ni:niq/2vn}{ngit:ngit/tn-nom-p-4s};{amisu:amisu/1n}{u:u/1nv}{ni:niq/2vn}{ngit:ngik/tn-nom-p-4d};{amisu:amisu/1n}{u:u/1nv}{ni:niq/2vn}{ngit:ngit/tn-nom-p-4p},False,False,False,False,False,
hansard,amittuq,,True,,False,False,False,False,True,community name
hansard,amma,{amma:amma/1c},False,{amma:amma/1c},False,False,False,False,False,
hansard,ammalu,{amma:amma/1c}{lu:lu/1q},False,{ammalu:ammalu/1c};{amma:amma/1c}{lu:lu/1q};{amma:angmaq/1v}{lu:luk/tv-imp-1d},False,False,False,False,False,
hansard,ammaluttauq,{amma:amma/1c}{lu:lu/1q}{ttauq:ttauq/1q},False,{ammalu:ammalu/1c}{ttauq:ttauq/1q};{amma:angmaq/1v}{lut:luk/tv-imp-1d}{tauq:ttauq/1q};{amma:amma/1c}{lu:lu/1q}{ttauq:ttauq/1q},False,False,False,False,False,
hansard,ammattauq,{amma:amma/1c}{ttauq:ttauq/1q},False,{amma:amma/1c}{ttauq:ttauq/1q},False,False,False,False,False,
hansard,anaruaq,,True,,False,False,False,False,True,family name
hansard,angijumik,{angi:angi/1v}{ju:juq/1vn}{mik:mik/tn-acc-s},False,{angi:angi/1v}{ju:juq/1vn}{mik:mik/tn-acc-s},False,False,False,False,False,
hansard,anginngittut,{angi:angiq/1v}{nngit:nngit/1vv}{tut:jut/tv-ger-3p},False,{angi:angiq/1v}{nngit:nngit/1vv}{tut:jut/tv-ger-3p};{angi:angi/1v}{nngit:nngit/1vv}{tut:jut/tv-ger-3p},False,False,False,False,False,
hansard,angiqpisi,{angiq:angiq/1v}{pisi:visi/tv-int-2p},False,{angiq:angiq/1v}{pisi:visi/tv-int-2p};{angiq:angiq/1v}{pisi:visik/tv-int-2d},False,False,False,False,False,
hansard,angiqpisii,{angiq:angiq/1v}{pisii:visii/tv-int-2p},False,{angiq:angiq/1v}{pisii:visii/tv-int-2p};{angiq:angiq/1v}{pisii:visiik/tv-int-2d},False,False,False,False,False,
hansard,angiqpugut,{angiq:angiq/1v}{pugut:vugut/tv-dec-1p},False,{angiq:angiq/1v}{pugut:vugut/tv-dec-1p},False,False,False,False,False,
hansard,angiqtugut,{angiq:angiq/1v}{tugut:jugut/tv-ger-1p},False,{angiq:angiq/1v}{tugut:jugut/tv-ger-1p};{angi:angi/1v}{q:t/1vv}{tugut:jugut/tv-ger-1p},False,False,False,False,False,
hansard,angiqtut,{angiq:angiq/1v}{tut:jut/tv-ger-3p},False,{angiq:angiq/1v}{tut:jut/tv-ger-3p};{angi:angi/1v}{q:t/1vv}{tut:jut/tv-ger-3p},False,False,False,False,False,
hansard,anniaqarnangittulirinirmi,{annia:aanniaq/1n}{qar:qaq/1nv}{nangit:nanngit/1vv}{tu:juq/1vn}{liri:liri/1nv}{nir:niq/2vn}{mi:mi/tn-loc-s},False,,True,False,False,False,False,
hansard,apiqqusiit,{apiq:apiq/1v}{qusi:usiq/1vn}{it:it/tn-nom-p},False,{apiq:apiq/1v}{qusi:usiq/1vn}{it:it/tn-nom-p};{apiq:apiq/1v}{qusi:usiq/1vn}{it:it/tn-gen-p};{apiq:apiq/1v}{qusi:usiq/1vn}{it:it/tn-nom-s-2s},False,False,False,False,False,
hansard,apiqqusiksait,{apiq:apiq/1v}{qusi:usiq/1vn}{ksa:ksaq/1nn}{it:it/tn-nom-p},False,{apiq:apiq/1v}{qusi:usiq/1vn}{ksa:ksaq/1nn}{it:it/tn-nom-p};{apiq:apiq/1v}{qusi:usiq/1vn}{ksa:ksaq/1nn}{it:it/tn-gen-p};{apiq:apiq/1v}{qusi:usiq/1vn}{ksa:ksaq/1nn}{it:it/tn-nom-s-2s};{apiq:apiq/1v}{qu:ut/1vn}{si:si/4nv}{ksa:ksaq/1vn}{it:it/tn-nom-p};{apiq:apiq/1v}{qu:ut/1vn}{si:liq/2nv}{ksa:ksaq/1vn}{it:it/tn-nom-p};{apiq:apiq/1v}{qu:ut/1vn}{si:si/4nv}{ksa:ksaq/1vn}{it:it/tn-gen-p};{apiq:apiq/1v}{qu:ut/1vn}{si:liq/2nv}{ksa:ksaq/1vn}{it:it/tn-gen-p};{apiq:apiq/1v}{qu:ut/1vn}{si:si/4nv}{ksa:ksaq/1vn}{it:it/tn-nom-s-2s};{apiq:apiq/1v}{qu:ut/1vn}{si:liq/2nv}{ksa:ksaq/1vn}{it:it/tn-nom-s-2s},False,False,False,False,False,
hansard,apiqqusira,{apiq:apiq/1v}{qusi:usiq/1vn}{ra:ga/tn-nom-s-1s},False,{apiq:apiq/1v}{qusi:usiq/1vn}{ra:ga/tn-nom-s-1s};{apiq:apiq/1v}{qu:ut/1vn}{si:liq/2nv}{ra:nak/tv-part-2s},False,False,False,False,False,
hansard,apiqqusirijara,{apiq:apiq/1v}{qusi:usiq/1vn}{ri:gi/1nv}{jara:jara/tv-ger-1s-3s},False,{apiq:apiq/1v}{qusi:usiq/1vn}{ri:gi/1nv}{jara:jara/tv-ger-1s-3s};{apiq:apiq/1v}{qu:ut/1vn}{siri:liri/1nv}{jara:jara/tv-ger-1s-3s};{apiq:apiq/1v}{qu:ut/1vn}{siri:siri/1nv}{jara:jara/tv-ger-1s-3s};{apiq:apiq/1v}{qusi:usiq/1vn}{ri:gi/1nv}{ja:jaq/1vn}{ra:ga/tn-nom-s-1s};{apiq:apiq/1v}{qu:ut/1vn}{siri:liri/1nv}{ja:jaq/1vn}{ra:ga/tn-nom-s-1s};{apiq:apiq/1v}{qu:ut/1vn}{siri:siri/1nv}{ja:jaq/1vn}{ra:ga/tn-nom-s-1s};{apiq:apiq/1v}{qusi:usiq/1vn}{ri:gi/1nv}{ja:jaq/2vv}{ra:nak/tv-part-2s};{apiq:apiq/1v}{qu:ut/1vn}{siri:liri/1nv}{ja:jaq/2vv}{ra:nak/tv-part-2s};{apiq:apiq/1v}{qu:ut/1vn}{siri:siri/1nv}{ja:jaq/2vv}{ra:nak/tv-part-2s};{apiq:apiq/1v}{qusi:usiq/1vn}{ri:gik/1nv}{ja:jaq/2vv}{ra:nak/tv-part-2s},False,False,False,False,False,
hansard,apiqqusirnut,{apiq:apiq/1v}{qusir:usiq/1vn}{nut:nut/tn-dat-p},False,{apiq:apiq/1v}{qusir:usiq/1vn}{nut:nut/tn-dat-p};{apiq:apiq/1v}{qusir:usiq/1vn}{nut:ngnut/tn-dat-s-2s},False,False,False,False,False,
hansard,apiqqut,{apiq:apiq/1v}{qut:ut/1vn},False,{apiq:apiq/1v}{qut:ut/1vn};{apiq:apiq/1v}{qut:vut/tv-dec-3p},False,False,False,False,False,
hansard,apiqquti,{apiq:apiq/1v}{quti:ut/1vn},False,{apiq:apiq/1v}{quti:ut/1vn};{apiq:apiq/1v}{quti:vusik/tv-dec-2d};{apiq:apiq/1v}{quti:vutit/tv-dec-2s};{apiq:apiq/1v}{qut:ut/1vn}{i:it/tn-nom-p};{apiq:apiq/1v}{qut:ut/1vn}{i:it/tn-gen-p},False,False,False,False,False,
hansard,apiqqutiga,{apiq:apiq/1v}{quti:ut/1vn}{ga:ga/tn-nom-s-1s},False,{apiq:apiq/1v}{quti:ut/1vn}{ga:ga/tn-nom-s-1s};{apiq:apiq/1v}{qut:ut/1vn}{iga:ga/tn-nom-s-1s},False,False,False,False,False,
hansard,apiqqutigali,{apiq:apiq/1v}{quti:ut/1vn}{ga:ga/tn-nom-s-1s}{li:li/1q},False,{apiq:apiq/1v}{quti:ut/1vn}{ga:ga/tn-nom-s-1s}{li:li/1q};{apiq:apiq/1v}{qut:ut/1vn}{iga:ga/tn-nom-s-1s}{li:li/1q},False,False,False,False,False,
hansard,apiqqutigijara,{apiq:apiq/1v}{quti:ut/1vn}{gi:gi/1nv}{jara:jara/tv-ger-1s-3s},False,{apiq:apiq/1v}{quti:ut/1vn}{gi:gi/1nv}{jara:jara/tv-ger-1s-3s};{apiq:apiq/1v}{qut:ut/1vn}{igi:gi/1nv}{jara:jara/tv-ger-1s-3s};{apiq:apiq/1v}{quti:ut/1vn}{gi:gi/1nv}{ja:jaq/1vn}{ra:ga/tn-nom-s-1s};{apiq:apiq/1v}{qut:ut/1vn}{igi:gi/1nv}{ja:jaq/1vn}{ra:ga/tn-nom-s-1s};{apiq:apiq/1v}{quti:ut/1vn}{gi:gi/1nv}{ja:jaq/2vv}{ra:nak/tv-part-2s};{apiq:apiq/1v}{qut:ut/1vn}{igi:gi/1nv}{ja:jaq/2vv}{ra:nak/tv-part-2s};{apiq:apiq/1v}{quti:ut/1vn}{gi:gik/1nv}{ja:jaq/2vv}{ra:nak/tv-part-2s},False,False,False,False,False,
hansard,apiqqutiit,{apiq:apiq/1v}{quti:ut/1vn}{it:it/tn-nom-p},False,{apiq:apiq/1v}{quti:ut/1vn}{it:it/tn-nom-p};{apiq:apiq/1v}{quti:ut/1vn}{it:it/tn-gen-p};{apiq:apiq/1v}{quti:ut/1vn}{it:it/tn-nom-s-2s};{apiq:apiq/1v}{qut:ut/1vn}{iit:it/tn-nom-s-2s},False,False,False,False,False,
hansard,apiqqutik,{apiq:apiq/1v}{qutik:ut/1vn},False,{apiq:apiq/1v}{qutik:ut/1vn};{apiq:apiq/1v}{qutik:vusik/tv-dec-2d},False,False,False,False,False,
hansard,apiqqutiksait,{apiq:apiq/1v}{quti:ut/1vn}{ksa:ksaq/1nn}{it:it/tn-nom-p},False,{apiq:apiq/1v}{quti:ut/1vn}{ksa:ksaq/1nn}{it:it/tn-nom-p};{apiq:apiq/1v}{quti:ut/1vn}{ksa:ksaq/1nn}{it:it/tn-gen-p};{apiq:apiq/1v}{quti:ut/1vn}{ksa:ksaq/1nn}{it:it/tn-nom-s-2s},False,False,False,False,False,
hansard,apiqqutinga,{apiq:apiq/1v}{quti:ut/1vn}{nga:nga/tn-nom-s-4s},False,{apiq:apiq/1v}{quti:ut/1vn}{nga:nga/tn-nom-s-4s};{apiq:apiq/1v}{qut:ut/1vn}{inga:nga/tn-nom-s-4s};{apiq:apiq/1v}{quti:ut/1vn}{nga:ngak/tn-nom-s-4d};{apiq:apiq/1v}{quti:ut/1vn}{nga:ngat/tn-nom-s-4p};{apiq:apiq/1v}{qut:ut/1vn}{inga:ngak/tn-nom-s-4d};{apiq:apiq/1v}{qut:ut/1vn}{inga:ngat/tn-nom-s-4p},False,False,False,False,False,
hansard,apiqqutinganut,{apiq:apiq/1v}{quti:ut/1vn}{nganut:nganut/tn-dat-s-4s},False,{apiq:apiq/1v}{quti:ut/1vn}{nganut:nganut/tn-dat-s-4s};{apiq:apiq/1v}{qut:ut/1vn}{inganut:nganut/tn-dat-s-4s},False,False,False,False,False,
hansard,apiqqutinut,{apiq:apiq/1v}{quti:ut/1vn}{nut:nut/tn-dat-p},False,{apiq:apiq/1v}{quti:ut/1vn}{nut:nut/tn-dat-p};{apiq:apiq/1v}{qut:ut/1vn}{inut:nut/tn-dat-p},False,False,False,False,False,
hansard,apiqqutissait,{apiq:apiq/1v}{quti:ut/1vn}{ssa:ksaq/1nn}{it:it/tn-nom-p},False,{apiq:apiq/1v}{quti:ut/1vn}{ssa:ksaq/1nn}{it:it/tn-nom-p};{apiq:apiq/1v}{quti:ut/1vn}{ssa:ksaq/1nn}{it:it/tn-gen-p};{apiq:apiq/1v}{quti:ut/1vn}{ssa:ksaq/1nn}{it:it/tn-nom-s-2s},False,False,False,False,False,
hansard,apiqqutit,{apiq:apiq/1v}{qut:ut/1vn}{it:it/tn-nom-p},False,{apiq:apiq/1v}{qutit:vutit/tv-dec-2s};{apiq:apiq/1v}{qut:ut/1vn}{it:it/tn-nom-p};{apiq:apiq/1v}{qut:ut/1vn}{it:it/tn-gen-p},False,False,False,False,False,
hansard,apiqqutitsait,{apiq:apiq/1v}{quti:ut/1vn}{tsa:ksaq/1nn}{it:it/tn-nom-p},False,{apiq:apiq/1v}{quti:ut/1vn}{tsa:ksaq/1nn}{it:it/tn-nom-p};{apiq:apiq/1v}{quti:ut/1vn}{tsa:ksaq/1nn}{it:it/tn-gen-p};{apiq:apiq/1v}{quti:ut/1vn}{tsa:ksaq/1nn}{it:it/tn-nom-s-2s},False,False,False,False,False,
hansard,apirijumajara,{apiri:apiri/1v}{juma:juma/1vv}{jara:jara/tv-ger-1s-3s},False,{apiri:apiri/1v}{juma:juma/1vv}{jara:jara/tv-ger-1s-3s};{apiri:apiri/1v}{juma:juma/1vv}{ja:jaq/1vn}{ra:ga/tn-nom-s-1s};{apiri:apiri/1v}{juma:juma/1vv}{ja:jaq/2vv}{ra:nak/tv-part-2s},False,False,False,False,False,
hansard,apirijumajunga,{apiri:apiri/1v}{juma:juma/1vv}{junga:junga/tv-ger-1s},False,{apiri:apiri/1v}{juma:juma/1vv}{junga:junga/tv-ger-1s};{apiri:apiri/1v}{juma:juma/1vv}{ju:juq/1vn}{nga:nga/tn-nom-s-4s};{apiri:apiri/1v}{juma:juma/1vv}{ju:juq/1vn}{nga:ngak/tn-nom-s-4d};{apiri:apiri/1v}{juma:juma/1vv}{ju:juq/1vn}{nga:ngat/tn-nom-s-4p},False,False,False,False,False,
hansard,apirijumavara,{apiri:apiri/1v}{juma:juma/1vv}{vara:vara/tv-dec-1s-3s},False,{apiri:apiri/1v}{juma:juma/1vv}{vara:vara/tv-dec-1s-3s};{apiri:apiri/1v}{juma:juma/1vv}{va:vak/1vv}{ra:nak/tv-part-1s-2s};{apiri:apiri/1v}{juma:juma/1vv}{va:vak/1vv}{ra:nak/tv-part-4s-2s};{apiri:apiri/1v}{juma:juma/1vv}{va:vak/1vv}{ra:nak/tv-part-1d-2s};{apiri:apiri/1v}{juma:juma/1vv}{va:vak/1vv}{ra:nak/tv-part-4d-2s};{apiri:apiri/1v}{juma:juma/1vv}{va:vak/1vv}{ra:nak/tv-part-1p-2s};{apiri:apiri/1v}{juma:juma/1vv}{va:vak/1vv}{ra:nak/tv-part-4p-2s},False,False,False,False,False,
hansard,arnait,{arna:arnaq/1n}{it:it/tn-nom-p},False,{arna:arnaq/1n}{it:it/tn-nom-p};{arna:arnaq/1n}{it:it/tn-gen-p};{arna:arnaq/1n}{it:it/tn-nom-s-2s},False,False,False,False,False,
hansard,arraagu,{arraagu:arraagu/1n},False,{arraagu:arraagu/1n};{arra:arraaq/1n}{agu:ngagut/tn-via-s-4s},False,False,False,False,False,
hansard,arraaguit,{arraagu:arraagu/1n}{it:it/tn-nom-p},False,{arraagu:arraagu/1n}{it:it/tn-nom-p};{arraagu:arraagu/1n}{it:it/tn-gen-p};{arraagu:arraagu/1n}{it:it/tn-nom-s-2s},False,False,False,False,False,
hansard,arraagumi,{arraagu:arraagu/1n}{mi:mi/tn-loc-s},False,{arraagu:arraagu/1n}{mi:mi/tn-loc-s};{arraagu:arraagu/1n}{mi:mi/tn-gen-s-3s};{arraagu:arraagu/1n}{mi:mi/tn-gen-p-3s};{arraagu:arraagu/1n}{mi:mik/tn-acc-s};{arraagu:arraagu/1n}{mi:mik/tn-gen-s-3d};{arraagu:arraagu/1n}{mi:mik/tn-gen-p-3d};{arraagu:arraagu/1n}{mi:mik/tn-gen-s-3p};{arraagu:arraagu/1n}{mi:mik/tn-gen-p-3p};{arraagu:arraagu/1n}{mi:mit/tn-abl-s},False,False,False,False,False,
hansard,arraagumut,{arraagu:arraagu/1n}{mut:mut/tn-dat-s},False,{arraagu:arraagu/1n}{mut:mut/tn-dat-s},False,False,False,False,False,
hansard,arraagunik,{arraagu:arraagu/1n}{nik:nik/tn-acc-p},False,{arraagu:arraagu/1n}{nik:nik/tn-acc-p},False,False,False,False,False,
hansard,arraagunit,{arraagu:arraagu/1n}{nit:nit/tn-abl-p},False,{arraagu:arraagu/1n}{nit:nit/tn-abl-p},False,False,False,False,False,
hansard,arraagunut,{arraagu:arraagu/1n}{nut:nut/tn-dat-p},False,{arraagu:arraagu/1n}{nut:nut/tn-dat-p},False,False,False,False,False,
hansard,arraagutamaat,{arraagu:arraagu/1n}{tamaa:tamaaq/1nn}{t:it/tn-nom-p},False,{arraagu:arraagu/1n}{tamaa:tamaaq/1nn}{t:it/tn-nom-p};{arraagu:arraagu/1n}{tamaa:tamaaq/1nn}{t:it/tn-gen-p};{arraagu:arraagu/1n}{tamaa:tamaaq/1nn}{t:it/tn-nom-s-2s},False,False,False,False,False,
hansard,arraaguttinni,{arraagu:arraagu/1n}{ttinni:ptingni/tn-loc-s-1d},False,{arraagu:arraagu/1n}{ttinni:ptingni/tn-loc-s-1d};{arraagu:arraagu/1n}{ttinni:ptingni/tn-loc-p-1d};{arraagu:arraagu/1n}{ttinni:ptingni/tn-loc-s-1p};{arraagu:arraagu/1n}{ttinni:ptingni/tn-loc-p-1p};{arraagu:arraagu/1n}{ttinni:psingni/tn-loc-s-2d};{arraagu:arraagu/1n}{ttinni:psingni/tn-loc-p-2d};{arraagu:arraagu/1n}{ttinni:ptingnik/tn-acc-s-1d};{arraagu:arraagu/1n}{ttinni:ptinnik/tn-acc-p-1d};{arraagu:arraagu/1n}{ttinni:ptingnik/tn-acc-s-1p};{arraagu:arraagu/1n}{ttinni:ptingnik/tn-acc-p-1p};{arraagu:arraagu/1n}{ttinni:psingnik/tn-acc-s-2d};{arraagu:arraagu/1n}{ttinni:psingnik/tn-acc-p-2d};{arraagu:arraagu/1n}{ttinni:ptingnit/tn-abl-s-1d};{arraagu:arraagu/1n}{ttinni:ptingnit/tn-abl-p-1d};{arraagu:arraagu/1n}{ttinni:ptingnit/tn-abl-s-1p};{arraagu:arraagu/1n}{ttinni:ptingnit/tn-abl-p-1p};{arraagu:arraagu/1n}{ttinni:psingnit/tn-abl-s-2d};{arraagu:arraagu/1n}{ttinni:psingnit/tn-abl-p-2d},False,False,False,False,False,
hansard,arraaguup,{arraagu:arraagu/1n}{up:up/tn-gen-s},False,{arraagu:arraagu/1n}{up:up/tn-gen-s};{arraagu:arraagu/1n}{u:ut/2nn}{p:up/tn-gen-s},False,False,False,False,False,
hansard,arraani,{arraani:arraani/1n},False,{arraani:arraani/1n};{arraa:arraaq/1n}{ni:ni/tn-loc-p};{arraa:arraaq/1n}{ni:ngni/tn-loc-s-2s};{arraa:arraaq/1n}{ni:ni/tn-nom-s-3s};{arraa:arraaq/1n}{ni:ni/tn-nom-p-3s};{arraa:arraaq/1n}{ni:ngni/tn-loc-d};{arraa:arraaq/1n}{ni:ngni/tn-loc-d-2s};{arraa:arraaq/1n}{ni:ngni/tn-loc-p-2s};{arraa:arraaq/1n}{ni:ngni/tn-nom-d-3s};{arraa:arraaq/1n}{ni:mni/tn-loc-s-1s};{arraa:arraaq/1n}{ni:mni/tn-loc-d-1s};{arraa:arraaq/1n}{ni:mni/tn-loc-p-1s};{arra:arraaq/1n}{ani:ngani/tn-loc-s-4s};{arraa:arraaq/1n}{ni:nik/tn-acc-p};{arraa:arraaq/1n}{ni:ngnik/tn-acc-s-2s};{arraa:arraaq/1n}{ni:nit/tn-abl-p};{arraa:arraaq/1n}{ni:ngnit/tn-abl-s-2s};{arraa:arraaq/1n}{ni:ngnik/tn-acc-d};{arraa:arraaq/1n}{ni:ngnik/tn-acc-d-2s};{arraa:arraaq/1n}{ni:ngnik/tn-acc-p-2s};{arraa:arraaq/1n}{ni:ngnit/tn-abl-d};{arraa:arraaq/1n}{ni:ngnit/tn-abl-d-2s};{arraa:arraaq/1n}{ni:ngnit/tn-abl-p-2s};{arraa:arraaq/1n}{ni:mnik/tn-acc-s-1s};{arraa:arraaq/1n}{ni:mnik/tn-acc-d-1s};{arraa:arraaq/1n}{ni:mnik/tn-acc-p-1s};{arraa:arraaq/1n}{ni:mnit/tn-abl-s-1s};{arraa:arraaq/1n}{ni:mnit/tn-abl-d-1s};{arraa:arraaq/1n}{ni:mnit/tn-abl-p-1s};{arra:arraaq/1n}{ani:nganik/tn-acc-s-4s};{arra:arraaq/1n}{ani:nganit/tn-abl-s-4s},False,False,False,False,False,
hansard,arragumi,{arragu:arraagu/1n}{mi:mi/tn-loc-s},False,,True,False,False,False,False,
hansard,arvaalluk,,True,,False,False,False,False,True,family name
hansard,arvaaluk,,True,,False,False,False,False,True,family name
hansard,arvaarluk,,True,,False,False,False,False,True,family name
hansard,arviani,{arvia:arviat/1n}{ni:ni/tn-loc-p},False,{arvia:arviat/1n}{ni:ni/tn-loc-p};{arvia:arviat/1n}{ni:ngni/tn-loc-s-2s};{arvia:arviat/1n}{ni:ni/tn-nom-s-3s};{arvia:arviat/1n}{ni:ni/tn-nom-p-3s};{arvia:arviat/1n}{ni:ngni/tn-loc-d};{arvia:arviat/1n}{ni:ngni/tn-loc-d-2s};{arvia:arviat/1n}{ni:ngni/tn-loc-p-2s};{arvia:arviat/1n}{ni:ngni/tn-nom-d-3s};{arvia:arviat/1n}{ni:mni/tn-loc-s-1s};{arvia:arviat/1n}{ni:mni/tn-loc-d-1s};{arvia:arviat/1n}{ni:mni/tn-loc-p-1s};{arvi:arviat/1n}{ani:ngani/tn-loc-s-4s};{arvi:arvik/1n}{ani:ngani/tn-loc-s-4s};{arvi:arviq/1n}{ani:ngani/tn-loc-s-4s};{arvia:arviat/1n}{ni:nik/tn-acc-p};{arvia:arviat/1n}{ni:ngnik/tn-acc-s-2s};{arvia:arviat/1n}{ni:nit/tn-abl-p};{arvia:arviat/1n}{ni:ngnit/tn-abl-s-2s};{arvia:arviat/1n}{ni:ngnik/tn-acc-d};{arvia:arviat/1n}{ni:ngnik/tn-acc-d-2s};{arvia:arviat/1n}{ni:ngnik/tn-acc-p-2s};{arvia:arviat/1n}{ni:ngnit/tn-abl-d};{arvia:arviat/1n}{ni:ngnit/tn-abl-d-2s};{arvia:arviat/1n}{ni:ngnit/tn-abl-p-2s};{arvia:arviat/1n}{ni:mnik/tn-acc-s-1s};{arvia:arviat/1n}{ni:mnik/tn-acc-d-1s};{arvia:arviat/1n}{ni:mnik/tn-acc-p-1s};{arvia:arviat/1n}{ni:mnit/tn-abl-s-1s};{arvia:arviat/1n}{ni:mnit/tn-abl-d-1s};{arvia:arviat/1n}{ni:mnit/tn-abl-p-1s};{arvi:arviat/1n}{ani:nganik/tn-acc-s-4s};{arvi:arviat/1n}{ani:nganit/tn-abl-s-4s};{arvi:arvik/1n}{ani:nganik/tn-acc-s-4s};{arvi:arviq/1n}{ani:nganik/tn-acc-s-4s};{arvi:arvik/1n}{ani:nganit/tn-abl-s-4s};{arvi:arviq/1n}{ani:nganit/tn-abl-s-4s};{arvi:arvik/1n}{a:aq/2nv}{ni:niq/2vn};{arvi:arviq/1n}{a:aq/2nv}{ni:niq/2vn},False,False,False,False,False,
hansard,arviat,{arviat:arviat/1n},False,{arviat:arviat/1n};{arvia:arviat/1n}{t:it/tn-nom-p};{arvia:arviat/1n}{t:it/tn-gen-p};{arvia:arviat/1n}{t:it/tn-nom-s-2s},False,False,False,False,False,
hansard,asiagut,{asi:asi/1n}{agut:ngagut/tn-via-s-4s},False,{asi:asi/1n}{agut:ngagut/tn-via-s-4s},False,False,False,False,False,
hansard,asiani,{asi:asi/1n}{ani:ngani/tn-loc-s-4s},False,{asi:asi/1n}{ani:ngani/tn-loc-s-4s};{asi:asi/1n}{ani:nganik/tn-acc-s-4s};{asi:asi/1n}{ani:nganit/tn-abl-s-4s},False,False,False,False,False,
hansard,asianik,{asi:asi/1n}{anik:nganik/tn-acc-s-4s},False,{asi:asi/1n}{anik:nganik/tn-acc-s-4s},False,False,False,False,False,
hansard,asianut,{asi:asi/1n}{anut:nganut/tn-dat-s-4s},False,{asi:asi/1n}{anut:nganut/tn-dat-s-4s},False,False,False,False,False,
hansard,asingi,{asi:asi/1n}{ngi:ngit/tn-nom-p-4s},False,{asi:asi/1n}{ngi:ngik/tn-nom-p-4d};{asi:asi/1n}{ngi:ngit/tn-nom-p-4s};{asi:asi/1n}{ngi:ngit/tn-nom-p-4p},False,False,False,False,False,
hansard,asingillu,{asi:asi/1n}{ngil:ngit/tn-nom-p-4s}{lu:lu/1q},False,{asi:asi/1n}{ngil:ngit/tn-nom-p-4s}{lu:lu/1q};{asi:asi/1n}{ngil:ngik/tn-nom-p-4d}{lu:lu/1q};{asi:asi/1n}{ngil:ngit/tn-nom-p-4p}{lu:lu/1q};{asi:asi/1n}{ngil:it/2nv}{lu:luk/tv-imp-1d},False,False,False,False,False,
hansard,asinginni,{asi:asi/1n}{nginni:nginni/tn-loc-p-4s},False,{asi:asi/1n}{nginni:nginni/tn-loc-p-4s};{asi:asi/1n}{nginni:nginni/tn-loc-p-4p};{asi:asi/1n}{nginni:ngingni/tn-loc-p-4d};{asi:asi/1n}{nginni:nginnik/tn-acc-p-4s};{asi:asi/1n}{nginni:nginnik/tn-acc-p-4p};{asi:asi/1n}{nginni:nginnit/tn-abl-p-4s};{asi:asi/1n}{nginni:nginnit/tn-abl-p-4p};{asi:asi/1n}{nginni:ngingnik/tn-acc-p-4d};{asi:asi/1n}{nginni:ngingnit/tn-abl-p-4d};{asi:asi/1n}{ngin:it/2nv}{ni:niq/2vn},False,False,False,False,False,
hansard,asinginnik,{asi:asi/1n}{nginnik:nginnik/tn-acc-p-4s},False,{asi:asi/1n}{nginnik:nginnik/tn-acc-p-4s};{asi:asi/1n}{nginnik:nginnik/tn-acc-p-4p};{asi:asi/1n}{nginnik:ngingnik/tn-acc-p-4d},False,False,False,False,False,
hansard,asinginnillu,{asi:asi/1n}{nginnil:nginnit/tn-abl-p-4s}{lu:lu/1q},False,{asi:asi/1n}{nginnil:nginnit/tn-abl-p-4s}{lu:lu/1q};{asi:asi/1n}{nginnil:nginnit/tn-abl-p-4p}{lu:lu/1q};{asi:asi/1n}{nginnil:ngingnit/tn-abl-p-4d}{lu:lu/1q};{asi:asi/1n}{nginnil:nginnik/tn-acc-p-4s}{lu:lu/1q};{asi:asi/1n}{nginnil:nginnik/tn-acc-p-4p}{lu:lu/1q};{asi:asi/1n}{nginnil:ngingnik/tn-acc-p-4d}{lu:lu/1q};{asi:asi/1n}{ngi:iq/1nv}{nnil:nnik/1vv}{lu:luk/tv-imp-1d},False,False,False,False,False,
hansard,asinginnit,{asi:asi/1n}{nginnit:nginnit/tn-abl-p-4s},False,{asi:asi/1n}{nginnit:nginnit/tn-abl-p-4s};{asi:asi/1n}{nginnit:nginnit/tn-abl-p-4p};{asi:asi/1n}{nginnit:ngingnit/tn-abl-p-4d},False,False,False,False,False,
hansard,asinginnullu,{asi:asi/1n}{nginnul:nginnut/tn-dat-p-4s}{lu:lu/1q},False,{asi:asi/1n}{nginnul:nginnut/tn-dat-p-4s}{lu:lu/1q};{asi:asi/1n}{nginnul:nginnut/tn-dat-p-4p}{lu:lu/1q};{asi:asi/1n}{nginnul:ngingnut/tn-dat-p-4d}{lu:lu/1q},False,False,False,False,False,
hansard,asingit,{asi:asi/1n}{ngit:ngit/tn-nom-p-4s},False,{asi:asi/1n}{ngit:ngit/tn-nom-p-4s};{asi:asi/1n}{ngit:ngik/tn-nom-p-4d};{asi:asi/1n}{ngit:ngit/tn-nom-p-4p},False,False,False,False,False,
hansard,asuillaak,{asuillaak:asuilaak/1a},False,,True,False,False,False,False,
hansard,ataani,{ata:ata/1n}{ani:ngani/tn-loc-s-4s},False,{ata:ata/1n}{ani:ngani/tn-loc-s-4s};{ata:ata/1n}{ani:nganik/tn-acc-s-4s};{ata:ata/1n}{ani:nganit/tn-abl-s-4s},False,False,False,False,False,
hansard,atausiq,{atausiq:atausiq/1n},False,{atausiq:atausiq/1n};{ata:ata/1n}{u:u/1nv}{siq:siq/2vn},False,False,False,False,False,
hansard,atausirmi,{atausir:atausiq/1n}{mi:mi/tn-loc-s},False,{atausir:atausiq/1n}{mi:mi/tn-loc-s};{atausir:atausiq/1n}{mi:mi/tn-gen-s-3s};{atausir:atausiq/1n}{mi:mi/tn-gen-p-3s};{ata:ata/1n}{u:ut/2nn}{sir:liq/2nv}{mi:miik/1vn};{ata:ata/1n}{u:u/1nv}{sir:siq/1vv}{mi:miik/1vn};{ata:ata/1n}{u:u/1nv}{sir:siq/2vn}{mi:mi/tn-loc-s};{ata:ata/1n}{u:u/1nv}{sir:siq/2vn}{mi:mi/tn-gen-s-3s};{ata:ata/1n}{u:u/1nv}{sir:siq/2vn}{mi:mi/tn-gen-p-3s};{atausir:atausiq/1n}{mi:mik/tn-acc-s};{atausir:atausiq/1n}{mi:mik/tn-gen-s-3d};{atausir:atausiq/1n}{mi:mik/tn-gen-p-3d};{atausir:atausiq/1n}{mi:mik/tn-gen-s-3p};{atausir:atausiq/1n}{mi:mik/tn-gen-p-3p};{atausir:atausiq/1n}{mi:mit/tn-abl-s};{ata:ata/1n}{u:u/1nv}{sir:siq/2vn}{mi:mik/tn-acc-s};{ata:ata/1n}{u:u/1nv}{sir:siq/2vn}{mi:mik/tn-gen-s-3d};{ata:ata/1n}{u:u/1nv}{sir:siq/2vn}{mi:mik/tn-gen-p-3d};{ata:ata/1n}{u:u/1nv}{sir:siq/2vn}{mi:mik/tn-gen-s-3p};{ata:ata/1n}{u:u/1nv}{sir:siq/2vn}{mi:mik/tn-gen-p-3p};{ata:ata/1n}{u:u/1nv}{sir:siq/2vn}{mi:mit/tn-abl-s},False,False,False,False,False,
hansard,atausirmik,{atausir:atausiq/1n}{mik:mik/tn-acc-s},False,{atausir:atausiq/1n}{mik:mik/tn-acc-s};{atausir:atausiq/1n}{mik:mik/tn-gen-s-3d};{atausir:atausiq/1n}{mik:mik/tn-gen-p-3d};{atausir:atausiq/1n}{mik:mik/tn-gen-s-3p};{atausir:atausiq/1n}{mik:mik/tn-gen-p-3p};{ata:ata/1n}{u:u/1nv}{sir:siq/2vn}{mik:mik/tn-acc-s};{ata:ata/1n}{u:u/1nv}{sir:siq/2vn}{mik:mik/tn-gen-s-3d};{ata:ata/1n}{u:u/1nv}{sir:siq/2vn}{mik:mik/tn-gen-p-3d};{ata:ata/1n}{u:u/1nv}{sir:siq/2vn}{mik:mik/tn-gen-s-3p};{ata:ata/1n}{u:u/1nv}{sir:siq/2vn}{mik:mik/tn-gen-p-3p},False,False,False,False,False,
hansard,atausirmut,{atausir:atausiq/1n}{mut:mut/tn-dat-s},False,{atausir:atausiq/1n}{mut:mut/tn-dat-s};{ata:ata/1n}{u:u/1nv}{sir:siq/2vn}{mut:mut/tn-dat-s},False,False,False,False,False,
hansard,atii,{atii:atii/1e},False,{atii:atii/1e};{ati:atiq/1n}{i:k/tn-nom-d};{ati:atiq/1n}{i:k/tn-gen-d};{ati:atiq/1n}{i:it/tn-nom-p};{ati:atiq/1n}{i:it/tn-gen-p};{ati:atiq/1n}{i:it/tn-nom-s-2s};{ati:ata/1n}{i:k/tn-nom-d};{ati:ata/1n}{i:k/tn-gen-d};{ati:ata/1n}{i:it/tn-nom-p};{ati:ata/1n}{i:it/tn-gen-p};{ati:ata/1n}{i:it/tn-nom-s-2s},False,False,False,False,False,
hansard,atiliurutausimajut,{ati:atiq/1n}{liu:liuq/1nv}{ruta:ut/1vn}{u:u/1nv}{sima:sima/1vv}{jut:jut/tv-ger-3p},False,{ati:atiq/1n}{liu:liuq/1nv}{ruta:ut/1vn}{u:u/1nv}{sima:sima/1vv}{jut:jut/tv-ger-3p};{ati:atiq/1n}{liu:liuq/1nv}{ruta:ut/1vn}{u:u/1nv}{si:si/2vv}{ma:ma/1vv}{jut:jut/tv-ger-3p};{ati:atiq/1n}{liu:liuq/1nv}{ruta:ut/1vn}{u:ut/2nn}{si:liq/2nv}{ma:ma/1vv}{jut:jut/tv-ger-3p};{ati:atiq/1n}{liu:liuq/1nv}{ruta:ut/1vn}{u:u/1nv}{si:siq/1vv}{ma:ma/1vv}{jut:jut/tv-ger-3p};{ati:atiq/1n}{li:li/3nv}{u:uq/3vv}{ruta:ut/1vn}{u:u/1nv}{sima:sima/1vv}{jut:jut/tv-ger-3p};{ati:atiq/1v}{li:li/2vv}{u:uq/3vv}{ruta:ut/1vn}{u:u/1nv}{sima:sima/1vv}{jut:jut/tv-ger-3p};{ati:atiq/1n}{li:lik/2nv}{u:uq/3vv}{ruta:ut/1vn}{u:u/1nv}{sima:sima/1vv}{jut:jut/tv-ger-3p};{ati:atiq/1n}{li:lik/3nv}{u:uq/3vv}{ruta:ut/1vn}{u:u/1nv}{sima:sima/1vv}{jut:jut/tv-ger-3p};{ati:atiq/1n}{li:liq/3nv}{u:uq/3vv}{ruta:ut/1vn}{u:u/1nv}{sima:sima/1vv}{jut:jut/tv-ger-3p};{ati:atiq/1n}{li:liq/2nv}{u:uq/3vv}{ruta:ut/1vn}{u:u/1nv}{sima:sima/1vv}{jut:jut/tv-ger-3p};{ati:atiq/1v}{li:liq/1vv}{u:uq/3vv}{ruta:ut/1vn}{u:u/1nv}{sima:sima/1vv}{jut:jut/tv-ger-3p};{ati:atiq/1n}{li:li/3nv}{u:uq/3vv}{ruta:ut/1vn}{u:u/1nv}{si:si/2vv}{ma:ma/1vv}{jut:jut/tv-ger-3p};{ati:atiq/1v}{li:li/2vv}{u:uq/3vv}{ruta:ut/1vn}{u:u/1nv}{si:si/2vv}{ma:ma/1vv}{jut:jut/tv-ger-3p};{ati:atiq/1n}{li:lik/2nv}{u:uq/3vv}{ruta:ut/1vn}{u:u/1nv}{si:si/2vv}{ma:ma/1vv}{jut:jut/tv-ger-3p};{ati:atiq/1n}{li:lik/3nv}{u:uq/3vv}{ruta:ut/1vn}{u:u/1nv}{si:si/2vv}{ma:ma/1vv}{jut:jut/tv-ger-3p};{ati:atiq/1n}{li:liq/3nv}{u:uq/3vv}{ruta:ut/1vn}{u:u/1nv}{si:si/2vv}{ma:ma/1vv}{jut:jut/tv-ger-3p};{ati:atiq/1n}{li:liq/2nv}{u:uq/3vv}{ruta:ut/1vn}{u:u/1nv}{si:si/2vv}{ma:ma/1vv}{jut:jut/tv-ger-3p};{ati:atiq/1v}{li:liq/1vv}{u:uq/3vv}{ruta:ut/1vn}{u:u/1nv}{si:si/2vv}{ma:ma/1vv}{jut:jut/tv-ger-3p};{ati:atiq/1n}{li:li/3nv}{u:uq/3vv}{ruta:ut/1vn}{u:ut/2nn}{si:liq/2nv}{ma:ma/1vv}{jut:jut/tv-ger-3p};{ati:atiq/1v}{li:li/2vv}{u:uq/3vv}{ruta:ut/1vn}{u:ut/2nn}{si:liq/2nv}{ma:ma/1vv}{jut:jut/tv-ger-3p};{ati:atiq/1n}{li:lik/2nv}{u:uq/3vv}{ruta:ut/1vn}{u:ut/2nn}{si:liq/2nv}{ma:ma/1vv}{jut:jut/tv-ger-3p};{ati:atiq/1n}{li:lik/3nv}{u:uq/3vv}{ruta:ut/1vn}{u:ut/2nn}{si:liq/2nv}{ma:ma/1vv}{jut:jut/tv-ger-3p};{ati:atiq/1n}{li:liq/3nv}{u:uq/3vv}{ruta:ut/1vn}{u:ut/2nn}{si:liq/2nv}{ma:ma/1vv}{jut:jut/tv-ger-3p};{ati:atiq/1n}{li:liq/2nv}{u:uq/3vv}{ruta:ut/1vn}{u:ut/2nn}{si:liq/2nv}{ma:ma/1vv}{jut:jut/tv-ger-3p};{ati:atiq/1v}{li:liq/1vv}{u:uq/3vv}{ruta:ut/1vn}{u:ut/2nn}{si:liq/2nv}{ma:ma/1vv}{jut:jut/tv-ger-3p};{ati:atiq/1n}{li:li/3nv}{u:uq/3vv}{ruta:ut/1vn}{u:u/1nv}{si:siq/1vv}{ma:ma/1vv}{jut:jut/tv-ger-3p};{ati:atiq/1v}{li:li/2vv}{u:uq/3vv}{ruta:ut/1vn}{u:u/1nv}{si:siq/1vv}{ma:ma/1vv}{jut:jut/tv-ger-3p};{ati:atiq/1n}{li:lik/2nv}{u:uq/3vv}{ruta:ut/1vn}{u:u/1nv}{si:siq/1vv}{ma:ma/1vv}{jut:jut/tv-ger-3p};{ati:atiq/1n}{li:lik/3nv}{u:uq/3vv}{ruta:ut/1vn}{u:u/1nv}{si:siq/1vv}{ma:ma/1vv}{jut:jut/tv-ger-3p};{ati:atiq/1n}{li:liq/3nv}{u:uq/3vv}{ruta:ut/1vn}{u:u/1nv}{si:siq/1vv}{ma:ma/1vv}{jut:jut/tv-ger-3p};{ati:atiq/1n}{li:liq/2nv}{u:uq/3vv}{ruta:ut/1vn}{u:u/1nv}{si:siq/1vv}{ma:ma/1vv}{jut:jut/tv-ger-3p};{ati:atiq/1v}{li:liq/1vv}{u:uq/3vv}{ruta:ut/1vn}{u:u/1nv}{si:siq/1vv}{ma:ma/1vv}{jut:jut/tv-ger-3p};{ati:ata/1n}{liu:liuq/1nv}{ruta:ut/1vn}{u:u/1nv}{sima:sima/1vv}{jut:jut/tv-ger-3p};{ati:ata/1n}{liu:liuq/1nv}{ruta:ut/1vn}{u:u/1nv}{si:si/2vv}{ma:ma/1vv}{jut:jut/tv-ger-3p};{ati:ata/1n}{liu:liuq/1nv}{ruta:ut/1vn}{u:ut/2nn}{si:liq/2nv}{ma:ma/1vv}{jut:jut/tv-ger-3p};{ati:ata/1n}{liu:liuq/1nv}{ruta:ut/1vn}{u:u/1nv}{si:siq/1vv}{ma:ma/1vv}{jut:jut/tv-ger-3p};{ati:ata/1n}{li:li/3nv}{u:uq/3vv}{ruta:ut/1vn}{u:u/1nv}{sima:sima/1vv}{jut:jut/tv-ger-3p};{ati:ati/1v}{li:li/2vv}{u:uq/3vv}{ruta:ut/1vn}{u:u/1nv}{sima:sima/1vv}{jut:jut/tv-ger-3p};{ati:ata/1n}{li:lik/2nv}{u:uq/3vv}{ruta:ut/1vn}{u:u/1nv}{sima:sima/1vv}{jut:jut/tv-ger-3p};{ati:ata/1n}{li:lik/3nv}{u:uq/3vv}{ruta:ut/1vn}{u:u/1nv}{sima:sima/1vv}{jut:jut/tv-ger-3p};{ati:ata/1n}{li:liq/3nv}{u:uq/3vv}{ruta:ut/1vn}{u:u/1nv}{sima:sima/1vv}{jut:jut/tv-ger-3p};{ati:ata/1n}{li:liq/2nv}{u:uq/3vv}{ruta:ut/1vn}{u:u/1nv}{sima:sima/1vv}{jut:jut/tv-ger-3p};{ati:ati/1v}{li:liq/1vv}{u:uq/3vv}{ruta:ut/1vn}{u:u/1nv}{sima:sima/1vv}{jut:jut/tv-ger-3p};{ati:ata/1n}{li:li/3nv}{u:uq/3vv}{ruta:ut/1vn}{u:u/1nv}{si:si/2vv}{ma:ma/1vv}{jut:jut/tv-ger-3p};{ati:ati/1v}{li:li/2vv}{u:uq/3vv}{ruta:ut/1vn}{u:u/1nv}{si:si/2vv}{ma:ma/1vv}{jut:jut/tv-ger-3p};{ati:ata/1n}{li:lik/2nv}{u:uq/3vv}{ruta:ut/1vn}{u:u/1nv}{si:si/2vv}{ma:ma/1vv}{jut:jut/tv-ger-3p};{ati:ata/1n}{li:lik/3nv}{u:uq/3vv}{ruta:ut/1vn}{u:u/1nv}{si:si/2vv}{ma:ma/1vv}{jut:jut/tv-ger-3p};{ati:ata/1n}{li:liq/3nv}{u:uq/3vv}{ruta:ut/1vn}{u:u/1nv}{si:si/2vv}{ma:ma/1vv}{jut:jut/tv-ger-3p};{ati:ata/1n}{li:liq/2nv}{u:uq/3vv}{ruta:ut/1vn}{u:u/1nv}{si:si/2vv}{ma:ma/1vv}{jut:jut/tv-ger-3p};{ati:ati/1v}{li:liq/1vv}{u:uq/3vv}{ruta:ut/1vn}{u:u/1nv}{si:si/2vv}{ma:ma/1vv}{jut:jut/tv-ger-3p};{ati:ata/1n}{li:li/3nv}{u:uq/3vv}{ruta:ut/1vn}{u:ut/2nn}{si:liq/2nv}{ma:ma/1vv}{jut:jut/tv-ger-3p};{ati:ati/1v}{li:li/2vv}{u:uq/3vv}{ruta:ut/1vn}{u:ut/2nn}{si:liq/2nv}{ma:ma/1vv}{jut:jut/tv-ger-3p};{ati:ata/1n}{li:lik/2nv}{u:uq/3vv}{ruta:ut/1vn}{u:ut/2nn}{si:liq/2nv}{ma:ma/1vv}{jut:jut/tv-ger-3p};{ati:ata/1n}{li:lik/3nv}{u:uq/3vv}{ruta:ut/1vn}{u:ut/2nn}{si:liq/2nv}{ma:ma/1vv}{jut:jut/tv-ger-3p};{ati:ata/1n}{li:liq/3nv}{u:uq/3vv}{ruta:ut/1vn}{u:ut/2nn}{si:liq/2nv}{ma:ma/1vv}{jut:jut/tv-ger-3p};{ati:ata/1n}{li:liq/2nv}{u:uq/3vv}{ruta:ut/1vn}{u:ut/2nn}{si:liq/2nv}{ma:ma/1vv}{jut:jut/tv-ger-3p};{ati:ati/1v}{li:liq/1vv}{u:uq/3vv}{ruta:ut/1vn}{u:ut/2nn}{si:liq/2nv}{ma:ma/1vv}{jut:jut/tv-ger-3p};{ati:ata/1n}{li:li/3nv}{u:uq/3vv}{ruta:ut/1vn}{u:u/1nv}{si:siq/1vv}{ma:ma/1vv}{jut:jut/tv-ger-3p};{ati:ati/1v}{li:li/2vv}{u:uq/3vv}{ruta:ut/1vn}{u:u/1nv}{si:siq/1vv}{ma:ma/1vv}{jut:jut/tv-ger-3p};{ati:ata/1n}{li:lik/2nv}{u:uq/3vv}{ruta:ut/1vn}{u:u/1nv}{si:siq/1vv}{ma:ma/1vv}{jut:jut/tv-ger-3p};{ati:ata/1n}{li:lik/3nv}{u:uq/3vv}{ruta:ut/1vn}{u:u/1nv}{si:siq/1vv}{ma:ma/1vv}{jut:jut/tv-ger-3p};{ati:ata/1n}{li:liq/3nv}{u:uq/3vv}{ruta:ut/1vn}{u:u/1nv}{si:siq/1vv}{ma:ma/1vv}{jut:jut/tv-ger-3p};{ati:ata/1n}{li:liq/2nv}{u:uq/3vv}{ruta:ut/1vn}{u:u/1nv}{si:siq/1vv}{ma:ma/1vv}{jut:jut/tv-ger-3p};{ati:ati/1v}{li:liq/1vv}{u:uq/3vv}{ruta:ut/1vn}{u:u/1nv}{si:siq/1vv}{ma:ma/1vv}{jut:jut/tv-ger-3p},False,False,False,False,False,
hansard,atinga,{ati:atiq/1n}{nga:nga/tn-nom-s-4s},False,{ati:atiq/1n}{nga:nga/tn-nom-s-4s};{ati:ata/1n}{nga:nga/tn-nom-s-4s};{ati:atiq/1n}{nga:ngak/tn-nom-s-4d};{ati:atiq/1n}{nga:ngat/tn-nom-s-4p};{ati:ata/1n}{nga:ngak/tn-nom-s-4d};{ati:ata/1n}{nga:ngat/tn-nom-s-4p},False,False,False,False,False,
hansard,atingit,{ati:atiq/1n}{ngit:ngit/tn-nom-p-4s},False,{ati:atiq/1n}{ngit:ngit/tn-nom-p-4s};{ati:atiq/1n}{ngit:ngik/tn-nom-p-4d};{ati:atiq/1n}{ngit:ngit/tn-nom-p-4p};{ati:ata/1n}{ngit:ngit/tn-nom-p-4s};{ati:ata/1n}{ngit:ngik/tn-nom-p-4d};{ati:ata/1n}{ngit:ngit/tn-nom-p-4p},False,False,False,False,False,
hansard,atirnik,{atir:atiq/1n}{nik:nik/tn-acc-p},False,{atir:atiq/1n}{nik:nik/tn-acc-p};{atir:atiq/1n}{nik:ngnik/tn-acc-s-2s},False,False,False,False,False,
hansard,atsualuk,{atsualuk:aksualuk/1a},False,{atsualuk:aksualuk/1a};{atsu:aksut/1a}{aluk:aluk/1nn};{atsu:aksuq/1n}{aluk:aluk/1nn};{atsu:aksut/1a}{a:aq/2nv}{luk:luk/tv-imp-1d};{atsu:aksuq/1n}{a:aq/2nv}{luk:luk/tv-imp-1d};{atsu:ak&u/1v}{a:a/1vv}{luk:luk/tv-imp-1d},False,False,False,False,False,
hansard,atuagait,{atu:atuq/1v}{a:a/1vv}{ga:gaq/1vn}{it:it/tn-nom-p},False,{atua:atuaq/1v}{ga:gaq/1vn}{it:it/tn-nom-p};{atua:atuaq/1v}{ga:gaq/1vn}{it:it/tn-gen-p};{atua:atuaq/1v}{ga:gaq/1vn}{it:it/tn-nom-s-2s};{atu:atuq/2v}{a:a/1vv}{ga:gaq/1vn}{it:it/tn-nom-p};{atu:atuq/1v}{a:a/1vv}{ga:gaq/1vn}{it:it/tn-nom-p};{atu:atuq/2v}{a:a/1vv}{ga:gaq/1vn}{it:it/tn-gen-p};{atu:atuq/1v}{a:a/1vv}{ga:gaq/1vn}{it:it/tn-gen-p};{atu:atuq/2v}{a:a/1vv}{ga:gaq/1vn}{it:it/tn-nom-s-2s};{atu:atuq/1v}{a:a/1vv}{ga:gaq/1vn}{it:it/tn-nom-s-2s},False,False,False,False,False,
hansard,atuagaq,{atu:atuq/1v}{a:a/1vv}{gaq:gaq/1vn},False,{atua:atuaq/1v}{gaq:gaq/1vn};{atu:atuq/2v}{a:a/1vv}{gaq:gaq/1vn};{atu:atuq/1v}{a:a/1vv}{gaq:gaq/1vn},False,False,False,False,False,
hansard,atuagarmik,{atu:atuq/1v}{a:a/1vv}{gar:gaq/1vn}{mik:mik/tn-acc-s},False,{atua:atuaq/1v}{gar:gaq/1vn}{mik:mik/tn-acc-s};{atua:atuaq/1v}{gar:gaq/1vn}{mik:mik/tn-gen-s-3d};{atua:atuaq/1v}{gar:gaq/1vn}{mik:mik/tn-gen-p-3d};{atua:atuaq/1v}{gar:gaq/1vn}{mik:mik/tn-gen-s-3p};{atua:atuaq/1v}{gar:gaq/1vn}{mik:mik/tn-gen-p-3p};{atu:atuq/2v}{a:a/1vv}{gar:gaq/1vn}{mik:mik/tn-acc-s};{atu:atuq/1v}{a:a/1vv}{gar:gaq/1vn}{mik:mik/tn-acc-s};{atu:atuq/2v}{a:a/1vv}{gar:gaq/1vn}{mik:mik/tn-gen-s-3d};{atu:atuq/1v}{a:a/1vv}{gar:gaq/1vn}{mik:mik/tn-gen-s-3d};{atu:atuq/2v}{a:a/1vv}{gar:gaq/1vn}{mik:mik/tn-gen-p-3d};{atu:atuq/1v}{a:a/1vv}{gar:gaq/1vn}{mik:mik/tn-gen-p-3d};{atu:atuq/2v}{a:a/1vv}{gar:gaq/1vn}{mik:mik/tn-gen-s-3p};{atu:atuq/1v}{a:a/1vv}{gar:gaq/1vn}{mik:mik/tn-gen-s-3p};{atu:atuq/2v}{a:a/1vv}{gar:gaq/1vn}{mik:mik/tn-gen-p-3p};{atu:atuq/1v}{a:a/1vv}{gar:gaq/1vn}{mik:mik/tn-gen-p-3p},False,False,False,False,False,
hansard,atuagarnik,{atu:atuq/1v}{a:a/1vv}{gar:gaq/1vn}{nik:nik/tn-acc-p},False,{atua:atuaq/1v}{gar:gaq/1vn}{nik:nik/tn-acc-p};{atua:atuaq/1v}{gar:gaq/1vn}{nik:ngnik/tn-acc-s-2s};{atu:atuq/2v}{a:a/1vv}{gar:gaq/1vn}{nik:nik/tn-acc-p};{atu:atuq/1v}{a:a/1vv}{gar:gaq/1vn}{nik:nik/tn-acc-p};{atu:atuq/2v}{a:a/1vv}{gar:gaq/1vn}{nik:ngnik/tn-acc-s-2s};{atu:atuq/1v}{a:a/1vv}{gar:gaq/1vn}{nik:ngnik/tn-acc-s-2s},False,False,False,False,False,
hansard,atuliqujaujuq,{atu:atuq/1v}{li:li/2vv}{qu:qu/2vv}{ja:jaq/1vn}{u:u/1nv}{juq:juq/1vn},False,{atu:atuq/2v}{li:li/2vv}{qu:qu/2vv}{ja:jaq/1vn}{u:u/1nv}{juq:juq/1vn};{atu:atuq/1v}{li:li/2vv}{qu:qu/2vv}{ja:jaq/1vn}{u:u/1nv}{juq:juq/1vn};{atu:atuq/2v}{li:liq/1vv}{qu:qu/2vv}{ja:jaq/1vn}{u:u/1nv}{juq:juq/1vn};{atu:atuq/1v}{li:liq/1vv}{qu:qu/2vv}{ja:jaq/1vn}{u:u/1nv}{juq:juq/1vn};{atu:atuq/2v}{li:li/2vv}{qu:qu/2vv}{ja:jaq/1vn}{u:u/1nv}{juq:juq/tv-ger-3s};{atu:atuq/1v}{li:li/2vv}{qu:qu/2vv}{ja:jaq/1vn}{u:u/1nv}{juq:juq/tv-ger-3s};{atu:atuq/2v}{li:liq/1vv}{qu:qu/2vv}{ja:jaq/1vn}{u:u/1nv}{juq:juq/tv-ger-3s};{atu:atuq/1v}{li:liq/1vv}{qu:qu/2vv}{ja:jaq/1vn}{u:u/1nv}{juq:juq/tv-ger-3s},False,False,False,False,False,
hansard,atuliqujaujuq,{atu:atuq/2v}{li:li/2vv}{qu:qu/2vv}{ja:jaq/1vn}{u:u/1nv}{juq:juq/1vn},False,{atu:atuq/2v}{li:li/2vv}{qu:qu/2vv}{ja:jaq/1vn}{u:u/1nv}{juq:juq/1vn};{atu:atuq/1v}{li:li/2vv}{qu:qu/2vv}{ja:jaq/1vn}{u:u/1nv}{juq:juq/1vn};{atu:atuq/2v}{li:liq/1vv}{qu:qu/2vv}{ja:jaq/1vn}{u:u/1nv}{juq:juq/1vn};{atu:atuq/1v}{li:liq/1vv}{qu:qu/2vv}{ja:jaq/1vn}{u:u/1nv}{juq:juq/1vn};{atu:atuq/2v}{li:li/2vv}{qu:qu/2vv}{ja:jaq/1vn}{u:u/1nv}{juq:juq/tv-ger-3s};{atu:atuq/1v}{li:li/2vv}{qu:qu/2vv}{ja:jaq/1vn}{u:u/1nv}{juq:juq/tv-ger-3s};{atu:atuq/2v}{li:liq/1vv}{qu:qu/2vv}{ja:jaq/1vn}{u:u/1nv}{juq:juq/tv-ger-3s};{atu:atuq/1v}{li:liq/1vv}{qu:qu/2vv}{ja:jaq/1vn}{u:u/1nv}{juq:juq/tv-ger-3s},False,False,False,False,False,
hansard,atuni,{atuni:atunit/1n},False,{atuni:atunit/1n};{atu:atu/1p}{ni:ni/tn-nom-p-3s};{atu:atu/1p}{ni:nik/tn-acc-p};{atu:atu/1p}{ni:nit/tn-abl-p},False,False,False,False,False,
hansard,atunit,{atunit:atunit/1n},False,{atunit:atunit/1n};{atu:atu/1p}{nit:nit/tn-abl-p},False,False,False,False,False,
hansard,atuqtuksait,{atuq:atuq/1v}{tuksa:juksaq/1vn}{it:it/tn-nom-p},False,{atuq:atuq/2v}{tuksa:juksaq/1vn}{it:it/tn-nom-p};{atuq:atuq/1v}{tuksa:juksaq/1vn}{it:it/tn-nom-p};{atuq:atuq/2v}{tuksa:juksaq/1vn}{it:it/tn-gen-p};{atuq:atuq/1v}{tuksa:juksaq/1vn}{it:it/tn-gen-p};{atuq:atuq/2v}{tuksa:juksaq/1vn}{it:it/tn-nom-s-2s};{atuq:atuq/1v}{tuksa:juksaq/1vn}{it:it/tn-nom-s-2s};{atuq:atuq/2v}{tu:juq/1vn}{ksa:ksaq/1nn}{it:it/tn-nom-p};{atuq:atuq/1v}{tu:juq/1vn}{ksa:ksaq/1nn}{it:it/tn-nom-p};{atuq:atuq/2v}{tu:tuq/1vv}{ksa:ksaq/1vn}{it:it/tn-nom-p};{atuq:atuq/1v}{tu:tuq/1vv}{ksa:ksaq/1vn}{it:it/tn-nom-p};{atuq:atuq/2v}{tu:juq/1vn}{ksa:ksaq/1nn}{it:it/tn-gen-p};{atuq:atuq/1v}{tu:juq/1vn}{ksa:ksaq/1nn}{it:it/tn-gen-p};{atuq:atuq/2v}{tu:tuq/1vv}{ksa:ksaq/1vn}{it:it/tn-gen-p};{atuq:atuq/1v}{tu:tuq/1vv}{ksa:ksaq/1vn}{it:it/tn-gen-p};{atuq:atuq/2v}{tu:juq/1vn}{ksa:ksaq/1nn}{it:it/tn-nom-s-2s};{atuq:atuq/1v}{tu:juq/1vn}{ksa:ksaq/1nn}{it:it/tn-nom-s-2s};{atuq:atuq/2v}{tu:tuq/1vv}{ksa:ksaq/1vn}{it:it/tn-nom-s-2s};{atuq:atuq/1v}{tu:tuq/1vv}{ksa:ksaq/1vn}{it:it/tn-nom-s-2s},False,False,False,False,False,
hansard,atuqtuksanut,{atuq:atuq/1v}{tuksa:juksaq/1vn}{nut:nut/tn-dat-p},False,{atuq:atuq/2v}{tuksa:juksaq/1vn}{nut:nut/tn-dat-p};{atuq:atuq/1v}{tuksa:juksaq/1vn}{nut:nut/tn-dat-p};{atuq:atuq/2v}{tuksa:juksaq/1vn}{nut:ngnut/tn-dat-s-2s};{atuq:atuq/1v}{tuksa:juksaq/1vn}{nut:ngnut/tn-dat-s-2s};{atuq:atuq/2v}{tuksa:juksaq/1vn}{nut:ngnut/tn-dat-p-2s};{atuq:atuq/1v}{tuksa:juksaq/1vn}{nut:ngnut/tn-dat-p-2s};{atuq:atuq/2v}{tuksa:juksaq/1vn}{nut:mnut/tn-dat-s-1s};{atuq:atuq/1v}{tuksa:juksaq/1vn}{nut:mnut/tn-dat-s-1s};{atuq:atuq/2v}{tuksa:juksaq/1vn}{nut:mnut/tn-dat-p-1s};{atuq:atuq/1v}{tuksa:juksaq/1vn}{nut:mnut/tn-dat-p-1s};{atuq:atuq/2v}{tu:juq/1vn}{ksa:ksaq/1nn}{nut:nut/tn-dat-p};{atuq:atuq/1v}{tu:juq/1vn}{ksa:ksaq/1nn}{nut:nut/tn-dat-p};{atuq:atuq/2v}{tu:tuq/1vv}{ksa:ksaq/1vn}{nut:nut/tn-dat-p};{atuq:atuq/1v}{tu:tuq/1vv}{ksa:ksaq/1vn}{nut:nut/tn-dat-p};{atuq:atuq/2v}{tu:juq/1vn}{ksa:ksaq/1nn}{nut:ngnut/tn-dat-s-2s};{atuq:atuq/1v}{tu:juq/1vn}{ksa:ksaq/1nn}{nut:ngnut/tn-dat-s-2s};{atuq:atuq/2v}{tu:tuq/1vv}{ksa:ksaq/1vn}{nut:ngnut/tn-dat-s-2s};{atuq:atuq/1v}{tu:tuq/1vv}{ksa:ksaq/1vn}{nut:ngnut/tn-dat-s-2s};{atuq:atuq/2v}{tu:juq/1vn}{ksa:ksaq/1nn}{nut:ngnut/tn-dat-p-2s};{atuq:atuq/1v}{tu:juq/1vn}{ksa:ksaq/1nn}{nut:ngnut/tn-dat-p-2s};{atuq:atuq/2v}{tu:tuq/1vv}{ksa:ksaq/1vn}{nut:ngnut/tn-dat-p-2s};{atuq:atuq/1v}{tu:tuq/1vv}{ksa:ksaq/1vn}{nut:ngnut/tn-dat-p-2s};{atuq:atuq/2v}{tu:juq/1vn}{ksa:ksaq/1nn}{nut:mnut/tn-dat-s-1s};{atuq:atuq/1v}{tu:juq/1vn}{ksa:ksaq/1nn}{nut:mnut/tn-dat-s-1s};{atuq:atuq/2v}{tu:tuq/1vv}{ksa:ksaq/1vn}{nut:mnut/tn-dat-s-1s};{atuq:atuq/1v}{tu:tuq/1vv}{ksa:ksaq/1vn}{nut:mnut/tn-dat-s-1s};{atuq:atuq/2v}{tu:juq/1vn}{ksa:ksaq/1nn}{nut:mnut/tn-dat-p-1s};{atuq:atuq/1v}{tu:juq/1vn}{ksa:ksaq/1nn}{nut:mnut/tn-dat-p-1s};{atuq:atuq/2v}{tu:tuq/1vv}{ksa:ksaq/1vn}{nut:mnut/tn-dat-p-1s};{atuq:atuq/1v}{tu:tuq/1vv}{ksa:ksaq/1vn}{nut:mnut/tn-dat-p-1s},False,False,False,False,False,
hansard,aujakkut,{auja:aujaq/1n}{kkut:kkut/1nn},False,{auja:aujaq/1n}{kkut:kkut/1nn};{auja:aujaq/1n}{kkut:kkut/tn-via-s};{auja:aujaq/1n}{kkut:kkut/tn-via-s-2s};{auja:aujaq/1n}{kkut:pkut/tn-via-s-1s};{auja:aujaq/1n}{kkut:pkut/tn-via-p-1s},False,False,False,False,False,
hansard,aulajjutinut,{aula:aula/1v}{jjuti:ut/1vn}{nut:nut/tn-dat-p},False,{aula:aulat/1v}{jjuti:jjut/1vn}{nut:nut/tn-dat-p};{aula:aulat/1v}{jjuti:ut/1vn}{nut:nut/tn-dat-p};{aula:aulat/1v}{jjut:jjut/1vn}{inut:nut/tn-dat-p};{aula:aulat/1v}{jjut:ut/1vn}{inut:nut/tn-dat-p};{aula:aula/1v}{jjuti:jjut/1vn}{nut:nut/tn-dat-p};{aula:aula/1v}{jjuti:ut/1vn}{nut:nut/tn-dat-p};{aula:aula/1v}{jjut:jjut/1vn}{inut:nut/tn-dat-p};{aula:aula/1v}{jjut:ut/1vn}{inut:nut/tn-dat-p},False,False,False,False,False,
hansard,aulaninginnut,{aula:aula/1v}{ni:niq/2vn}{nginnut:nginnut/tn-dat-p-4s},False,{aulani:aulaniq/1n}{nginnut:nginnut/tn-dat-p-4s};{aulani:aulaniq/1n}{nginnut:nginnut/tn-dat-p-4p};{aulani:aulaniq/1n}{nginnut:ngingnut/tn-dat-p-4d};{aula:aulat/1v}{ni:niq/2vn}{nginnut:nginnut/tn-dat-p-4s};{aula:aulat/1v}{ni:niq/2vn}{nginnut:nginnut/tn-dat-p-4p};{aula:aulat/1v}{ni:niq/2vn}{nginnut:ngingnut/tn-dat-p-4d};{aula:aula/1v}{ni:niq/2vn}{nginnut:nginnut/tn-dat-p-4s};{aula:aula/1v}{ni:niq/2vn}{nginnut:nginnut/tn-dat-p-4p};{aula:aula/1v}{ni:niq/2vn}{nginnut:ngingnut/tn-dat-p-4d},False,False,False,False,False,
hansard,aulanirmut,{aula:aula/1v}{nir:niq/2vn}{mut:mut/tn-dat-s},False,{aulanir:aulaniq/1n}{mut:mut/tn-dat-s};{aula:aulat/1v}{nir:niq/2vn}{mut:mut/tn-dat-s};{aula:aula/1v}{nir:niq/2vn}{mut:mut/tn-dat-s},False,False,False,False,False,
hansard,aulattijiit,{aulat:aulat/1v}{ti:si/1vv}{ji:ji/1vn}{it:it/tn-nom-p},False,{aulat:aulat/1v}{ti:si/1vv}{ji:ji/1vn}{it:it/tn-nom-p};{aulat:aulat/1v}{ti:si/1vv}{ji:ji/1vn}{it:it/tn-gen-p};{aulat:aulat/1v}{ti:si/1vv}{ji:ji/1vn}{it:it/tn-nom-s-2s};{aula:aula/1v}{t:t/1vv}{ti:si/1vv}{ji:ji/1vn}{it:it/tn-nom-p};{aula:aula/1v}{t:t/1vv}{ti:si/1vv}{ji:ji/1vn}{it:it/tn-gen-p};{aula:aula/1v}{t:t/1vv}{ti:si/1vv}{ji:ji/1vn}{it:it/tn-nom-s-2s},False,False,False,False,False,
hansard,aulattinirmut,{aulat:aulat/1v}{ti:si/1vv}{nir:niq/2vn}{mut:mut/tn-dat-s},False,{aulat:aulat/1v}{ti:si/1vv}{nir:niq/2vn}{mut:mut/tn-dat-s};{aulat:aulat/1v}{ti:tit/1vv}{nir:niq/2vn}{mut:mut/tn-dat-s};{aulat:aulat/1v}{ti:siq/1vv}{nir:niq/2vn}{mut:mut/tn-dat-s};{aula:aula/1v}{t:t/1vv}{ti:si/1vv}{nir:niq/2vn}{mut:mut/tn-dat-s};{aula:aula/1v}{t:t/1vv}{ti:tit/1vv}{nir:niq/2vn}{mut:mut/tn-dat-s};{aula:aula/1v}{t:t/1vv}{ti:siq/1vv}{nir:niq/2vn}{mut:mut/tn-dat-s},False,False,False,False,False,
hansard,aviktursimajuni,{avik:avik/1v}{tur:tuq/1vv}{sima:sima/1vv}{ju:juq/1vn}{ni:ni/tn-loc-p},False,{avik:avik/1v}{tur:tuq/1vv}{sima:sima/1vv}{ju:juq/1vn}{ni:ni/tn-loc-p};{avik:avik/1v}{tur:tuq/1vv}{sima:sima/1vv}{ju:juq/1vn}{ni:ni/tn-nom-s-3s};{avik:avik/1v}{tur:tuq/1vv}{sima:sima/1vv}{ju:juq/1vn}{ni:ni/tn-nom-p-3s};{avik:avik/1v}{tur:juq/1vn}{si:si/4nv}{ma:ma/1vv}{ju:juq/1vn}{ni:ni/tn-loc-p};{avik:avik/1v}{tur:tuq/1vv}{si:si/2vv}{ma:ma/1vv}{ju:juq/1vn}{ni:ni/tn-loc-p};{avik:avik/1v}{tur:tuq/1vv}{si:siq/1vv}{ma:ma/1vv}{ju:juq/1vn}{ni:ni/tn-loc-p};{avik:avik/1v}{tur:juq/1vn}{si:si/4nv}{ma:ma/1vv}{ju:juq/1vn}{ni:ni/tn-nom-s-3s};{avik:avik/1v}{tur:tuq/1vv}{si:si/2vv}{ma:ma/1vv}{ju:juq/1vn}{ni:ni/tn-nom-s-3s};{avik:avik/1v}{tur:tuq/1vv}{si:siq/1vv}{ma:ma/1vv}{ju:juq/1vn}{ni:ni/tn-nom-s-3s};{avik:avik/1v}{tur:juq/1vn}{si:si/4nv}{ma:ma/1vv}{ju:juq/1vn}{ni:ni/tn-nom-p-3s};{avik:avik/1v}{tur:tuq/1vv}{si:si/2vv}{ma:ma/1vv}{ju:juq/1vn}{ni:ni/tn-nom-p-3s};{avik:avik/1v}{tur:tuq/1vv}{si:siq/1vv}{ma:ma/1vv}{ju:juq/1vn}{ni:ni/tn-nom-p-3s};{avik:avik/1v}{tur:tuq/1vv}{sima:sima/1vv}{ju:juq/1vn}{ni:nik/tn-acc-p};{avik:avik/1v}{tur:tuq/1vv}{sima:sima/1vv}{ju:juq/1vn}{ni:nit/tn-abl-p};{avik:avik/1v}{tur:juq/1vn}{si:si/4nv}{ma:ma/1vv}{ju:juq/1vn}{ni:nik/tn-acc-p};{avik:avik/1v}{tur:tuq/1vv}{si:si/2vv}{ma:ma/1vv}{ju:juq/1vn}{ni:nik/tn-acc-p};{avik:avik/1v}{tur:tuq/1vv}{si:siq/1vv}{ma:ma/1vv}{ju:juq/1vn}{ni:nik/tn-acc-p};{avik:avik/1v}{tur:juq/1vn}{si:si/4nv}{ma:ma/1vv}{ju:juq/1vn}{ni:nit/tn-abl-p};{avik:avik/1v}{tur:tuq/1vv}{si:si/2vv}{ma:ma/1vv}{ju:juq/1vn}{ni:nit/tn-abl-p};{avik:avik/1v}{tur:tuq/1vv}{si:siq/1vv}{ma:ma/1vv}{ju:juq/1vn}{ni:nit/tn-abl-p},False,False,False,False,False,
hansard,avittuqsimajuni,{avit:avik/1v}{tuq:tuq/1vv}{sima:sima/1vv}{ju:juq/1vn}{ni:ni/tn-loc-p},False,{avit:avik/1v}{tuq:tuq/1vv}{sima:sima/1vv}{ju:juq/1vn}{ni:ni/tn-loc-p};{avit:avik/1v}{tuq:suq/1vv}{sima:sima/1vv}{ju:juq/1vn}{ni:ni/tn-loc-p};{avit:avik/1v}{tuq:tuq/1vv}{sima:sima/1vv}{ju:juq/1vn}{ni:ni/tn-nom-s-3s};{avit:avik/1v}{tuq:suq/1vv}{sima:sima/1vv}{ju:juq/1vn}{ni:ni/tn-nom-s-3s};{avit:avik/1v}{tuq:tuq/1vv}{sima:sima/1vv}{ju:juq/1vn}{ni:ni/tn-nom-p-3s};{avit:avik/1v}{tuq:suq/1vv}{sima:sima/1vv}{ju:juq/1vn}{ni:ni/tn-nom-p-3s};{avit:avik/1v}{tuq:juq/1vn}{si:si/4nv}{ma:ma/1vv}{ju:juq/1vn}{ni:ni/tn-loc-p};{avit:avik/1v}{tuq:tuq/1vv}{si:si/2vv}{ma:ma/1vv}{ju:juq/1vn}{ni:ni/tn-loc-p};{avit:avik/1v}{tuq:suq/1vv}{si:si/2vv}{ma:ma/1vv}{ju:juq/1vn}{ni:ni/tn-loc-p};{avit:avik/1v}{tuq:tuq/1vv}{si:siq/1vv}{ma:ma/1vv}{ju:juq/1vn}{ni:ni/tn-loc-p};{avit:avik/1v}{tuq:suq/1vv}{si:siq/1vv}{ma:ma/1vv}{ju:juq/1vn}{ni:ni/tn-loc-p};{avit:avik/1v}{tuq:juq/1vn}{si:si/4nv}{ma:ma/1vv}{ju:juq/1vn}{ni:ni/tn-nom-s-3s};{avit:avik/1v}{tuq:tuq/1vv}{si:si/2vv}{ma:ma/1vv}{ju:juq/1vn}{ni:ni/tn-nom-s-3s};{avit:avik/1v}{tuq:suq/1vv}{si:si/2vv}{ma:ma/1vv}{ju:juq/1vn}{ni:ni/tn-nom-s-3s};{avit:avik/1v}{tuq:tuq/1vv}{si:siq/1vv}{ma:ma/1vv}{ju:juq/1vn}{ni:ni/tn-nom-s-3s};{avit:avik/1v}{tuq:suq/1vv}{si:siq/1vv}{ma:ma/1vv}{ju:juq/1vn}{ni:ni/tn-nom-s-3s};{avit:avik/1v}{tuq:juq/1vn}{si:si/4nv}{ma:ma/1vv}{ju:juq/1vn}{ni:ni/tn-nom-p-3s};{avit:avik/1v}{tuq:tuq/1vv}{si:si/2vv}{ma:ma/1vv}{ju:juq/1vn}{ni:ni/tn-nom-p-3s};{avit:avik/1v}{tuq:suq/1vv}{si:si/2vv}{ma:ma/1vv}{ju:juq/1vn}{ni:ni/tn-nom-p-3s};{avit:avik/1v}{tuq:tuq/1vv}{si:siq/1vv}{ma:ma/1vv}{ju:juq/1vn}{ni:ni/tn-nom-p-3s};{avit:avik/1v}{tuq:suq/1vv}{si:siq/1vv}{ma:ma/1vv}{ju:juq/1vn}{ni:ni/tn-nom-p-3s};{avit:avik/1v}{tuq:tuq/1vv}{sima:sima/1vv}{ju:juq/1vn}{ni:nik/tn-acc-p};{avit:avik/1v}{tuq:suq/1vv}{sima:sima/1vv}{ju:juq/1vn}{ni:nik/tn-acc-p};{avit:avik/1v}{tuq:tuq/1vv}{sima:sima/1vv}{ju:juq/1vn}{ni:nit/tn-abl-p};{avit:avik/1v}{tuq:suq/1vv}{sima:sima/1vv}{ju:juq/1vn}{ni:nit/tn-abl-p};{avit:avik/1v}{tuq:juq/1vn}{si:si/4nv}{ma:ma/1vv}{ju:juq/1vn}{ni:nik/tn-acc-p};{avit:avik/1v}{tuq:tuq/1vv}{si:si/2vv}{ma:ma/1vv}{ju:juq/1vn}{ni:nik/tn-acc-p};{avit:avik/1v}{tuq:suq/1vv}{si:si/2vv}{ma:ma/1vv}{ju:juq/1vn}{ni:nik/tn-acc-p};{avit:avik/1v}{tuq:tuq/1vv}{si:siq/1vv}{ma:ma/1vv}{ju:juq/1vn}{ni:nik/tn-acc-p};{avit:avik/1v}{tuq:suq/1vv}{si:siq/1vv}{ma:ma/1vv}{ju:juq/1vn}{ni:nik/tn-acc-p};{avit:avik/1v}{tuq:juq/1vn}{si:si/4nv}{ma:ma/1vv}{ju:juq/1vn}{ni:nit/tn-abl-p};{avit:avik/1v}{tuq:tuq/1vv}{si:si/2vv}{ma:ma/1vv}{ju:juq/1vn}{ni:nit/tn-abl-p};{avit:avik/1v}{tuq:suq/1vv}{si:si/2vv}{ma:ma/1vv}{ju:juq/1vn}{ni:nit/tn-abl-p};{avit:avik/1v}{tuq:tuq/1vv}{si:siq/1vv}{ma:ma/1vv}{ju:juq/1vn}{ni:nit/tn-abl-p};{avit:avik/1v}{tuq:suq/1vv}{si:siq/1vv}{ma:ma/1vv}{ju:juq/1vn}{ni:nit/tn-abl-p},False,False,False,False,False,
hansard,avittuqsimajunut,{avit:avik/1v}{tuq:tuq/1vv}{sima:sima/1vv}{ju:juq/1vn}{nut:nut/tn-dat-p},False,{avit:avik/1v}{tuq:tuq/1vv}{sima:sima/1vv}{ju:juq/1vn}{nut:nut/tn-dat-p};{avit:avik/1v}{tuq:suq/1vv}{sima:sima/1vv}{ju:juq/1vn}{nut:nut/tn-dat-p};{avit:avik/1v}{tuq:juq/1vn}{si:si/4nv}{ma:ma/1vv}{ju:juq/1vn}{nut:nut/tn-dat-p};{avit:avik/1v}{tuq:tuq/1vv}{si:si/2vv}{ma:ma/1vv}{ju:juq/1vn}{nut:nut/tn-dat-p};{avit:avik/1v}{tuq:suq/1vv}{si:si/2vv}{ma:ma/1vv}{ju:juq/1vn}{nut:nut/tn-dat-p};{avit:avik/1v}{tuq:tuq/1vv}{si:siq/1vv}{ma:ma/1vv}{ju:juq/1vn}{nut:nut/tn-dat-p};{avit:avik/1v}{tuq:suq/1vv}{si:siq/1vv}{ma:ma/1vv}{ju:juq/1vn}{nut:nut/tn-dat-p},False,False,False,False,False,
hansard,avittuqsimajut,{avit:avik/1v}{tuq:tuq/1vv}{sima:sima/1vv}{jut:jut/tv-ger-3p},False,{avit:avik/1v}{tuq:tuq/1vv}{sima:sima/1vv}{jut:jut/tv-ger-3p};{avit:avik/1v}{tuq:suq/1vv}{sima:sima/1vv}{jut:jut/tv-ger-3p};{avit:avik/1v}{tuq:juq/1vn}{si:si/4nv}{ma:ma/1vv}{jut:jut/tv-ger-3p};{avit:avik/1v}{tuq:tuq/1vv}{si:si/2vv}{ma:ma/1vv}{jut:jut/tv-ger-3p};{avit:avik/1v}{tuq:suq/1vv}{si:si/2vv}{ma:ma/1vv}{jut:jut/tv-ger-3p};{avit:avik/1v}{tuq:tuq/1vv}{si:siq/1vv}{ma:ma/1vv}{jut:jut/tv-ger-3p};{avit:avik/1v}{tuq:suq/1vv}{si:siq/1vv}{ma:ma/1vv}{jut:jut/tv-ger-3p},False,False,False,False,False,
hansard,avittuqsimajutigut,{avit:avik/1v}{tuq:tuq/1vv}{sima:sima/1vv}{ju:juq/1vn}{tigut:tigut/tn-via-p},False,{avit:avik/1v}{tuq:tuq/1vv}{sima:sima/1vv}{ju:juq/1vn}{tigut:tigut/tn-via-p};{avit:avik/1v}{tuq:suq/1vv}{sima:sima/1vv}{ju:juq/1vn}{tigut:tigut/tn-via-p};{avit:avik/1v}{tuq:juq/1vn}{si:si/4nv}{ma:ma/1vv}{ju:juq/1vn}{tigut:tigut/tn-via-p};{avit:avik/1v}{tuq:tuq/1vv}{si:si/2vv}{ma:ma/1vv}{ju:juq/1vn}{tigut:tigut/tn-via-p};{avit:avik/1v}{tuq:suq/1vv}{si:si/2vv}{ma:ma/1vv}{ju:juq/1vn}{tigut:tigut/tn-via-p};{avit:avik/1v}{tuq:tuq/1vv}{si:siq/1vv}{ma:ma/1vv}{ju:juq/1vn}{tigut:tigut/tn-via-p};{avit:avik/1v}{tuq:suq/1vv}{si:siq/1vv}{ma:ma/1vv}{ju:juq/1vn}{tigut:tigut/tn-via-p},False,False,False,False,False,
hansard,gaasalii,{gaasalii:gaasalii/1n},False,{gaasalii:gaasalii/1n};{gaasalii:gaasalii/1n}{:k/tn-nom-d};{gaasalii:gaasalii/1n}{:k/tn-gen-d};{gaasalii:gaasalii/1n}{:up/tn-gen-s};{gaasalii:gaasalii/1n}{:it/tn-nom-p};{gaasalii:gaasalii/1n}{:it/tn-gen-p};{gaasalii:gaasalii/1n}{:it/tn-nom-s-2s},False,False,False,False,False,
hansard,gavama,{gavama:gavama/1n},False,{gavama:gavama/1n},False,False,False,False,False,
hansard,gavamakkunginni,{gavama:gavama/1n}{kku:kkut/1nn}{nginni:nginni/tn-loc-p-4s},False,{gavama:gavama/1n}{kku:kkut/1nn}{nginni:nginni/tn-loc-p-4s};{gavama:gavama/1n}{kku:kkut/1nn}{nginni:nginni/tn-loc-p-4p};{gavama:gavama/1n}{kku:kkut/1nn}{ngi:nngiq/1nn}{nni:mni/tn-loc-s-1s};{gavama:gavama/1n}{kku:kkut/1nn}{ngi:nngiq/1nn}{nni:mni/tn-loc-p-1s};{gavama:gavama/1n}{kku:kkut/1nn}{ngi:nngiq/1nn}{nni:ngni/tn-loc-s-2s};{gavama:gavama/1n}{kku:kkut/1nn}{ngi:nngiq/1nn}{nni:ngni/tn-loc-p-2s};{gavama:gavama/1n}{kku:kkut/1nn}{nginni:nginnik/tn-acc-p-4s};{gavama:gavama/1n}{kku:kkut/1nn}{nginni:nginnik/tn-acc-p-4p};{gavama:gavama/1n}{kku:kkut/1nn}{nginni:nginnit/tn-abl-p-4s};{gavama:gavama/1n}{kku:kkut/1nn}{nginni:nginnit/tn-abl-p-4p};{gavama:gavama/1n}{kku:kkut/1nn}{ngi:nngiq/1nn}{nni:mnik/tn-acc-s-1s};{gavama:gavama/1n}{kku:kkut/1nn}{ngi:nngiq/1nn}{nni:mnik/tn-acc-p-1s};{gavama:gavama/1n}{kku:kkut/1nn}{ngi:nngiq/1nn}{nni:mnit/tn-abl-s-1s};{gavama:gavama/1n}{kku:kkut/1nn}{ngi:nngiq/1nn}{nni:mnit/tn-abl-p-1s};{gavama:gavama/1n}{kku:kkut/1nn}{ngi:nngiq/1nn}{nni:ngnik/tn-acc-s-2s};{gavama:gavama/1n}{kku:kkut/1nn}{ngi:nngiq/1nn}{nni:ngnik/tn-acc-p-2s};{gavama:gavama/1n}{kku:kkut/1nn}{ngi:nngiq/1nn}{nni:ngnit/tn-abl-s-2s};{gavama:gavama/1n}{kku:kkut/1nn}{ngi:nngiq/1nn}{nni:ngnit/tn-abl-p-2s},False,False,False,False,False,
hansard,gavamakkunginnit,{gavama:gavama/1n}{kku:kkut/1nn}{nginnit:nginnit/tn-abl-p-4s},False,{gavama:gavama/1n}{kku:kkut/1nn}{nginnit:nginnit/tn-abl-p-4s};{gavama:gavama/1n}{kku:kkut/1nn}{nginnit:nginnit/tn-abl-p-4p};{gavama:gavama/1n}{kku:kkut/1nn}{ngi:nngiq/1nn}{nnit:mnit/tn-abl-s-1s};{gavama:gavama/1n}{kku:kkut/1nn}{ngi:nngiq/1nn}{nnit:mnit/tn-abl-p-1s};{gavama:gavama/1n}{kku:kkut/1nn}{ngi:nngiq/1nn}{nnit:ngnit/tn-abl-s-2s};{gavama:gavama/1n}{kku:kkut/1nn}{ngi:nngiq/1nn}{nnit:ngnit/tn-abl-p-2s},False,False,False,False,False,
hansard,gavamakkunginnut,{gavama:gavama/1n}{kku:kkut/1nn}{nginnut:nginnut/tn-dat-p-4s},False,{gavama:gavama/1n}{kku:kkut/1nn}{nginnut:nginnut/tn-dat-p-4s};{gavama:gavama/1n}{kku:kkut/1nn}{nginnut:nginnut/tn-dat-p-4p};{gavama:gavama/1n}{kku:kkut/1nn}{ngi:nngiq/1nn}{nnut:mnut/tn-dat-s-1s};{gavama:gavama/1n}{kku:kkut/1nn}{ngi:nngiq/1nn}{nnut:mnut/tn-dat-p-1s};{gavama:gavama/1n}{kku:kkut/1nn}{ngi:nngiq/1nn}{nnut:ngnut/tn-dat-s-2s};{gavama:gavama/1n}{kku:kkut/1nn}{ngi:nngiq/1nn}{nnut:ngnut/tn-dat-p-2s},False,False,False,False,False,
hansard,gavamakkungit,{gavama:gavama/1n}{kku:kkut/1nn}{ngit:ngit/tn-nom-p-4s},False,{gavama:gavama/1n}{kku:kkut/1nn}{ngit:ngit/tn-nom-p-4s};{gavama:gavama/1n}{kku:kkut/1nn}{ngit:ngit/tn-nom-p-4p},False,False,False,False,False,
hansard,gavamakkungita,{gavama:gavama/1n}{kku:kkut/1nn}{ngita:ngita/tn-gen-p-4s},False,{gavama:gavama/1n}{kku:kkut/1nn}{ngita:ngita/tn-gen-p-4s};{gavama:gavama/1n}{kku:kkut/1nn}{ngita:ngita/tn-gen-p-4p},False,False,False,False,False,
hansard,gavamakkunni,{gavama:gavama/1n}{kkun:kkut/1nn}{ni:ni/tn-loc-p},False,{gavama:gavama/1n}{kkun:kkut/1nn}{ni:ni/tn-loc-p};{gavama:gavama/1n}{kkun:kkut/1nn}{ni:nik/tn-acc-p};{gavama:gavama/1n}{kkun:kkut/1nn}{ni:nit/tn-abl-p},False,False,False,False,False,
hansard,gavamakkunnik,{gavama:gavama/1n}{kkun:kkut/1nn}{nik:nik/tn-acc-p},False,{gavama:gavama/1n}{kkun:kkut/1nn}{nik:nik/tn-acc-p},False,False,False,False,False,
hansard,gavamakkunnut,{gavama:gavama/1n}{kkun:kkut/1nn}{nut:nut/tn-dat-p},False,{gavama:gavama/1n}{kkun:kkut/1nn}{nut:nut/tn-dat-p},False,False,False,False,False,
hansard,gavamakkut,{gavama:gavama/1n}{kkut:kkut/1nn},False,{gavama:gavama/1n}{kkut:kkut/1nn};{gavama:gavama/1n}{kkut:kkut/tn-via-s};{gavama:gavama/1n}{kkut:kkut/tn-via-s-2s};{gavama:gavama/1n}{kkut:pkut/tn-via-s-1s};{gavama:gavama/1n}{kkut:pkut/tn-via-p-1s},False,False,False,False,False,
hansard,gavamalirijikkut,{gavama:gavama/1n}{liri:liri/1nv}{ji:ji/1vn}{kkut:kkut/1nn},False,{gavama:gavama/1n}{liri:liri/1nv}{ji:ji/1vn}{kkut:kkut/1nn};{gavama:gavama/1n}{liri:liri/1nv}{ji:ji/1vn}{kkut:kkut/tn-via-s};{gavama:gavama/1n}{liri:liri/1nv}{ji:ji/1vn}{kkut:kkut/tn-via-s-2s};{gavama:gavama/1n}{liri:liri/1nv}{ji:ji/1vn}{kkut:pkut/tn-via-s-1s};{gavama:gavama/1n}{liri:liri/1nv}{ji:ji/1vn}{kkut:pkut/tn-via-p-1s},False,False,False,False,False,
hansard,gavamalirinirmut,{gavama:gavama/1n}{liri:liri/1nv}{nir:niq/2vn}{mut:mut/tn-dat-s},False,{gavama:gavama/1n}{liri:liri/1nv}{nir:niq/2vn}{mut:mut/tn-dat-s},False,False,False,False,False,
hansard,gavamanga,{gavama:gavama/1n}{nga:nga/tn-nom-s-4s},False,{gavama:gavama/1n}{nga:nga/tn-nom-s-4s};{gavama:gavama/1n}{nga:ngak/tn-nom-s-4d};{gavama:gavama/1n}{nga:ngat/tn-nom-s-4p},False,False,False,False,False,
hansard,gavamanganut,{gavama:gavama/1n}{nganut:nganut/tn-dat-s-4s},False,{gavama:gavama/1n}{nganut:nganut/tn-dat-s-4s},False,False,False,False,False,
hansard,gavamangata,{gavama:gavama/1n}{ngata:ngata/tn-gen-s-4s},False,{gavama:gavama/1n}{ngata:ngata/tn-gen-s-4s};{gavama:gavama/1n}{ngata:ngata/tn-gen-s-4d};{gavama:gavama/1n}{ngata:ngata/tn-gen-s-4p},False,False,False,False,False,
hansard,gavamanginnut,{gavama:gavama/1n}{nginnut:nginnut/tn-dat-p-4s},False,{gavama:gavama/1n}{nginnut:nginnut/tn-dat-p-4s};{gavama:gavama/1n}{nginnut:nginnut/tn-dat-p-4p};{gavama:gavama/1n}{nginnut:ngingnut/tn-dat-p-4d},False,False,False,False,False,
hansard,gavamangit,{gavama:gavama/1n}{ngit:ngit/tn-nom-p-4s},False,{gavama:gavama/1n}{ngit:ngit/tn-nom-p-4s};{gavama:gavama/1n}{ngit:ngik/tn-nom-p-4d};{gavama:gavama/1n}{ngit:ngit/tn-nom-p-4p},False,False,False,False,False,
hansard,gavamanut,{gavama:gavama/1n}{nut:nut/tn-dat-p},False,{gavama:gavama/1n}{nut:nut/tn-dat-p},False,False,False,False,False,
hansard,gavamatuqakkunni,{gavama:gavama/1n}{tuqa:tuqaq/1nn}{kkun:kkut/1nn}{ni:ni/tn-loc-p},False,{gavama:gavama/1n}{tuqa:tuqaq/1nn}{kkun:kkut/1nn}{ni:ni/tn-loc-p};{gavama:gavama/1n}{tuqa:tuqaq/1nn}{kkun:kkut/1nn}{ni:nik/tn-acc-p};{gavama:gavama/1n}{tuqa:tuqaq/1nn}{kkun:kkut/1nn}{ni:nit/tn-abl-p},False,False,False,False,False,
hansard,gavamatuqakkunnik,{gavama:gavama/1n}{tuqa:tuqaq/1nn}{kkun:kkut/1nn}{nik:nik/tn-acc-p},False,{gavama:gavama/1n}{tuqa:tuqaq/1nn}{kkun:kkut/1nn}{nik:nik/tn-acc-p},False,False,False,False,False,
hansard,gavamatuqakkunnit,{gavama:gavama/1n}{tuqa:tuqaq/1nn}{kkun:kkut/1nn}{nit:nit/tn-abl-p},False,{gavama:gavama/1n}{tuqa:tuqaq/1nn}{kkun:kkut/1nn}{nit:nit/tn-abl-p},False,False,False,False,False,
hansard,gavamatuqakkunnut,{gavama:gavama/1n}{tuqa:tuqaq/1nn}{kkun:kkut/1nn}{nut:nut/tn-dat-p},False,{gavama:gavama/1n}{tuqa:tuqaq/1nn}{kkun:kkut/1nn}{nut:nut/tn-dat-p},False,False,False,False,False,
hansard,gavamatuqakkut,{gavama:gavama/1n}{tuqa:tuqaq/1nn}{kkut:kkut/1nn},False,{gavama:gavama/1n}{tuqa:tuqaq/1nn}{kkut:kkut/1nn};{gavama:gavama/1n}{tuqa:tuqaq/1nn}{kkut:kkut/tn-via-s};{gavama:gavama/1n}{tuqa:tuqaq/1nn}{kkut:kkut/tn-via-s-2s};{gavama:gavama/1n}{tuqa:tuqaq/1nn}{kkut:pkut/tn-via-s-1s};{gavama:gavama/1n}{tuqa:tuqaq/1nn}{kkut:pkut/tn-via-p-1s},False,False,False,False,False,
hansard,gavamaulluta,{gavama:gavama/1n}{u:u/1nv}{lluta:luta/tv-part-1p-prespas},False,{gavama:gavama/1n}{u:u/1nv}{lluta:luta/tv-part-1p-prespas};{gavama:gavama/1n}{u:u/1nv}{lluta:luta/tv-part-2s-1p-prespas};{gavama:gavama/1n}{u:u/1nv}{lluta:luta/tv-part-4s-1p-prespas};{gavama:gavama/1n}{u:u/1nv}{lluta:luta/tv-part-2d-1p-prespas};{gavama:gavama/1n}{u:u/1nv}{lluta:luta/tv-part-4d-1p-prespas};{gavama:gavama/1n}{u:u/1nv}{lluta:luta/tv-part-2p-1p-prespas};{gavama:gavama/1n}{u:u/1nv}{lluta:luta/tv-part-4p-1p-prespas},False,False,False,False,False,
hansard,gavamaup,{gavama:gavama/1n}{up:up/tn-gen-s},False,{gavama:gavama/1n}{up:up/tn-gen-s};{gavama:gavama/1n}{u:ut/2nn}{p:up/tn-gen-s},False,False,False,False,False,
hansard,gavamavut,{gavama:gavama/1n}{vut:vut/tn-nom-s-1p},False,{gavama:gavama/1n}{vut:vut/tn-nom-s-1p};{gavama:gavama/1n}{vut:vut/tn-nom-p-1p},False,False,False,False,False,
hansard,gilin,,True,,False,False,False,False,True,Glen
hansard,guriin,,True,,False,False,False,False,True,Green
hansard,iat,,True,,False,False,False,False,True,Ed
hansard,igluit,{iglu:iglu/1n}{it:it/tn-nom-p},False,{iglu:iglu/1n}{it:it/tn-nom-p};{iglu:iglu/1n}{it:it/tn-gen-p};{iglu:iglu/1n}{it:it/tn-nom-s-2s},False,False,False,False,False,
hansard,iglulirijikkut,{iglu:iglu/1n}{liri:liri/1nv}{ji:ji/1vn}{kkut:kkut/1nn},False,{igluliriji:igluliriji/1n}{kkut:kkut/1nn};{igluliriji:igluliriji/1n}{kkut:kkut/tn-via-s};{igluliriji:igluliriji/1n}{kkut:kkut/tn-via-s-2s};{igluliriji:igluliriji/1n}{kkut:pkut/tn-via-s-1s};{igluliriji:igluliriji/1n}{kkut:pkut/tn-via-p-1s};{iglu:iglu/1n}{liri:liri/1nv}{ji:ji/1vn}{kkut:kkut/1nn};{iglu:iglu/1n}{liri:liri/1nv}{ji:ji/1vn}{kkut:kkut/tn-via-s};{iglu:iglu/1n}{liri:liri/1nv}{ji:ji/1vn}{kkut:kkut/tn-via-s-2s};{iglu:iglu/1n}{liri:liri/1nv}{ji:ji/1vn}{kkut:pkut/tn-via-s-1s};{iglu:iglu/1n}{liri:liri/1nv}{ji:ji/1vn}{kkut:pkut/tn-via-p-1s};{iglu:iglu/1n}{li:&iq/1nn}{ri:gi/1nv}{ji:ji/1vn}{kkut:kkut/1nn};{iglu:iglu/1n}{li:&iq/1nn}{ri:gi/1nv}{ji:ji/1vn}{kkut:kkut/tn-via-s};{iglu:iglu/1n}{li:&iq/1nn}{ri:gi/1nv}{ji:ji/1vn}{kkut:kkut/tn-via-s-2s};{iglu:iglu/1n}{li:&iq/1nn}{ri:gi/1nv}{ji:ji/1vn}{kkut:pkut/tn-via-s-1s};{iglu:iglu/1n}{li:&iq/1nn}{ri:gi/1nv}{ji:ji/1vn}{kkut:pkut/tn-via-p-1s},False,False,False,False,False,
hansard,iglulirijirjuakkut,{iglu:iglu/1n}{liri:liri/1nv}{ji:ji/1vn}{rjua:juaq/1nn}{kkut:kkut/1nn},False,{igluliriji:igluliriji/1n}{rjua:juaq/1nn}{kkut:kkut/1nn};{igluliriji:igluliriji/1n}{rjua:juaq/1nn}{kkut:kkut/tn-via-s};{igluliriji:igluliriji/1n}{rjua:juaq/1nn}{kkut:kkut/tn-via-d};{igluliriji:igluliriji/1n}{rjua:juaq/1nn}{kkut:kkut/tn-via-s-2s};{igluliriji:igluliriji/1n}{rjua:juaq/1nn}{kkut:kkut/tn-via-d-2s};{igluliriji:igluliriji/1n}{rjua:juaq/1nn}{kkut:pkut/tn-via-s-1s};{igluliriji:igluliriji/1n}{rjua:juaq/1nn}{kkut:pkut/tn-via-d-1s};{igluliriji:igluliriji/1n}{rjua:juaq/1nn}{kkut:pkut/tn-via-p-1s};{iglu:iglu/1n}{liri:liri/1nv}{ji:ji/1vn}{rjua:juaq/1nn}{kkut:kkut/1nn};{iglu:iglu/1n}{liri:liri/1nv}{ji:ji/1vn}{rjua:juaq/1nn}{kkut:kkut/tn-via-s};{iglu:iglu/1n}{liri:liri/1nv}{ji:ji/1vn}{rjua:juaq/1nn}{kkut:kkut/tn-via-d};{iglu:iglu/1n}{liri:liri/1nv}{ji:ji/1vn}{rjua:juaq/1nn}{kkut:kkut/tn-via-s-2s};{iglu:iglu/1n}{liri:liri/1nv}{ji:ji/1vn}{rjua:juaq/1nn}{kkut:kkut/tn-via-d-2s};{iglu:iglu/1n}{liri:liri/1nv}{ji:ji/1vn}{rjua:juaq/1nn}{kkut:pkut/tn-via-s-1s};{iglu:iglu/1n}{liri:liri/1nv}{ji:ji/1vn}{rjua:juaq/1nn}{kkut:pkut/tn-via-d-1s};{iglu:iglu/1n}{liri:liri/1nv}{ji:ji/1vn}{rjua:juaq/1nn}{kkut:pkut/tn-via-p-1s};{iglu:iglu/1n}{li:&iq/1nn}{ri:gi/1nv}{ji:ji/1vn}{rjua:juaq/1nn}{kkut:kkut/1nn};{iglu:iglu/1n}{li:&iq/1nn}{ri:gi/1nv}{ji:ji/1vn}{rjua:juaq/1nn}{kkut:kkut/tn-via-s};{iglu:iglu/1n}{li:&iq/1nn}{ri:gi/1nv}{ji:ji/1vn}{rjua:juaq/1nn}{kkut:kkut/tn-via-d};{iglu:iglu/1n}{li:&iq/1nn}{ri:gi/1nv}{ji:ji/1vn}{rjua:juaq/1nn}{kkut:kkut/tn-via-s-2s};{iglu:iglu/1n}{li:&iq/1nn}{ri:gi/1nv}{ji:ji/1vn}{rjua:juaq/1nn}{kkut:kkut/tn-via-d-2s};{iglu:iglu/1n}{li:&iq/1nn}{ri:gi/1nv}{ji:ji/1vn}{rjua:juaq/1nn}{kkut:pkut/tn-via-s-1s};{iglu:iglu/1n}{li:&iq/1nn}{ri:gi/1nv}{ji:ji/1vn}{rjua:juaq/1nn}{kkut:pkut/tn-via-d-1s};{iglu:iglu/1n}{li:&iq/1nn}{ri:gi/1nv}{ji:ji/1vn}{rjua:juaq/1nn}{kkut:pkut/tn-via-p-1s},False,False,False,False,False,
hansard,iglulirinirmut,{iglu:iglu/1n}{liri:liri/1nv}{nir:niq/2vn}{mut:mut/tn-dat-s},False,{iglu:iglu/1n}{liri:liri/1nv}{nir:niq/2vn}{mut:mut/tn-dat-s};{iglu:iglu/1n}{li:&iq/1nn}{ri:gi/1nv}{nir:niq/2vn}{mut:mut/tn-dat-s},False,False,False,False,False,
hansard,ii,{ii:ii/1a},False,{ii:ii/1a};{ii:iiq/1e};{ii:ii/1a}{:up/tn-gen-s},False,False,False,False,False,
hansard,iing,,True,,False,False,False,False,True,Ng
hansard,iipuru,{iipuru:iipuru/1n},False,{iipuru:iipuru/1n},False,False,False,False,False,
hansard,iipurul,{iipurul:iipuru/1n},False,{iipurul:iipuru/1n},False,False,False,False,False,
hansard,iituaq,,True,,False,False,False,False,True,Edward
hansard,ikajuqtiit,{ikajuq:ikajuq/1v}{ti:ji/1vn}{it:it/tn-nom-p},False,{ikajuq:ikajuq/1v}{ti:ji/1vn}{it:it/tn-nom-p};{ikajuq:ikajuq/1v}{ti:tiq/1vn}{it:it/tn-nom-p};{ikajuq:ikajuq/1v}{ti:ji/1vn}{it:it/tn-gen-p};{ikajuq:ikajuq/1v}{ti:tiq/1vn}{it:it/tn-gen-p};{ikajuq:ikajuq/1v}{ti:ji/1vn}{it:it/tn-nom-s-2s};{ikajuq:ikajuq/1v}{ti:tiq/1vn}{it:it/tn-nom-s-2s},False,False,False,False,False,
hansard,ikajuutit,{ikaju:ikajuq/1v}{ut:ut/1vn}{it:it/tn-nom-p},False,{ikajuut:ikajuut/1n}{it:it/tn-nom-p};{ikajuut:ikajuut/1n}{it:it/tn-gen-p};{ikaju:ikajuq/1v}{ut:ut/1vn}{it:it/tn-nom-p};{ikaju:ikajuq/1v}{ut:ut/1vn}{it:it/tn-gen-p},False,False,False,False,False,
hansard,ikkarialuk,[decomposition:/ikkarialuk(ikkarialuk)/],False,,False,False,False,False,True,
hansard,ikkarrialuk,[decomposition:/ikkarrialuk(ikkarrialuk)/],False,,False,False,False,False,True,
hansard,ikkarrialuuk,[decomposition:/ikkarrialuuk(ikkarrialuuk)/],False,,False,False,False,False,True,
hansard,ikpaksaq,{ikpaksaq:ikpaksaq/1a},False,{ikpaksaq:ikpaksaq/1a};{ikpa:ikpat/1n}{ksaq:ksaq/1nn},False,False,False,False,False,
hansard,iksivauitaaq,{iksiva:iksiva/1v}{uitaaq:ut/1vn},False,,True,False,False,False,False,
hansard,iksivauta,{iksiva:iksiva/1v}{uta:ut/1vn},False,{iksiva:iksiva/1v}{uta:ut/1vn};{iksi:itti/1n}{va:vaq/1nv}{uta:ut/1vn},False,False,False,False,False,
hansard,iksivautaa,{iksiva:iksiva/1v}{uta:ut/1vn}{a:k/tn-nom-d},False,{iksiva:iksiva/1v}{uta:ut/1vn}{a:nga/tn-nom-s-4s};{iksi:itti/1n}{va:vaq/1nv}{uta:ut/1vn}{a:nga/tn-nom-s-4s};{iksiva:iksiva/1v}{uta:ut/1vn}{a:k/tn-nom-d};{iksiva:iksiva/1v}{uta:ut/1vn}{a:k/tn-gen-d};{iksi:itti/1n}{va:vaq/1nv}{uta:ut/1vn}{a:k/tn-nom-d};{iksi:itti/1n}{va:vaq/1nv}{uta:ut/1vn}{a:k/tn-gen-d},False,False,False,False,False,
hansard,iksivautaaq,,True,,False,True,False,False,False,"iksivautaaq: frequency: 15140 -- and its variants 'itsivautaaq' (2571), 'issivautaaq' (1941). This word (frequency: 15140) is always used to address the person who is the 'Mr. Speaker'. In the same context, we also find the forms 'iksivautaq' (29893), 'itsivautaq' (4381), 'issivautaq' (2733), 'iksivautaa' (2493), 'itsivautaa' (787), 'issivautaa' (104). The 'utaq' form is by far much more frequent than the 'utaaq' and 'utaa' forms, and is analyzed with, as its last morpheme, the morpheme 'ut', one of whose forms is 'utaq'. The 'utaaq' and 'utaa' forms are in fact the same form 'utaaq' where the 'q' in the 2nd form was dropped -- a very common phenomenon: a word's final consonant is often not written. But how to explain this 'utaaq' form with a double 'a'? I believe the double 'a' comes from the address context: in this context one uses a 'vocative' form, which normally takes the dual form -- dropping the final consonant, lengthening (doubling) the vowel, and adding 'k'. In these cases, there is no 'k'. Is that an error? I don't know. (2020-04, BF)"
hansard,iksivautap,{iksiva:iksiva/1v}{uta:ut/1vn}{p:up/tn-gen-s},False,,True,False,False,False,False,
hansard,iksivautaq,{iksiva:iksiva/1v}{utaq:ut/1vn},False,{iksiva:iksiva/1v}{utaq:ut/1vn};{iksi:itti/1n}{va:vaq/1nv}{utaq:ut/1vn},False,False,False,False,False,
hansard,iksivautaup,{iksiva:iksiva/1v}{uta:ut/1vn}{up:up/tn-gen-s},False,{iksiva:iksiva/1v}{uta:ut/1vn}{up:up/tn-gen-s};{iksiva:iksiva/1v}{uta:ut/1vn}{u:ut/2nn}{p:up/tn-gen-s};{iksi:itti/1n}{va:vaq/1nv}{uta:ut/1vn}{up:up/tn-gen-s};{iksi:itti/1n}{va:vaq/1nv}{uta:ut/1vn}{u:ut/2nn}{p:up/tn-gen-s},False,False,False,False,False,
hansard,ikummaqqutilirijikkunnut,{ikummaq:ikummaq/1v}{quti:ut/1vn}{liri:liri/1nv}{ji:ji/1vn}{kkun:kkut/1nn}{nut:nut/tn-dat-p},False,{ikummaq:ikummaq/1v}{quti:ut/1vn}{liri:liri/1nv}{ji:ji/1vn}{kkun:kkut/1nn}{nut:nut/tn-dat-p};{ikummaq:ikummaq/1v}{qut:ut/1vn}{iliri:liri/1nv}{ji:ji/1vn}{kkun:kkut/1nn}{nut:nut/tn-dat-p},False,False,False,False,False,NT Power Corporation
hansard,ikupigvilirijikkunnut,{ikupig:ikupik/1v}{vi:vik/3vn}{liri:liri/1nv}{ji:ji/1vn}{kkun:kkut/1nn}{nut:nut/tn-dat-p},False,{ikupig:ikupik/1v}{vi:vik/3vn}{liri:liri/1nv}{ji:ji/1vn}{kkun:kkut/1nn}{nut:nut/tn-dat-p};{ikupig:ikupik/1v}{vi:vik/3vn}{li:&iq/1nn}{ri:gi/1nv}{ji:ji/1vn}{kkun:kkut/1nn}{nut:nut/tn-dat-p},False,False,False,False,False,
hansard,ikupigvilirijikkut,{ikupig:ikupik/1v}{vi:vik/3vn}{liri:liri/1nv}{ji:ji/1vn}{kkut:kkut/1nn},False,{ikupig:ikupik/1v}{vi:vik/3vn}{liri:liri/1nv}{ji:ji/1vn}{kkut:kkut/1nn};{ikupig:ikupik/1v}{vi:vik/3vn}{liri:liri/1nv}{ji:ji/1vn}{kkut:kkut/tn-via-s};{ikupig:ikupik/1v}{vi:vik/3vn}{liri:liri/1nv}{ji:ji/1vn}{kkut:kkut/tn-via-s-2s};{ikupig:ikupik/1v}{vi:vik/3vn}{liri:liri/1nv}{ji:ji/1vn}{kkut:pkut/tn-via-s-1s};{ikupig:ikupik/1v}{vi:vik/3vn}{liri:liri/1nv}{ji:ji/1vn}{kkut:pkut/tn-via-p-1s};{ikupig:ikupik/1v}{vi:vik/3vn}{li:&iq/1nn}{ri:gi/1nv}{ji:ji/1vn}{kkut:kkut/1nn};{ikupig:ikupik/1v}{vi:vik/3vn}{li:&iq/1nn}{ri:gi/1nv}{ji:ji/1vn}{kkut:kkut/tn-via-s};{ikupig:ikupik/1v}{vi:vik/3vn}{li:&iq/1nn}{ri:gi/1nv}{ji:ji/1vn}{kkut:kkut/tn-via-s-2s};{ikupig:ikupik/1v}{vi:vik/3vn}{li:&iq/1nn}{ri:gi/1nv}{ji:ji/1vn}{kkut:pkut/tn-via-s-1s};{ikupig:ikupik/1v}{vi:vik/3vn}{li:&iq/1nn}{ri:gi/1nv}{ji:ji/1vn}{kkut:pkut/tn-via-p-1s},False,False,False,False,False,
hansard,ikupivvilirijikkunnut,{ikupiv:ikupik/1v}{vi:vik/3vn}{liri:liri/1nv}{ji:ji/1vn}{kkun:kkut/1nn}{nut:nut/tn-dat-p},False,{ikupiv:ikupik/1v}{vi:vik/3vn}{liri:liri/1nv}{ji:ji/1vn}{kkun:kkut/1nn}{nut:nut/tn-dat-p};{ikupiv:ikupik/1v}{vi:vik/3vn}{li:&iq/1nn}{ri:gi/1nv}{ji:ji/1vn}{kkun:kkut/1nn}{nut:nut/tn-dat-p},False,False,False,False,False,
hansard,ikupivvilirijikkut,{ikupiv:ikupik/1v}{vi:vik/3vn}{liri:liri/1nv}{ji:ji/1vn}{kkut:kkut/1nn},False,{ikupiv:ikupik/1v}{vi:vik/3vn}{liri:liri/1nv}{ji:ji/1vn}{kkut:kkut/1nn};{ikupiv:ikupik/1v}{vi:vik/3vn}{liri:liri/1nv}{ji:ji/1vn}{kkut:kkut/tn-via-s};{ikupiv:ikupik/1v}{vi:vik/3vn}{liri:liri/1nv}{ji:ji/1vn}{kkut:kkut/tn-via-s-2s};{ikupiv:ikupik/1v}{vi:vik/3vn}{liri:liri/1nv}{ji:ji/1vn}{kkut:pkut/tn-via-s-1s};{ikupiv:ikupik/1v}{vi:vik/3vn}{liri:liri/1nv}{ji:ji/1vn}{kkut:pkut/tn-via-p-1s};{ikupiv:ikupik/1v}{vi:vik/3vn}{li:&iq/1nn}{ri:gi/1nv}{ji:ji/1vn}{kkut:kkut/1nn};{ikupiv:ikupik/1v}{vi:vik/3vn}{li:&iq/1nn}{ri:gi/1nv}{ji:ji/1vn}{kkut:kkut/tn-via-s};{ikupiv:ikupik/1v}{vi:vik/3vn}{li:&iq/1nn}{ri:gi/1nv}{ji:ji/1vn}{kkut:kkut/tn-via-s-2s};{ikupiv:ikupik/1v}{vi:vik/3vn}{li:&iq/1nn}{ri:gi/1nv}{ji:ji/1vn}{kkut:pkut/tn-via-s-1s};{ikupiv:ikupik/1v}{vi:vik/3vn}{li:&iq/1nn}{ri:gi/1nv}{ji:ji/1vn}{kkut:pkut/tn-via-p-1s},False,False,False,False,False,
hansard,ilaak,{ilaak:ilaak/1e},False,{ilaak:ilaak/1e};{ila:ila/1n}{ak:k/tn-nom-d};{ila:ila/1n}{ak:k/tn-gen-d},False,False,False,False,False,
hansard,ilaannikkut,{ilaanni:ilaanni/1a}{kkut:kkut/1nn},False,{ilaannikkut:ilaannikkut/1a};{ilaanni:ilaanni/1a}{kkut:kkut/1nn};{ilaanni:ilaanni/2a}{kkut:kkut/1nn};{ilaanni:ilaanni/1a}{kkut:kkut/tn-via-s};{ilaanni:ilaanni/2a}{kkut:kkut/tn-via-s},False,False,False,False,False,
hansard,ilaaqai,{ilaa:ilaak/1e}{qai:qai/1q},False,{ilaa:ilaak/1e}{qai:qai/1q};{ila:ila/1n}{a:nga/tn-nom-s-4s}{qai:qai/1q},False,False,False,False,False,
hansard,ilagiarut,{ila:ila/1v}{gia:giaq/1vv}{rut:ut/1vn},False,{ila:ila/1v}{gia:giaq/1vv}{rut:jjut/1vn};{ila:ila/1v}{gia:giaq/1vv}{rut:ut/1vn},False,False,False,False,False,
hansard,ilagiaruti,{ila:ila/1v}{gia:giaq/1vv}{ruti:ut/1vn},False,{ila:ila/1v}{gia:giaq/1vv}{ruti:jjut/1vn};{ila:ila/1v}{gia:giaq/1vv}{ruti:ut/1vn};{ila:ila/1v}{gia:giaq/1vv}{rut:jjut/1vn}{i:it/tn-nom-p};{ila:ila/1v}{gia:giaq/1vv}{rut:ut/1vn}{i:it/tn-nom-p};{ila:ila/1v}{gia:giaq/1vv}{rut:jjut/1vn}{i:it/tn-gen-p};{ila:ila/1v}{gia:giaq/1vv}{rut:ut/1vn}{i:it/tn-gen-p},False,False,False,False,False,
hansard,ilagiarutiit,{ila:ila/1v}{gia:giaq/1vv}{ruti:ut/1vn}{it:it/tn-nom-p},False,{ila:ila/1v}{gia:giaq/1vv}{ruti:jjut/1vn}{it:it/tn-nom-p};{ila:ila/1v}{gia:giaq/1vv}{ruti:ut/1vn}{it:it/tn-nom-p};{ila:ila/1v}{gia:giaq/1vv}{ruti:jjut/1vn}{it:it/tn-gen-p};{ila:ila/1v}{gia:giaq/1vv}{ruti:ut/1vn}{it:it/tn-gen-p};{ila:ila/1v}{gia:giaq/1vv}{ruti:jjut/1vn}{it:it/tn-nom-s-2s};{ila:ila/1v}{gia:giaq/1vv}{ruti:ut/1vn}{it:it/tn-nom-s-2s};{ila:ila/1v}{gia:giaq/1vv}{rut:jjut/1vn}{iit:it/tn-nom-s-2s};{ila:ila/1v}{gia:giaq/1vv}{rut:ut/1vn}{iit:it/tn-nom-s-2s},False,False,False,False,False,
hansard,ilagiarutit,{ila:ila/1v}{gia:giaq/1vv}{rut:ut/1vn}{it:it/tn-nom-p},False,{ila:ila/1v}{gia:giaq/1vv}{rut:jjut/1vn}{it:it/tn-nom-p};{ila:ila/1v}{gia:giaq/1vv}{rut:ut/1vn}{it:it/tn-nom-p};{ila:ila/1v}{gia:giaq/1vv}{rut:jjut/1vn}{it:it/tn-gen-p};{ila:ila/1v}{gia:giaq/1vv}{rut:ut/1vn}{it:it/tn-gen-p},False,False,False,False,False,
hansard,ilagijaujuq,{ila:ila/1n}{gi:gi/1nv}{ja:jaq/1vn}{u:u/1nv}{juq:juq/1vn},False,{ila:ila/1n}{gi:gi/1nv}{ja:jaq/1vn}{u:u/1nv}{juq:juq/1vn};{ila:ila/1n}{gi:gi/1nv}{ja:jaq/1vn}{u:u/1nv}{juq:juq/tv-ger-3s},False,False,False,False,False,
hansard,ilagijaujut,{ila:ila/1n}{gi:gi/1nv}{ja:jaq/1vn}{u:u/1nv}{jut:jut/tv-ger-3p},False,{ila:ila/1n}{gi:gi/1nv}{ja:jaq/1vn}{u:u/1nv}{jut:jut/tv-ger-3p},False,False,False,False,False,
hansard,ilanga,{ila:ila/1n}{nga:nga/tn-nom-s-4s},False,{ila:ila/1n}{nga:nga/tn-nom-s-4s};{ila:ila/1n}{nga:ngak/tn-nom-s-4d};{ila:ila/1n}{nga:ngat/tn-nom-s-4p},False,False,False,False,False,
hansard,ilangagut,{ila:ila/1n}{ngagut:ngagut/tn-via-s-4s},False,{ila:ila/1n}{ngagut:ngagut/tn-via-s-4s};{ila:ila/1n}{ngagut:ngatigut/tn-via-s-4p};{ila:ila/1v}{nga:nga/1vv}{gut:ut/1vn},False,False,False,False,False,
hansard,ilangani,{ila:ila/1n}{ngani:ngani/tn-loc-s-4s},False,{ila:ila/1n}{ngani:ngani/tn-loc-s-4s};{ila:ila/1n}{ngani:nganik/tn-acc-s-4s};{ila:ila/1n}{ngani:nganit/tn-abl-s-4s};{ila:ila/1v}{nga:nga/1vv}{ni:niq/2vn},False,False,False,False,False,
hansard,ilangat,{ila:ila/1n}{ngat:ngat/tn-nom-s-4p},False,{ila:ila/1n}{ngat:ngat/tn-nom-s-4p},False,False,False,False,False,
hansard,ilangi,{ila:ila/1n}{ngi:ngit/tn-nom-p-4s},False,{ila:ila/1n}{ngi:ngik/tn-nom-p-4d};{ila:ila/1n}{ngi:ngit/tn-nom-p-4s};{ila:ila/1n}{ngi:ngit/tn-nom-p-4p},False,False,False,False,False,
hansard,ilangillu,{ila:ila/1n}{ngil:ngit/tn-nom-p-4s}{lu:lu/1q},False,{ila:ila/1n}{ngil:ngit/tn-nom-p-4s}{lu:lu/1q};{ila:ila/1n}{ngil:ngik/tn-nom-p-4d}{lu:lu/1q};{ila:ila/1n}{ngil:ngit/tn-nom-p-4p}{lu:lu/1q};{ila:ila/1n}{ngil:it/2nv}{lu:luk/tv-imp-1d},False,False,False,False,False,
hansard,ilanginni,{ila:ila/1n}{nginni:nginni/tn-loc-p-4s},False,{ila:ila/1n}{nginni:nginni/tn-loc-p-4s};{ila:ila/1n}{nginni:nginni/tn-loc-p-4p};{ila:ila/1n}{nginni:ngingni/tn-loc-p-4d};{ila:ila/1n}{nginni:nginnik/tn-acc-p-4s};{ila:ila/1n}{nginni:nginnik/tn-acc-p-4p};{ila:ila/1n}{nginni:nginnit/tn-abl-p-4s};{ila:ila/1n}{nginni:nginnit/tn-abl-p-4p};{ila:ila/1n}{nginni:ngingnik/tn-acc-p-4d};{ila:ila/1n}{nginni:ngingnit/tn-abl-p-4d};{ila:ila/1n}{ngin:it/2nv}{ni:niq/2vn},False,False,False,False,False,
hansard,ilanginnik,{ila:ila/1n}{nginnik:nginnik/tn-acc-p-4s},False,{ila:ila/1n}{nginnik:nginnik/tn-acc-p-4s};{ila:ila/1n}{nginnik:nginnik/tn-acc-p-4p};{ila:ila/1n}{nginnik:ngingnik/tn-acc-p-4d},False,False,False,False,False,
hansard,ilanginnit,{ila:ila/1n}{nginnit:nginnit/tn-abl-p-4s},False,{ila:ila/1n}{nginnit:nginnit/tn-abl-p-4s};{ila:ila/1n}{nginnit:nginnit/tn-abl-p-4p};{ila:ila/1n}{nginnit:ngingnit/tn-abl-p-4d},False,False,False,False,False,
hansard,ilanginnut,{ila:ila/1n}{nginnut:nginnut/tn-dat-p-4s},False,{ila:ila/1n}{nginnut:nginnut/tn-dat-p-4s};{ila:ila/1n}{nginnut:nginnut/tn-dat-p-4p};{ila:ila/1n}{nginnut:ngingnut/tn-dat-p-4d},False,False,False,False,False,
hansard,ilangit,{ila:ila/1n}{ngit:ngit/tn-nom-p-4s},False,{ila:ila/1n}{ngit:ngit/tn-nom-p-4s};{ila:ila/1n}{ngit:ngik/tn-nom-p-4d};{ila:ila/1n}{ngit:ngit/tn-nom-p-4p},False,False,False,False,False,
hansard,ilinnianirmut,{ilinnia:ilinniaq/1v}{nir:niq/2vn}{mut:mut/tn-dat-s},False,{ilinnia:ilinniaq/1v}{nir:niq/2vn}{mut:mut/tn-dat-s};{ilinni:ilingniq/1n}{a:aq/2nv}{nir:niq/2vn}{mut:mut/tn-dat-s};{ilin:ilit/1v}{nia:niaq/2vv}{nir:niq/2vn}{mut:mut/tn-dat-s};{ilin:ilit/1v}{ni:niq/2vn}{a:aq/2nv}{nir:niq/2vn}{mut:mut/tn-dat-s};{ili:ili/1v}{n:t/1vv}{nia:niaq/2vv}{nir:niq/2vn}{mut:mut/tn-dat-s};{ili:ili/1v}{n:t/1vv}{ni:niq/2vn}{a:aq/2nv}{nir:niq/2vn}{mut:mut/tn-dat-s},False,False,False,False,False,
hansard,ilinniaqtiit,{ilinniaq:ilinniaq/1v}{ti:ji/1vn}{it:it/tn-nom-p},False,{ilinniaq:ilinniaq/1v}{ti:ji/1vn}{it:it/tn-nom-p};{ilinniaq:ilinniaq/1v}{ti:tiq/1vn}{it:it/tn-nom-p};{ilinniaq:ilinniaq/1v}{ti:ji/1vn}{it:it/tn-gen-p};{ilinniaq:ilinniaq/1v}{ti:tiq/1vn}{it:it/tn-gen-p};{ilinniaq:ilinniaq/1v}{ti:ji/1vn}{it:it/tn-nom-s-2s};{ilinniaq:ilinniaq/1v}{ti:tiq/1vn}{it:it/tn-nom-s-2s};{ilinni:ilingniq/1n}{aq:aq/2nv}{ti:ji/1vn}{it:it/tn-nom-p};{ilinni:ilingniq/1n}{aq:aq/2nv}{ti:tiq/1vn}{it:it/tn-nom-p};{ilinni:ilingniq/1n}{aq:aq/2nv}{ti:ji/1vn}{it:it/tn-gen-p};{ilinni:ilingniq/1n}{aq:aq/2nv}{ti:tiq/1vn}{it:it/tn-gen-p};{ilinni:ilingniq/1n}{aq:aq/2nv}{ti:ji/1vn}{it:it/tn-nom-s-2s};{ilinni:ilingniq/1n}{aq:aq/2nv}{ti:tiq/1vn}{it:it/tn-nom-s-2s};{ilin:ilit/1v}{niaq:niaq/2vv}{ti:ji/1vn}{it:it/tn-nom-p};{ilin:ilit/1v}{niaq:niaq/2vv}{ti:tiq/1vn}{it:it/tn-nom-p};{ilin:ilit/1v}{niaq:niaq/2vv}{ti:ji/1vn}{it:it/tn-gen-p};{ilin:ilit/1v}{niaq:niaq/2vv}{ti:tiq/1vn}{it:it/tn-gen-p};{ilin:ilit/1v}{niaq:niaq/2vv}{ti:ji/1vn}{it:it/tn-nom-s-2s};{ilin:ilit/1v}{niaq:niaq/2vv}{ti:tiq/1vn}{it:it/tn-nom-s-2s};{ilin:ilit/1v}{ni:niq/2vn}{aq:aq/2nv}{ti:ji/1vn}{it:it/tn-nom-p};{ilin:ilit/1v}{ni:niq/2vn}{aq:aq/2nv}{ti:tiq/1vn}{it:it/tn-nom-p};{ilin:ilit/1v}{ni:niq/2vn}{aq:aq/2nv}{ti:ji/1vn}{it:it/tn-gen-p};{ilin:ilit/1v}{ni:niq/2vn}{aq:aq/2nv}{ti:tiq/1vn}{it:it/tn-gen-p};{ilin:ilit/1v}{ni:niq/2vn}{aq:aq/2nv}{ti:ji/1vn}{it:it/tn-nom-s-2s};{ilin:ilit/1v}{ni:niq/2vn}{aq:aq/2nv}{ti:tiq/1vn}{it:it/tn-nom-s-2s};{ili:ili/1v}{n:t/1vv}{niaq:niaq/2vv}{ti:ji/1vn}{it:it/tn-nom-p};{ili:ili/1v}{n:t/1vv}{niaq:niaq/2vv}{ti:tiq/1vn}{it:it/tn-nom-p};{ili:ili/1v}{n:t/1vv}{niaq:niaq/2vv}{ti:ji/1vn}{it:it/tn-gen-p};{ili:ili/1v}{n:t/1vv}{niaq:niaq/2vv}{ti:tiq/1vn}{it:it/tn-gen-p};{ili:ili/1v}{n:t/1vv}{niaq:niaq/2vv}{ti:ji/1vn}{it:it/tn-nom-s-2s};{ili:ili/1v}{n:t/1vv}{niaq:niaq/2vv}{ti:tiq/1vn}{it:it/tn-nom-s-2s};{ili:ili/1v}{n:t/1vv}{ni:niq/2vn}{aq:aq/2nv}{ti:ji/1vn}{it:it/tn-nom-p};{ili:ili/1v}{n:t/1vv}{ni:niq/2vn}{aq:aq/2nv}{ti:tiq/1vn}{it:it/tn-nom-p};{ili:ili/1v}{n:t/1vv}{ni:niq/2vn}{aq:aq/2nv}{ti:ji/1vn}{it:it/tn-gen-p};{ili:ili/1v}{n:t/1vv}{ni:niq/2vn}{aq:aq/2nv}{ti:tiq/1vn}{it:it/tn-gen-p};{ili:ili/1v}{n:t/1vv}{ni:niq/2vn}{aq:aq/2nv}{ti:ji/1vn}{it:it/tn-nom-s-2s};{ili:ili/1v}{n:t/1vv}{ni:niq/2vn}{aq:aq/2nv}{ti:tiq/1vn}{it:it/tn-nom-s-2s},False,False,False,False,False,
hansard,ilinniaqtinik,{ilinniaq:ilinniaq/1v}{ti:ji/1vn}{nik:nik/tn-acc-p},False,{ilinniaq:ilinniaq/1v}{ti:ji/1vn}{nik:nik/tn-acc-p};{ilinniaq:ilinniaq/1v}{ti:tiq/1vn}{nik:nik/tn-acc-p};{ilinniaq:ilinniaq/1v}{ti:tiq/1vn}{nik:ngnik/tn-acc-s-2s};{ilinniaq:ilinniaq/1v}{ti:ji/1vn}{nik:ngnik/tn-acc-s-2s};{ilinniaq:ilinniaq/1v}{ti:ji/1vn}{nik:ngnik/tn-acc-p-2s};{ilinniaq:ilinniaq/1v}{ti:tiq/1vn}{nik:ngnik/tn-acc-p-2s};{ilinniaq:ilinniaq/1v}{ti:ji/1vn}{nik:mnik/tn-acc-s-1s};{ilinniaq:ilinniaq/1v}{ti:tiq/1vn}{nik:mnik/tn-acc-s-1s};{ilinniaq:ilinniaq/1v}{ti:ji/1vn}{nik:mnik/tn-acc-p-1s};{ilinniaq:ilinniaq/1v}{ti:tiq/1vn}{nik:mnik/tn-acc-p-1s};{ilinni:ilingniq/1n}{aq:aq/2nv}{ti:ji/1vn}{nik:nik/tn-acc-p};{ilinni:ilingniq/1n}{aq:aq/2nv}{ti:tiq/1vn}{nik:nik/tn-acc-p};{ilinni:ilingniq/1n}{aq:aq/2nv}{ti:tiq/1vn}{nik:ngnik/tn-acc-s-2s};{ilinni:ilingniq/1n}{aq:aq/2nv}{ti:ji/1vn}{nik:ngnik/tn-acc-s-2s};{ilinni:ilingniq/1n}{aq:aq/2nv}{ti:ji/1vn}{nik:ngnik/tn-acc-p-2s};{ilinni:ilingniq/1n}{aq:aq/2nv}{ti:tiq/1vn}{nik:ngnik/tn-acc-p-2s};{ilinni:ilingniq/1n}{aq:aq/2nv}{ti:ji/1vn}{nik:mnik/tn-acc-s-1s};{ilinni:ilingniq/1n}{aq:aq/2nv}{ti:tiq/1vn}{nik:mnik/tn-acc-s-1s};{ilinni:ilingniq/1n}{aq:aq/2nv}{ti:ji/1vn}{nik:mnik/tn-acc-p-1s};{ilinni:ilingniq/1n}{aq:aq/2nv}{ti:tiq/1vn}{nik:mnik/tn-acc-p-1s};{ilin:ilit/1v}{niaq:niaq/2vv}{ti:ji/1vn}{nik:nik/tn-acc-p};{ilin:ilit/1v}{niaq:niaq/2vv}{ti:tiq/1vn}{nik:nik/tn-acc-p};{ilin:ilit/1v}{niaq:niaq/2vv}{ti:tiq/1vn}{nik:ngnik/tn-acc-s-2s};{ilin:ilit/1v}{niaq:niaq/2vv}{ti:ji/1vn}{nik:ngnik/tn-acc-s-2s};{ilin:ilit/1v}{niaq:niaq/2vv}{ti:ji/1vn}{nik:ngnik/tn-acc-p-2s};{ilin:ilit/1v}{niaq:niaq/2vv}{ti:tiq/1vn}{nik:ngnik/tn-acc-p-2s};{ilin:ilit/1v}{niaq:niaq/2vv}{ti:ji/1vn}{nik:mnik/tn-acc-s-1s};{ilin:ilit/1v}{niaq:niaq/2vv}{ti:tiq/1vn}{nik:mnik/tn-acc-s-1s};{ilin:ilit/1v}{niaq:niaq/2vv}{ti:ji/1vn}{nik:mnik/tn-acc-p-1s};{ilin:ilit/1v}{niaq:niaq/2vv}{ti:tiq/1vn}{nik:mnik/tn-acc-p-1s};{ilin:ilit/1v}{ni:niq/2vn}{aq:aq/2nv}{ti:ji/1vn}{nik:nik/tn-acc-p};{ilin:ilit/1v}{ni:niq/2vn}{aq:aq/2nv}{ti:tiq/1vn}{nik:nik/tn-acc-p};{ilin:ilit/1v}{ni:niq/2vn}{aq:aq/2nv}{ti:tiq/1vn}{nik:ngnik/tn-acc-s-2s};{ilin:ilit/1v}{ni:niq/2vn}{aq:aq/2nv}{ti:ji/1vn}{nik:ngnik/tn-acc-s-2s};{ilin:ilit/1v}{ni:niq/2vn}{aq:aq/2nv}{ti:ji/1vn}{nik:ngnik/tn-acc-p-2s};{ilin:ilit/1v}{ni:niq/2vn}{aq:aq/2nv}{ti:tiq/1vn}{nik:ngnik/tn-acc-p-2s};{ilin:ilit/1v}{ni:niq/2vn}{aq:aq/2nv}{ti:ji/1vn}{nik:mnik/tn-acc-s-1s};{ilin:ilit/1v}{ni:niq/2vn}{aq:aq/2nv}{ti:tiq/1vn}{nik:mnik/tn-acc-s-1s};{ilin:ilit/1v}{ni:niq/2vn}{aq:aq/2nv}{ti:ji/1vn}{nik:mnik/tn-acc-p-1s};{ilin:ilit/1v}{ni:niq/2vn}{aq:aq/2nv}{ti:tiq/1vn}{nik:mnik/tn-acc-p-1s};{ili:ili/1v}{n:t/1vv}{niaq:niaq/2vv}{ti:ji/1vn}{nik:nik/tn-acc-p};{ili:ili/1v}{n:t/1vv}{niaq:niaq/2vv}{ti:tiq/1vn}{nik:nik/tn-acc-p};{ili:ili/1v}{n:t/1vv}{niaq:niaq/2vv}{ti:tiq/1vn}{nik:ngnik/tn-acc-s-2s};{ili:ili/1v}{n:t/1vv}{niaq:niaq/2vv}{ti:ji/1vn}{nik:ngnik/tn-acc-s-2s};{ili:ili/1v}{n:t/1vv}{niaq:niaq/2vv}{ti:ji/1vn}{nik:ngnik/tn-acc-p-2s};{ili:ili/1v}{n:t/1vv}{niaq:niaq/2vv}{ti:tiq/1vn}{nik:ngnik/tn-acc-p-2s};{ili:ili/1v}{n:t/1vv}{niaq:niaq/2vv}{ti:ji/1vn}{nik:mnik/tn-acc-s-1s};{ili:ili/1v}{n:t/1vv}{niaq:niaq/2vv}{ti:tiq/1vn}{nik:mnik/tn-acc-s-1s};{ili:ili/1v}{n:t/1vv}{niaq:niaq/2vv}{ti:ji/1vn}{nik:mnik/tn-acc-p-1s};{ili:ili/1v}{n:t/1vv}{niaq:niaq/2vv}{ti:tiq/1vn}{nik:mnik/tn-acc-p-1s};{ili:ili/1v}{n:t/1vv}{ni:niq/2vn}{aq:aq/2nv}{ti:ji/1vn}{nik:nik/tn-acc-p};{ili:ili/1v}{n:t/1vv}{ni:niq/2vn}{aq:aq/2nv}{ti:tiq/1vn}{nik:nik/tn-acc-p};{ili:ili/1v}{n:t/1vv}{ni:niq/2vn}{aq:aq/2nv}{ti:tiq/1vn}{nik:ngnik/tn-acc-s-2s};{ili:ili/1v}{n:t/1vv}{ni:niq/2vn}{aq:aq/2nv}{ti:ji/1vn}{nik:ngnik/tn-acc-s-2s};{ili:ili/1v}{n:t/1vv}{ni:niq/2vn}{aq:aq/2nv}{ti:ji/1vn}{nik:ngnik/tn-acc-p-2s};{ili:ili/1v}{n:t/1vv}{ni:niq/2vn}{aq:aq/2nv}{ti:tiq/1vn}{nik:ngnik/tn-acc-p-2s};{ili:ili/1v}{n:t/1vv}{ni:niq/2vn}{aq:aq/2nv}{ti:ji/1vn}{nik:mnik/tn-acc-s-1s};{ili:ili/1v}{n:t/1vv}{ni:niq/2vn}{aq:aq/2nv}{ti:tiq/1vn}{nik:mnik/tn-acc-s-1s};{ili:ili/1v}{n:t/1vv}{ni:niq/2vn}{aq:aq/2nv}{ti:ji/1vn}{nik:mnik/tn-acc-p-1s};{ili:ili/1v}{n:t/1vv}{ni:niq/2vn}{aq:aq/2nv}{ti:tiq/1vn}{nik:mnik/tn-acc-p-1s},False,False,False,False,False,
hansard,ilinniaqtinut,{ilinniaq:ilinniaq/1v}{ti:ji/1vn}{nut:nut/tn-dat-p},False,{ilinniaq:ilinniaq/1v}{ti:ji/1vn}{nut:nut/tn-dat-p};{ilinniaq:ilinniaq/1v}{ti:tiq/1vn}{nut:nut/tn-dat-p};{ilinniaq:ilinniaq/1v}{ti:tiq/1vn}{nut:ngnut/tn-dat-s-2s};{ilinniaq:ilinniaq/1v}{ti:ji/1vn}{nut:ngnut/tn-dat-s-2s};{ilinniaq:ilinniaq/1v}{ti:ji/1vn}{nut:ngnut/tn-dat-p-2s};{ilinniaq:ilinniaq/1v}{ti:tiq/1vn}{nut:ngnut/tn-dat-p-2s};{ilinniaq:ilinniaq/1v}{ti:ji/1vn}{nut:mnut/tn-dat-s-1s};{ilinniaq:ilinniaq/1v}{ti:tiq/1vn}{nut:mnut/tn-dat-s-1s};{ilinniaq:ilinniaq/1v}{ti:ji/1vn}{nut:mnut/tn-dat-p-1s};{ilinniaq:ilinniaq/1v}{ti:tiq/1vn}{nut:mnut/tn-dat-p-1s};{ilinni:ilingniq/1n}{aq:aq/2nv}{ti:ji/1vn}{nut:nut/tn-dat-p};{ilinni:ilingniq/1n}{aq:aq/2nv}{ti:tiq/1vn}{nut:nut/tn-dat-p};{ilinni:ilingniq/1n}{aq:aq/2nv}{ti:tiq/1vn}{nut:ngnut/tn-dat-s-2s};{ilinni:ilingniq/1n}{aq:aq/2nv}{ti:ji/1vn}{nut:ngnut/tn-dat-s-2s};{ilinni:ilingniq/1n}{aq:aq/2nv}{ti:ji/1vn}{nut:ngnut/tn-dat-p-2s};{ilinni:ilingniq/1n}{aq:aq/2nv}{ti:tiq/1vn}{nut:ngnut/tn-dat-p-2s};{ilinni:ilingniq/1n}{aq:aq/2nv}{ti:ji/1vn}{nut:mnut/tn-dat-s-1s};{ilinni:ilingniq/1n}{aq:aq/2nv}{ti:tiq/1vn}{nut:mnut/tn-dat-s-1s};{ilinni:ilingniq/1n}{aq:aq/2nv}{ti:ji/1vn}{nut:mnut/tn-dat-p-1s};{ilinni:ilingniq/1n}{aq:aq/2nv}{ti:tiq/1vn}{nut:mnut/tn-dat-p-1s};{ilin:ilit/1v}{niaq:niaq/2vv}{ti:ji/1vn}{nut:nut/tn-dat-p};{ilin:ilit/1v}{niaq:niaq/2vv}{ti:tiq/1vn}{nut:nut/tn-dat-p};{ilin:ilit/1v}{niaq:niaq/2vv}{ti:tiq/1vn}{nut:ngnut/tn-dat-s-2s};{ilin:ilit/1v}{niaq:niaq/2vv}{ti:ji/1vn}{nut:ngnut/tn-dat-s-2s};{ilin:ilit/1v}{niaq:niaq/2vv}{ti:ji/1vn}{nut:ngnut/tn-dat-p-2s};{ilin:ilit/1v}{niaq:niaq/2vv}{ti:tiq/1vn}{nut:ngnut/tn-dat-p-2s};{ilin:ilit/1v}{niaq:niaq/2vv}{ti:ji/1vn}{nut:mnut/tn-dat-s-1s};{ilin:ilit/1v}{niaq:niaq/2vv}{ti:tiq/1vn}{nut:mnut/tn-dat-s-1s};{ilin:ilit/1v}{niaq:niaq/2vv}{ti:ji/1vn}{nut:mnut/tn-dat-p-1s};{ilin:ilit/1v}{niaq:niaq/2vv}{ti:tiq/1vn}{nut:mnut/tn-dat-p-1s};{ilin:ilit/1v}{ni:niq/2vn}{aq:aq/2nv}{ti:ji/1vn}{nut:nut/tn-dat-p};{ilin:ilit/1v}{ni:niq/2vn}{aq:aq/2nv}{ti:tiq/1vn}{nut:nut/tn-dat-p};{ilin:ilit/1v}{ni:niq/2vn}{aq:aq/2nv}{ti:tiq/1vn}{nut:ngnut/tn-dat-s-2s};{ilin:ilit/1v}{ni:niq/2vn}{aq:aq/2nv}{ti:ji/1vn}{nut:ngnut/tn-dat-s-2s};{ilin:ilit/1v}{ni:niq/2vn}{aq:aq/2nv}{ti:ji/1vn}{nut:ngnut/tn-dat-p-2s};{ilin:ilit/1v}{ni:niq/2vn}{aq:aq/2nv}{ti:tiq/1vn}{nut:ngnut/tn-dat-p-2s};{ilin:ilit/1v}{ni:niq/2vn}{aq:aq/2nv}{ti:ji/1vn}{nut:mnut/tn-dat-s-1s};{ilin:ilit/1v}{ni:niq/2vn}{aq:aq/2nv}{ti:tiq/1vn}{nut:mnut/tn-dat-s-1s};{ilin:ilit/1v}{ni:niq/2vn}{aq:aq/2nv}{ti:ji/1vn}{nut:mnut/tn-dat-p-1s};{ilin:ilit/1v}{ni:niq/2vn}{aq:aq/2nv}{ti:tiq/1vn}{nut:mnut/tn-dat-p-1s};{ili:ili/1v}{n:t/1vv}{niaq:niaq/2vv}{ti:ji/1vn}{nut:nut/tn-dat-p};{ili:ili/1v}{n:t/1vv}{niaq:niaq/2vv}{ti:tiq/1vn}{nut:nut/tn-dat-p};{ili:ili/1v}{n:t/1vv}{niaq:niaq/2vv}{ti:tiq/1vn}{nut:ngnut/tn-dat-s-2s};{ili:ili/1v}{n:t/1vv}{niaq:niaq/2vv}{ti:ji/1vn}{nut:ngnut/tn-dat-s-2s};{ili:ili/1v}{n:t/1vv}{niaq:niaq/2vv}{ti:ji/1vn}{nut:ngnut/tn-dat-p-2s};{ili:ili/1v}{n:t/1vv}{niaq:niaq/2vv}{ti:tiq/1vn}{nut:ngnut/tn-dat-p-2s};{ili:ili/1v}{n:t/1vv}{niaq:niaq/2vv}{ti:ji/1vn}{nut:mnut/tn-dat-s-1s};{ili:ili/1v}{n:t/1vv}{niaq:niaq/2vv}{ti:tiq/1vn}{nut:mnut/tn-dat-s-1s};{ili:ili/1v}{n:t/1vv}{niaq:niaq/2vv}{ti:ji/1vn}{nut:mnut/tn-dat-p-1s};{ili:ili/1v}{n:t/1vv}{niaq:niaq/2vv}{ti:tiq/1vn}{nut:mnut/tn-dat-p-1s};{ili:ili/1v}{n:t/1vv}{ni:niq/2vn}{aq:aq/2nv}{ti:ji/1vn}{nut:nut/tn-dat-p};{ili:ili/1v}{n:t/1vv}{ni:niq/2vn}{aq:aq/2nv}{ti:tiq/1vn}{nut:nut/tn-dat-p};{ili:ili/1v}{n:t/1vv}{ni:niq/2vn}{aq:aq/2nv}{ti:tiq/1vn}{nut:ngnut/tn-dat-s-2s};{ili:ili/1v}{n:t/1vv}{ni:niq/2vn}{aq:aq/2nv}{ti:ji/1vn}{nut:ngnut/tn-dat-s-2s};{ili:ili/1v}{n:t/1vv}{ni:niq/2vn}{aq:aq/2nv}{ti:ji/1vn}{nut:ngnut/tn-dat-p-2s};{ili:ili/1v}{n:t/1vv}{ni:niq/2vn}{aq:aq/2nv}{ti:tiq/1vn}{nut:ngnut/tn-dat-p-2s};{ili:ili/1v}{n:t/1vv}{ni:niq/2vn}{aq:aq/2nv}{ti:ji/1vn}{nut:mnut/tn-dat-s-1s};{ili:ili/1v}{n:t/1vv}{ni:niq/2vn}{aq:aq/2nv}{ti:tiq/1vn}{nut:mnut/tn-dat-s-1s};{ili:ili/1v}{n:t/1vv}{ni:niq/2vn}{aq:aq/2nv}{ti:ji/1vn}{nut:mnut/tn-dat-p-1s};{ili:ili/1v}{n:t/1vv}{ni:niq/2vn}{aq:aq/2nv}{ti:tiq/1vn}{nut:mnut/tn-dat-p-1s},False,False,False,False,False,
hansard,ilinniaqtiujut,{ilinniaq:ilinniaq/1v}{ti:ji/1vn}{u:u/1nv}{jut:jut/tv-ger-3p},False,{ilinniaq:ilinniaq/1v}{ti:ji/1vn}{u:u/1nv}{jut:jut/tv-ger-3p};{ilinniaq:ilinniaq/1v}{ti:tiq/1vn}{u:u/1nv}{jut:jut/tv-ger-3p};{ilinniaq:ilinniaq/1v}{ti:ji/1vn}{u:u/1nv}{jut:jjut/1vn};{ilinniaq:ilinniaq/1v}{ti:tiq/1vn}{u:u/1nv}{jut:jjut/1vn};{ilinniaq:ilinniaq/1v}{ti:ji/1vn}{u:u/1nv}{jut:ut/1vn};{ilinniaq:ilinniaq/1v}{ti:tiq/1vn}{u:u/1nv}{jut:ut/1vn};{ilinni:ilingniq/1n}{aq:aq/2nv}{ti:ji/1vn}{u:u/1nv}{jut:jut/tv-ger-3p};{ilinni:ilingniq/1n}{aq:aq/2nv}{ti:tiq/1vn}{u:u/1nv}{jut:jut/tv-ger-3p};{ilinni:ilingniq/1n}{aq:aq/2nv}{ti:ji/1vn}{u:u/1nv}{jut:jjut/1vn};{ilinni:ilingniq/1n}{aq:aq/2nv}{ti:tiq/1vn}{u:u/1nv}{jut:jjut/1vn};{ilinni:ilingniq/1n}{aq:aq/2nv}{ti:ji/1vn}{u:u/1nv}{jut:ut/1vn};{ilinni:ilingniq/1n}{aq:aq/2nv}{ti:tiq/1vn}{u:u/1nv}{jut:ut/1vn};{ilin:ilit/1v}{niaq:niaq/2vv}{ti:ji/1vn}{u:u/1nv}{jut:jut/tv-ger-3p};{ilin:ilit/1v}{niaq:niaq/2vv}{ti:tiq/1vn}{u:u/1nv}{jut:jut/tv-ger-3p};{ilin:ilit/1v}{niaq:niaq/2vv}{ti:ji/1vn}{u:u/1nv}{jut:jjut/1vn};{ilin:ilit/1v}{niaq:niaq/2vv}{ti:tiq/1vn}{u:u/1nv}{jut:jjut/1vn};{ilin:ilit/1v}{niaq:niaq/2vv}{ti:ji/1vn}{u:u/1nv}{jut:ut/1vn};{ilin:ilit/1v}{niaq:niaq/2vv}{ti:tiq/1vn}{u:u/1nv}{jut:ut/1vn};{ilin:ilit/1v}{ni:niq/2vn}{aq:aq/2nv}{ti:ji/1vn}{u:u/1nv}{jut:jut/tv-ger-3p};{ilin:ilit/1v}{ni:niq/2vn}{aq:aq/2nv}{ti:tiq/1vn}{u:u/1nv}{jut:jut/tv-ger-3p};{ilin:ilit/1v}{ni:niq/2vn}{aq:aq/2nv}{ti:ji/1vn}{u:u/1nv}{jut:jjut/1vn};{ilin:ilit/1v}{ni:niq/2vn}{aq:aq/2nv}{ti:tiq/1vn}{u:u/1nv}{jut:jjut/1vn};{ilin:ilit/1v}{ni:niq/2vn}{aq:aq/2nv}{ti:ji/1vn}{u:u/1nv}{jut:ut/1vn};{ilin:ilit/1v}{ni:niq/2vn}{aq:aq/2nv}{ti:tiq/1vn}{u:u/1nv}{jut:ut/1vn};{ili:ili/1v}{n:t/1vv}{niaq:niaq/2vv}{ti:ji/1vn}{u:u/1nv}{jut:jut/tv-ger-3p};{ili:ili/1v}{n:t/1vv}{niaq:niaq/2vv}{ti:tiq/1vn}{u:u/1nv}{jut:jut/tv-ger-3p};{ili:ili/1v}{n:t/1vv}{niaq:niaq/2vv}{ti:ji/1vn}{u:u/1nv}{jut:jjut/1vn};{ili:ili/1v}{n:t/1vv}{niaq:niaq/2vv}{ti:tiq/1vn}{u:u/1nv}{jut:jjut/1vn};{ili:ili/1v}{n:t/1vv}{niaq:niaq/2vv}{ti:ji/1vn}{u:u/1nv}{jut:ut/1vn};{ili:ili/1v}{n:t/1vv}{niaq:niaq/2vv}{ti:tiq/1vn}{u:u/1nv}{jut:ut/1vn};{ili:ili/1v}{n:t/1vv}{ni:niq/2vn}{aq:aq/2nv}{ti:ji/1vn}{u:u/1nv}{jut:jut/tv-ger-3p};{ili:ili/1v}{n:t/1vv}{ni:niq/2vn}{aq:aq/2nv}{ti:tiq/1vn}{u:u/1nv}{jut:jut/tv-ger-3p};{ili:ili/1v}{n:t/1vv}{ni:niq/2vn}{aq:aq/2nv}{ti:ji/1vn}{u:u/1nv}{jut:jjut/1vn};{ili:ili/1v}{n:t/1vv}{ni:niq/2vn}{aq:aq/2nv}{ti:tiq/1vn}{u:u/1nv}{jut:jjut/1vn};{ili:ili/1v}{n:t/1vv}{ni:niq/2vn}{aq:aq/2nv}{ti:ji/1vn}{u:u/1nv}{jut:ut/1vn};{ili:ili/1v}{n:t/1vv}{ni:niq/2vn}{aq:aq/2nv}{ti:tiq/1vn}{u:u/1nv}{jut:ut/1vn},False,False,False,False,False,
hansard,ilinniaqtulirijikkunnut,{ilinniaq:ilinniaq/1v}{tu:juq/1vn}{liri:liri/1nv}{ji:ji/1vn}{kkun:kkut/1nn}{nut:nut/tn-dat-p},False,{ilinniaq:ilinniaq/1v}{tu:juq/1vn}{liri:liri/1nv}{ji:ji/1vn}{kkun:kkut/1nn}{nut:nut/tn-dat-p};{ilinniaq:ilinniaq/1v}{tu:juq/1vn}{li:&iq/1nn}{ri:gi/1nv}{ji:ji/1vn}{kkun:kkut/1nn}{nut:nut/tn-dat-p};{ilinni:ilingniq/1n}{aq:aq/2nv}{tu:juq/1vn}{liri:liri/1nv}{ji:ji/1vn}{kkun:kkut/1nn}{nut:nut/tn-dat-p};{ilinni:ilingniq/1n}{aq:aq/2nv}{tu:juq/1vn}{li:&iq/1nn}{ri:gi/1nv}{ji:ji/1vn}{kkun:kkut/1nn}{nut:nut/tn-dat-p};{ilin:ilit/1v}{niaq:niaq/2vv}{tu:juq/1vn}{liri:liri/1nv}{ji:ji/1vn}{kkun:kkut/1nn}{nut:nut/tn-dat-p};{ilin:ilit/1v}{niaq:niaq/2vv}{tu:juq/1vn}{li:&iq/1nn}{ri:gi/1nv}{ji:ji/1vn}{kkun:kkut/1nn}{nut:nut/tn-dat-p};{ilin:ilit/1v}{ni:niq/2vn}{aq:aq/2nv}{tu:juq/1vn}{liri:liri/1nv}{ji:ji/1vn}{kkun:kkut/1nn}{nut:nut/tn-dat-p};{ilin:ilit/1v}{ni:niq/2vn}{aq:aq/2nv}{tu:juq/1vn}{li:&iq/1nn}{ri:gi/1nv}{ji:ji/1vn}{kkun:kkut/1nn}{nut:nut/tn-dat-p};{ili:ili/1v}{n:t/1vv}{niaq:niaq/2vv}{tu:juq/1vn}{liri:liri/1nv}{ji:ji/1vn}{kkun:kkut/1nn}{nut:nut/tn-dat-p};{ili:ili/1v}{n:t/1vv}{niaq:niaq/2vv}{tu:juq/1vn}{li:&iq/1nn}{ri:gi/1nv}{ji:ji/1vn}{kkun:kkut/1nn}{nut:nut/tn-dat-p};{ili:ili/1v}{n:t/1vv}{ni:niq/2vn}{aq:aq/2nv}{tu:juq/1vn}{liri:liri/1nv}{ji:ji/1vn}{kkun:kkut/1nn}{nut:nut/tn-dat-p};{ili:ili/1v}{n:t/1vv}{ni:niq/2vn}{aq:aq/2nv}{tu:juq/1vn}{li:&iq/1nn}{ri:gi/1nv}{ji:ji/1vn}{kkun:kkut/1nn}{nut:nut/tn-dat-p},False,False,False,False,False,
hansard,ilinniaqtulirijikkut,{ilinniaq:ilinniaq/1v}{tu:juq/1vn}{liri:liri/1nv}{ji:ji/1vn}{kkut:kkut/1nn},False,{ilinniaq:ilinniaq/1v}{tu:juq/1vn}{liri:liri/1nv}{ji:ji/1vn}{kkut:kkut/1nn};{ilinniaq:ilinniaq/1v}{tu:juq/1vn}{liri:liri/1nv}{ji:ji/1vn}{kkut:kkut/tn-via-s};{ilinniaq:ilinniaq/1v}{tu:juq/1vn}{liri:liri/1nv}{ji:ji/1vn}{kkut:kkut/tn-via-s-2s};{ilinniaq:ilinniaq/1v}{tu:juq/1vn}{liri:liri/1nv}{ji:ji/1vn}{kkut:pkut/tn-via-s-1s};{ilinniaq:ilinniaq/1v}{tu:juq/1vn}{liri:liri/1nv}{ji:ji/1vn}{kkut:pkut/tn-via-p-1s};{ilinniaq:ilinniaq/1v}{tu:juq/1vn}{li:&iq/1nn}{ri:gi/1nv}{ji:ji/1vn}{kkut:kkut/1nn};{ilinni:ilingniq/1n}{aq:aq/2nv}{tu:juq/1vn}{liri:liri/1nv}{ji:ji/1vn}{kkut:kkut/1nn};{ilinniaq:ilinniaq/1v}{tu:juq/1vn}{li:&iq/1nn}{ri:gi/1nv}{ji:ji/1vn}{kkut:kkut/tn-via-s};{ilinni:ilingniq/1n}{aq:aq/2nv}{tu:juq/1vn}{liri:liri/1nv}{ji:ji/1vn}{kkut:kkut/tn-via-s};{ilinniaq:ilinniaq/1v}{tu:juq/1vn}{li:&iq/1nn}{ri:gi/1nv}{ji:ji/1vn}{kkut:kkut/tn-via-s-2s};{ilinni:ilingniq/1n}{aq:aq/2nv}{tu:juq/1vn}{liri:liri/1nv}{ji:ji/1vn}{kkut:kkut/tn-via-s-2s};{ilinniaq:ilinniaq/1v}{tu:juq/1vn}{li:&iq/1nn}{ri:gi/1nv}{ji:ji/1vn}{kkut:pkut/tn-via-s-1s};{ilinni:ilingniq/1n}{aq:aq/2nv}{tu:juq/1vn}{liri:liri/1nv}{ji:ji/1vn}{kkut:pkut/tn-via-s-1s};{ilinniaq:ilinniaq/1v}{tu:juq/1vn}{li:&iq/1nn}{ri:gi/1nv}{ji:ji/1vn}{kkut:pkut/tn-via-p-1s};{ilinni:ilingniq/1n}{aq:aq/2nv}{tu:juq/1vn}{liri:liri/1nv}{ji:ji/1vn}{kkut:pkut/tn-via-p-1s};{ilinni:ilingniq/1n}{aq:aq/2nv}{tu:juq/1vn}{li:&iq/1nn}{ri:gi/1nv}{ji:ji/1vn}{kkut:kkut/1nn};{ilinni:ilingniq/1n}{aq:aq/2nv}{tu:juq/1vn}{li:&iq/1nn}{ri:gi/1nv}{ji:ji/1vn}{kkut:kkut/tn-via-s};{ilinni:ilingniq/1n}{aq:aq/2nv}{tu:juq/1vn}{li:&iq/1nn}{ri:gi/1nv}{ji:ji/1vn}{kkut:kkut/tn-via-s-2s};{ilinni:ilingniq/1n}{aq:aq/2nv}{tu:juq/1vn}{li:&iq/1nn}{ri:gi/1nv}{ji:ji/1vn}{kkut:pkut/tn-via-s-1s};{ilinni:ilingniq/1n}{aq:aq/2nv}{tu:juq/1vn}{li:&iq/1nn}{ri:gi/1nv}{ji:ji/1vn}{kkut:pkut/tn-via-p-1s};{ilin:ilit/1v}{niaq:niaq/2vv}{tu:juq/1vn}{liri:liri/1nv}{ji:ji/1vn}{kkut:kkut/1nn};{ilin:ilit/1v}{niaq:niaq/2vv}{tu:juq/1vn}{liri:liri/1nv}{ji:ji/1vn}{kkut:kkut/tn-via-s};{ilin:ilit/1v}{niaq:niaq/2vv}{tu:juq/1vn}{liri:liri/1nv}{ji:ji/1vn}{kkut:kkut/tn-via-s-2s};{ilin:ilit/1v}{niaq:niaq/2vv}{tu:juq/1vn}{liri:liri/1nv}{ji:ji/1vn}{kkut:pkut/tn-via-s-1s};{ilin:ilit/1v}{niaq:niaq/2vv}{tu:juq/1vn}{liri:liri/1nv}{ji:ji/1vn}{kkut:pkut/tn-via-p-1s};{ilin:ilit/1v}{niaq:niaq/2vv}{tu:juq/1vn}{li:&iq/1nn}{ri:gi/1nv}{ji:ji/1vn}{kkut:kkut/1nn};{ilin:ilit/1v}{ni:niq/2vn}{aq:aq/2nv}{tu:juq/1vn}{liri:liri/1nv}{ji:ji/1vn}{kkut:kkut/1nn};{ilin:ilit/1v}{niaq:niaq/2vv}{tu:juq/1vn}{li:&iq/1nn}{ri:gi/1nv}{ji:ji/1vn}{kkut:kkut/tn-via-s};{ilin:ilit/1v}{ni:niq/2vn}{aq:aq/2nv}{tu:juq/1vn}{liri:liri/1nv}{ji:ji/1vn}{kkut:kkut/tn-via-s};{ilin:ilit/1v}{niaq:niaq/2vv}{tu:juq/1vn}{li:&iq/1nn}{ri:gi/1nv}{ji:ji/1vn}{kkut:kkut/tn-via-s-2s};{ilin:ilit/1v}{ni:niq/2vn}{aq:aq/2nv}{tu:juq/1vn}{liri:liri/1nv}{ji:ji/1vn}{kkut:kkut/tn-via-s-2s};{ilin:ilit/1v}{niaq:niaq/2vv}{tu:juq/1vn}{li:&iq/1nn}{ri:gi/1nv}{ji:ji/1vn}{kkut:pkut/tn-via-s-1s};{ilin:ilit/1v}{ni:niq/2vn}{aq:aq/2nv}{tu:juq/1vn}{liri:liri/1nv}{ji:ji/1vn}{kkut:pkut/tn-via-s-1s};{ilin:ilit/1v}{niaq:niaq/2vv}{tu:juq/1vn}{li:&iq/1nn}{ri:gi/1nv}{ji:ji/1vn}{kkut:pkut/tn-via-p-1s};{ilin:ilit/1v}{ni:niq/2vn}{aq:aq/2nv}{tu:juq/1vn}{liri:liri/1nv}{ji:ji/1vn}{kkut:pkut/tn-via-p-1s};{ilin:ilit/1v}{ni:niq/2vn}{aq:aq/2nv}{tu:juq/1vn}{li:&iq/1nn}{ri:gi/1nv}{ji:ji/1vn}{kkut:kkut/1nn};{ilin:ilit/1v}{ni:niq/2vn}{aq:aq/2nv}{tu:juq/1vn}{li:&iq/1nn}{ri:gi/1nv}{ji:ji/1vn}{kkut:kkut/tn-via-s};{ilin:ilit/1v}{ni:niq/2vn}{aq:aq/2nv}{tu:juq/1vn}{li:&iq/1nn}{ri:gi/1nv}{ji:ji/1vn}{kkut:kkut/tn-via-s-2s};{ilin:ilit/1v}{ni:niq/2vn}{aq:aq/2nv}{tu:juq/1vn}{li:&iq/1nn}{ri:gi/1nv}{ji:ji/1vn}{kkut:pkut/tn-via-s-1s};{ilin:ilit/1v}{ni:niq/2vn}{aq:aq/2nv}{tu:juq/1vn}{li:&iq/1nn}{ri:gi/1nv}{ji:ji/1vn}{kkut:pkut/tn-via-p-1s};{ili:ili/1v}{n:t/1vv}{niaq:niaq/2vv}{tu:juq/1vn}{liri:liri/1nv}{ji:ji/1vn}{kkut:kkut/1nn};{ili:ili/1v}{n:t/1vv}{niaq:niaq/2vv}{tu:juq/1vn}{liri:liri/1nv}{ji:ji/1vn}{kkut:kkut/tn-via-s};{ili:ili/1v}{n:t/1vv}{niaq:niaq/2vv}{tu:juq/1vn}{liri:liri/1nv}{ji:ji/1vn}{kkut:kkut/tn-via-s-2s};{ili:ili/1v}{n:t/1vv}{niaq:niaq/2vv}{tu:juq/1vn}{liri:liri/1nv}{ji:ji/1vn}{kkut:pkut/tn-via-s-1s};{ili:ili/1v}{n:t/1vv}{niaq:niaq/2vv}{tu:juq/1vn}{liri:liri/1nv}{ji:ji/1vn}{kkut:pkut/tn-via-p-1s};{ili:ili/1v}{n:t/1vv}{niaq:niaq/2vv}{tu:juq/1vn}{li:&iq/1nn}{ri:gi/1nv}{ji:ji/1vn}{kkut:kkut/1nn};{ili:ili/1v}{n:t/1vv}{ni:niq/2vn}{aq:aq/2nv}{tu:juq/1vn}{liri:liri/1nv}{ji:ji/1vn}{kkut:kkut/1nn};{ili:ili/1v}{n:t/1vv}{niaq:niaq/2vv}{tu:juq/1vn}{li:&iq/1nn}{ri:gi/1nv}{ji:ji/1vn}{kkut:kkut/tn-via-s};{ili:ili/1v}{n:t/1vv}{ni:niq/2vn}{aq:aq/2nv}{tu:juq/1vn}{liri:liri/1nv}{ji:ji/1vn}{kkut:kkut/tn-via-s};{ili:ili/1v}{n:t/1vv}{niaq:niaq/2vv}{tu:juq/1vn}{li:&iq/1nn}{ri:gi/1nv}{ji:ji/1vn}{kkut:kkut/tn-via-s-2s};{ili:ili/1v}{n:t/1vv}{ni:niq/2vn}{aq:aq/2nv}{tu:juq/1vn}{liri:liri/1nv}{ji:ji/1vn}{kkut:kkut/tn-via-s-2s};{ili:ili/1v}{n:t/1vv}{niaq:niaq/2vv}{tu:juq/1vn}{li:&iq/1nn}{ri:gi/1nv}{ji:ji/1vn}{kkut:pkut/tn-via-s-1s};{ili:ili/1v}{n:t/1vv}{ni:niq/2vn}{aq:aq/2nv}{tu:juq/1vn}{liri:liri/1nv}{ji:ji/1vn}{kkut:pkut/tn-via-s-1s};{ili:ili/1v}{n:t/1vv}{niaq:niaq/2vv}{tu:juq/1vn}{li:&iq/1nn}{ri:gi/1nv}{ji:ji/1vn}{kkut:pkut/tn-via-p-1s};{ili:ili/1v}{n:t/1vv}{ni:niq/2vn}{aq:aq/2nv}{tu:juq/1vn}{liri:liri/1nv}{ji:ji/1vn}{kkut:pkut/tn-via-p-1s};{ili:ili/1v}{n:t/1vv}{ni:niq/2vn}{aq:aq/2nv}{tu:juq/1vn}{li:&iq/1nn}{ri:gi/1nv}{ji:ji/1vn}{kkut:kkut/1nn};{ili:ili/1v}{n:t/1vv}{ni:niq/2vn}{aq:aq/2nv}{tu:juq/1vn}{li:&iq/1nn}{ri:gi/1nv}{ji:ji/1vn}{kkut:kkut/tn-via-s};{ili:ili/1v}{n:t/1vv}{ni:niq/2vn}{aq:aq/2nv}{tu:juq/1vn}{li:&iq/1nn}{ri:gi/1nv}{ji:ji/1vn}{kkut:kkut/tn-via-s-2s};{ili:ili/1v}{n:t/1vv}{ni:niq/2vn}{aq:aq/2nv}{tu:juq/1vn}{li:&iq/1nn}{ri:gi/1nv}{ji:ji/1vn}{kkut:pkut/tn-via-s-1s};{ili:ili/1v}{n:t/1vv}{ni:niq/2vn}{aq:aq/2nv}{tu:juq/1vn}{li:&iq/1nn}{ri:gi/1nv}{ji:ji/1vn}{kkut:pkut/tn-via-p-1s},False,False,False,False,False,
hansard,ilinniaqtulirinirmut,{ilinniaq:ilinniaq/1v}{tu:juq/1vn}{liri:liri/1nv}{nir:niq/2vn}{mut:mut/tn-dat-s},False,{ilinniaq:ilinniaq/1v}{tu:juq/1vn}{liri:liri/1nv}{nir:niq/2vn}{mut:mut/tn-dat-s};{ilinniaq:ilinniaq/1v}{tu:juq/1vn}{li:&iq/1nn}{ri:gi/1nv}{nir:niq/2vn}{mut:mut/tn-dat-s};{ilinni:ilingniq/1n}{aq:aq/2nv}{tu:juq/1vn}{liri:liri/1nv}{nir:niq/2vn}{mut:mut/tn-dat-s};{ilinni:ilingniq/1n}{aq:aq/2nv}{tu:juq/1vn}{li:&iq/1nn}{ri:gi/1nv}{nir:niq/2vn}{mut:mut/tn-dat-s};{ilin:ilit/1v}{niaq:niaq/2vv}{tu:juq/1vn}{liri:liri/1nv}{nir:niq/2vn}{mut:mut/tn-dat-s};{ilin:ilit/1v}{niaq:niaq/2vv}{tu:juq/1vn}{li:&iq/1nn}{ri:gi/1nv}{nir:niq/2vn}{mut:mut/tn-dat-s};{ilin:ilit/1v}{ni:niq/2vn}{aq:aq/2nv}{tu:juq/1vn}{liri:liri/1nv}{nir:niq/2vn}{mut:mut/tn-dat-s};{ilin:ilit/1v}{ni:niq/2vn}{aq:aq/2nv}{tu:juq/1vn}{li:&iq/1nn}{ri:gi/1nv}{nir:niq/2vn}{mut:mut/tn-dat-s};{ili:ili/1v}{n:t/1vv}{niaq:niaq/2vv}{tu:juq/1vn}{liri:liri/1nv}{nir:niq/2vn}{mut:mut/tn-dat-s};{ili:ili/1v}{n:t/1vv}{niaq:niaq/2vv}{tu:juq/1vn}{li:&iq/1nn}{ri:gi/1nv}{nir:niq/2vn}{mut:mut/tn-dat-s};{ili:ili/1v}{n:t/1vv}{ni:niq/2vn}{aq:aq/2nv}{tu:juq/1vn}{liri:liri/1nv}{nir:niq/2vn}{mut:mut/tn-dat-s};{ili:ili/1v}{n:t/1vv}{ni:niq/2vn}{aq:aq/2nv}{tu:juq/1vn}{li:&iq/1nn}{ri:gi/1nv}{nir:niq/2vn}{mut:mut/tn-dat-s},False,False,False,False,False,
hansard,ilinniaqtunut,{ilinniaq:ilinniaq/1v}{tu:juq/1vn}{nut:nut/tn-dat-p},False,{ilinniaq:ilinniaq/1v}{tu:juq/1vn}{nut:nut/tn-dat-p};{ilinniaq:ilinniaq/1v}{tu:juq/1vn}{nut:ngnut/tn-dat-s-2s};{ilinniaq:ilinniaq/1v}{tu:juq/1vn}{nut:ngnut/tn-dat-p-2s};{ilinniaq:ilinniaq/1v}{tu:juq/1vn}{nut:mnut/tn-dat-s-1s};{ilinniaq:ilinniaq/1v}{tu:juq/1vn}{nut:mnut/tn-dat-p-1s};{ilinni:ilingniq/1n}{aq:aq/2nv}{tu:juq/1vn}{nut:nut/tn-dat-p};{ilinni:ilingniq/1n}{aq:aq/2nv}{tu:juq/1vn}{nut:ngnut/tn-dat-s-2s};{ilinni:ilingniq/1n}{aq:aq/2nv}{tu:juq/1vn}{nut:ngnut/tn-dat-p-2s};{ilinni:ilingniq/1n}{aq:aq/2nv}{tu:juq/1vn}{nut:mnut/tn-dat-s-1s};{ilinni:ilingniq/1n}{aq:aq/2nv}{tu:juq/1vn}{nut:mnut/tn-dat-p-1s};{ilin:ilit/1v}{niaq:niaq/2vv}{tu:juq/1vn}{nut:nut/tn-dat-p};{ilin:ilit/1v}{niaq:niaq/2vv}{tu:juq/1vn}{nut:ngnut/tn-dat-s-2s};{ilin:ilit/1v}{niaq:niaq/2vv}{tu:juq/1vn}{nut:ngnut/tn-dat-p-2s};{ilin:ilit/1v}{niaq:niaq/2vv}{tu:juq/1vn}{nut:mnut/tn-dat-s-1s};{ilin:ilit/1v}{niaq:niaq/2vv}{tu:juq/1vn}{nut:mnut/tn-dat-p-1s};{ilin:ilit/1v}{ni:niq/2vn}{aq:aq/2nv}{tu:juq/1vn}{nut:nut/tn-dat-p};{ilin:ilit/1v}{ni:niq/2vn}{aq:aq/2nv}{tu:juq/1vn}{nut:ngnut/tn-dat-s-2s};{ilin:ilit/1v}{ni:niq/2vn}{aq:aq/2nv}{tu:juq/1vn}{nut:ngnut/tn-dat-p-2s};{ilin:ilit/1v}{ni:niq/2vn}{aq:aq/2nv}{tu:juq/1vn}{nut:mnut/tn-dat-s-1s};{ilin:ilit/1v}{ni:niq/2vn}{aq:aq/2nv}{tu:juq/1vn}{nut:mnut/tn-dat-p-1s};{ili:ili/1v}{n:t/1vv}{niaq:niaq/2vv}{tu:juq/1vn}{nut:nut/tn-dat-p};{ili:ili/1v}{n:t/1vv}{niaq:niaq/2vv}{tu:juq/1vn}{nut:ngnut/tn-dat-s-2s};{ili:ili/1v}{n:t/1vv}{niaq:niaq/2vv}{tu:juq/1vn}{nut:ngnut/tn-dat-p-2s};{ili:ili/1v}{n:t/1vv}{niaq:niaq/2vv}{tu:juq/1vn}{nut:mnut/tn-dat-s-1s};{ili:ili/1v}{n:t/1vv}{niaq:niaq/2vv}{tu:juq/1vn}{nut:mnut/tn-dat-p-1s};{ili:ili/1v}{n:t/1vv}{ni:niq/2vn}{aq:aq/2nv}{tu:juq/1vn}{nut:nut/tn-dat-p};{ili:ili/1v}{n:t/1vv}{ni:niq/2vn}{aq:aq/2nv}{tu:juq/1vn}{nut:ngnut/tn-dat-s-2s};{ili:ili/1v}{n:t/1vv}{ni:niq/2vn}{aq:aq/2nv}{tu:juq/1vn}{nut:ngnut/tn-dat-p-2s};{ili:ili/1v}{n:t/1vv}{ni:niq/2vn}{aq:aq/2nv}{tu:juq/1vn}{nut:mnut/tn-dat-s-1s};{ili:ili/1v}{n:t/1vv}{ni:niq/2vn}{aq:aq/2nv}{tu:juq/1vn}{nut:mnut/tn-dat-p-1s},False,False,False,False,False,
hansard,ilinniaqtut,{ilinniaq:ilinniaq/1v}{tut:jut/tv-ger-3p},False,{ilinniaq:ilinniaq/1v}{tut:jut/tv-ger-3p};{ilinni:ilingniq/1n}{aq:aq/2nv}{tut:jut/tv-ger-3p};{ilin:ilit/1v}{niaq:niaq/2vv}{tut:jut/tv-ger-3p};{ilin:ilit/1v}{ni:niq/2vn}{aq:aq/2nv}{tut:jut/tv-ger-3p};{ili:ili/1v}{n:t/1vv}{niaq:niaq/2vv}{tut:jut/tv-ger-3p};{ili:ili/1v}{n:t/1vv}{ni:niq/2vn}{aq:aq/2nv}{tut:jut/tv-ger-3p},False,False,False,False,False,
hansard,ilinniarniq,{ilinniar:ilinniaq/1v}{niq:niq/2vn},False,{ilinniar:ilinniaq/1v}{niq:niq/2vn};{ilinni:ilingniq/1n}{ar:aq/2nv}{niq:niq/2vn};{ilin:ilit/1v}{niar:niaq/2vv}{niq:niq/2vn};{ilin:ilit/1v}{ni:niq/2vn}{ar:aq/2nv}{niq:niq/2vn};{ili:ili/1v}{n:t/1vv}{niar:niaq/2vv}{niq:niq/2vn};{ili:ili/1v}{n:t/1vv}{ni:niq/2vn}{ar:aq/2nv}{niq:niq/2vn},False,False,False,False,False,
hansard,ilinniarnirmut,{ilinniar:ilinniaq/1v}{nir:niq/2vn}{mut:mut/tn-dat-s},False,{ilinniar:ilinniaq/1v}{nir:niq/2vn}{mut:mut/tn-dat-s};{ilinni:ilingniq/1n}{ar:aq/2nv}{nir:niq/2vn}{mut:mut/tn-dat-s};{ilin:ilit/1v}{niar:niaq/2vv}{nir:niq/2vn}{mut:mut/tn-dat-s};{ilin:ilit/1v}{ni:niq/2vn}{ar:aq/2nv}{nir:niq/2vn}{mut:mut/tn-dat-s};{ili:ili/1v}{n:t/1vv}{niar:niaq/2vv}{nir:niq/2vn}{mut:mut/tn-dat-s};{ili:ili/1v}{n:t/1vv}{ni:niq/2vn}{ar:aq/2nv}{nir:niq/2vn}{mut:mut/tn-dat-s},False,False,False,False,False,
hansard,ilinniartulirijiit,{ilinniar:ilinniaq/1v}{tu:juq/1vn}{liri:liri/1nv}{ji:ji/1vn}{it:it/tn-nom-p},False,{ilinniar:ilinniaq/1v}{tu:juq/1vn}{liri:liri/1nv}{ji:ji/1vn}{it:it/tn-nom-p};{ilinniar:ilinniaq/1v}{tu:juq/1vn}{liri:liri/1nv}{ji:ji/1vn}{it:it/tn-gen-p};{ilinniar:ilinniaq/1v}{tu:juq/1vn}{liri:liri/1nv}{ji:ji/1vn}{it:it/tn-nom-s-2s};{ilinniar:ilinniaq/1v}{tu:juq/1vn}{li:&iq/1nn}{ri:gi/1nv}{ji:ji/1vn}{it:it/tn-nom-p};{ilinni:ilingniq/1n}{ar:aq/2nv}{tu:juq/1vn}{liri:liri/1nv}{ji:ji/1vn}{it:it/tn-nom-p};{ilinniar:ilinniaq/1v}{tu:juq/1vn}{li:&iq/1nn}{ri:gi/1nv}{ji:ji/1vn}{it:it/tn-gen-p};{ilinni:ilingniq/1n}{ar:aq/2nv}{tu:juq/1vn}{liri:liri/1nv}{ji:ji/1vn}{it:it/tn-gen-p};{ilinniar:ilinniaq/1v}{tu:juq/1vn}{li:&iq/1nn}{ri:gi/1nv}{ji:ji/1vn}{it:it/tn-nom-s-2s};{ilinni:ilingniq/1n}{ar:aq/2nv}{tu:juq/1vn}{liri:liri/1nv}{ji:ji/1vn}{it:it/tn-nom-s-2s};{ilinni:ilingniq/1n}{ar:aq/2nv}{tu:juq/1vn}{li:&iq/1nn}{ri:gi/1nv}{ji:ji/1vn}{it:it/tn-nom-p};{ilinni:ilingniq/1n}{ar:aq/2nv}{tu:juq/1vn}{li:&iq/1nn}{ri:gi/1nv}{ji:ji/1vn}{it:it/tn-gen-p};{ilinni:ilingniq/1n}{ar:aq/2nv}{tu:juq/1vn}{li:&iq/1nn}{ri:gi/1nv}{ji:ji/1vn}{it:it/tn-nom-s-2s};{ilin:ilit/1v}{niar:niaq/2vv}{tu:juq/1vn}{liri:liri/1nv}{ji:ji/1vn}{it:it/tn-nom-p};{ilin:ilit/1v}{niar:niaq/2vv}{tu:juq/1vn}{liri:liri/1nv}{ji:ji/1vn}{it:it/tn-gen-p};{ilin:ilit/1v}{niar:niaq/2vv}{tu:juq/1vn}{liri:liri/1nv}{ji:ji/1vn}{it:it/tn-nom-s-2s};{ilin:ilit/1v}{niar:niaq/2vv}{tu:juq/1vn}{li:&iq/1nn}{ri:gi/1nv}{ji:ji/1vn}{it:it/tn-nom-p};{ilin:ilit/1v}{ni:niq/2vn}{ar:aq/2nv}{tu:juq/1vn}{liri:liri/1nv}{ji:ji/1vn}{it:it/tn-nom-p};{ilin:ilit/1v}{niar:niaq/2vv}{tu:juq/1vn}{li:&iq/1nn}{ri:gi/1nv}{ji:ji/1vn}{it:it/tn-gen-p};{ilin:ilit/1v}{ni:niq/2vn}{ar:aq/2nv}{tu:juq/1vn}{liri:liri/1nv}{ji:ji/1vn}{it:it/tn-gen-p};{ilin:ilit/1v}{niar:niaq/2vv}{tu:juq/1vn}{li:&iq/1nn}{ri:gi/1nv}{ji:ji/1vn}{it:it/tn-nom-s-2s};{ilin:ilit/1v}{ni:niq/2vn}{ar:aq/2nv}{tu:juq/1vn}{liri:liri/1nv}{ji:ji/1vn}{it:it/tn-nom-s-2s};{ilin:ilit/1v}{ni:niq/2vn}{ar:aq/2nv}{tu:juq/1vn}{li:&iq/1nn}{ri:gi/1nv}{ji:ji/1vn}{it:it/tn-nom-p};{ilin:ilit/1v}{ni:niq/2vn}{ar:aq/2nv}{tu:juq/1vn}{li:&iq/1nn}{ri:gi/1nv}{ji:ji/1vn}{it:it/tn-gen-p};{ilin:ilit/1v}{ni:niq/2vn}{ar:aq/2nv}{tu:juq/1vn}{li:&iq/1nn}{ri:gi/1nv}{ji:ji/1vn}{it:it/tn-nom-s-2s};{ili:ili/1v}{n:t/1vv}{niar:niaq/2vv}{tu:juq/1vn}{liri:liri/1nv}{ji:ji/1vn}{it:it/tn-nom-p};{ili:ili/1v}{n:t/1vv}{niar:niaq/2vv}{tu:juq/1vn}{liri:liri/1nv}{ji:ji/1vn}{it:it/tn-gen-p};{ili:ili/1v}{n:t/1vv}{niar:niaq/2vv}{tu:juq/1vn}{liri:liri/1nv}{ji:ji/1vn}{it:it/tn-nom-s-2s};{ili:ili/1v}{n:t/1vv}{niar:niaq/2vv}{tu:juq/1vn}{li:&iq/1nn}{ri:gi/1nv}{ji:ji/1vn}{it:it/tn-nom-p};{ili:ili/1v}{n:t/1vv}{ni:niq/2vn}{ar:aq/2nv}{tu:juq/1vn}{liri:liri/1nv}{ji:ji/1vn}{it:it/tn-nom-p};{ili:ili/1v}{n:t/1vv}{niar:niaq/2vv}{tu:juq/1vn}{li:&iq/1nn}{ri:gi/1nv}{ji:ji/1vn}{it:it/tn-gen-p};{ili:ili/1v}{n:t/1vv}{ni:niq/2vn}{ar:aq/2nv}{tu:juq/1vn}{liri:liri/1nv}{ji:ji/1vn}{it:it/tn-gen-p};{ili:ili/1v}{n:t/1vv}{niar:niaq/2vv}{tu:juq/1vn}{li:&iq/1nn}{ri:gi/1nv}{ji:ji/1vn}{it:it/tn-nom-s-2s};{ili:ili/1v}{n:t/1vv}{ni:niq/2vn}{ar:aq/2nv}{tu:juq/1vn}{liri:liri/1nv}{ji:ji/1vn}{it:it/tn-nom-s-2s};{ili:ili/1v}{n:t/1vv}{ni:niq/2vn}{ar:aq/2nv}{tu:juq/1vn}{li:&iq/1nn}{ri:gi/1nv}{ji:ji/1vn}{it:it/tn-nom-p};{ili:ili/1v}{n:t/1vv}{ni:niq/2vn}{ar:aq/2nv}{tu:juq/1vn}{li:&iq/1nn}{ri:gi/1nv}{ji:ji/1vn}{it:it/tn-gen-p};{ili:ili/1v}{n:t/1vv}{ni:niq/2vn}{ar:aq/2nv}{tu:juq/1vn}{li:&iq/1nn}{ri:gi/1nv}{ji:ji/1vn}{it:it/tn-nom-s-2s},False,False,False,False,False,
hansard,ilinniarviit,{ilinniar:ilinniaq/1v}{vi:vik/3vn}{it:it/tn-nom-p},False,{ilinniarvi:ilinniarvik/1n}{it:it/tn-nom-p};{ilinniarvi:ilinniarvik/1n}{it:it/tn-gen-p};{ilinniarvi:ilinniarvik/1n}{it:it/tn-nom-s-2s};{ilinniar:ilinniaq/1v}{vi:vik/3vn}{it:it/tn-nom-p};{ilinniar:ilinniaq/1v}{vi:vik/3vn}{it:it/tn-gen-p};{ilinniar:ilinniaq/1v}{vi:vik/3vn}{it:it/tn-nom-s-2s};{ilinni:ilingniq/1n}{ar:aq/2nv}{vi:vik/3vn}{it:it/tn-nom-p};{ilinni:ilingniq/1n}{ar:aq/2nv}{vi:vik/3vn}{it:it/tn-gen-p};{ilinni:ilingniq/1n}{ar:aq/2nv}{vi:vik/3vn}{it:it/tn-nom-s-2s};{ilin:ilit/1v}{niar:niaq/2vv}{vi:vik/3vn}{it:it/tn-nom-p};{ilin:ilit/1v}{niar:niaq/2vv}{vi:vik/3vn}{it:it/tn-gen-p};{ilin:ilit/1v}{niar:niaq/2vv}{vi:vik/3vn}{it:it/tn-nom-s-2s};{ilin:ilit/1v}{ni:niq/2vn}{ar:aq/2nv}{vi:vik/3vn}{it:it/tn-nom-p};{ilin:ilit/1v}{ni:niq/2vn}{ar:aq/2nv}{vi:vik/3vn}{it:it/tn-gen-p};{ilin:ilit/1v}{ni:niq/2vn}{ar:aq/2nv}{vi:vik/3vn}{it:it/tn-nom-s-2s};{ili:ili/1v}{n:t/1vv}{niar:niaq/2vv}{vi:vik/3vn}{it:it/tn-nom-p};{ili:ili/1v}{n:t/1vv}{niar:niaq/2vv}{vi:vik/3vn}{it:it/tn-gen-p};{ili:ili/1v}{n:t/1vv}{niar:niaq/2vv}{vi:vik/3vn}{it:it/tn-nom-s-2s};{ili:ili/1v}{n:t/1vv}{ni:niq/2vn}{ar:aq/2nv}{vi:vik/3vn}{it:it/tn-nom-p};{ili:ili/1v}{n:t/1vv}{ni:niq/2vn}{ar:aq/2nv}{vi:vik/3vn}{it:it/tn-gen-p};{ili:ili/1v}{n:t/1vv}{ni:niq/2vn}{ar:aq/2nv}{vi:vik/3vn}{it:it/tn-nom-s-2s},False,False,False,False,False,
hansard,ilinniarvik,{ilinniar:ilinniaq/1v}{vik:vik/3vn},False,{ilinniarvik:ilinniarvik/1n};{ilinniar:ilinniaq/1v}{vik:vik/3vn};{ilinni:ilingniq/1n}{ar:aq/2nv}{vik:vik/3vn};{ilin:ilit/1v}{niar:niaq/2vv}{vik:vik/3vn};{ilin:ilit/1v}{ni:niq/2vn}{ar:aq/2nv}{vik:vik/3vn};{ili:ili/1v}{n:t/1vv}{niar:niaq/2vv}{vik:vik/3vn};{ili:ili/1v}{n:t/1vv}{ni:niq/2vn}{ar:aq/2nv}{vik:vik/3vn},False,False,False,False,False,
hansard,ilinniarvimmi,{ilinniar:ilinniaq/1v}{vim:vik/3vn}{mi:mi/tn-loc-s},False,{ilinniarvim:ilinniarvik/1n}{mi:mi/tn-loc-s};{ilinniarvim:ilinniarvik/1n}{mi:ni/tn-loc-p};{ilinniarvi:ilinniarvik/1n}{mmi:mi/tn-gen-s-3s};{ilinniarvi:ilinniarvik/1n}{mmi:mi/tn-gen-p-3s};{ilinniar:ilinniaq/1v}{vim:vik/3vn}{mi:mi/tn-loc-s};{ilinniar:ilinniaq/1v}{vim:vik/3vn}{mi:ni/tn-loc-p};{ilinniar:ilinniaq/1v}{vi:vik/3vn}{mmi:mi/tn-gen-s-3s};{ilinniar:ilinniaq/1v}{vi:vik/3vn}{mmi:mi/tn-gen-p-3s};{ilinni:ilingniq/1n}{ar:aq/2nv}{vim:vik/3vn}{mi:mi/tn-loc-s};{ilinni:ilingniq/1n}{ar:aq/2nv}{vim:vik/3vn}{mi:ni/tn-loc-p};{ilinni:ilingniq/1n}{ar:aq/2nv}{vi:vik/3vn}{mmi:mi/tn-gen-s-3s};{ilinni:ilingniq/1n}{ar:aq/2nv}{vi:vik/3vn}{mmi:mi/tn-gen-p-3s};{ilin:ilit/1v}{niar:niaq/2vv}{vim:vik/3vn}{mi:mi/tn-loc-s};{ilin:ilit/1v}{niar:niaq/2vv}{vim:vik/3vn}{mi:ni/tn-loc-p};{ilin:ilit/1v}{niar:niaq/2vv}{vi:vik/3vn}{mmi:mi/tn-gen-s-3s};{ilin:ilit/1v}{niar:niaq/2vv}{vi:vik/3vn}{mmi:mi/tn-gen-p-3s};{ilin:ilit/1v}{ni:niq/2vn}{ar:aq/2nv}{vim:vik/3vn}{mi:mi/tn-loc-s};{ilin:ilit/1v}{ni:niq/2vn}{ar:aq/2nv}{vim:vik/3vn}{mi:ni/tn-loc-p};{ilin:ilit/1v}{ni:niq/2vn}{ar:aq/2nv}{vi:vik/3vn}{mmi:mi/tn-gen-s-3s};{ilin:ilit/1v}{ni:niq/2vn}{ar:aq/2nv}{vi:vik/3vn}{mmi:mi/tn-gen-p-3s};{ili:ili/1v}{n:t/1vv}{niar:niaq/2vv}{vim:vik/3vn}{mi:mi/tn-loc-s};{ili:ili/1v}{n:t/1vv}{niar:niaq/2vv}{vim:vik/3vn}{mi:ni/tn-loc-p};{ili:ili/1v}{n:t/1vv}{niar:niaq/2vv}{vi:vik/3vn}{mmi:mi/tn-gen-s-3s};{ili:ili/1v}{n:t/1vv}{niar:niaq/2vv}{vi:vik/3vn}{mmi:mi/tn-gen-p-3s};{ili:ili/1v}{n:t/1vv}{ni:niq/2vn}{ar:aq/2nv}{vim:vik/3vn}{mi:mi/tn-loc-s};{ili:ili/1v}{n:t/1vv}{ni:niq/2vn}{ar:aq/2nv}{vim:vik/3vn}{mi:ni/tn-loc-p};{ili:ili/1v}{n:t/1vv}{ni:niq/2vn}{ar:aq/2nv}{vi:vik/3vn}{mmi:mi/tn-gen-s-3s};{ili:ili/1v}{n:t/1vv}{ni:niq/2vn}{ar:aq/2nv}{vi:vik/3vn}{mmi:mi/tn-gen-p-3s};{ilinniarvim:ilinniarvik/1n}{mi:mik/tn-acc-s};{ilinniarvim:ilinniarvik/1n}{mi:mit/tn-abl-s};{ilinniarvi:ilinniarvik/1n}{mmi:mik/tn-gen-s-3d};{ilinniarvi:ilinniarvik/1n}{mmi:mik/tn-gen-p-3d};{ilinniarvi:ilinniarvik/1n}{mmi:mik/tn-gen-s-3p};{ilinniarvi:ilinniarvik/1n}{mmi:mik/tn-gen-p-3p};{ilinniar:ilinniaq/1v}{vim:vik/3vn}{mi:mik/tn-acc-s};{ilinniar:ilinniaq/1v}{vim:vik/3vn}{mi:mit/tn-abl-s};{ilinniar:ilinniaq/1v}{vi:vik/3vn}{mmi:mik/tn-gen-s-3d};{ilinniar:ilinniaq/1v}{vi:vik/3vn}{mmi:mik/tn-gen-p-3d};{ilinniar:ilinniaq/1v}{vi:vik/3vn}{mmi:mik/tn-gen-s-3p};{ilinniar:ilinniaq/1v}{vi:vik/3vn}{mmi:mik/tn-gen-p-3p};{ilinni:ilingniq/1n}{ar:aq/2nv}{vim:vik/3vn}{mi:mik/tn-acc-s};{ilinni:ilingniq/1n}{ar:aq/2nv}{vim:vik/3vn}{mi:mit/tn-abl-s};{ilinni:ilingniq/1n}{ar:aq/2nv}{vi:vik/3vn}{mmi:mik/tn-gen-s-3d};{ilinni:ilingniq/1n}{ar:aq/2nv}{vi:vik/3vn}{mmi:mik/tn-gen-p-3d};{ilinni:ilingniq/1n}{ar:aq/2nv}{vi:vik/3vn}{mmi:mik/tn-gen-s-3p};{ilinni:ilingniq/1n}{ar:aq/2nv}{vi:vik/3vn}{mmi:mik/tn-gen-p-3p};{ilin:ilit/1v}{niar:niaq/2vv}{vim:vik/3vn}{mi:mik/tn-acc-s};{ilin:ilit/1v}{niar:niaq/2vv}{vim:vik/3vn}{mi:mit/tn-abl-s};{ilin:ilit/1v}{niar:niaq/2vv}{vi:vik/3vn}{mmi:mik/tn-gen-s-3d};{ilin:ilit/1v}{niar:niaq/2vv}{vi:vik/3vn}{mmi:mik/tn-gen-p-3d};{ilin:ilit/1v}{niar:niaq/2vv}{vi:vik/3vn}{mmi:mik/tn-gen-s-3p};{ilin:ilit/1v}{niar:niaq/2vv}{vi:vik/3vn}{mmi:mik/tn-gen-p-3p};{ilin:ilit/1v}{ni:niq/2vn}{ar:aq/2nv}{vim:vik/3vn}{mi:mik/tn-acc-s};{ilin:ilit/1v}{ni:niq/2vn}{ar:aq/2nv}{vim:vik/3vn}{mi:mit/tn-abl-s};{ilin:ilit/1v}{ni:niq/2vn}{ar:aq/2nv}{vi:vik/3vn}{mmi:mik/tn-gen-s-3d};{ilin:ilit/1v}{ni:niq/2vn}{ar:aq/2nv}{vi:vik/3vn}{mmi:mik/tn-gen-p-3d};{ilin:ilit/1v}{ni:niq/2vn}{ar:aq/2nv}{vi:vik/3vn}{mmi:mik/tn-gen-s-3p};{ilin:ilit/1v}{ni:niq/2vn}{ar:aq/2nv}{vi:vik/3vn}{mmi:mik/tn-gen-p-3p};{ili:ili/1v}{n:t/1vv}{niar:niaq/2vv}{vim:vik/3vn}{mi:mik/tn-acc-s};{ili:ili/1v}{n:t/1vv}{niar:niaq/2vv}{vim:vik/3vn}{mi:mit/tn-abl-s};{ili:ili/1v}{n:t/1vv}{niar:niaq/2vv}{vi:vik/3vn}{mmi:mik/tn-gen-s-3d};{ili:ili/1v}{n:t/1vv}{niar:niaq/2vv}{vi:vik/3vn}{mmi:mik/tn-gen-p-3d};{ili:ili/1v}{n:t/1vv}{niar:niaq/2vv}{vi:vik/3vn}{mmi:mik/tn-gen-s-3p};{ili:ili/1v}{n:t/1vv}{niar:niaq/2vv}{vi:vik/3vn}{mmi:mik/tn-gen-p-3p};{ili:ili/1v}{n:t/1vv}{ni:niq/2vn}{ar:aq/2nv}{vim:vik/3vn}{mi:mik/tn-acc-s};{ili:ili/1v}{n:t/1vv}{ni:niq/2vn}{ar:aq/2nv}{vim:vik/3vn}{mi:mit/tn-abl-s};{ili:ili/1v}{n:t/1vv}{ni:niq/2vn}{ar:aq/2nv}{vi:vik/3vn}{mmi:mik/tn-gen-s-3d};{ili:ili/1v}{n:t/1vv}{ni:niq/2vn}{ar:aq/2nv}{vi:vik/3vn}{mmi:mik/tn-gen-p-3d};{ili:ili/1v}{n:t/1vv}{ni:niq/2vn}{ar:aq/2nv}{vi:vik/3vn}{mmi:mik/tn-gen-s-3p};{ili:ili/1v}{n:t/1vv}{ni:niq/2vn}{ar:aq/2nv}{vi:vik/3vn}{mmi:mik/tn-gen-p-3p},False,False,False,False,False,
hansard,ilinniarviup,{ilinniar:ilinniaq/1v}{vi:vik/3vn}{up:up/tn-gen-s},False,{ilinniarvi:ilinniarvik/1n}{up:up/tn-gen-s};{ilinniarvi:ilinniarvik/1n}{u:ut/2nn}{p:up/tn-gen-s};{ilinniar:ilinniaq/1v}{vi:vik/3vn}{up:up/tn-gen-s};{ilinniar:ilinniaq/1v}{vi:vik/3vn}{u:ut/2nn}{p:up/tn-gen-s};{ilinni:ilingniq/1n}{ar:aq/2nv}{vi:vik/3vn}{up:up/tn-gen-s};{ilinni:ilingniq/1n}{ar:aq/2nv}{vi:vik/3vn}{u:ut/2nn}{p:up/tn-gen-s};{ilin:ilit/1v}{niar:niaq/2vv}{vi:vik/3vn}{up:up/tn-gen-s};{ilin:ilit/1v}{niar:niaq/2vv}{vi:vik/3vn}{u:ut/2nn}{p:up/tn-gen-s};{ilin:ilit/1v}{ni:niq/2vn}{ar:aq/2nv}{vi:vik/3vn}{up:up/tn-gen-s};{ilin:ilit/1v}{ni:niq/2vn}{ar:aq/2nv}{vi:vik/3vn}{u:ut/2nn}{p:up/tn-gen-s};{ili:ili/1v}{n:t/1vv}{niar:niaq/2vv}{vi:vik/3vn}{up:up/tn-gen-s};{ili:ili/1v}{n:t/1vv}{niar:niaq/2vv}{vi:vik/3vn}{u:ut/2nn}{p:up/tn-gen-s};{ili:ili/1v}{n:t/1vv}{ni:niq/2vn}{ar:aq/2nv}{vi:vik/3vn}{up:up/tn-gen-s};{ili:ili/1v}{n:t/1vv}{ni:niq/2vn}{ar:aq/2nv}{vi:vik/3vn}{u:ut/2nn}{p:up/tn-gen-s},False,False,False,False,False,
hansard,iliqqusilirijikkunnut,{iliqqusi:iliqqusiq/1n}{liri:liri/1nv}{ji:ji/1vn}{kkun:kkut/1nn}{nut:nut/tn-dat-p},False,{iliqqusi:iliqqusiq/1n}{liri:liri/1nv}{ji:ji/1vn}{kkun:kkut/1nn}{nut:nut/tn-dat-p},False,False,False,False,False,
hansard,iliqqusilirijikkut,{iliqqusi:iliqqusiq/1n}{liri:liri/1nv}{ji:ji/1vn}{kkut:kkut/1nn},False,{iliqqusi:iliqqusiq/1n}{liri:liri/1nv}{ji:ji/1vn}{kkut:kkut/1nn};{iliqqusi:iliqqusiq/1n}{liri:liri/1nv}{ji:ji/1vn}{kkut:kkut/tn-via-s};{iliqqusi:iliqqusiq/1n}{liri:liri/1nv}{ji:ji/1vn}{kkut:kkut/tn-via-s-2s};{iliqqusi:iliqqusiq/1n}{liri:liri/1nv}{ji:ji/1vn}{kkut:pkut/tn-via-s-1s};{iliqqusi:iliqqusiq/1n}{liri:liri/1nv}{ji:ji/1vn}{kkut:pkut/tn-via-p-1s},False,False,False,False,False,
hansard,iliqqusilirinirmut,{iliqqusi:iliqqusiq/1n}{liri:liri/1nv}{nir:niq/2vn}{mut:mut/tn-dat-s},False,{iliqqusi:iliqqusiq/1n}{liri:liri/1nv}{nir:niq/2vn}{mut:mut/tn-dat-s},False,False,False,False,False,
hansard,ilisaijiit,{ilisaiji:ilisaiji/1n}{it:it/tn-nom-p},False,{ilisaiji:ilisaiji/1n}{it:it/tn-nom-p};{ilisaiji:ilisaiji/1n}{it:it/tn-gen-p};{ilisaiji:ilisaiji/1n}{it:it/tn-nom-s-2s};{ili:ilit/1v}{sa:saq/1vv}{i:i/1vv}{ji:ji/1vn}{it:it/tn-nom-p};{ili:ilit/1v}{sa:saq/1vv}{i:i/1vv}{ji:ji/1vn}{it:it/tn-gen-p};{ili:ilit/1v}{sa:saq/1vv}{i:i/1vv}{ji:ji/1vn}{it:it/tn-nom-s-2s};{ili:ili/1v}{sa:saq/1vv}{i:i/1vv}{ji:ji/1vn}{it:it/tn-nom-p};{ili:ili/1v}{sa:saq/1vv}{i:i/1vv}{ji:ji/1vn}{it:it/tn-gen-p};{ili:ili/1v}{sa:saq/1vv}{i:i/1vv}{ji:ji/1vn}{it:it/tn-nom-s-2s},False,False,False,False,False,
hansard,ilisaijinut,{ilisaiji:ilisaiji/1n}{nut:nut/tn-dat-p},False,{ilisaiji:ilisaiji/1n}{nut:nut/tn-dat-p};{ili:ilit/1v}{sa:saq/1vv}{i:i/1vv}{ji:ji/1vn}{nut:nut/tn-dat-p};{ili:ili/1v}{sa:saq/1vv}{i:i/1vv}{ji:ji/1vn}{nut:nut/tn-dat-p},False,False,False,False,False,
hansard,ilitaqsiniq,{ilitaq:ilitaq/1v}{si:si/3vv}{niq:niq/2vn},False,{ilitaq:ilitaq/1v}{si:si/3vv}{niq:niq/2vn};{ilitaq:ilitaq/1v}{si:si/2vv}{niq:niq/2vn};{ilitaq:ilisaq/1v}{si:si/2vv}{niq:niq/2vn};{ilitaq:ilitaq/1v}{si:siq/1vv}{niq:niq/2vn};{ilitaq:ilisaq/1v}{si:siq/1vv}{niq:niq/2vn};{ili:ilit/1v}{taq:jaq/1vn}{si:si/4nv}{niq:niq/2vn};{ili:ilit/1v}{taq:taq/1vv}{si:si/1vv}{niq:niq/2vn};{ili:ilit/1v}{taq:taq/1vv}{si:si/2vv}{niq:niq/2vn};{ili:ilit/1v}{taq:taq/1vv}{si:siq/1vv}{niq:niq/2vn};{ili:ili/1v}{taq:taq/1vv}{si:si/1vv}{niq:niq/2vn};{ili:ili/1v}{taq:taq/1vv}{si:si/2vv}{niq:niq/2vn};{ili:ili/1v}{taq:taq/1vv}{si:siq/1vv}{niq:niq/2vn},False,False,False,False,False,
hansard,ilitarijauningit,{ilita:ilitaq/1v}{ri:gi/4vv}{ja:jaq/1vn}{u:u/1nv}{ni:niq/2vn}{ngit:ngit/tn-nom-p-4p},False,{ilita:ilitaq/1v}{ri:gi/4vv}{ja:jaq/1vn}{u:u/1nv}{ni:niq/2vn}{ngit:ngit/tn-nom-p-4s};{ilita:ilitaq/1v}{ri:gi/4vv}{ja:jaq/1vn}{u:u/1nv}{ni:niq/2vn}{ngit:ngik/tn-nom-p-4d};{ilita:ilitaq/1v}{ri:gi/4vv}{ja:jaq/1vn}{u:u/1nv}{ni:niq/2vn}{ngit:ngit/tn-nom-p-4p};{ili:ilit/1v}{ta:jaq/1vn}{ri:gi/1nv}{ja:jaq/1vn}{u:u/1nv}{ni:niq/2vn}{ngit:ngit/tn-nom-p-4s};{ili:ilit/1v}{ta:taq/1vv}{ri:ri/1vv}{ja:jaq/1vn}{u:u/1nv}{ni:niq/2vn}{ngit:ngit/tn-nom-p-4s};{ili:ilit/1v}{ta:jaq/1vn}{ri:gi/1nv}{ja:jaq/1vn}{u:u/1nv}{ni:niq/2vn}{ngit:ngik/tn-nom-p-4d};{ili:ilit/1v}{ta:taq/1vv}{ri:ri/1vv}{ja:jaq/1vn}{u:u/1nv}{ni:niq/2vn}{ngit:ngik/tn-nom-p-4d};{ili:ilit/1v}{ta:jaq/1vn}{ri:gi/1nv}{ja:jaq/1vn}{u:u/1nv}{ni:niq/2vn}{ngit:ngit/tn-nom-p-4p};{ili:ilit/1v}{ta:taq/1vv}{ri:ri/1vv}{ja:jaq/1vn}{u:u/1nv}{ni:niq/2vn}{ngit:ngit/tn-nom-p-4p};{ili:ili/1v}{ta:taq/1vv}{ri:ri/1vv}{ja:jaq/1vn}{u:u/1nv}{ni:niq/2vn}{ngit:ngit/tn-nom-p-4s};{ili:ili/1v}{ta:taq/1vv}{ri:ri/1vv}{ja:jaq/1vn}{u:u/1nv}{ni:niq/2vn}{ngit:ngik/tn-nom-p-4d};{ili:ili/1v}{ta:taq/1vv}{ri:ri/1vv}{ja:jaq/1vn}{u:u/1nv}{ni:niq/2vn}{ngit:ngit/tn-nom-p-4p},False,False,False,False,False,
hansard,illaqtut,{illaq:iglaq/1v}{tut:jut/tv-ger-3p},False,{illaq:iglaq/1v}{tut:jut/tv-ger-3p};{illa:illa/1v}{q:t/1vv}{tut:jut/tv-ger-3p},False,False,False,False,False,
hansard,illu,{illu:iglu/1n},False,{illu:iglu/1n},False,False,False,False,False,
hansard,illuit,{illu:iglu/1n}{it:it/tn-nom-p},False,{illu:iglu/1n}{it:it/tn-nom-p};{illu:iglu/1n}{it:it/tn-gen-p};{illu:iglu/1n}{it:it/tn-nom-s-2s},False,False,False,False,False,
hansard,illulirijikkut,{illu:iglu/1n}{liri:liri/1nv}{ji:ji/1vn}{kkut:kkut/1nn},False,{illuliriji:igluliriji/1n}{kkut:kkut/1nn};{illuliriji:igluliriji/1n}{kkut:kkut/tn-via-s};{illuliriji:igluliriji/1n}{kkut:kkut/tn-via-s-2s};{illuliriji:igluliriji/1n}{kkut:pkut/tn-via-s-1s};{illuliriji:igluliriji/1n}{kkut:pkut/tn-via-p-1s};{illu:iglu/1n}{liri:liri/1nv}{ji:ji/1vn}{kkut:kkut/1nn};{illu:iglu/1n}{liri:liri/1nv}{ji:ji/1vn}{kkut:kkut/tn-via-s};{illu:iglu/1n}{liri:liri/1nv}{ji:ji/1vn}{kkut:kkut/tn-via-s-2s};{illu:iglu/1n}{liri:liri/1nv}{ji:ji/1vn}{kkut:pkut/tn-via-s-1s};{illu:iglu/1n}{liri:liri/1nv}{ji:ji/1vn}{kkut:pkut/tn-via-p-1s};{illu:iglu/1n}{li:&iq/1nn}{ri:gi/1nv}{ji:ji/1vn}{kkut:kkut/1nn};{illu:iglu/1n}{li:&iq/1nn}{ri:gi/1nv}{ji:ji/1vn}{kkut:kkut/tn-via-s};{illu:iglu/1n}{li:&iq/1nn}{ri:gi/1nv}{ji:ji/1vn}{kkut:kkut/tn-via-s-2s};{illu:iglu/1n}{li:&iq/1nn}{ri:gi/1nv}{ji:ji/1vn}{kkut:pkut/tn-via-s-1s};{illu:iglu/1n}{li:&iq/1nn}{ri:gi/1nv}{ji:ji/1vn}{kkut:pkut/tn-via-p-1s},False,False,False,False,False,
hansard,illulirijirjuakkut,{illu:iglu/1n}{liri:liri/1nv}{ji:ji/1vn}{rjua:juaq/1nn}{kkut:kkut/1nn},False,{illuliriji:igluliriji/1n}{rjua:juaq/1nn}{kkut:kkut/1nn};{illuliriji:igluliriji/1n}{rjua:juaq/1nn}{kkut:kkut/tn-via-s};{illuliriji:igluliriji/1n}{rjua:juaq/1nn}{kkut:kkut/tn-via-d};{illuliriji:igluliriji/1n}{rjua:juaq/1nn}{kkut:kkut/tn-via-s-2s};{illuliriji:igluliriji/1n}{rjua:juaq/1nn}{kkut:kkut/tn-via-d-2s};{illuliriji:igluliriji/1n}{rjua:juaq/1nn}{kkut:pkut/tn-via-s-1s};{illuliriji:igluliriji/1n}{rjua:juaq/1nn}{kkut:pkut/tn-via-d-1s};{illuliriji:igluliriji/1n}{rjua:juaq/1nn}{kkut:pkut/tn-via-p-1s};{illu:iglu/1n}{liri:liri/1nv}{ji:ji/1vn}{rjua:juaq/1nn}{kkut:kkut/1nn};{illu:iglu/1n}{liri:liri/1nv}{ji:ji/1vn}{rjua:juaq/1nn}{kkut:kkut/tn-via-s};{illu:iglu/1n}{liri:liri/1nv}{ji:ji/1vn}{rjua:juaq/1nn}{kkut:kkut/tn-via-d};{illu:iglu/1n}{liri:liri/1nv}{ji:ji/1vn}{rjua:juaq/1nn}{kkut:kkut/tn-via-s-2s};{illu:iglu/1n}{liri:liri/1nv}{ji:ji/1vn}{rjua:juaq/1nn}{kkut:kkut/tn-via-d-2s};{illu:iglu/1n}{liri:liri/1nv}{ji:ji/1vn}{rjua:juaq/1nn}{kkut:pkut/tn-via-s-1s};{illu:iglu/1n}{liri:liri/1nv}{ji:ji/1vn}{rjua:juaq/1nn}{kkut:pkut/tn-via-d-1s};{illu:iglu/1n}{liri:liri/1nv}{ji:ji/1vn}{rjua:juaq/1nn}{kkut:pkut/tn-via-p-1s};{illu:iglu/1n}{li:&iq/1nn}{ri:gi/1nv}{ji:ji/1vn}{rjua:juaq/1nn}{kkut:kkut/1nn};{illu:iglu/1n}{li:&iq/1nn}{ri:gi/1nv}{ji:ji/1vn}{rjua:juaq/1nn}{kkut:kkut/tn-via-s};{illu:iglu/1n}{li:&iq/1nn}{ri:gi/1nv}{ji:ji/1vn}{rjua:juaq/1nn}{kkut:kkut/tn-via-d};{illu:iglu/1n}{li:&iq/1nn}{ri:gi/1nv}{ji:ji/1vn}{rjua:juaq/1nn}{kkut:kkut/tn-via-s-2s};{illu:iglu/1n}{li:&iq/1nn}{ri:gi/1nv}{ji:ji/1vn}{rjua:juaq/1nn}{kkut:kkut/tn-via-d-2s};{illu:iglu/1n}{li:&iq/1nn}{ri:gi/1nv}{ji:ji/1vn}{rjua:juaq/1nn}{kkut:pkut/tn-via-s-1s};{illu:iglu/1n}{li:&iq/1nn}{ri:gi/1nv}{ji:ji/1vn}{rjua:juaq/1nn}{kkut:pkut/tn-via-d-1s};{illu:iglu/1n}{li:&iq/1nn}{ri:gi/1nv}{ji:ji/1vn}{rjua:juaq/1nn}{kkut:pkut/tn-via-p-1s},False,False,False,False,False,
hansard,illulirinirmut,{illu:iglu/1n}{liri:liri/1nv}{nir:niq/2vn}{mut:mut/tn-dat-s},False,{illu:iglu/1n}{liri:liri/1nv}{nir:niq/2vn}{mut:mut/tn-dat-s};{illu:iglu/1n}{li:&iq/1nn}{ri:gi/1nv}{nir:niq/2vn}{mut:mut/tn-dat-s},False,False,False,False,False,
hansard,illumi,{illu:iglu/1n}{mi:mi/tn-loc-s},False,{illu:ibluk/1v}{mi:miik/1vn};{illu:ibluk/2v}{mi:miik/1vn};{illu:iglu/1n}{mi:mi/tn-loc-s};{illu:iglu/1n}{mi:mi/tn-gen-s-3s};{illu:iglu/1n}{mi:mi/tn-gen-p-3s};{illu:iglu/1n}{mi:mik/tn-acc-s};{illu:iglu/1n}{mi:mik/tn-gen-s-3d};{illu:iglu/1n}{mi:mik/tn-gen-p-3d};{illu:iglu/1n}{mi:mik/tn-gen-s-3p};{illu:iglu/1n}{mi:mik/tn-gen-p-3p};{illu:iglu/1n}{mi:mit/tn-abl-s},False,False,False,False,False,
hansard,illumik,{illu:iglu/1n}{mik:mik/tn-acc-s},False,{illu:iglu/1n}{mik:mik/tn-acc-s};{illu:iglu/1n}{mik:mik/tn-gen-s-3d};{illu:iglu/1n}{mik:mik/tn-gen-p-3d};{illu:iglu/1n}{mik:mik/tn-gen-s-3p};{illu:iglu/1n}{mik:mik/tn-gen-p-3p},False,False,False,False,False,
hansard,illumut,{illu:iglu/1n}{mut:mut/tn-dat-s},False,{illu:iglu/1n}{mut:mut/tn-dat-s},False,False,False,False,False,
hansard,illuni,{illu:iglu/1n}{ni:ni/tn-loc-p},False,{illu:iglu/1n}{ni:ni/tn-loc-p};{illu:iglu/1n}{ni:ni/tn-nom-s-3s};{illu:iglu/1n}{ni:ni/tn-nom-p-3s};{illu:iglu/1n}{ni:ngni/tn-loc-s-2s};{illu:iglu/1n}{ni:ngni/tn-loc-p-2s};{illu:iglu/1n}{ni:mni/tn-loc-s-1s};{illu:iglu/1n}{ni:mni/tn-loc-p-1s};{illu:ibluk/1v}{ni:niq/2vn};{illu:ibluk/2v}{ni:niq/2vn};{illu:iglu/1n}{ni:nik/tn-acc-p};{illu:iglu/1n}{ni:nit/tn-abl-p};{illu:iglu/1n}{ni:ngnik/tn-acc-s-2s};{illu:iglu/1n}{ni:ngnik/tn-acc-p-2s};{illu:iglu/1n}{ni:ngnit/tn-abl-s-2s};{illu:iglu/1n}{ni:ngnit/tn-abl-p-2s};{illu:iglu/1n}{ni:mnik/tn-acc-s-1s};{illu:iglu/1n}{ni:mnik/tn-acc-p-1s};{illu:iglu/1n}{ni:mnit/tn-abl-s-1s};{illu:iglu/1n}{ni:mnit/tn-abl-p-1s},False,False,False,False,False,
hansard,illunik,{illu:iglu/1n}{nik:nik/tn-acc-p},False,{illu:iglu/1n}{nik:nik/tn-acc-p};{illu:iglu/1n}{nik:ngnik/tn-acc-s-2s};{illu:iglu/1n}{nik:ngnik/tn-acc-p-2s};{illu:iglu/1n}{nik:mnik/tn-acc-s-1s};{illu:iglu/1n}{nik:mnik/tn-acc-p-1s},False,False,False,False,False,
hansard,illunut,{illu:iglu/1n}{nut:nut/tn-dat-p},False,{illu:iglu/1n}{nut:nut/tn-dat-p};{illu:iglu/1n}{nut:ngnut/tn-dat-s-2s};{illu:iglu/1n}{nut:ngnut/tn-dat-p-2s};{illu:iglu/1n}{nut:mnut/tn-dat-s-1s};{illu:iglu/1n}{nut:mnut/tn-dat-p-1s},False,False,False,False,False,
hansard,iluagut,{ilu:ilu/1n}{agut:ngagut/tn-via-s-4s},False,{ilu:ilu/1n}{agut:ngagut/tn-via-s-4s},False,False,False,False,False,
hansard,iluani,{ilu:ilu/1n}{ani:ngani/tn-loc-s-4s},False,{ilu:ilu/1n}{ani:ngani/tn-loc-s-4s};{ilu:ilu/1n}{ani:nganik/tn-acc-s-4s};{ilu:ilu/1n}{ani:nganit/tn-abl-s-4s},False,False,False,False,False,
hansard,ilulingit,{ilu:ilu/1n}{li:lik/1nn}{ngit:ngit/tn-nom-p-4s},False,{ilu:ilut/1n}{li:lik/1nn}{ngit:ngit/tn-nom-p-4s};{ilu:ilut/1n}{li:lik/1nn}{ngit:ngik/tn-nom-p-4d};{ilu:ilut/1n}{li:lik/1nn}{ngit:ngit/tn-nom-p-4p};{ilu:ilu/1n}{li:lik/1nn}{ngit:ngit/tn-nom-p-4s};{ilu:ilu/1n}{li:lik/1nn}{ngit:ngik/tn-nom-p-4d};{ilu:ilu/1n}{li:lik/1nn}{ngit:ngit/tn-nom-p-4p},False,False,False,False,False,
hansard,ilulingita,{ilu:ilu/1n}{li:lik/1nn}{ngita:ngita/tn-gen-p-4s},False,{ilu:ilut/1n}{li:lik/1nn}{ngita:ngita/tn-gen-p-4s};{ilu:ilut/1n}{li:lik/1nn}{ngita:ngita/tn-gen-p-4d};{ilu:ilut/1n}{li:lik/1nn}{ngita:ngita/tn-gen-p-4p};{ilu:ilut/1n}{li:lik/1nn}{ngi:it/2nv}{ta:ta/tv-imp-1p};{ilu:ilut/1n}{li:lik/1nn}{ngi:iq/1nv}{ta:ta/tv-imp-1p};{ilu:ilut/1n}{li:li/3nv}{ngi:iq/2vv}{ta:ta/tv-imp-1p};{ilu:ilut/1n}{li:lik/2nv}{ngi:iq/2vv}{ta:ta/tv-imp-1p};{ilu:ilut/1n}{li:lik/3nv}{ngi:iq/2vv}{ta:ta/tv-imp-1p};{ilu:ilut/1n}{li:liq/3nv}{ngi:iq/2vv}{ta:ta/tv-imp-1p};{ilu:ilu/1n}{li:lik/1nn}{ngita:ngita/tn-gen-p-4s};{ilu:ilu/1n}{li:lik/1nn}{ngita:ngita/tn-gen-p-4d};{ilu:ilu/1n}{li:lik/1nn}{ngita:ngita/tn-gen-p-4p};{ilu:ilu/1n}{li:lik/1nn}{ngi:it/2nv}{ta:ta/tv-imp-1p};{ilu:ilu/1n}{li:lik/1nn}{ngi:iq/1nv}{ta:ta/tv-imp-1p};{ilu:ilu/1n}{li:li/3nv}{ngi:iq/2vv}{ta:ta/tv-imp-1p};{ilu:ilu/1n}{li:lik/2nv}{ngi:iq/2vv}{ta:ta/tv-imp-1p};{ilu:ilu/1n}{li:lik/3nv}{ngi:iq/2vv}{ta:ta/tv-imp-1p};{ilu:ilu/1n}{li:liq/3nv}{ngi:iq/2vv}{ta:ta/tv-imp-1p};{ilu:ilu/1n}{li:liq/2nv}{ngi:iq/2vv}{ta:ta/tv-imp-1p};{ilu:ilut/1n}{li:lik/1nn}{ngi:it/2nv}{ta:jaq/1vn};{ilu:ilut/1n}{li:lik/1nn}{ngi:iq/1nv}{ta:jaq/1vn};{ilu:ilut/1n}{li:li/3nv}{ngi:iq/2vv}{ta:jaq/1vn};{ilu:ilut/1n}{li:lik/2nv}{ngi:iq/2vv}{ta:jaq/1vn};{ilu:ilut/1n}{li:lik/3nv}{ngi:iq/2vv}{ta:jaq/1vn};{ilu:ilut/1n}{li:liq/3nv}{ngi:iq/2vv}{ta:jaq/1vn};{ilu:ilu/1n}{li:lik/1nn}{ngi:it/2nv}{ta:jaq/1vn};{ilu:ilu/1n}{li:lik/1nn}{ngi:iq/1nv}{ta:jaq/1vn};{ilu:ilu/1n}{li:li/3nv}{ngi:iq/2vv}{ta:jaq/1vn};{ilu:ilu/1n}{li:lik/2nv}{ngi:iq/2vv}{ta:jaq/1vn};{ilu:ilu/1n}{li:lik/3nv}{ngi:iq/2vv}{ta:jaq/1vn};{ilu:ilu/1n}{li:liq/3nv}{ngi:iq/2vv}{ta:jaq/1vn};{ilu:ilu/1n}{li:liq/2nv}{ngi:iq/2vv}{ta:jaq/1vn},False,False,False,False,False,
hansard,iluunnatik,{iluunnatik:iluunnatik/1p},False,{iluunnatik:iluunnatik/1p};{iluunna:iluunna/1p}{tik:tik/tn-nom-p-3p};{ilu:ilut/1n}{u:u/1nv}{nna:naq/2vn}{tik:tik/tn-nom-s-2d};{ilu:ilut/1n}{u:u/1nv}{nna:naq/2vn}{tik:tik/tn-nom-p-2d};{ilu:ilut/1n}{u:u/1nv}{nna:naq/2vn}{tik:tik/tn-nom-s-3d};{ilu:ilut/1n}{u:u/1nv}{nna:naq/2vn}{tik:tik/tn-nom-p-3d};{ilu:ilut/1n}{u:u/1nv}{nna:naq/2vn}{tik:tik/tn-nom-s-3p};{ilu:ilut/1n}{u:u/1nv}{nna:naq/2vn}{tik:tik/tn-nom-p-3p};{ilu:ilu/1n}{u:u/1nv}{nna:naq/2vn}{tik:tik/tn-nom-s-2d};{ilu:ilu/1n}{u:u/1nv}{nna:naq/2vn}{tik:tik/tn-nom-p-2d};{ilu:ilu/1n}{u:u/1nv}{nna:naq/2vn}{tik:tik/tn-nom-s-3d};{ilu:ilu/1n}{u:u/1nv}{nna:naq/2vn}{tik:tik/tn-nom-p-3d};{ilu:ilu/1n}{u:u/1nv}{nna:naq/2vn}{tik:tik/tn-nom-s-3p};{ilu:ilu/1n}{u:u/1nv}{nna:naq/2vn}{tik:tik/tn-nom-p-3p},False,False,False,False,False,
hansard,imaak,{imaak:imaak/1a},False,{imaak:imaak/1a};{ima:imaq/2n}{ak:k/tn-nom-d};{ima:imaq/1n}{ak:k/tn-nom-d};{ima:imaq/2n}{ak:k/tn-gen-d};{ima:imaq/1n}{ak:k/tn-gen-d},False,False,False,False,False,
hansard,imaimmat,{ima:ima/1a}{im:it/3nv}{mat:mat/tv-caus-4s},False,{ima:imaq/2n}{im:it/2nv}{mat:mat/tv-caus-4s};{ima:imaq/1n}{im:it/2nv}{mat:mat/tv-caus-4s},False,False,False,False,False,"imaimmat: Frequency = 229, ""whereas"", ""as it is"". It's complicated, as is everything involving adverbs. Spalding has an entry ""imannaittuq"" meaning ""one like this (as shown)"". This word is based on the root ""imanna"", with what I believe is the suffix ""it"", and finally the suffix ""juq/tuq"". Related to it are the word ""imaittuq"", used in South Baffin and East Coast Hudson Bay, and the word ""tamainnaittuq"" (same meaning). ""ima"" would be a form of ""imanna"". There is also an entry ""taimaittuq"" meaning ""it is like that"" or ""one like that (which is shown)"", associated with ""imaittuq"". ""ta"" is a ""prefix"", unique of its kind in Inuktitut, placed before adverbs. It has a specific meaning whose details I no longer remember. There are always pairs of ""X"" and ""taX"", like ""ima"" and ""taima"", ""imanna"" and ""taimanna"". The word ""imaimmat"" is, in my view, the same thing: ima + it + mat, where ""mat"" is a verbal ending [remember that ""juq/tuq"" is both a suffix AND a verbal ending]. I think we should define this word's decomposition as follows: {ima:ima/1a}{im:it/3nv}{mat:mat/tv-caus-4s}, the same way as ""taimaimmat"", which the analyzer does successfully decompose: {taima:taima/1a}{im:it/3nv}{mat:mat/tv-caus-4s}. For now, ""imaimmat"" won't be decomposed because the form ""ima"" isn't known. ""taima"" is an adverb in the database meaning 1) ""so"", ""therefore"" 2) ""That's it! It's finished!"", ""Enough! Stop!"". I suppose we could add the form ""ima"" in parallel to ""taima"", but as I said, adverbs are complicated -- I meant to come back to this after studying it further, but never had the time. (2020-04, BF)"
hansard,imanna,{imanna:imannak/1a},False,{imanna:imannak/1a},False,False,False,False,False,
hansard,imannak,{imannak:imannak/1a},False,{imannak:imannak/1a},False,False,False,False,False,
hansard,immagaa,{immagaa:immaqaa/1a},False,,True,False,False,False,False,
hansard,immaqa,{immaqa:immaqaa/1a},False,,True,False,False,False,False,
hansard,imminik,{imminik:imminik/1a},False,{imminik:imminik/1a},False,False,False,False,False,
hansard,ing,,True,,False,False,False,False,True,Ng
hansard,ingirrajulirijikkunnut,{ingirra:ingirra/1v}{ju:juq/1vn}{liri:liri/1nv}{ji:ji/1vn}{kkun:kkut/1nn}{nut:nut/tn-dat-p},False,{ingirra:ingirra/1v}{ju:juq/1vn}{liri:liri/1nv}{ji:ji/1vn}{kkun:kkut/1nn}{nut:nut/tn-dat-p},False,False,False,False,False,
hansard,ingirrajulirijikkut,{ingirra:ingirra/1v}{ju:juq/1vn}{liri:liri/1nv}{ji:ji/1vn}{kkut:kkut/1nn},False,{ingirra:ingirra/1v}{ju:juq/1vn}{liri:liri/1nv}{ji:ji/1vn}{kkut:kkut/1nn};{ingirra:ingirra/1v}{ju:juq/1vn}{liri:liri/1nv}{ji:ji/1vn}{kkut:kkut/tn-via-s};{ingirra:ingirra/1v}{ju:juq/1vn}{liri:liri/1nv}{ji:ji/1vn}{kkut:kkut/tn-via-s-2s};{ingirra:ingirra/1v}{ju:juq/1vn}{liri:liri/1nv}{ji:ji/1vn}{kkut:pkut/tn-via-s-1s};{ingirra:ingirra/1v}{ju:juq/1vn}{liri:liri/1nv}{ji:ji/1vn}{kkut:pkut/tn-via-p-1s},False,False,False,False,False,
hansard,ingirrajulirinirmut,{ingirra:ingirra/1v}{ju:juq/1vn}{liri:liri/1nv}{nir:niq/2vn}{mut:mut/tn-dat-s},False,{ingirra:ingirra/1v}{ju:juq/1vn}{liri:liri/1nv}{nir:niq/2vn}{mut:mut/tn-dat-s},False,False,False,False,False,
hansard,innatuqait,{inna:innaq/1n}{tuqa:tuqaq/1nn}{it:it/tn-nom-p},False,{inna:ingnaq/1n}{tuqa:tuqaq/1nn}{it:it/tn-nom-p};{inna:ingnaq/1n}{tuqa:tuqaq/1nn}{it:it/tn-gen-p};{inna:ingnaq/1n}{tuqa:tuqaq/1nn}{it:it/tn-nom-s-2s};{inna:innaq/1n}{tuqa:tuqaq/1nn}{it:it/tn-nom-p};{inna:innaq/1n}{tuqa:tuqaq/1nn}{it:it/tn-gen-p};{inna:innaq/1n}{tuqa:tuqaq/1nn}{it:it/tn-nom-s-2s},False,False,False,False,False,
hansard,innatuqarnik,{inna:innaq/1n}{tuqar:tuqaq/1nn}{nik:nik/tn-acc-p},False,{inna:ingnaq/1n}{tuqar:tuqaq/1nn}{nik:nik/tn-acc-p};{inna:ingnaq/1n}{tuqar:tuqaq/1nn}{nik:ngnik/tn-acc-s-2s};{inna:innaq/1n}{tuqar:tuqaq/1nn}{nik:nik/tn-acc-p};{inna:innaq/1n}{tuqar:tuqaq/1nn}{nik:ngnik/tn-acc-s-2s},False,False,False,False,False,
hansard,innatuqarnut,{inna:innaq/1n}{tuqar:tuqaq/1nn}{nut:nut/tn-dat-p},False,{inna:ingnaq/1n}{tuqar:tuqaq/1nn}{nut:nut/tn-dat-p};{inna:ingnaq/1n}{tuqar:tuqaq/1nn}{nut:ngnut/tn-dat-s-2s};{inna:innaq/1n}{tuqar:tuqaq/1nn}{nut:nut/tn-dat-p};{inna:innaq/1n}{tuqar:tuqaq/1nn}{nut:ngnut/tn-dat-s-2s},False,False,False,False,False,
hansard,innirvik,[decomposition:/innirvik(innirvik)/],False,,False,False,False,False,True,
hansard,inuinnaqtun,[decomposition:/inuinnaqtun(inuinnaqtun)/],False,,False,False,False,True,False,"inuinnaqtun: This is the name of the dialect spoken in western Nunavut. It breaks down as inu + innaq + tun, where 'tun' corresponds to the 'tut' used elsewhere; it's common to find 'n' at the end of words instead of 't'. This word is the base for several other words. I'm not sure yet what to do with this word: add it as-is to the database, but under what part of speech? It's not a noun, it's not a verb. Maybe in the CommonCompositeWords.csv file, with 'inuinnaqtut' in the 'morpheme' field and 'inuinnaqtun' in the 'variant' field; worth trying. For now, tagging it as decomposition unknown. (2020-04, BF)"
hansard,inuit,{inu:inuk/1n}{it:it/tn-nom-p},False,{inu:inuk/1n}{it:it/tn-nom-p};{inu:inuk/1n}{it:it/tn-gen-p};{inu:inuk/1n}{it:it/tn-nom-s-2s},False,False,False,False,False,
hansard,inuk,{inuk:inuk/1n},False,{inuk:inuk/1n},False,False,False,False,False,
hansard,inuki,[decomposition:/inuki(inuki)/],False,,False,False,False,False,True,
hansard,inuktitut,{inuk:inuk/1n}{titut:titut/tn-sim-p},False,{inuk:inuk/1n}{titut:titut/tn-sim-p};{inu:inuk/1n}{ktitut:ktut/tn-sim-p-2s};{inuk:inuk/1n}{ti:&iq/1nn}{tut:tut/tn-sim-s};{inuk:inuk/1n}{ti:&iq/1nn}{tut:ktut/tn-sim-s-2s};{inuk:inuk/1n}{ti:&iq/1nn}{tut:ktut/tn-sim-p-2s};{inuk:inuk/1n}{ti:&iq/1nn}{tut:ptut/tn-sim-s-1s};{inuk:inuk/1n}{ti:&iq/1nn}{tut:ptut/tn-sim-p-1s},False,False,False,False,False,
hansard,inulimaanut,{inu:inuk/1n}{limaa:limaaq/1nn}{nut:nut/tn-dat-p},False,{inu:inuk/1n}{limaa:limaaq/1nn}{nut:nut/tn-dat-p};{inu:inuk/1n}{lima:limaaq/1nn}{anut:nganut/tn-dat-s-4s},False,False,False,False,False,
hansard,inulirijikkullu,{inu:inuk/1n}{liri:liri/1nv}{ji:ji/1vn}{kkul:kkut/1nn}{lu:lu/1q},False,{inuliriji:inuliriji/1n}{kkul:kkut/1nn}{lu:lu/1q};{inuliriji:inuliriji/1n}{kkul:kkut/tn-via-s}{lu:lu/1q};{inuliriji:inuliriji/1n}{kkul:kkut/tn-via-s-2s}{lu:lu/1q};{inuliriji:inuliriji/1n}{kkul:pkut/tn-via-s-1s}{lu:lu/1q};{inuliriji:inuliriji/1n}{kkul:pkut/tn-via-p-1s}{lu:lu/1q};{inu:inuk/1n}{liri:liri/1nv}{ji:ji/1vn}{kkul:kkut/1nn}{lu:lu/1q};{inu:inuk/1n}{liri:liri/1nv}{ji:ji/1vn}{kkul:kkut/tn-via-s}{lu:lu/1q};{inu:inuk/1n}{liri:liri/1nv}{ji:ji/1vn}{kkul:kkut/tn-via-s-2s}{lu:lu/1q};{inu:inuk/1n}{liri:liri/1nv}{ji:ji/1vn}{kkul:pkut/tn-via-s-1s}{lu:lu/1q};{inu:inuk/1n}{liri:liri/1nv}{ji:ji/1vn}{kkul:pkut/tn-via-p-1s}{lu:lu/1q},False,False,False,False,False,
hansard,inulirijikkunnut,{inu:inuk/1n}{liri:liri/1nv}{ji:ji/1vn}{kkun:kkut/1nn}{nut:nut/tn-dat-p},False,{inuliriji:inuliriji/1n}{kkun:kkut/1nn}{nut:nut/tn-dat-p};{inu:inuk/1n}{liri:liri/1nv}{ji:ji/1vn}{kkun:kkut/1nn}{nut:nut/tn-dat-p},False,False,False,False,False,
hansard,inulirijikkut,{inu:inuk/1n}{liri:liri/1nv}{ji:ji/1vn}{kkut:kkut/1nn},False,{inuliriji:inuliriji/1n}{kkut:kkut/1nn};{inuliriji:inuliriji/1n}{kkut:kkut/tn-via-s};{inuliriji:inuliriji/1n}{kkut:kkut/tn-via-s-2s};{inuliriji:inuliriji/1n}{kkut:pkut/tn-via-s-1s};{inuliriji:inuliriji/1n}{kkut:pkut/tn-via-p-1s};{inu:inuk/1n}{liri:liri/1nv}{ji:ji/1vn}{kkut:kkut/1nn};{inu:inuk/1n}{liri:liri/1nv}{ji:ji/1vn}{kkut:kkut/tn-via-s};{inu:inuk/1n}{liri:liri/1nv}{ji:ji/1vn}{kkut:kkut/tn-via-s-2s};{inu:inuk/1n}{liri:liri/1nv}{ji:ji/1vn}{kkut:pkut/tn-via-s-1s};{inu:inuk/1n}{liri:liri/1nv}{ji:ji/1vn}{kkut:pkut/tn-via-p-1s},False,False,False,False,False,
hansard,inulirinirmut,{inu:inuk/1n}{liri:liri/1nv}{nir:niq/2vn}{mut:mut/tn-dat-s},False,{inu:inuk/1n}{liri:liri/1nv}{nir:niq/2vn}{mut:mut/tn-dat-s},False,False,False,False,False,
hansard,inunginnut,{inu:inuk/1n}{nginnut:nginnut/tn-dat-p-4s},False,{inu:inuk/1n}{nginnut:nginnut/tn-dat-p-4s};{inu:inuk/1n}{nginnut:nginnut/tn-dat-p-4p};{inu:inuk/1n}{nginnut:ngingnut/tn-dat-p-4d},False,False,False,False,False,
hansard,inungit,{inu:inuk/1n}{ngit:ngit/tn-nom-p-4s},False,{inu:inuk/1n}{ngit:ngit/tn-nom-p-4s};{inu:inuk/1n}{ngit:ngik/tn-nom-p-4d};{inu:inuk/1n}{ngit:ngit/tn-nom-p-4p},False,False,False,False,False,
hansard,inungni,{inung:inuk/1n}{ni:ni/tn-loc-p},False,{inung:inuk/1n}{ni:ni/tn-loc-p};{inu:inuk/1n}{ngni:ngni/tn-loc-s-2s};{inu:inuk/1n}{ngni:ngni/tn-loc-p-2s};{inung:inuk/1n}{ni:nik/tn-acc-p};{inung:inuk/1n}{ni:nit/tn-abl-p};{inu:inuk/1n}{ngni:ngnik/tn-acc-s-2s};{inu:inuk/1n}{ngni:ngnik/tn-acc-p-2s};{inu:inuk/1n}{ngni:ngnit/tn-abl-s-2s};{inu:inuk/1n}{ngni:ngnit/tn-abl-p-2s},False,False,False,False,False,
hansard,inungnut,{inung:inuk/1n}{nut:nut/tn-dat-p},False,{inung:inuk/1n}{nut:nut/tn-dat-p};{inu:inuk/1n}{ngnut:ngnut/tn-dat-s-2s};{inu:inuk/1n}{ngnut:ngnut/tn-dat-p-2s},False,False,False,False,False,
hansard,inunni,{inun:inuk/1n}{ni:ni/tn-loc-p},False,{inun:inuk/1n}{ni:ni/tn-loc-p};{inu:inuk/1n}{nni:mni/tn-loc-s-1s};{inu:inuk/1n}{nni:mni/tn-loc-p-1s};{inu:inuk/1n}{nni:ngni/tn-loc-s-2s};{inu:inuk/1n}{nni:ngni/tn-loc-p-2s};{inun:inuk/1n}{ni:nik/tn-acc-p};{inun:inuk/1n}{ni:nit/tn-abl-p};{inu:inuk/1n}{nni:mnik/tn-acc-s-1s};{inu:inuk/1n}{nni:mnik/tn-acc-p-1s};{inu:inuk/1n}{nni:mnit/tn-abl-s-1s};{inu:inuk/1n}{nni:mnit/tn-abl-p-1s};{inu:inuk/1n}{nni:ngnik/tn-acc-s-2s};{inu:inuk/1n}{nni:ngnik/tn-acc-p-2s};{inu:inuk/1n}{nni:ngnit/tn-abl-s-2s};{inu:inuk/1n}{nni:ngnit/tn-abl-p-2s},False,False,False,False,False,
hansard,inunnik,{inun:inuk/1n}{nik:nik/tn-acc-p},False,{inun:inuk/1n}{nik:nik/tn-acc-p};{inu:inuk/1n}{nnik:mnik/tn-acc-s-1s};{inu:inuk/1n}{nnik:mnik/tn-acc-p-1s};{inu:inuk/1n}{nnik:ngnik/tn-acc-s-2s};{inu:inuk/1n}{nnik:ngnik/tn-acc-p-2s},False,False,False,False,False,
hansard,inunnit,{inun:inuk/1n}{nit:nit/tn-abl-p},False,{inun:inuk/1n}{nit:nit/tn-abl-p};{inu:inuk/1n}{nnit:mnit/tn-abl-s-1s};{inu:inuk/1n}{nnit:mnit/tn-abl-p-1s};{inu:inuk/1n}{nnit:ngnit/tn-abl-s-2s};{inu:inuk/1n}{nnit:ngnit/tn-abl-p-2s},False,False,False,False,False,
hansard,inunnu,{inun:inuk/1n}{nu:nut/tn-dat-p},False,{inun:inuk/1n}{nu:nut/tn-dat-p};{inu:inuk/1n}{nnu:mnuk/tn-gen-s-1d};{inu:inuk/1n}{nnu:mnuk/tn-gen-p-1d};{inu:inuk/1n}{nnu:mnut/tn-dat-s-1s};{inu:inuk/1n}{nnu:mnut/tn-dat-p-1s};{inu:inuk/1n}{nnu:ngnut/tn-dat-s-2s};{inu:inuk/1n}{nnu:ngnut/tn-dat-p-2s},False,False,False,False,False,
hansard,inunnut,{inun:inuk/1n}{nut:nut/tn-dat-p},False,{inun:inuk/1n}{nut:nut/tn-dat-p};{inu:inuk/1n}{nnut:mnut/tn-dat-s-1s};{inu:inuk/1n}{nnut:mnut/tn-dat-p-1s};{inu:inuk/1n}{nnut:ngnut/tn-dat-s-2s};{inu:inuk/1n}{nnut:ngnut/tn-dat-p-2s},False,False,False,False,False,
hansard,inuqutivut,{inu:inuk/1n}{quti:quti/1nn}{vut:vut/tn-nom-s-1p},False,{inu:inuk/1n}{quti:quti/1nn}{vut:vut/tn-nom-s-1p};{inu:inuk/1n}{quti:quti/1nn}{vut:vut/tn-nom-p-1p},False,False,False,False,False,
hansard,inuttitut,{inut:inuk/1n}{titut:titut/tn-sim-p},False,{inut:inuk/1n}{titut:titut/tn-sim-p};{inu:inuk/1n}{ttitut:ptut/tn-sim-p-1s};{inu:inuk/1n}{ttitut:ptitut/tn-sim-s-1d};{inu:inuk/1n}{ttitut:ptitut/tn-sim-p-1d};{inu:inuk/1n}{ttitut:ptitut/tn-sim-s-1p};{inu:inuk/1n}{ttitut:ptitut/tn-sim-p-1p};{inu:inuk/1n}{ttitut:ktut/tn-sim-p-2s};{inu:inuk/1n}{ttitut:psiktut/tn-sim-s-2d};{inu:inuk/1n}{ttitut:psiktut/tn-sim-p-2d};{inut:inuk/1n}{ti:&iq/1nn}{tut:tut/tn-sim-s};{inut:inuk/1n}{ti:&iq/1nn}{tut:ktut/tn-sim-s-2s};{inut:inuk/1n}{ti:&iq/1nn}{tut:ktut/tn-sim-p-2s};{inut:inuk/1n}{ti:&iq/1nn}{tut:ptut/tn-sim-s-1s};{inut:inuk/1n}{ti:&iq/1nn}{tut:ptut/tn-sim-p-1s},False,False,False,False,False,
hansard,inutuqait,{inu:inuk/1n}{tuqa:tuqaq/1nn}{it:it/tn-nom-p},False,{inu:inuk/1n}{tuqa:tuqaq/1nn}{it:it/tn-nom-p};{inu:inuk/1n}{tuqa:tuqaq/1nn}{it:it/tn-gen-p};{inu:inuk/1n}{tuqa:tuqaq/1nn}{it:it/tn-nom-s-2s},False,False,False,False,False,
hansard,inuusilirijikkunullu,{inu:inuk/1n}{u:u/1nv}{si:siq/2vn}{liri:liri/1nv}{ji:ji/1vn}{kku:kkut/1nn}{nul:nut/tn-dat-p}{lu:lu/1q},False,{inuusi:inuusiq/1n}{liri:liri/1nv}{ji:ji/1vn}{kku:kkut/1nn}{nul:nut/tn-dat-p}{lu:lu/1q};{inuu:inuuq/1v}{si:siq/2vn}{liri:liri/1nv}{ji:ji/1vn}{kku:kkut/1nn}{nul:nut/tn-dat-p}{lu:lu/1q};{inuu:inuu/1v}{si:siq/2vn}{liri:liri/1nv}{ji:ji/1vn}{kku:kkut/1nn}{nul:nut/tn-dat-p}{lu:lu/1q};{inu:inuk/1n}{u:u/1nv}{si:siq/2vn}{liri:liri/1nv}{ji:ji/1vn}{kku:kkut/1nn}{nul:nut/tn-dat-p}{lu:lu/1q},False,False,False,False,False,
hansard,ippaksaq,{ippaksaq:ikpaksaq/1a},False,{ippaksaq:ikpaksaq/1a};{ippa:ikpat/1n}{ksaq:ksaq/1nn},False,False,False,False,False,
hansard,ippassaq,{ippassaq:ikpaksaq/1a},False,{ippassaq:ikpaksaq/1a};{ippa:ikpat/1n}{ssaq:ksaq/1nn},False,False,False,False,False,
hansard,ippatsaq,{ippatsaq:ikpaksaq/1a},False,{ippatsaq:ikpaksaq/1a};{ippa:ikpat/1n}{tsaq:ksaq/1nn},False,False,False,False,False,
hansard,iqaluit,{iqaluit:iqaluit/1n},False,{iqaluit:iqaluit/1n};{iqalu:iqaluk/2n}{it:it/tn-nom-p};{iqalu:iqaluk/1n}{it:it/tn-nom-p};{iqalu:iqaluit/1n}{it:it/tn-nom-p};{iqalu:iqaluk/2n}{it:it/tn-gen-p};{iqalu:iqaluk/1n}{it:it/tn-gen-p};{iqalu:iqaluit/1n}{it:it/tn-gen-p};{iqalu:iqaluk/2n}{it:it/tn-nom-s-2s};{iqalu:iqaluk/1n}{it:it/tn-nom-s-2s};{iqalu:iqaluit/1n}{it:it/tn-nom-s-2s},False,False,False,False,False,
hansard,iqalungni,{iqalung:iqaluk/2n}{ni:ni/tn-loc-p},False,{iqalung:iqaluk/2n}{ni:ni/tn-loc-p};{iqalung:iqaluk/1n}{ni:ni/tn-loc-p};{iqalung:iqaluit/1n}{ni:ni/tn-loc-p};{iqalu:iqaluk/2n}{ngni:ngni/tn-loc-s-2s};{iqalu:iqaluk/1n}{ngni:ngni/tn-loc-s-2s};{iqalu:iqaluit/1n}{ngni:ngni/tn-loc-s-2s};{iqalu:iqaluk/2n}{ngni:ngni/tn-loc-p-2s};{iqalu:iqaluk/1n}{ngni:ngni/tn-loc-p-2s};{iqalu:iqaluit/1n}{ngni:ngni/tn-loc-p-2s};{iqalung:iqaluk/2n}{ni:nik/tn-acc-p};{iqalung:iqaluk/1n}{ni:nik/tn-acc-p};{iqalung:iqaluit/1n}{ni:nik/tn-acc-p};{iqalung:iqaluk/2n}{ni:nit/tn-abl-p};{iqalung:iqaluk/1n}{ni:nit/tn-abl-p};{iqalung:iqaluit/1n}{ni:nit/tn-abl-p};{iqalu:iqaluk/2n}{ngni:ngnik/tn-acc-s-2s};{iqalu:iqaluk/1n}{ngni:ngnik/tn-acc-s-2s};{iqalu:iqaluit/1n}{ngni:ngnik/tn-acc-s-2s};{iqalu:iqaluk/2n}{ngni:ngnik/tn-acc-p-2s};{iqalu:iqaluk/1n}{ngni:ngnik/tn-acc-p-2s};{iqalu:iqaluit/1n}{ngni:ngnik/tn-acc-p-2s};{iqalu:iqaluk/2n}{ngni:ngnit/tn-abl-s-2s};{iqalu:iqaluk/1n}{ngni:ngnit/tn-abl-s-2s};{iqalu:iqaluit/1n}{ngni:ngnit/tn-abl-s-2s};{iqalu:iqaluk/2n}{ngni:ngnit/tn-abl-p-2s};{iqalu:iqaluk/1n}{ngni:ngnit/tn-abl-p-2s};{iqalu:iqaluit/1n}{ngni:ngnit/tn-abl-p-2s};{iqa:iqqaq/1v}{lung:luk/3vv}{ni:niq/2vn};{iqa:iqa/1v}{lung:luk/3vv}{ni:niq/2vn},False,False,False,False,False,
hansard,iqalunni,{iqalun:iqaluk/2n}{ni:ni/tn-loc-p},False,{iqalun:iqaluk/2n}{ni:ni/tn-loc-p};{iqalun:iqaluk/1n}{ni:ni/tn-loc-p};{iqalun:iqaluit/1n}{ni:ni/tn-loc-p};{iqalu:iqaluk/2n}{nni:mni/tn-loc-s-1s};{iqalu:iqaluk/1n}{nni:mni/tn-loc-s-1s};{iqalu:iqaluit/1n}{nni:mni/tn-loc-s-1s};{iqalu:iqaluk/2n}{nni:mni/tn-loc-p-1s};{iqalu:iqaluk/1n}{nni:mni/tn-loc-p-1s};{iqalu:iqaluit/1n}{nni:mni/tn-loc-p-1s};{iqalu:iqaluk/2n}{nni:ngni/tn-loc-s-2s};{iqalu:iqaluk/1n}{nni:ngni/tn-loc-s-2s};{iqalu:iqaluit/1n}{nni:ngni/tn-loc-s-2s};{iqalu:iqaluk/2n}{nni:ngni/tn-loc-p-2s};{iqalu:iqaluk/1n}{nni:ngni/tn-loc-p-2s};{iqalu:iqaluit/1n}{nni:ngni/tn-loc-p-2s};{iqalun:iqaluk/2n}{ni:nik/tn-acc-p};{iqalun:iqaluk/1n}{ni:nik/tn-acc-p};{iqalun:iqaluit/1n}{ni:nik/tn-acc-p};{iqalun:iqaluk/2n}{ni:nit/tn-abl-p};{iqalun:iqaluk/1n}{ni:nit/tn-abl-p};{iqalun:iqaluit/1n}{ni:nit/tn-abl-p};{iqalu:iqaluk/2n}{nni:mnik/tn-acc-s-1s};{iqalu:iqaluk/1n}{nni:mnik/tn-acc-s-1s};{iqalu:iqaluit/1n}{nni:mnik/tn-acc-s-1s};{iqalu:iqaluk/2n}{nni:mnik/tn-acc-p-1s};{iqalu:iqaluk/1n}{nni:mnik/tn-acc-p-1s};{iqalu:iqaluit/1n}{nni:mnik/tn-acc-p-1s};{iqalu:iqaluk/2n}{nni:mnit/tn-abl-s-1s};{iqalu:iqaluk/1n}{nni:mnit/tn-abl-s-1s};{iqalu:iqaluit/1n}{nni:mnit/tn-abl-s-1s};{iqalu:iqaluk/2n}{nni:mnit/tn-abl-p-1s};{iqalu:iqaluk/1n}{nni:mnit/tn-abl-p-1s};{iqalu:iqaluit/1n}{nni:mnit/tn-abl-p-1s};{iqalu:iqaluk/2n}{nni:ngnik/tn-acc-s-2s};{iqalu:iqaluk/1n}{nni:ngnik/tn-acc-s-2s};{iqalu:iqaluit/1n}{nni:ngnik/tn-acc-s-2s};{iqalu:iqaluk/2n}{nni:ngnik/tn-acc-p-2s};{iqalu:iqaluk/1n}{nni:ngnik/tn-acc-p-2s};{iqalu:iqaluit/1n}{nni:ngnik/tn-acc-p-2s};{iqalu:iqaluk/2n}{nni:ngnit/tn-abl-s-2s};{iqalu:iqaluk/1n}{nni:ngnit/tn-abl-s-2s};{iqalu:iqaluit/1n}{nni:ngnit/tn-abl-s-2s};{iqalu:iqaluk/2n}{nni:ngnit/tn-abl-p-2s};{iqalu:iqaluk/1n}{nni:ngnit/tn-abl-p-2s};{iqalu:iqaluit/1n}{nni:ngnit/tn-abl-p-2s};{iqa:iqqaq/1v}{lun:luk/3vv}{ni:niq/2vn};{iqa:iqa/1v}{lun:luk/3vv}{ni:niq/2vn},False,False,False,False,False,
hansard,iqalunnit,{iqalun:iqaluk/2n}{nit:nit/tn-abl-p},False,{iqalun:iqaluk/2n}{nit:nit/tn-abl-p};{iqalun:iqaluk/1n}{nit:nit/tn-abl-p};{iqalun:iqaluit/1n}{nit:nit/tn-abl-p};{iqalu:iqaluk/2n}{nnit:mnit/tn-abl-s-1s};{iqalu:iqaluk/1n}{nnit:mnit/tn-abl-s-1s};{iqalu:iqaluit/1n}{nnit:mnit/tn-abl-s-1s};{iqalu:iqaluk/2n}{nnit:mnit/tn-abl-p-1s};{iqalu:iqaluk/1n}{nnit:mnit/tn-abl-p-1s};{iqalu:iqaluit/1n}{nnit:mnit/tn-abl-p-1s};{iqalu:iqaluk/2n}{nnit:ngnit/tn-abl-s-2s};{iqalu:iqaluk/1n}{nnit:ngnit/tn-abl-s-2s};{iqalu:iqaluit/1n}{nnit:ngnit/tn-abl-s-2s};{iqalu:iqaluk/2n}{nnit:ngnit/tn-abl-p-2s};{iqalu:iqaluk/1n}{nnit:ngnit/tn-abl-p-2s};{iqalu:iqaluit/1n}{nnit:ngnit/tn-abl-p-2s},False,False,False,False,False,
hansard,iqalunnut,{iqalun:iqaluk/2n}{nut:nut/tn-dat-p},False,{iqalun:iqaluk/2n}{nut:nut/tn-dat-p};{iqalun:iqaluk/1n}{nut:nut/tn-dat-p};{iqalun:iqaluit/1n}{nut:nut/tn-dat-p};{iqalu:iqaluk/2n}{nnut:mnut/tn-dat-s-1s};{iqalu:iqaluk/1n}{nnut:mnut/tn-dat-s-1s};{iqalu:iqaluit/1n}{nnut:mnut/tn-dat-s-1s};{iqalu:iqaluk/2n}{nnut:mnut/tn-dat-p-1s};{iqalu:iqaluk/1n}{nnut:mnut/tn-dat-p-1s};{iqalu:iqaluit/1n}{nnut:mnut/tn-dat-p-1s};{iqalu:iqaluk/2n}{nnut:ngnut/tn-dat-s-2s};{iqalu:iqaluk/1n}{nnut:ngnut/tn-dat-s-2s};{iqalu:iqaluit/1n}{nnut:ngnut/tn-dat-s-2s};{iqalu:iqaluk/2n}{nnut:ngnut/tn-dat-p-2s};{iqalu:iqaluk/1n}{nnut:ngnut/tn-dat-p-2s};{iqalu:iqaluit/1n}{nnut:ngnut/tn-dat-p-2s},False,False,False,False,False,
hansard,iqaluttuuttiaq,{iqaluttuuttiaq:iqaluktuutsiaq/1n},False,{iqaluttuuttiaq:iqaluktuutsiaq/1n};{iqalut:iqaluk/2n}{tuut:tuuq/1nn}{tiaq:siaq/1nn};{iqalut:iqaluk/1n}{tuut:tuuq/1nn}{tiaq:siaq/1nn};{iqalut:iqaluit/1n}{tuut:tuuq/1nn}{tiaq:siaq/1nn};{iqalut:iqaluk/2n}{tuu:tuuq/1nn}{ttiaq:tsiaq/2nn};{iqalut:iqaluk/1n}{tuu:tuuq/1nn}{ttiaq:tsiaq/2nn};{iqalut:iqaluit/1n}{tuu:tuuq/1nn}{ttiaq:tsiaq/2nn};{iqalut:iqaluk/2n}{tu:tuq/1nv}{ut:ut/1vn}{tiaq:siaq/1nn};{iqalut:iqaluk/1n}{tu:tuq/1nv}{ut:ut/1vn}{tiaq:siaq/1nn};{iqalu:iqaluk/2n}{ttu:ttuq/1nv}{ut:ut/1vn}{tiaq:siaq/1nn};{iqalu:iqaluk/1n}{ttu:ttuq/1nv}{ut:ut/1vn}{tiaq:siaq/1nn};{iqalu:iqaluk/2n}{ttu:qsuq/1nv}{ut:ut/1vn}{tiaq:siaq/1nn};{iqalu:iqaluk/1n}{ttu:qsuq/1nv}{ut:ut/1vn}{tiaq:siaq/1nn};{iqalu:iqaluit/1n}{ttu:qsuq/1nv}{ut:ut/1vn}{tiaq:siaq/1nn};{iqalut:iqaluk/2n}{tu:tut/tn-sim-s}{ut:uq/2nv}{tiaq:siaq/1vn};{iqalut:iqaluk/1n}{tu:tut/tn-sim-s}{ut:uq/2nv}{tiaq:siaq/1vn};{iqalut:iqaluit/1n}{tu:tut/tn-sim-s}{ut:uq/2nv}{tiaq:siaq/1vn};{iqalu:iqaluk/2n}{ttu:ptut/tn-sim-s-1s}{ut:uq/2nv}{tiaq:siaq/1vn};{iqalu:iqaluk/1n}{ttu:ptut/tn-sim-s-1s}{ut:uq/2nv}{tiaq:siaq/1vn};{iqalu:iqaluit/1n}{ttu:ptut/tn-sim-s-1s}{ut:uq/2nv}{tiaq:siaq/1vn};{iqalu:iqaluk/2n}{ttu:ptut/tn-sim-p-1s}{ut:uq/2nv}{tiaq:siaq/1vn};{iqalu:iqaluk/1n}{ttu:ptut/tn-sim-p-1s}{ut:uq/2nv}{tiaq:siaq/1vn};{iqalu:iqaluit/1n}{ttu:ptut/tn-sim-p-1s}{ut:uq/2nv}{tiaq:siaq/1vn};{iqalu:iqaluk/2n}{ttu:ktut/tn-sim-s-2s}{ut:uq/2nv}{tiaq:siaq/1vn};{iqalu:iqaluk/1n}{ttu:ktut/tn-sim-s-2s}{ut:uq/2nv}{tiaq:siaq/1vn};{iqalu:iqaluit/1n}{ttu:ktut/tn-sim-s-2s}{ut:uq/2nv}{tiaq:siaq/1vn};{iqalu:iqaluk/2n}{ttu:ktut/tn-sim-p-2s}{ut:uq/2nv}{tiaq:siaq/1vn};{iqalu:iqaluk/1n}{ttu:ktut/tn-sim-p-2s}{ut:uq/2nv}{tiaq:siaq/1vn};{iqalu:iqaluit/1n}{ttu:ktut/tn-sim-p-2s}{ut:uq/2nv}{tiaq:siaq/1vn};{iqalut:iqaluk/2n}{tu:tuq/1nv}{ut:uq/3vv}{tiaq:siaq/1vn};{iqalut:iqaluk/1n}{tu:tuq/1nv}{ut:uq/3vv}{tiaq:siaq/1vn};{iqalu:iqaluk/2n}{ttu:ttuq/1nv}{ut:uq/3vv}{tiaq:siaq/1vn};{iqalu:iqaluk/1n}{ttu:ttuq/1nv}{ut:uq/3vv}{tiaq:siaq/1vn};{iqalu:iqaluk/2n}{ttu:qsuq/1nv}{ut:uq/3vv}{tiaq:siaq/1vn};{iqalu:iqaluk/1n}{ttu:qsuq/1nv}{ut:uq/3vv}{tiaq:siaq/1vn};{iqalu:iqaluit/1n}{ttu:qsuq/1nv}{ut:uq/3vv}{tiaq:siaq/1vn};{iqalut:iqaluk/2n}{tu:tuq/1nv}{u:ut/1vn}{ttiaq:tsiaq/2nn};{iqalut:iqaluk/1n}{tu:tuq/1nv}{u:ut/1vn}{ttiaq:tsiaq/2nn};{iqalu:iqaluk/2n}{ttu:ttuq/1nv}{u:ut/1vn}{ttiaq:tsiaq/2nn};{iqalu:iqaluk/1n}{ttu:ttuq/1nv}{u:ut/1vn}{ttiaq:tsiaq/2nn};{iqalu:iqaluk/2n}{ttu:qsuq/1nv}{u:ut/1vn}{ttiaq:tsiaq/2nn};{iqalu:iqaluk/1n}{ttu:qsuq/1nv}{u:ut/1vn}{ttiaq:tsiaq/2nn};{iqalu:iqaluit/1n}{ttu:qsuq/1nv}{u:ut/1vn}{ttiaq:tsiaq/2nn};{iqa:iqqaq/1v}{lut:luk/3vv}{tu:juq/1vn}{ut:ut/2nn}{tiaq:siaq/1nn};{iqa:iqqaq/1v}{lut:luk/3vv}{tu:tuq/1vv}{ut:ut/1vn}{tiaq:siaq/1nn};{iqa:iqqaq/1v}{lut:luk/3vv}{tu:suq/1vv}{ut:ut/1vn}{tiaq:siaq/1nn};{iqa:iqqaq/1v}{lut:luk/3vv}{tu:tuq/1vv}{ut:uq/3vv}{tiaq:siaq/1vn};{iqa:iqqaq/1v}{lut:luk/3vv}{tu:suq/1vv}{ut:uq/3vv}{tiaq:siaq/1vn};{iqa:iqqaq/1v}{lut:luk/3vv}{tu:juq/1vn}{u:ut/2nn}{ttiaq:tsiaq/2nn};{iqa:iqqaq/1v}{lut:luk/3vv}{tu:tuq/1vv}{u:ut/1vn}{ttiaq:tsiaq/2nn};{iqa:iqqaq/1v}{lut:luk/3vv}{tu:suq/1vv}{u:ut/1vn}{ttiaq:tsiaq/2nn};{iqa:iqa/1v}{lut:luk/3vv}{tu:juq/1vn}{ut:ut/2nn}{tiaq:siaq/1nn};{iqa:iqa/1v}{lut:luk/3vv}{tu:tuq/1vv}{ut:ut/1vn}{tiaq:siaq/1nn};{iqa:iqa/1v}{lut:luk/3vv}{tu:suq/1vv}{ut:ut/1vn}{tiaq:siaq/1nn};{iqa:iqa/1v}{lut:luk/3vv}{tu:tuq/1vv}{ut:uq/3vv}{tiaq:siaq/1vn};{iqa:iqa/1v}{lut:luk/3vv}{tu:suq/1vv}{ut:uq/3vv}{tiaq:siaq/1vn};{iqa:iqa/1v}{lut:luk/3vv}{tu:juq/1vn}{u:ut/2nn}{ttiaq:tsiaq/2nn};{iqa:iqa/1v}{lut:luk/3vv}{tu:tuq/1vv}{u:ut/1vn}{ttiaq:tsiaq/2nn};{iqa:iqa/1v}{lut:luk/3vv}{tu:suq/1vv}{u:ut/1vn}{ttiaq:tsiaq/2nn},False,False,False,False,False,
hansard,iqittuq,[decomposition:/iqittuq(iqittuq)/],False,,False,False,False,False,True,
hansard,iqqanaijaat,{iqqanaijaa:iqqanaijaaq/1n}{t:it/tn-nom-p},False,{iqqanaijaa:iqqanaijaaq/1n}{t:it/tn-nom-p};{iqqanaijaa:iqqanaijaaq/1n}{t:it/tn-gen-p};{iqqanaijaa:iqqanaijaaq/1n}{t:it/tn-nom-s-2s},False,False,False,False,False,
hansard,iqqanaijaqtiit,{iqqanaijaq:iqqanaijaq/1v}{ti:ji/1vn}{it:it/tn-nom-p},False,{iqqanaijaq:iqqanaijaq/1v}{ti:ji/1vn}{it:it/tn-nom-p};{iqqanaijaq:iqqanaijaq/1v}{ti:tiq/1vn}{it:it/tn-nom-p};{iqqanaijaq:iqqanaijaq/1v}{ti:ji/1vn}{it:it/tn-gen-p};{iqqanaijaq:iqqanaijaq/1v}{ti:tiq/1vn}{it:it/tn-gen-p};{iqqanaijaq:iqqanaijaq/1v}{ti:ji/1vn}{it:it/tn-nom-s-2s};{iqqanaijaq:iqqanaijaq/1v}{ti:tiq/1vn}{it:it/tn-nom-s-2s};{iqqanai:iqqanaiq/1v}{jaq:jaq/2vv}{ti:ji/1vn}{it:it/tn-nom-p};{iqqanai:iqqanaiq/2v}{jaq:jaq/2vv}{ti:ji/1vn}{it:it/tn-nom-p};{iqqanai:iqqanaiq/1v}{jaq:jaq/2vv}{ti:tiq/1vn}{it:it/tn-nom-p};{iqqanai:iqqanaiq/2v}{jaq:jaq/2vv}{ti:tiq/1vn}{it:it/tn-nom-p};{iqqanai:iqqanaiq/1v}{jaq:jaq/2vv}{ti:ji/1vn}{it:it/tn-gen-p};{iqqanai:iqqanaiq/2v}{jaq:jaq/2vv}{ti:ji/1vn}{it:it/tn-gen-p};{iqqanai:iqqanaiq/1v}{jaq:jaq/2vv}{ti:tiq/1vn}{it:it/tn-gen-p};{iqqanai:iqqanaiq/2v}{jaq:jaq/2vv}{ti:tiq/1vn}{it:it/tn-gen-p};{iqqanai:iqqanaiq/1v}{jaq:jaq/2vv}{ti:ji/1vn}{it:it/tn-nom-s-2s};{iqqanai:iqqanaiq/2v}{jaq:jaq/2vv}{ti:ji/1vn}{it:it/tn-nom-s-2s};{iqqanai:iqqanaiq/1v}{jaq:jaq/2vv}{ti:tiq/1vn}{it:it/tn-nom-s-2s};{iqqanai:iqqanaiq/2v}{jaq:jaq/2vv}{ti:tiq/1vn}{it:it/tn-nom-s-2s};{iqqa:iqqaq/1v}{na:naq/2vn}{ijaq:ijaq/1nv}{ti:ji/1vn}{it:it/tn-nom-p};{iqqa:iqqaq/1v}{na:naq/2vn}{ijaq:ijaq/1nv}{ti:tiq/1vn}{it:it/tn-nom-p};{iqqa:iqqaq/1v}{na:naq/2vn}{ijaq:ijaq/1nv}{ti:ji/1vn}{it:it/tn-gen-p};{iqqa:iqqaq/1v}{na:naq/2vn}{ijaq:ijaq/1nv}{ti:tiq/1vn}{it:it/tn-gen-p};{iqqa:iqqaq/1v}{na:naq/2vn}{ijaq:ijaq/1nv}{ti:ji/1vn}{it:it/tn-nom-s-2s};{iqqa:iqqaq/1v}{na:naq/2vn}{ijaq:ijaq/1nv}{ti:tiq/1vn}{it:it/tn-nom-s-2s};{iqqa:iqqaq/1v}{na:naq/2vn}{i:it/2nv}{jaq:jaq/2vv}{ti:ji/1vn}{it:it/tn-nom-p};{iqqa:iqqaq/1v}{na:naq/2vn}{i:iq/1nv}{jaq:jaq/2vv}{ti:ji/1vn}{it:it/tn-nom-p};{iqqa:iqqaq/1v}{na:naq/1vv}{i:iq/2vv}{jaq:jaq/2vv}{ti:ji/1vn}{it:it/tn-nom-p};{iqqa:iqqaq/1v}{na:naq/2vn}{i:it/2nv}{jaq:jaq/2vv}{ti:tiq/1vn}{it:it/tn-nom-p};{iqqa:iqqaq/1v}{na:naq/2vn}{i:iq/1nv}{jaq:jaq/2vv}{ti:tiq/1vn}{it:it/tn-nom-p};{iqqa:iqqaq/1v}{na:naq/1vv}{i:iq/2vv}{jaq:jaq/2vv}{ti:tiq/1vn}{it:it/tn-nom-p};{iqqa:iqqaq/1v}{na:naq/2vn}{i:it/2nv}{jaq:jaq/2vv}{ti:ji/1vn}{it:it/tn-gen-p};{iqqa:iqqaq/1v}{na:naq/2vn}{i:iq/1nv}{jaq:jaq/2vv}{ti:ji/1vn}{it:it/tn-gen-p};{iqqa:iqqaq/1v}{na:naq/1vv}{i:iq/2vv}{jaq:jaq/2vv}{ti:ji/1vn}{it:it/tn-gen-p};{iqqa:iqqaq/1v}{na:naq/2vn}{i:it/2nv}{jaq:jaq/2vv}{ti:tiq/1vn}{it:it/tn-gen-p};{iqqa:iqqaq/1v}{na:naq/2vn}{i:iq/1nv}{jaq:jaq/2vv}{ti:tiq/1vn}{it:it/tn-gen-p};{iqqa:iqqaq/1v}{na:naq/1vv}{i:iq/2vv}{jaq:jaq/2vv}{ti:tiq/1vn}{it:it/tn-gen-p};{iqqa:iqqaq/1v}{na:naq/2vn}{i:it/2nv}{jaq:jaq/2vv}{ti:ji/1vn}{it:it/tn-nom-s-2s};{iqqa:iqqaq/1v}{na:naq/2vn}{i:iq/1nv}{jaq:jaq/2vv}{ti:ji/1vn}{it:it/tn-nom-s-2s};{iqqa:iqqaq/1v}{na:naq/1vv}{i:iq/2vv}{jaq:jaq/2vv}{ti:ji/1vn}{it:it/tn-nom-s-2s};{iqqa:iqqaq/1v}{na:naq/2vn}{i:it/2nv}{jaq:jaq/2vv}{ti:tiq/1vn}{it:it/tn-nom-s-2s};{iqqa:iqqaq/1v}{na:naq/2vn}{i:iq/1nv}{jaq:jaq/2vv}{ti:tiq/1vn}{it:it/tn-nom-s-2s};{iqqa:iqqaq/1v}{na:naq/1vv}{i:iq/2vv}{jaq:jaq/2vv}{ti:tiq/1vn}{it:it/tn-nom-s-2s},False,False,False,False,False,
hansard,iqqanaijaqtikka,{iqqanaijaq:iqqanaijaq/1v}{ti:ji/1vn}{kka:kka/tn-nom-p-1s},False,{iqqanaijaq:iqqanaijaq/1v}{ti:ji/1vn}{kka:kka/tn-nom-p-1s};{iqqanaijaq:iqqanaijaq/1v}{ti:tiq/1vn}{kka:kka/tn-nom-p-1s};{iqqanaijaq:iqqanaijaq/1v}{ti:ji/1vn}{kka:kka/tn-gen-p-1s};{iqqanaijaq:iqqanaijaq/1v}{ti:tiq/1vn}{kka:kka/tn-gen-p-1s};{iqqanai:iqqanaiq/1v}{jaq:jaq/2vv}{ti:ji/1vn}{kka:kka/tn-nom-p-1s};{iqqanai:iqqanaiq/2v}{jaq:jaq/2vv}{ti:ji/1vn}{kka:kka/tn-nom-p-1s};{iqqanai:iqqanaiq/1v}{jaq:jaq/2vv}{ti:tiq/1vn}{kka:kka/tn-nom-p-1s};{iqqanai:iqqanaiq/2v}{jaq:jaq/2vv}{ti:tiq/1vn}{kka:kka/tn-nom-p-1s};{iqqanai:iqqanaiq/1v}{jaq:jaq/2vv}{ti:ji/1vn}{kka:kka/tn-gen-p-1s};{iqqanai:iqqanaiq/2v}{jaq:jaq/2vv}{ti:ji/1vn}{kka:kka/tn-gen-p-1s};{iqqanai:iqqanaiq/1v}{jaq:jaq/2vv}{ti:tiq/1vn}{kka:kka/tn-gen-p-1s};{iqqanai:iqqanaiq/2v}{jaq:jaq/2vv}{ti:tiq/1vn}{kka:kka/tn-gen-p-1s};{iqqa:iqqaq/1v}{na:naq/2vn}{ijaq:ijaq/1nv}{ti:ji/1vn}{kka:kka/tn-nom-p-1s};{iqqa:iqqaq/1v}{na:naq/2vn}{ijaq:ijaq/1nv}{ti:tiq/1vn}{kka:kka/tn-nom-p-1s};{iqqa:iqqaq/1v}{na:naq/2vn}{ijaq:ijaq/1nv}{ti:ji/1vn}{kka:kka/tn-gen-p-1s};{iqqa:iqqaq/1v}{na:naq/2vn}{ijaq:ijaq/1nv}{ti:tiq/1vn}{kka:kka/tn-gen-p-1s};{iqqa:iqqaq/1v}{na:naq/2vn}{i:it/2nv}{jaq:jaq/2vv}{ti:ji/1vn}{kka:kka/tn-nom-p-1s};{iqqa:iqqaq/1v}{na:naq/2vn}{i:iq/1nv}{jaq:jaq/2vv}{ti:ji/1vn}{kka:kka/tn-nom-p-1s};{iqqa:iqqaq/1v}{na:naq/1vv}{i:iq/2vv}{jaq:jaq/2vv}{ti:ji/1vn}{kka:kka/tn-nom-p-1s};{iqqa:iqqaq/1v}{na:naq/2vn}{i:it/2nv}{jaq:jaq/2vv}{ti:tiq/1vn}{kka:kka/tn-nom-p-1s};{iqqa:iqqaq/1v}{na:naq/2vn}{i:iq/1nv}{jaq:jaq/2vv}{ti:tiq/1vn}{kka:kka/tn-nom-p-1s};{iqqa:iqqaq/1v}{na:naq/1vv}{i:iq/2vv}{jaq:jaq/2vv}{ti:tiq/1vn}{kka:kka/tn-nom-p-1s};{iqqa:iqqaq/1v}{na:naq/2vn}{i:it/2nv}{jaq:jaq/2vv}{ti:ji/1vn}{kka:kka/tn-gen-p-1s};{iqqa:iqqaq/1v}{na:naq/2vn}{i:iq/1nv}{jaq:jaq/2vv}{ti:ji/1vn}{kka:kka/tn-gen-p-1s};{iqqa:iqqaq/1v}{na:naq/1vv}{i:iq/2vv}{jaq:jaq/2vv}{ti:ji/1vn}{kka:kka/tn-gen-p-1s};{iqqa:iqqaq/1v}{na:naq/2vn}{i:it/2nv}{jaq:jaq/2vv}{ti:tiq/1vn}{kka:kka/tn-gen-p-1s};{iqqa:iqqaq/1v}{na:naq/2vn}{i:iq/1nv}{jaq:jaq/2vv}{ti:tiq/1vn}{kka:kka/tn-gen-p-1s};{iqqa:iqqaq/1v}{na:naq/1vv}{i:iq/2vv}{jaq:jaq/2vv}{ti:tiq/1vn}{kka:kka/tn-gen-p-1s};{iqqanaijaq:iqqanaijaq/1v}{ti:tit/1vv}{kka:kkaq/1vn};{iqqanai:iqqanaiq/1v}{jaq:jaq/2vv}{ti:tit/1vv}{kka:kkaq/1vn};{iqqanai:iqqanaiq/2v}{jaq:jaq/2vv}{ti:tit/1vv}{kka:kkaq/1vn};{iqqa:iqqaq/1v}{na:naq/2vn}{ijaq:ijaq/1nv}{ti:tit/1vv}{kka:kkaq/1vn};{iqqa:iqqaq/1v}{na:naq/2vn}{i:it/2nv}{jaq:jaq/2vv}{ti:tit/1vv}{kka:kkaq/1vn};{iqqa:iqqaq/1v}{na:naq/2vn}{i:iq/1nv}{jaq:jaq/2vv}{ti:tit/1vv}{kka:kkaq/1vn};{iqqa:iqqaq/1v}{na:naq/1vv}{i:iq/2vv}{jaq:jaq/2vv}{ti:tit/1vv}{kka:kkaq/1vn},False,False,False,False,False,
hansard,iqqanaijaqtinginnut,{iqqanaijaq:iqqanaijaq/1v}{ti:ji/1vn}{nginnut:nginnut/tn-dat-p-4s},False,{iqqanaijaq:iqqanaijaq/1v}{ti:ji/1vn}{nginnut:nginnut/tn-dat-p-4s};{iqqanaijaq:iqqanaijaq/1v}{ti:tiq/1vn}{nginnut:nginnut/tn-dat-p-4s};{iqqanaijaq:iqqanaijaq/1v}{ti:ji/1vn}{nginnut:nginnut/tn-dat-p-4p};{iqqanaijaq:iqqanaijaq/1v}{ti:tiq/1vn}{nginnut:nginnut/tn-dat-p-4p};{iqqanaijaq:iqqanaijaq/1v}{ti:ji/1vn}{nginnut:ngingnut/tn-dat-p-4d};{iqqanaijaq:iqqanaijaq/1v}{ti:tiq/1vn}{nginnut:ngingnut/tn-dat-p-4d};{iqqanaijaq:iqqanaijaq/1v}{ti:ji/1vn}{ngi:nngiq/1nn}{nnut:mnut/tn-dat-s-1s};{iqqanaijaq:iqqanaijaq/1v}{ti:tiq/1vn}{ngi:nngiq/1nn}{nnut:mnut/tn-dat-s-1s};{iqqanaijaq:iqqanaijaq/1v}{ti:ji/1vn}{ngi:nngiq/1nn}{nnut:mnut/tn-dat-p-1s};{iqqanaijaq:iqqanaijaq/1v}{ti:tiq/1vn}{ngi:nngiq/1nn}{nnut:mnut/tn-dat-p-1s};{iqqanaijaq:iqqanaijaq/1v}{ti:ji/1vn}{ngi:nngiq/1nn}{nnut:ngnut/tn-dat-s-2s};{iqqanaijaq:iqqanaijaq/1v}{ti:tiq/1vn}{ngi:nngiq/1nn}{nnut:ngnut/tn-dat-s-2s};{iqqanaijaq:iqqanaijaq/1v}{ti:ji/1vn}{ngi:nngiq/1nn}{nnut:ngnut/tn-dat-p-2s};{iqqanaijaq:iqqanaijaq/1v}{ti:tiq/1vn}{ngi:nngiq/1nn}{nnut:ngnut/tn-dat-p-2s};{iqqanai:iqqanaiq/1v}{jaq:jaq/2vv}{ti:ji/1vn}{nginnut:nginnut/tn-dat-p-4s};{iqqanai:iqqanaiq/2v}{jaq:jaq/2vv}{ti:ji/1vn}{nginnut:nginnut/tn-dat-p-4s};{iqqanai:iqqanaiq/1v}{jaq:jaq/2vv}{ti:tiq/1vn}{nginnut:nginnut/tn-dat-p-4s};{iqqanai:iqqanaiq/2v}{jaq:jaq/2vv}{ti:tiq/1vn}{nginnut:nginnut/tn-dat-p-4s};{iqqanai:iqqanaiq/1v}{jaq:jaq/2vv}{ti:ji/1vn}{nginnut:nginnut/tn-dat-p-4p};{iqqanai:iqqanaiq/2v}{jaq:jaq/2vv}{ti:ji/1vn}{nginnut:nginnut/tn-dat-p-4p};{iqqanai:iqqanaiq/1v}{jaq:jaq/2vv}{ti:tiq/1vn}{nginnut:nginnut/tn-dat-p-4p};{iqqanai:iqqanaiq/2v}{jaq:jaq/2vv}{ti:tiq/1vn}{nginnut:nginnut/tn-dat-p-4p};{iqqanai:iqqanaiq/1v}{jaq:jaq/2vv}{ti:ji/1vn}{nginnut:ngingnut/tn-dat-p-4d};{iqqanai:iqqanaiq/2v}{jaq:jaq/2vv}{ti:ji/1vn}{nginnut:ngingnut/tn-dat-p-4d};{iqqanai:iqqanaiq/1v}{jaq:jaq/2vv}{ti:tiq/1vn}{nginnut:ngingnut/tn-dat-p-4d};{iqqanai:iqqanaiq/2v}{jaq:jaq/2vv}{ti:tiq/1vn}{nginnut:ngingnut/tn-dat-p-4d};{iqqanai:iqqanaiq/1v}{jaq:jaq/2vv}{ti:ji/1vn}{ngi:nngiq/1nn}{nnut:mnut/tn-dat-s-1s};{iqqanai:iqqanaiq/2v}{jaq:jaq/2vv}{ti:ji/1vn}{ngi:nngiq/1nn}{nnut:mnut/tn-dat-s-1s};{iqqanai:iqqanaiq/1v}{jaq:jaq/2vv}{ti:tiq/1vn}{ngi:nngiq/1nn}{nnut:mnut/tn-dat-s-1s};{iqqanai:iqqanaiq/2v}{jaq:jaq/2vv}{ti:tiq/1vn}{ngi:nngiq/1nn}{nnut:mnut/tn-dat-s-1s};{iqqanai:iqqanaiq/1v}{jaq:jaq/2vv}{ti:ji/1vn}{ngi:nngiq/1nn}{nnut:mnut/tn-dat-p-1s};{iqqanai:iqqanaiq/2v}{jaq:jaq/2vv}{ti:ji/1vn}{ngi:nngiq/1nn}{nnut:mnut/tn-dat-p-1s};{iqqanai:iqqanaiq/1v}{jaq:jaq/2vv}{ti:tiq/1vn}{ngi:nngiq/1nn}{nnut:mnut/tn-dat-p-1s};{iqqanai:iqqanaiq/2v}{jaq:jaq/2vv}{ti:tiq/1vn}{ngi:nngiq/1nn}{nnut:mnut/tn-dat-p-1s};{iqqanai:iqqanaiq/1v}{jaq:jaq/2vv}{ti:ji/1vn}{ngi:nngiq/1nn}{nnut:ngnut/tn-dat-s-2s};{iqqanai:iqqanaiq/2v}{jaq:jaq/2vv}{ti:ji/1vn}{ngi:nngiq/1nn}{nnut:ngnut/tn-dat-s-2s};{iqqanai:iqqanaiq/1v}{jaq:jaq/2vv}{ti:tiq/1vn}{ngi:nngiq/1nn}{nnut:ngnut/tn-dat-s-2s};{iqqanai:iqqanaiq/2v}{jaq:jaq/2vv}{ti:tiq/1vn}{ngi:nngiq/1nn}{nnut:ngnut/tn-dat-s-2s};{iqqanai:iqqanaiq/1v}{jaq:jaq/2vv}{ti:ji/1vn}{ngi:nngiq/1nn}{nnut:ngnut/tn-dat-p-2s};{iqqanai:iqqanaiq/2v}{jaq:jaq/2vv}{ti:ji/1vn}{ngi:nngiq/1nn}{nnut:ngnut/tn-dat-p-2s};{iqqanai:iqqanaiq/1v}{jaq:jaq/2vv}{ti:tiq/1vn}{ngi:nngiq/1nn}{nnut:ngnut/tn-dat-p-2s};{iqqanai:iqqanaiq/2v}{jaq:jaq/2vv}{ti:tiq/1vn}{ngi:nngiq/1nn}{nnut:ngnut/tn-dat-p-2s};{iqqa:iqqaq/1v}{na:naq/2vn}{ijaq:ijaq/1nv}{ti:ji/1vn}{nginnut:nginnut/tn-dat-p-4s};{iqqa:iqqaq/1v}{na:naq/2vn}{ijaq:ijaq/1nv}{ti:tiq/1vn}{nginnut:nginnut/tn-dat-p-4s};{iqqa:iqqaq/1v}{na:naq/2vn}{ijaq:ijaq/1nv}{ti:ji/1vn}{nginnut:nginnut/tn-dat-p-4p};{iqqa:iqqaq/1v}{na:naq/2vn}{ijaq:ijaq/1nv}{ti:tiq/1vn}{nginnut:nginnut/tn-dat-p-4p};{iqqa:iqqaq/1v}{na:naq/2vn}{ijaq:ijaq/1nv}{ti:ji/1vn}{nginnut:ngingnut/tn-dat-p-4d};{iqqa:iqqaq/1v}{na:naq/2vn}{ijaq:ijaq/1nv}{ti:tiq/1vn}{nginnut:ngingnut/tn-dat-p-4d};{iqqa:iqqaq/1v}{na:naq/2vn}{ijaq:ijaq/1nv}{ti:ji/1vn}{ngi:nngiq/1nn}{nnut:mnut/tn-dat-s-1s};{iqqa:iqqaq/1v}{na:naq/2vn}{ijaq:ijaq/1nv}{ti:tiq/1vn}{ngi:nngiq/1nn}{nnut:mnut/tn-dat-s-1s};{iqqa:iqqaq/1v}{na:naq/2vn}{ijaq:ijaq/1nv}{ti:ji/1vn}{ngi:nngiq/1nn}{nnut:mnut/tn-dat-p-1s};{iqqa:iqqaq/1v}{na:naq/2vn}{ijaq:ijaq/1nv}{ti:tiq/1vn}{ngi:nngiq/1nn}{nnut:mnut/tn-dat-p-1s};{iqqa:iqqaq/1v}{na:naq/2vn}{ijaq:ijaq/1nv}{ti:ji/1vn}{ngi:nngiq/1nn}{nnut:ngnut/tn-dat-s-2s};{iqqa:iqqaq/1v}{na:naq/2vn}{ijaq:ijaq/1nv}{ti:tiq/1vn}{ngi:nngiq/1nn}{nnut:ngnut/tn-dat-s-2s};{iqqa:iqqaq/1v}{na:naq/2vn}{ijaq:ijaq/1nv}{ti:ji/1vn}{ngi:nngiq/1nn}{nnut:ngnut/tn-dat-p-2s};{iqqa:iqqaq/1v}{na:naq/2vn}{ijaq:ijaq/1nv}{ti:tiq/1vn}{ngi:nngiq/1nn}{nnut:ngnut/tn-dat-p-2s};{iqqa:iqqaq/1v}{na:naq/2vn}{i:it/2nv}{jaq:jaq/2vv}{ti:ji/1vn}{nginnut:nginnut/tn-dat-p-4s};{iqqa:iqqaq/1v}{na:naq/2vn}{i:iq/1nv}{jaq:jaq/2vv}{ti:ji/1vn}{nginnut:nginnut/tn-dat-p-4s};{iqqa:iqqaq/1v}{na:naq/1vv}{i:iq/2vv}{jaq:jaq/2vv}{ti:ji/1vn}{nginnut:nginnut/tn-dat-p-4s};{iqqa:iqqaq/1v}{na:naq/2vn}{i:it/2nv}{jaq:jaq/2vv}{ti:tiq/1vn}{nginnut:nginnut/tn-dat-p-4s};{iqqa:iqqaq/1v}{na:naq/2vn}{i:iq/1nv}{jaq:jaq/2vv}{ti:tiq/1vn}{nginnut:nginnut/tn-dat-p-4s};{iqqa:iqqaq/1v}{na:naq/1vv}{i:iq/2vv}{jaq:jaq/2vv}{ti:tiq/1vn}{nginnut:nginnut/tn-dat-p-4s};{iqqa:iqqaq/1v}{na:naq/2vn}{i:it/2nv}{jaq:jaq/2vv}{ti:ji/1vn}{nginnut:nginnut/tn-dat-p-4p};{iqqa:iqqaq/1v}{na:naq/2vn}{i:iq/1nv}{jaq:jaq/2vv}{ti:ji/1vn}{nginnut:nginnut/tn-dat-p-4p};{iqqa:iqqaq/1v}{na:naq/1vv}{i:iq/2vv}{jaq:jaq/2vv}{ti:ji/1vn}{nginnut:nginnut/tn-dat-p-4p};{iqqa:iqqaq/1v}{na:naq/2vn}{i:it/2nv}{jaq:jaq/2vv}{ti:tiq/1vn}{nginnut:nginnut/tn-dat-p-4p};{iqqa:iqqaq/1v}{na:naq/2vn}{i:iq/1nv}{jaq:jaq/2vv}{ti:tiq/1vn}{nginnut:nginnut/tn-dat-p-4p};{iqqa:iqqaq/1v}{na:naq/1vv}{i:iq/2vv}{jaq:jaq/2vv}{ti:tiq/1vn}{nginnut:nginnut/tn-dat-p-4p};{iqqa:iqqaq/1v}{na:naq/2vn}{i:it/2nv}{jaq:jaq/2vv}{ti:ji/1vn}{nginnut:ngingnut/tn-dat-p-4d};{iqqa:iqqaq/1v}{na:naq/2vn}{i:iq/1nv}{jaq:jaq/2vv}{ti:ji/1vn}{nginnut:ngingnut/tn-dat-p-4d};{iqqa:iqqaq/1v}{na:naq/1vv}{i:iq/2vv}{jaq:jaq/2vv}{ti:ji/1vn}{nginnut:ngingnut/tn-dat-p-4d};{iqqa:iqqaq/1v}{na:naq/2vn}{i:it/2nv}{jaq:jaq/2vv}{ti:tiq/1vn}{nginnut:ngingnut/tn-dat-p-4d};{iqqa:iqqaq/1v}{na:naq/2vn}{i:iq/1nv}{jaq:jaq/2vv}{ti:tiq/1vn}{nginnut:ngingnut/tn-dat-p-4d};{iqqa:iqqaq/1v}{na:naq/1vv}{i:iq/2vv}{jaq:jaq/2vv}{ti:tiq/1vn}{nginnut:ngingnut/tn-dat-p-4d};{iqqa:iqqaq/1v}{na:naq/2vn}{i:it/2nv}{jaq:jaq/2vv}{ti:ji/1vn}{ngi:nngiq/1nn}{nnut:mnut/tn-dat-s-1s};{iqqa:iqqaq/1v}{na:naq/2vn}{i:iq/1nv}{jaq:jaq/2vv}{ti:ji/1vn}{ngi:nngiq/1nn}{nnut:mnut/tn-dat-s-1s};{iqqa:iqqaq/1v}{na:naq/1vv}{i:iq/2vv}{jaq:jaq/2vv}{ti:ji/1vn}{ngi:nngiq/1nn}{nnut:mnut/tn-dat-s-1s};{iqqa:iqqaq/1v}{na:naq/2vn}{i:it/2nv}{jaq:jaq/2vv}{ti:tiq/1vn}{ngi:nngiq/1nn}{nnut:mnut/tn-dat-s-1s};{iqqa:iqqaq/1v}{na:naq/2vn}{i:iq/1nv}{jaq:jaq/2vv}{ti:tiq/1vn}{ngi:nngiq/1nn}{nnut:mnut/tn-dat-s-1s};{iqqa:iqqaq/1v}{na:naq/1vv}{i:iq/2vv}{jaq:jaq/2vv}{ti:tiq/1vn}{ngi:nngiq/1nn}{nnut:mnut/tn-dat-s-1s};{iqqa:iqqaq/1v}{na:naq/2vn}{i:it/2nv}{jaq:jaq/2vv}{ti:ji/1vn}{ngi:nngiq/1nn}{nnut:mnut/tn-dat-p-1s};{iqqa:iqqaq/1v}{na:naq/2vn}{i:iq/1nv}{jaq:jaq/2vv}{ti:ji/1vn}{ngi:nngiq/1nn}{nnut:mnut/tn-dat-p-1s};{iqqa:iqqaq/1v}{na:naq/1vv}{i:iq/2vv}{jaq:jaq/2vv}{ti:ji/1vn}{ngi:nngiq/1nn}{nnut:mnut/tn-dat-p-1s};{iqqa:iqqaq/1v}{na:naq/2vn}{i:it/2nv}{jaq:jaq/2vv}{ti:tiq/1vn}{ngi:nngiq/1nn}{nnut:mnut/tn-dat-p-1s};{iqqa:iqqaq/1v}{na:naq/2vn}{i:iq/1nv}{jaq:jaq/2vv}{ti:tiq/1vn}{ngi:nngiq/1nn}{nnut:mnut/tn-dat-p-1s};{iqqa:iqqaq/1v}{na:naq/1vv}{i:iq/2vv}{jaq:jaq/2vv}{ti:tiq/1vn}{ngi:nngiq/1nn}{nnut:mnut/tn-dat-p-1s};{iqqa:iqqaq/1v}{na:naq/2vn}{i:it/2nv}{jaq:jaq/2vv}{ti:ji/1vn}{ngi:nngiq/1nn}{nnut:ngnut/tn-dat-s-2s};{iqqa:iqqaq/1v}{na:naq/2vn}{i:iq/1nv}{jaq:jaq/2vv}{ti:ji/1vn}{ngi:nngiq/1nn}{nnut:ngnut/tn-dat-s-2s};{iqqa:iqqaq/1v}{na:naq/1vv}{i:iq/2vv}{jaq:jaq/2vv}{ti:ji/1vn}{ngi:nngiq/1nn}{nnut:ngnut/tn-dat-s-2s};{iqqa:iqqaq/1v}{na:naq/2vn}{i:it/2nv}{jaq:jaq/2vv}{ti:tiq/1vn}{ngi:nngiq/1nn}{nnut:ngnut/tn-dat-s-2s};{iqqa:iqqaq/1v}{na:naq/2vn}{i:iq/1nv}{jaq:jaq/2vv}{ti:tiq/1vn}{ngi:nngiq/1nn}{nnut:ngnut/tn-dat-s-2s};{iqqa:iqqaq/1v}{na:naq/1vv}{i:iq/2vv}{jaq:jaq/2vv}{ti:tiq/1vn}{ngi:nngiq/1nn}{nnut:ngnut/tn-dat-s-2s};{iqqa:iqqaq/1v}{na:naq/2vn}{i:it/2nv}{jaq:jaq/2vv}{ti:ji/1vn}{ngi:nngiq/1nn}{nnut:ngnut/tn-dat-p-2s};{iqqa:iqqaq/1v}{na:naq/2vn}{i:iq/1nv}{jaq:jaq/2vv}{ti:ji/1vn}{ngi:nngiq/1nn}{nnut:ngnut/tn-dat-p-2s};{iqqa:iqqaq/1v}{na:naq/1vv}{i:iq/2vv}{jaq:jaq/2vv}{ti:ji/1vn}{ngi:nngiq/1nn}{nnut:ngnut/tn-dat-p-2s};{iqqa:iqqaq/1v}{na:naq/2vn}{i:it/2nv}{jaq:jaq/2vv}{ti:tiq/1vn}{ngi:nngiq/1nn}{nnut:ngnut/tn-dat-p-2s};{iqqa:iqqaq/1v}{na:naq/2vn}{i:iq/1nv}{jaq:jaq/2vv}{ti:tiq/1vn}{ngi:nngiq/1nn}{nnut:ngnut/tn-dat-p-2s};{iqqa:iqqaq/1v}{na:naq/1vv}{i:iq/2vv}{jaq:jaq/2vv}{ti:tiq/1vn}{ngi:nngiq/1nn}{nnut:ngnut/tn-dat-p-2s},False,False,False,False,False,
hansard,iqqanaijaqtingit,{iqqanaijaq:iqqanaijaq/1v}{ti:ji/1vn}{ngit:ngit/tn-nom-p-4s},False,{iqqanaijaq:iqqanaijaq/1v}{ti:ji/1vn}{ngit:ngit/tn-nom-p-4s};{iqqanaijaq:iqqanaijaq/1v}{ti:tiq/1vn}{ngit:ngit/tn-nom-p-4s};{iqqanaijaq:iqqanaijaq/1v}{ti:ji/1vn}{ngit:ngik/tn-nom-p-4d};{iqqanaijaq:iqqanaijaq/1v}{ti:tiq/1vn}{ngit:ngik/tn-nom-p-4d};{iqqanaijaq:iqqanaijaq/1v}{ti:ji/1vn}{ngit:ngit/tn-nom-p-4p};{iqqanaijaq:iqqanaijaq/1v}{ti:tiq/1vn}{ngit:ngit/tn-nom-p-4p};{iqqanai:iqqanaiq/1v}{jaq:jaq/2vv}{ti:ji/1vn}{ngit:ngit/tn-nom-p-4s};{iqqanai:iqqanaiq/2v}{jaq:jaq/2vv}{ti:ji/1vn}{ngit:ngit/tn-nom-p-4s};{iqqanai:iqqanaiq/1v}{jaq:jaq/2vv}{ti:tiq/1vn}{ngit:ngit/tn-nom-p-4s};{iqqanai:iqqanaiq/2v}{jaq:jaq/2vv}{ti:tiq/1vn}{ngit:ngit/tn-nom-p-4s};{iqqanai:iqqanaiq/1v}{jaq:jaq/2vv}{ti:ji/1vn}{ngit:ngik/tn-nom-p-4d};{iqqanai:iqqanaiq/2v}{jaq:jaq/2vv}{ti:ji/1vn}{ngit:ngik/tn-nom-p-4d};{iqqanai:iqqanaiq/1v}{jaq:jaq/2vv}{ti:tiq/1vn}{ngit:ngik/tn-nom-p-4d};{iqqanai:iqqanaiq/2v}{jaq:jaq/2vv}{ti:tiq/1vn}{ngit:ngik/tn-nom-p-4d};{iqqanai:iqqanaiq/1v}{jaq:jaq/2vv}{ti:ji/1vn}{ngit:ngit/tn-nom-p-4p};{iqqanai:iqqanaiq/2v}{jaq:jaq/2vv}{ti:ji/1vn}{ngit:ngit/tn-nom-p-4p};{iqqanai:iqqanaiq/1v}{jaq:jaq/2vv}{ti:tiq/1vn}{ngit:ngit/tn-nom-p-4p};{iqqanai:iqqanaiq/2v}{jaq:jaq/2vv}{ti:tiq/1vn}{ngit:ngit/tn-nom-p-4p};{iqqa:iqqaq/1v}{na:naq/2vn}{ijaq:ijaq/1nv}{ti:ji/1vn}{ngit:ngit/tn-nom-p-4s};{iqqa:iqqaq/1v}{na:naq/2vn}{ijaq:ijaq/1nv}{ti:tiq/1vn}{ngit:ngit/tn-nom-p-4s};{iqqa:iqqaq/1v}{na:naq/2vn}{ijaq:ijaq/1nv}{ti:ji/1vn}{ngit:ngik/tn-nom-p-4d};{iqqa:iqqaq/1v}{na:naq/2vn}{ijaq:ijaq/1nv}{ti:tiq/1vn}{ngit:ngik/tn-nom-p-4d};{iqqa:iqqaq/1v}{na:naq/2vn}{ijaq:ijaq/1nv}{ti:ji/1vn}{ngit:ngit/tn-nom-p-4p};{iqqa:iqqaq/1v}{na:naq/2vn}{ijaq:ijaq/1nv}{ti:tiq/1vn}{ngit:ngit/tn-nom-p-4p};{iqqa:iqqaq/1v}{na:naq/2vn}{i:it/2nv}{jaq:jaq/2vv}{ti:ji/1vn}{ngit:ngit/tn-nom-p-4s};{iqqa:iqqaq/1v}{na:naq/2vn}{i:iq/1nv}{jaq:jaq/2vv}{ti:ji/1vn}{ngit:ngit/tn-nom-p-4s};{iqqa:iqqaq/1v}{na:naq/1vv}{i:iq/2vv}{jaq:jaq/2vv}{ti:ji/1vn}{ngit:ngit/tn-nom-p-4s};{iqqa:iqqaq/1v}{na:naq/2vn}{i:it/2nv}{jaq:jaq/2vv}{ti:tiq/1vn}{ngit:ngit/tn-nom-p-4s};{iqqa:iqqaq/1v}{na:naq/2vn}{i:iq/1nv}{jaq:jaq/2vv}{ti:tiq/1vn}{ngit:ngit/tn-nom-p-4s};{iqqa:iqqaq/1v}{na:naq/1vv}{i:iq/2vv}{jaq:jaq/2vv}{ti:tiq/1vn}{ngit:ngit/tn-nom-p-4s};{iqqa:iqqaq/1v}{na:naq/2vn}{i:it/2nv}{jaq:jaq/2vv}{ti:ji/1vn}{ngit:ngik/tn-nom-p-4d};{iqqa:iqqaq/1v}{na:naq/2vn}{i:iq/1nv}{jaq:jaq/2vv}{ti:ji/1vn}{ngit:ngik/tn-nom-p-4d};{iqqa:iqqaq/1v}{na:naq/1vv}{i:iq/2vv}{jaq:jaq/2vv}{ti:ji/1vn}{ngit:ngik/tn-nom-p-4d};{iqqa:iqqaq/1v}{na:naq/2vn}{i:it/2nv}{jaq:jaq/2vv}{ti:tiq/1vn}{ngit:ngik/tn-nom-p-4d};{iqqa:iqqaq/1v}{na:naq/2vn}{i:iq/1nv}{jaq:jaq/2vv}{ti:tiq/1vn}{ngit:ngik/tn-nom-p-4d};{iqqa:iqqaq/1v}{na:naq/1vv}{i:iq/2vv}{jaq:jaq/2vv}{ti:tiq/1vn}{ngit:ngik/tn-nom-p-4d};{iqqa:iqqaq/1v}{na:naq/2vn}{i:it/2nv}{jaq:jaq/2vv}{ti:ji/1vn}{ngit:ngit/tn-nom-p-4p};{iqqa:iqqaq/1v}{na:naq/2vn}{i:iq/1nv}{jaq:jaq/2vv}{ti:ji/1vn}{ngit:ngit/tn-nom-p-4p};{iqqa:iqqaq/1v}{na:naq/1vv}{i:iq/2vv}{jaq:jaq/2vv}{ti:ji/1vn}{ngit:ngit/tn-nom-p-4p};{iqqa:iqqaq/1v}{na:naq/2vn}{i:it/2nv}{jaq:jaq/2vv}{ti:tiq/1vn}{ngit:ngit/tn-nom-p-4p};{iqqa:iqqaq/1v}{na:naq/2vn}{i:iq/1nv}{jaq:jaq/2vv}{ti:tiq/1vn}{ngit:ngit/tn-nom-p-4p};{iqqa:iqqaq/1v}{na:naq/1vv}{i:iq/2vv}{jaq:jaq/2vv}{ti:tiq/1vn}{ngit:ngit/tn-nom-p-4p},False,False,False,False,False,
hansard,iqqanaijaqtinik,{iqqanaijaq:iqqanaijaq/1v}{ti:ji/1vn}{nik:nik/tn-acc-p},False,{iqqanaijaq:iqqanaijaq/1v}{ti:ji/1vn}{nik:nik/tn-acc-p};{iqqanaijaq:iqqanaijaq/1v}{ti:tiq/1vn}{nik:nik/tn-acc-p};{iqqanaijaq:iqqanaijaq/1v}{ti:tiq/1vn}{nik:ngnik/tn-acc-s-2s};{iqqanaijaq:iqqanaijaq/1v}{ti:ji/1vn}{nik:ngnik/tn-acc-s-2s};{iqqanaijaq:iqqanaijaq/1v}{ti:ji/1vn}{nik:ngnik/tn-acc-p-2s};{iqqanaijaq:iqqanaijaq/1v}{ti:tiq/1vn}{nik:ngnik/tn-acc-p-2s};{iqqanaijaq:iqqanaijaq/1v}{ti:ji/1vn}{nik:mnik/tn-acc-s-1s};{iqqanaijaq:iqqanaijaq/1v}{ti:tiq/1vn}{nik:mnik/tn-acc-s-1s};{iqqanaijaq:iqqanaijaq/1v}{ti:ji/1vn}{nik:mnik/tn-acc-p-1s};{iqqanaijaq:iqqanaijaq/1v}{ti:tiq/1vn}{nik:mnik/tn-acc-p-1s};{iqqanai:iqqanaiq/1v}{jaq:jaq/2vv}{ti:ji/1vn}{nik:nik/tn-acc-p};{iqqanai:iqqanaiq/2v}{jaq:jaq/2vv}{ti:ji/1vn}{nik:nik/tn-acc-p};{iqqanai:iqqanaiq/1v}{jaq:jaq/2vv}{ti:tiq/1vn}{nik:nik/tn-acc-p};{iqqanai:iqqanaiq/2v}{jaq:jaq/2vv}{ti:tiq/1vn}{nik:nik/tn-acc-p};{iqqanai:iqqanaiq/1v}{jaq:jaq/2vv}{ti:tiq/1vn}{nik:ngnik/tn-acc-s-2s};{iqqanai:iqqanaiq/2v}{jaq:jaq/2vv}{ti:tiq/1vn}{nik:ngnik/tn-acc-s-2s};{iqqanai:iqqanaiq/1v}{jaq:jaq/2vv}{ti:ji/1vn}{nik:ngnik/tn-acc-s-2s};{iqqanai:iqqanaiq/2v}{jaq:jaq/2vv}{ti:ji/1vn}{nik:ngnik/tn-acc-s-2s};{iqqanai:iqqanaiq/1v}{jaq:jaq/2vv}{ti:ji/1vn}{nik:ngnik/tn-acc-p-2s};{iqqanai:iqqanaiq/2v}{jaq:jaq/2vv}{ti:ji/1vn}{nik:ngnik/tn-acc-p-2s};{iqqanai:iqqanaiq/1v}{jaq:jaq/2vv}{ti:tiq/1vn}{nik:ngnik/tn-acc-p-2s};{iqqanai:iqqanaiq/2v}{jaq:jaq/2vv}{ti:tiq/1vn}{nik:ngnik/tn-acc-p-2s};{iqqanai:iqqanaiq/1v}{jaq:jaq/2vv}{ti:ji/1vn}{nik:mnik/tn-acc-s-1s};{iqqanai:iqqanaiq/2v}{jaq:jaq/2vv}{ti:ji/1vn}{nik:mnik/tn-acc-s-1s};{iqqanai:iqqanaiq/1v}{jaq:jaq/2vv}{ti:tiq/1vn}{nik:mnik/tn-acc-s-1s};{iqqanai:iqqanaiq/2v}{jaq:jaq/2vv}{ti:tiq/1vn}{nik:mnik/tn-acc-s-1s};{iqqanai:iqqanaiq/1v}{jaq:jaq/2vv}{ti:ji/1vn}{nik:mnik/tn-acc-p-1s};{iqqanai:iqqanaiq/2v}{jaq:jaq/2vv}{ti:ji/1vn}{nik:mnik/tn-acc-p-1s};{iqqanai:iqqanaiq/1v}{jaq:jaq/2vv}{ti:tiq/1vn}{nik:mnik/tn-acc-p-1s};{iqqanai:iqqanaiq/2v}{jaq:jaq/2vv}{ti:tiq/1vn}{nik:mnik/tn-acc-p-1s};{iqqa:iqqaq/1v}{na:naq/2vn}{ijaq:ijaq/1nv}{ti:ji/1vn}{nik:nik/tn-acc-p};{iqqa:iqqaq/1v}{na:naq/2vn}{ijaq:ijaq/1nv}{ti:tiq/1vn}{nik:nik/tn-acc-p};{iqqa:iqqaq/1v}{na:naq/2vn}{ijaq:ijaq/1nv}{ti:tiq/1vn}{nik:ngnik/tn-acc-s-2s};{iqqa:iqqaq/1v}{na:naq/2vn}{ijaq:ijaq/1nv}{ti:ji/1vn}{nik:ngnik/tn-acc-s-2s};{iqqa:iqqaq/1v}{na:naq/2vn}{ijaq:ijaq/1nv}{ti:ji/1vn}{nik:ngnik/tn-acc-p-2s};{iqqa:iqqaq/1v}{na:naq/2vn}{ijaq:ijaq/1nv}{ti:tiq/1vn}{nik:ngnik/tn-acc-p-2s};{iqqa:iqqaq/1v}{na:naq/2vn}{ijaq:ijaq/1nv}{ti:ji/1vn}{nik:mnik/tn-acc-s-1s};{iqqa:iqqaq/1v}{na:naq/2vn}{ijaq:ijaq/1nv}{ti:tiq/1vn}{nik:mnik/tn-acc-s-1s};{iqqa:iqqaq/1v}{na:naq/2vn}{ijaq:ijaq/1nv}{ti:ji/1vn}{nik:mnik/tn-acc-p-1s};{iqqa:iqqaq/1v}{na:naq/2vn}{ijaq:ijaq/1nv}{ti:tiq/1vn}{nik:mnik/tn-acc-p-1s};{iqqa:iqqaq/1v}{na:naq/2vn}{i:it/2nv}{jaq:jaq/2vv}{ti:ji/1vn}{nik:nik/tn-acc-p};{iqqa:iqqaq/1v}{na:naq/2vn}{i:iq/1nv}{jaq:jaq/2vv}{ti:ji/1vn}{nik:nik/tn-acc-p};{iqqa:iqqaq/1v}{na:naq/1vv}{i:iq/2vv}{jaq:jaq/2vv}{ti:ji/1vn}{nik:nik/tn-acc-p};{iqqa:iqqaq/1v}{na:naq/2vn}{i:it/2nv}{jaq:jaq/2vv}{ti:tiq/1vn}{nik:nik/tn-acc-p};{iqqa:iqqaq/1v}{na:naq/2vn}{i:iq/1nv}{jaq:jaq/2vv}{ti:tiq/1vn}{nik:nik/tn-acc-p};{iqqa:iqqaq/1v}{na:naq/1vv}{i:iq/2vv}{jaq:jaq/2vv}{ti:tiq/1vn}{nik:nik/tn-acc-p};{iqqa:iqqaq/1v}{na:naq/2vn}{i:it/2nv}{jaq:jaq/2vv}{ti:tiq/1vn}{nik:ngnik/tn-acc-s-2s};{iqqa:iqqaq/1v}{na:naq/2vn}{i:iq/1nv}{jaq:jaq/2vv}{ti:tiq/1vn}{nik:ngnik/tn-acc-s-2s};{iqqa:iqqaq/1v}{na:naq/1vv}{i:iq/2vv}{jaq:jaq/2vv}{ti:tiq/1vn}{nik:ngnik/tn-acc-s-2s};{iqqa:iqqaq/1v}{na:naq/2vn}{i:it/2nv}{jaq:jaq/2vv}{ti:ji/1vn}{nik:ngnik/tn-acc-s-2s};{iqqa:iqqaq/1v}{na:naq/2vn}{i:iq/1nv}{jaq:jaq/2vv}{ti:ji/1vn}{nik:ngnik/tn-acc-s-2s};{iqqa:iqqaq/1v}{na:naq/1vv}{i:iq/2vv}{jaq:jaq/2vv}{ti:ji/1vn}{nik:ngnik/tn-acc-s-2s};{iqqa:iqqaq/1v}{na:naq/2vn}{i:it/2nv}{jaq:jaq/2vv}{ti:ji/1vn}{nik:ngnik/tn-acc-p-2s};{iqqa:iqqaq/1v}{na:naq/2vn}{i:iq/1nv}{jaq:jaq/2vv}{ti:ji/1vn}{nik:ngnik/tn-acc-p-2s};{iqqa:iqqaq/1v}{na:naq/1vv}{i:iq/2vv}{jaq:jaq/2vv}{ti:ji/1vn}{nik:ngnik/tn-acc-p-2s};{iqqa:iqqaq/1v}{na:naq/2vn}{i:it/2nv}{jaq:jaq/2vv}{ti:tiq/1vn}{nik:ngnik/tn-acc-p-2s};{iqqa:iqqaq/1v}{na:naq/2vn}{i:iq/1nv}{jaq:jaq/2vv}{ti:tiq/1vn}{nik:ngnik/tn-acc-p-2s};{iqqa:iqqaq/1v}{na:naq/1vv}{i:iq/2vv}{jaq:jaq/2vv}{ti:tiq/1vn}{nik:ngnik/tn-acc-p-2s};{iqqa:iqqaq/1v}{na:naq/2vn}{i:it/2nv}{jaq:jaq/2vv}{ti:ji/1vn}{nik:mnik/tn-acc-s-1s};{iqqa:iqqaq/1v}{na:naq/2vn}{i:iq/1nv}{jaq:jaq/2vv}{ti:ji/1vn}{nik:mnik/tn-acc-s-1s};{iqqa:iqqaq/1v}{na:naq/1vv}{i:iq/2vv}{jaq:jaq/2vv}{ti:ji/1vn}{nik:mnik/tn-acc-s-1s};{iqqa:iqqaq/1v}{na:naq/2vn}{i:it/2nv}{jaq:jaq/2vv}{ti:tiq/1vn}{nik:mnik/tn-acc-s-1s};{iqqa:iqqaq/1v}{na:naq/2vn}{i:iq/1nv}{jaq:jaq/2vv}{ti:tiq/1vn}{nik:mnik/tn-acc-s-1s};{iqqa:iqqaq/1v}{na:naq/1vv}{i:iq/2vv}{jaq:jaq/2vv}{ti:tiq/1vn}{nik:mnik/tn-acc-s-1s};{iqqa:iqqaq/1v}{na:naq/2vn}{i:it/2nv}{jaq:jaq/2vv}{ti:ji/1vn}{nik:mnik/tn-acc-p-1s};{iqqa:iqqaq/1v}{na:naq/2vn}{i:iq/1nv}{jaq:jaq/2vv}{ti:ji/1vn}{nik:mnik/tn-acc-p-1s};{iqqa:iqqaq/1v}{na:naq/1vv}{i:iq/2vv}{jaq:jaq/2vv}{ti:ji/1vn}{nik:mnik/tn-acc-p-1s};{iqqa:iqqaq/1v}{na:naq/2vn}{i:it/2nv}{jaq:jaq/2vv}{ti:tiq/1vn}{nik:mnik/tn-acc-p-1s};{iqqa:iqqaq/1v}{na:naq/2vn}{i:iq/1nv}{jaq:jaq/2vv}{ti:tiq/1vn}{nik:mnik/tn-acc-p-1s};{iqqa:iqqaq/1v}{na:naq/1vv}{i:iq/2vv}{jaq:jaq/2vv}{ti:tiq/1vn}{nik:mnik/tn-acc-p-1s},False,False,False,False,False,
hansard,iqqanaijaqtinit,{iqqanaijaq:iqqanaijaq/1v}{ti:ji/1vn}{nit:nit/tn-abl-p},False,{iqqanaijaq:iqqanaijaq/1v}{ti:ji/1vn}{nit:nit/tn-abl-p};{iqqanaijaq:iqqanaijaq/1v}{ti:tiq/1vn}{nit:nit/tn-abl-p};{iqqanaijaq:iqqanaijaq/1v}{ti:tiq/1vn}{nit:ngnit/tn-abl-s-2s};{iqqanaijaq:iqqanaijaq/1v}{ti:ji/1vn}{nit:ngnit/tn-abl-s-2s};{iqqanaijaq:iqqanaijaq/1v}{ti:ji/1vn}{nit:ngnit/tn-abl-p-2s};{iqqanaijaq:iqqanaijaq/1v}{ti:tiq/1vn}{nit:ngnit/tn-abl-p-2s};{iqqanaijaq:iqqanaijaq/1v}{ti:ji/1vn}{nit:mnit/tn-abl-s-1s};{iqqanaijaq:iqqanaijaq/1v}{ti:tiq/1vn}{nit:mnit/tn-abl-s-1s};{iqqanaijaq:iqqanaijaq/1v}{ti:ji/1vn}{nit:mnit/tn-abl-p-1s};{iqqanaijaq:iqqanaijaq/1v}{ti:tiq/1vn}{nit:mnit/tn-abl-p-1s};{iqqanai:iqqanaiq/1v}{jaq:jaq/2vv}{ti:ji/1vn}{nit:nit/tn-abl-p};{iqqanai:iqqanaiq/2v}{jaq:jaq/2vv}{ti:ji/1vn}{nit:nit/tn-abl-p};{iqqanai:iqqanaiq/1v}{jaq:jaq/2vv}{ti:tiq/1vn}{nit:nit/tn-abl-p};{iqqanai:iqqanaiq/2v}{jaq:jaq/2vv}{ti:tiq/1vn}{nit:nit/tn-abl-p};{iqqanai:iqqanaiq/1v}{jaq:jaq/2vv}{ti:tiq/1vn}{nit:ngnit/tn-abl-s-2s};{iqqanai:iqqanaiq/2v}{jaq:jaq/2vv}{ti:tiq/1vn}{nit:ngnit/tn-abl-s-2s};{iqqanai:iqqanaiq/1v}{jaq:jaq/2vv}{ti:ji/1vn}{nit:ngnit/tn-abl-s-2s};{iqqanai:iqqanaiq/2v}{jaq:jaq/2vv}{ti:ji/1vn}{nit:ngnit/tn-abl-s-2s};{iqqanai:iqqanaiq/1v}{jaq:jaq/2vv}{ti:ji/1vn}{nit:ngnit/tn-abl-p-2s};{iqqanai:iqqanaiq/2v}{jaq:jaq/2vv}{ti:ji/1vn}{nit:ngnit/tn-abl-p-2s};{iqqanai:iqqanaiq/1v}{jaq:jaq/2vv}{ti:tiq/1vn}{nit:ngnit/tn-abl-p-2s};{iqqanai:iqqanaiq/2v}{jaq:jaq/2vv}{ti:tiq/1vn}{nit:ngnit/tn-abl-p-2s};{iqqanai:iqqanaiq/1v}{jaq:jaq/2vv}{ti:ji/1vn}{nit:mnit/tn-abl-s-1s};{iqqanai:iqqanaiq/2v}{jaq:jaq/2vv}{ti:ji/1vn}{nit:mnit/tn-abl-s-1s};{iqqanai:iqqanaiq/1v}{jaq:jaq/2vv}{ti:tiq/1vn}{nit:mnit/tn-abl-s-1s};{iqqanai:iqqanaiq/2v}{jaq:jaq/2vv}{ti:tiq/1vn}{nit:mnit/tn-abl-s-1s};{iqqanai:iqqanaiq/1v}{jaq:jaq/2vv}{ti:ji/1vn}{nit:mnit/tn-abl-p-1s};{iqqanai:iqqanaiq/2v}{jaq:jaq/2vv}{ti:ji/1vn}{nit:mnit/tn-abl-p-1s};{iqqanai:iqqanaiq/1v}{jaq:jaq/2vv}{ti:tiq/1vn}{nit:mnit/tn-abl-p-1s};{iqqanai:iqqanaiq/2v}{jaq:jaq/2vv}{ti:tiq/1vn}{nit:mnit/tn-abl-p-1s};{iqqa:iqqaq/1v}{na:naq/2vn}{ijaq:ijaq/1nv}{ti:ji/1vn}{nit:nit/tn-abl-p};{iqqa:iqqaq/1v}{na:naq/2vn}{ijaq:ijaq/1nv}{ti:tiq/1vn}{nit:nit/tn-abl-p};{iqqa:iqqaq/1v}{na:naq/2vn}{ijaq:ijaq/1nv}{ti:tiq/1vn}{nit:ngnit/tn-abl-s-2s};{iqqa:iqqaq/1v}{na:naq/2vn}{ijaq:ijaq/1nv}{ti:ji/1vn}{nit:ngnit/tn-abl-s-2s};{iqqa:iqqaq/1v}{na:naq/2vn}{ijaq:ijaq/1nv}{ti:ji/1vn}{nit:ngnit/tn-abl-p-2s};{iqqa:iqqaq/1v}{na:naq/2vn}{ijaq:ijaq/1nv}{ti:tiq/1vn}{nit:ngnit/tn-abl-p-2s};{iqqa:iqqaq/1v}{na:naq/2vn}{ijaq:ijaq/1nv}{ti:ji/1vn}{nit:mnit/tn-abl-s-1s};{iqqa:iqqaq/1v}{na:naq/2vn}{ijaq:ijaq/1nv}{ti:tiq/1vn}{nit:mnit/tn-abl-s-1s};{iqqa:iqqaq/1v}{na:naq/2vn}{ijaq:ijaq/1nv}{ti:ji/1vn}{nit:mnit/tn-abl-p-1s};{iqqa:iqqaq/1v}{na:naq/2vn}{ijaq:ijaq/1nv}{ti:tiq/1vn}{nit:mnit/tn-abl-p-1s};{iqqa:iqqaq/1v}{na:naq/2vn}{i:it/2nv}{jaq:jaq/2vv}{ti:ji/1vn}{nit:nit/tn-abl-p};{iqqa:iqqaq/1v}{na:naq/2vn}{i:iq/1nv}{jaq:jaq/2vv}{ti:ji/1vn}{nit:nit/tn-abl-p};{iqqa:iqqaq/1v}{na:naq/1vv}{i:iq/2vv}{jaq:jaq/2vv}{ti:ji/1vn}{nit:nit/tn-abl-p};{iqqa:iqqaq/1v}{na:naq/2vn}{i:it/2nv}{jaq:jaq/2vv}{ti:tiq/1vn}{nit:nit/tn-abl-p};{iqqa:iqqaq/1v}{na:naq/2vn}{i:iq/1nv}{jaq:jaq/2vv}{ti:tiq/1vn}{nit:nit/tn-abl-p};{iqqa:iqqaq/1v}{na:naq/1vv}{i:iq/2vv}{jaq:jaq/2vv}{ti:tiq/1vn}{nit:nit/tn-abl-p};{iqqa:iqqaq/1v}{na:naq/2vn}{i:it/2nv}{jaq:jaq/2vv}{ti:tiq/1vn}{nit:ngnit/tn-abl-s-2s};{iqqa:iqqaq/1v}{na:naq/2vn}{i:iq/1nv}{jaq:jaq/2vv}{ti:tiq/1vn}{nit:ngnit/tn-abl-s-2s};{iqqa:iqqaq/1v}{na:naq/1vv}{i:iq/2vv}{jaq:jaq/2vv}{ti:tiq/1vn}{nit:ngnit/tn-abl-s-2s};{iqqa:iqqaq/1v}{na:naq/2vn}{i:it/2nv}{jaq:jaq/2vv}{ti:ji/1vn}{nit:ngnit/tn-abl-s-2s};{iqqa:iqqaq/1v}{na:naq/2vn}{i:iq/1nv}{jaq:jaq/2vv}{ti:ji/1vn}{nit:ngnit/tn-abl-s-2s};{iqqa:iqqaq/1v}{na:naq/1vv}{i:iq/2vv}{jaq:jaq/2vv}{ti:ji/1vn}{nit:ngnit/tn-abl-s-2s};{iqqa:iqqaq/1v}{na:naq/2vn}{i:it/2nv}{jaq:jaq/2vv}{ti:ji/1vn}{nit:ngnit/tn-abl-p-2s};{iqqa:iqqaq/1v}{na:naq/2vn}{i:iq/1nv}{jaq:jaq/2vv}{ti:ji/1vn}{nit:ngnit/tn-abl-p-2s};{iqqa:iqqaq/1v}{na:naq/1vv}{i:iq/2vv}{jaq:jaq/2vv}{ti:ji/1vn}{nit:ngnit/tn-abl-p-2s};{iqqa:iqqaq/1v}{na:naq/2vn}{i:it/2nv}{jaq:jaq/2vv}{ti:tiq/1vn}{nit:ngnit/tn-abl-p-2s};{iqqa:iqqaq/1v}{na:naq/2vn}{i:iq/1nv}{jaq:jaq/2vv}{ti:tiq/1vn}{nit:ngnit/tn-abl-p-2s};{iqqa:iqqaq/1v}{na:naq/1vv}{i:iq/2vv}{jaq:jaq/2vv}{ti:tiq/1vn}{nit:ngnit/tn-abl-p-2s};{iqqa:iqqaq/1v}{na:naq/2vn}{i:it/2nv}{jaq:jaq/2vv}{ti:ji/1vn}{nit:mnit/tn-abl-s-1s};{iqqa:iqqaq/1v}{na:naq/2vn}{i:iq/1nv}{jaq:jaq/2vv}{ti:ji/1vn}{nit:mnit/tn-abl-s-1s};{iqqa:iqqaq/1v}{na:naq/1vv}{i:iq/2vv}{jaq:jaq/2vv}{ti:ji/1vn}{nit:mnit/tn-abl-s-1s};{iqqa:iqqaq/1v}{na:naq/2vn}{i:it/2nv}{jaq:jaq/2vv}{ti:tiq/1vn}{nit:mnit/tn-abl-s-1s};{iqqa:iqqaq/1v}{na:naq/2vn}{i:iq/1nv}{jaq:jaq/2vv}{ti:tiq/1vn}{nit:mnit/tn-abl-s-1s};{iqqa:iqqaq/1v}{na:naq/1vv}{i:iq/2vv}{jaq:jaq/2vv}{ti:tiq/1vn}{nit:mnit/tn-abl-s-1s};{iqqa:iqqaq/1v}{na:naq/2vn}{i:it/2nv}{jaq:jaq/2vv}{ti:ji/1vn}{nit:mnit/tn-abl-p-1s};{iqqa:iqqaq/1v}{na:naq/2vn}{i:iq/1nv}{jaq:jaq/2vv}{ti:ji/1vn}{nit:mnit/tn-abl-p-1s};{iqqa:iqqaq/1v}{na:naq/1vv}{i:iq/2vv}{jaq:jaq/2vv}{ti:ji/1vn}{nit:mnit/tn-abl-p-1s};{iqqa:iqqaq/1v}{na:naq/2vn}{i:it/2nv}{jaq:jaq/2vv}{ti:tiq/1vn}{nit:mnit/tn-abl-p-1s};{iqqa:iqqaq/1v}{na:naq/2vn}{i:iq/1nv}{jaq:jaq/2vv}{ti:tiq/1vn}{nit:mnit/tn-abl-p-1s};{iqqa:iqqaq/1v}{na:naq/1vv}{i:iq/2vv}{jaq:jaq/2vv}{ti:tiq/1vn}{nit:mnit/tn-abl-p-1s},False,False,False,False,False,
hansard,iqqanaijaqtinut,{iqqanaijaq:iqqanaijaq/1v}{ti:ji/1vn}{nut:nut/tn-dat-p},False,{iqqanaijaq:iqqanaijaq/1v}{ti:ji/1vn}{nut:nut/tn-dat-p};{iqqanaijaq:iqqanaijaq/1v}{ti:tiq/1vn}{nut:nut/tn-dat-p};{iqqanaijaq:iqqanaijaq/1v}{ti:tiq/1vn}{nut:ngnut/tn-dat-s-2s};{iqqanaijaq:iqqanaijaq/1v}{ti:ji/1vn}{nut:ngnut/tn-dat-s-2s};{iqqanaijaq:iqqanaijaq/1v}{ti:ji/1vn}{nut:ngnut/tn-dat-p-2s};{iqqanaijaq:iqqanaijaq/1v}{ti:tiq/1vn}{nut:ngnut/tn-dat-p-2s};{iqqanaijaq:iqqanaijaq/1v}{ti:ji/1vn}{nut:mnut/tn-dat-s-1s};{iqqanaijaq:iqqanaijaq/1v}{ti:tiq/1vn}{nut:mnut/tn-dat-s-1s};{iqqanaijaq:iqqanaijaq/1v}{ti:ji/1vn}{nut:mnut/tn-dat-p-1s};{iqqanaijaq:iqqanaijaq/1v}{ti:tiq/1vn}{nut:mnut/tn-dat-p-1s};{iqqanai:iqqanaiq/1v}{jaq:jaq/2vv}{ti:ji/1vn}{nut:nut/tn-dat-p};{iqqanai:iqqanaiq/2v}{jaq:jaq/2vv}{ti:ji/1vn}{nut:nut/tn-dat-p};{iqqanai:iqqanaiq/1v}{jaq:jaq/2vv}{ti:tiq/1vn}{nut:nut/tn-dat-p};{iqqanai:iqqanaiq/2v}{jaq:jaq/2vv}{ti:tiq/1vn}{nut:nut/tn-dat-p};{iqqanai:iqqanaiq/1v}{jaq:jaq/2vv}{ti:tiq/1vn}{nut:ngnut/tn-dat-s-2s};{iqqanai:iqqanaiq/2v}{jaq:jaq/2vv}{ti:tiq/1vn}{nut:ngnut/tn-dat-s-2s};{iqqanai:iqqanaiq/1v}{jaq:jaq/2vv}{ti:ji/1vn}{nut:ngnut/tn-dat-s-2s};{iqqanai:iqqanaiq/2v}{jaq:jaq/2vv}{ti:ji/1vn}{nut:ngnut/tn-dat-s-2s};{iqqanai:iqqanaiq/1v}{jaq:jaq/2vv}{ti:ji/1vn}{nut:ngnut/tn-dat-p-2s};{iqqanai:iqqanaiq/2v}{jaq:jaq/2vv}{ti:ji/1vn}{nut:ngnut/tn-dat-p-2s};{iqqanai:iqqanaiq/1v}{jaq:jaq/2vv}{ti:tiq/1vn}{nut:ngnut/tn-dat-p-2s};{iqqanai:iqqanaiq/2v}{jaq:jaq/2vv}{ti:tiq/1vn}{nut:ngnut/tn-dat-p-2s};{iqqanai:iqqanaiq/1v}{jaq:jaq/2vv}{ti:ji/1vn}{nut:mnut/tn-dat-s-1s};{iqqanai:iqqanaiq/2v}{jaq:jaq/2vv}{ti:ji/1vn}{nut:mnut/tn-dat-s-1s};{iqqanai:iqqanaiq/1v}{jaq:jaq/2vv}{ti:tiq/1vn}{nut:mnut/tn-dat-s-1s};{iqqanai:iqqanaiq/2v}{jaq:jaq/2vv}{ti:tiq/1vn}{nut:mnut/tn-dat-s-1s};{iqqanai:iqqanaiq/1v}{jaq:jaq/2vv}{ti:ji/1vn}{nut:mnut/tn-dat-p-1s};{iqqanai:iqqanaiq/2v}{jaq:jaq/2vv}{ti:ji/1vn}{nut:mnut/tn-dat-p-1s};{iqqanai:iqqanaiq/1v}{jaq:jaq/2vv}{ti:tiq/1vn}{nut:mnut/tn-dat-p-1s};{iqqanai:iqqanaiq/2v}{jaq:jaq/2vv}{ti:tiq/1vn}{nut:mnut/tn-dat-p-1s};{iqqa:iqqaq/1v}{na:naq/2vn}{ijaq:ijaq/1nv}{ti:ji/1vn}{nut:nut/tn-dat-p};{iqqa:iqqaq/1v}{na:naq/2vn}{ijaq:ijaq/1nv}{ti:tiq/1vn}{nut:nut/tn-dat-p};{iqqa:iqqaq/1v}{na:naq/2vn}{ijaq:ijaq/1nv}{ti:tiq/1vn}{nut:ngnut/tn-dat-s-2s};{iqqa:iqqaq/1v}{na:naq/2vn}{ijaq:ijaq/1nv}{ti:ji/1vn}{nut:ngnut/tn-dat-s-2s};{iqqa:iqqaq/1v}{na:naq/2vn}{ijaq:ijaq/1nv}{ti:ji/1vn}{nut:ngnut/tn-dat-p-2s};{iqqa:iqqaq/1v}{na:naq/2vn}{ijaq:ijaq/1nv}{ti:tiq/1vn}{nut:ngnut/tn-dat-p-2s};{iqqa:iqqaq/1v}{na:naq/2vn}{ijaq:ijaq/1nv}{ti:ji/1vn}{nut:mnut/tn-dat-s-1s};{iqqa:iqqaq/1v}{na:naq/2vn}{ijaq:ijaq/1nv}{ti:tiq/1vn}{nut:mnut/tn-dat-s-1s};{iqqa:iqqaq/1v}{na:naq/2vn}{ijaq:ijaq/1nv}{ti:ji/1vn}{nut:mnut/tn-dat-p-1s};{iqqa:iqqaq/1v}{na:naq/2vn}{ijaq:ijaq/1nv}{ti:tiq/1vn}{nut:mnut/tn-dat-p-1s};{iqqa:iqqaq/1v}{na:naq/2vn}{i:it/2nv}{jaq:jaq/2vv}{ti:ji/1vn}{nut:nut/tn-dat-p};{iqqa:iqqaq/1v}{na:naq/2vn}{i:iq/1nv}{jaq:jaq/2vv}{ti:ji/1vn}{nut:nut/tn-dat-p};{iqqa:iqqaq/1v}{na:naq/1vv}{i:iq/2vv}{jaq:jaq/2vv}{ti:ji/1vn}{nut:nut/tn-dat-p};{iqqa:iqqaq/1v}{na:naq/2vn}{i:it/2nv}{jaq:jaq/2vv}{ti:tiq/1vn}{nut:nut/tn-dat-p};{iqqa:iqqaq/1v}{na:naq/2vn}{i:iq/1nv}{jaq:jaq/2vv}{ti:tiq/1vn}{nut:nut/tn-dat-p};{iqqa:iqqaq/1v}{na:naq/1vv}{i:iq/2vv}{jaq:jaq/2vv}{ti:tiq/1vn}{nut:nut/tn-dat-p};{iqqa:iqqaq/1v}{na:naq/2vn}{i:it/2nv}{jaq:jaq/2vv}{ti:tiq/1vn}{nut:ngnut/tn-dat-s-2s};{iqqa:iqqaq/1v}{na:naq/2vn}{i:iq/1nv}{jaq:jaq/2vv}{ti:tiq/1vn}{nut:ngnut/tn-dat-s-2s};{iqqa:iqqaq/1v}{na:naq/1vv}{i:iq/2vv}{jaq:jaq/2vv}{ti:tiq/1vn}{nut:ngnut/tn-dat-s-2s};{iqqa:iqqaq/1v}{na:naq/2vn}{i:it/2nv}{jaq:jaq/2vv}{ti:ji/1vn}{nut:ngnut/tn-dat-s-2s};{iqqa:iqqaq/1v}{na:naq/2vn}{i:iq/1nv}{jaq:jaq/2vv}{ti:ji/1vn}{nut:ngnut/tn-dat-s-2s};{iqqa:iqqaq/1v}{na:naq/1vv}{i:iq/2vv}{jaq:jaq/2vv}{ti:ji/1vn}{nut:ngnut/tn-dat-s-2s};{iqqa:iqqaq/1v}{na:naq/2vn}{i:it/2nv}{jaq:jaq/2vv}{ti:ji/1vn}{nut:ngnut/tn-dat-p-2s};{iqqa:iqqaq/1v}{na:naq/2vn}{i:iq/1nv}{jaq:jaq/2vv}{ti:ji/1vn}{nut:ngnut/tn-dat-p-2s};{iqqa:iqqaq/1v}{na:naq/1vv}{i:iq/2vv}{jaq:jaq/2vv}{ti:ji/1vn}{nut:ngnut/tn-dat-p-2s};{iqqa:iqqaq/1v}{na:naq/2vn}{i:it/2nv}{jaq:jaq/2vv}{ti:tiq/1vn}{nut:ngnut/tn-dat-p-2s};{iqqa:iqqaq/1v}{na:naq/2vn}{i:iq/1nv}{jaq:jaq/2vv}{ti:tiq/1vn}{nut:ngnut/tn-dat-p-2s};{iqqa:iqqaq/1v}{na:naq/1vv}{i:iq/2vv}{jaq:jaq/2vv}{ti:tiq/1vn}{nut:ngnut/tn-dat-p-2s};{iqqa:iqqaq/1v}{na:naq/2vn}{i:it/2nv}{jaq:jaq/2vv}{ti:ji/1vn}{nut:mnut/tn-dat-s-1s};{iqqa:iqqaq/1v}{na:naq/2vn}{i:iq/1nv}{jaq:jaq/2vv}{ti:ji/1vn}{nut:mnut/tn-dat-s-1s};{iqqa:iqqaq/1v}{na:naq/1vv}{i:iq/2vv}{jaq:jaq/2vv}{ti:ji/1vn}{nut:mnut/tn-dat-s-1s};{iqqa:iqqaq/1v}{na:naq/2vn}{i:it/2nv}{jaq:jaq/2vv}{ti:tiq/1vn}{nut:mnut/tn-dat-s-1s};{iqqa:iqqaq/1v}{na:naq/2vn}{i:iq/1nv}{jaq:jaq/2vv}{ti:tiq/1vn}{nut:mnut/tn-dat-s-1s};{iqqa:iqqaq/1v}{na:naq/1vv}{i:iq/2vv}{jaq:jaq/2vv}{ti:tiq/1vn}{nut:mnut/tn-dat-s-1s};{iqqa:iqqaq/1v}{na:naq/2vn}{i:it/2nv}{jaq:jaq/2vv}{ti:ji/1vn}{nut:mnut/tn-dat-p-1s};{iqqa:iqqaq/1v}{na:naq/2vn}{i:iq/1nv}{jaq:jaq/2vv}{ti:ji/1vn}{nut:mnut/tn-dat-p-1s};{iqqa:iqqaq/1v}{na:naq/1vv}{i:iq/2vv}{jaq:jaq/2vv}{ti:ji/1vn}{nut:mnut/tn-dat-p-1s};{iqqa:iqqaq/1v}{na:naq/2vn}{i:it/2nv}{jaq:jaq/2vv}{ti:tiq/1vn}{nut:mnut/tn-dat-p-1s};{iqqa:iqqaq/1v}{na:naq/2vn}{i:iq/1nv}{jaq:jaq/2vv}{ti:tiq/1vn}{nut:mnut/tn-dat-p-1s};{iqqa:iqqaq/1v}{na:naq/1vv}{i:iq/2vv}{jaq:jaq/2vv}{ti:tiq/1vn}{nut:mnut/tn-dat-p-1s},False,False,False,False,False,
hansard,iqqanaijaqtiujut,{iqqanaijaq:iqqanaijaq/1v}{ti:ji/1vn}{u:u/1nv}{jut:jut/tv-ger-3p},False,{iqqanaijaq:iqqanaijaq/1v}{ti:ji/1vn}{u:u/1nv}{jut:jut/tv-ger-3p};{iqqanaijaq:iqqanaijaq/1v}{ti:tiq/1vn}{u:u/1nv}{jut:jut/tv-ger-3p};{iqqanaijaq:iqqanaijaq/1v}{ti:ji/1vn}{u:u/1nv}{jut:jjut/1vn};{iqqanaijaq:iqqanaijaq/1v}{ti:tiq/1vn}{u:u/1nv}{jut:jjut/1vn};{iqqanaijaq:iqqanaijaq/1v}{ti:ji/1vn}{u:u/1nv}{jut:ut/1vn};{iqqanaijaq:iqqanaijaq/1v}{ti:tiq/1vn}{u:u/1nv}{jut:ut/1vn};{iqqanai:iqqanaiq/1v}{jaq:jaq/2vv}{ti:ji/1vn}{u:u/1nv}{jut:jut/tv-ger-3p};{iqqanai:iqqanaiq/2v}{jaq:jaq/2vv}{ti:ji/1vn}{u:u/1nv}{jut:jut/tv-ger-3p};{iqqanai:iqqanaiq/1v}{jaq:jaq/2vv}{ti:tiq/1vn}{u:u/1nv}{jut:jut/tv-ger-3p};{iqqanai:iqqanaiq/2v}{jaq:jaq/2vv}{ti:tiq/1vn}{u:u/1nv}{jut:jut/tv-ger-3p};{iqqanai:iqqanaiq/1v}{jaq:jaq/2vv}{ti:ji/1vn}{u:u/1nv}{jut:jjut/1vn};{iqqanai:iqqanaiq/2v}{jaq:jaq/2vv}{ti:ji/1vn}{u:u/1nv}{jut:jjut/1vn};{iqqanai:iqqanaiq/1v}{jaq:jaq/2vv}{ti:tiq/1vn}{u:u/1nv}{jut:jjut/1vn};{iqqanai:iqqanaiq/2v}{jaq:jaq/2vv}{ti:tiq/1vn}{u:u/1nv}{jut:jjut/1vn};{iqqanai:iqqanaiq/1v}{jaq:jaq/2vv}{ti:ji/1vn}{u:u/1nv}{jut:ut/1vn};{iqqanai:iqqanaiq/2v}{jaq:jaq/2vv}{ti:ji/1vn}{u:u/1nv}{jut:ut/1vn};{iqqanai:iqqanaiq/1v}{jaq:jaq/2vv}{ti:tiq/1vn}{u:u/1nv}{jut:ut/1vn};{iqqanai:iqqanaiq/2v}{jaq:jaq/2vv}{ti:tiq/1vn}{u:u/1nv}{jut:ut/1vn};{iqqa:iqqaq/1v}{na:naq/2vn}{ijaq:ijaq/1nv}{ti:ji/1vn}{u:u/1nv}{jut:jut/tv-ger-3p};{iqqa:iqqaq/1v}{na:naq/2vn}{ijaq:ijaq/1nv}{ti:tiq/1vn}{u:u/1nv}{jut:jut/tv-ger-3p};{iqqa:iqqaq/1v}{na:naq/2vn}{ijaq:ijaq/1nv}{ti:ji/1vn}{u:u/1nv}{jut:jjut/1vn};{iqqa:iqqaq/1v}{na:naq/2vn}{ijaq:ijaq/1nv}{ti:tiq/1vn}{u:u/1nv}{jut:jjut/1vn};{iqqa:iqqaq/1v}{na:naq/2vn}{ijaq:ijaq/1nv}{ti:ji/1vn}{u:u/1nv}{jut:ut/1vn};{iqqa:iqqaq/1v}{na:naq/2vn}{ijaq:ijaq/1nv}{ti:tiq/1vn}{u:u/1nv}{jut:ut/1vn};{iqqa:iqqaq/1v}{na:naq/2vn}{i:it/2nv}{jaq:jaq/2vv}{ti:ji/1vn}{u:u/1nv}{jut:jut/tv-ger-3p};{iqqa:iqqaq/1v}{na:naq/2vn}{i:iq/1nv}{jaq:jaq/2vv}{ti:ji/1vn}{u:u/1nv}{jut:jut/tv-ger-3p};{iqqa:iqqaq/1v}{na:naq/1vv}{i:iq/2vv}{jaq:jaq/2vv}{ti:ji/1vn}{u:u/1nv}{jut:jut/tv-ger-3p};{iqqa:iqqaq/1v}{na:naq/2vn}{i:it/2nv}{jaq:jaq/2vv}{ti:tiq/1vn}{u:u/1nv}{jut:jut/tv-ger-3p};{iqqa:iqqaq/1v}{na:naq/2vn}{i:iq/1nv}{jaq:jaq/2vv}{ti:tiq/1vn}{u:u/1nv}{jut:jut/tv-ger-3p};{iqqa:iqqaq/1v}{na:naq/1vv}{i:iq/2vv}{jaq:jaq/2vv}{ti:tiq/1vn}{u:u/1nv}{jut:jut/tv-ger-3p};{iqqa:iqqaq/1v}{na:naq/2vn}{i:it/2nv}{jaq:jaq/2vv}{ti:ji/1vn}{u:u/1nv}{jut:jjut/1vn};{iqqa:iqqaq/1v}{na:naq/2vn}{i:iq/1nv}{jaq:jaq/2vv}{ti:ji/1vn}{u:u/1nv}{jut:jjut/1vn};{iqqa:iqqaq/1v}{na:naq/1vv}{i:iq/2vv}{jaq:jaq/2vv}{ti:ji/1vn}{u:u/1nv}{jut:jjut/1vn};{iqqa:iqqaq/1v}{na:naq/2vn}{i:it/2nv}{jaq:jaq/2vv}{ti:tiq/1vn}{u:u/1nv}{jut:jjut/1vn};{iqqa:iqqaq/1v}{na:naq/2vn}{i:iq/1nv}{jaq:jaq/2vv}{ti:tiq/1vn}{u:u/1nv}{jut:jjut/1vn};{iqqa:iqqaq/1v}{na:naq/1vv}{i:iq/2vv}{jaq:jaq/2vv}{ti:tiq/1vn}{u:u/1nv}{jut:jjut/1vn};{iqqa:iqqaq/1v}{na:naq/2vn}{i:it/2nv}{jaq:jaq/2vv}{ti:ji/1vn}{u:u/1nv}{jut:ut/1vn};{iqqa:iqqaq/1v}{na:naq/2vn}{i:iq/1nv}{jaq:jaq/2vv}{ti:ji/1vn}{u:u/1nv}{jut:ut/1vn};{iqqa:iqqaq/1v}{na:naq/1vv}{i:iq/2vv}{jaq:jaq/2vv}{ti:ji/1vn}{u:u/1nv}{jut:ut/1vn};{iqqa:iqqaq/1v}{na:naq/2vn}{i:it/2nv}{jaq:jaq/2vv}{ti:tiq/1vn}{u:u/1nv}{jut:ut/1vn};{iqqa:iqqaq/1v}{na:naq/2vn}{i:iq/1nv}{jaq:jaq/2vv}{ti:tiq/1vn}{u:u/1nv}{jut:ut/1vn};{iqqa:iqqaq/1v}{na:naq/1vv}{i:iq/2vv}{jaq:jaq/2vv}{ti:tiq/1vn}{u:u/1nv}{jut:ut/1vn},False,False,False,False,False,
hansard,iqqanaijaqtulirijikkunnit,{iqqanaijaq:iqqanaijaq/1v}{tu:juq/1vn}{liri:liri/1nv}{ji:ji/1vn}{kkun:kkut/1nn}{nit:nit/tn-abl-p},False,{iqqanaijaq:iqqanaijaq/1v}{tu:juq/1vn}{liri:liri/1nv}{ji:ji/1vn}{kkun:kkut/1nn}{nit:nit/tn-abl-p};{iqqanaijaq:iqqanaijaq/1v}{tu:juq/1vn}{li:&iq/1nn}{ri:gi/1nv}{ji:ji/1vn}{kkun:kkut/1nn}{nit:nit/tn-abl-p};{iqqanai:iqqanaiq/1v}{jaq:jaq/2vv}{tu:juq/1vn}{liri:liri/1nv}{ji:ji/1vn}{kkun:kkut/1nn}{nit:nit/tn-abl-p};{iqqanai:iqqanaiq/2v}{jaq:jaq/2vv}{tu:juq/1vn}{liri:liri/1nv}{ji:ji/1vn}{kkun:kkut/1nn}{nit:nit/tn-abl-p};{iqqanai:iqqanaiq/1v}{jaq:jaq/2vv}{tu:juq/1vn}{li:&iq/1nn}{ri:gi/1nv}{ji:ji/1vn}{kkun:kkut/1nn}{nit:nit/tn-abl-p};{iqqanai:iqqanaiq/2v}{jaq:jaq/2vv}{tu:juq/1vn}{li:&iq/1nn}{ri:gi/1nv}{ji:ji/1vn}{kkun:kkut/1nn}{nit:nit/tn-abl-p};{iqqa:iqqaq/1v}{na:naq/2vn}{ijaq:ijaq/1nv}{tu:juq/1vn}{liri:liri/1nv}{ji:ji/1vn}{kkun:kkut/1nn}{nit:nit/tn-abl-p};{iqqa:iqqaq/1v}{na:naq/2vn}{ijaq:ijaq/1nv}{tu:juq/1vn}{li:&iq/1nn}{ri:gi/1nv}{ji:ji/1vn}{kkun:kkut/1nn}{nit:nit/tn-abl-p};{iqqa:iqqaq/1v}{na:naq/2vn}{i:it/2nv}{jaq:jaq/2vv}{tu:juq/1vn}{liri:liri/1nv}{ji:ji/1vn}{kkun:kkut/1nn}{nit:nit/tn-abl-p};{iqqa:iqqaq/1v}{na:naq/2vn}{i:iq/1nv}{jaq:jaq/2vv}{tu:juq/1vn}{liri:liri/1nv}{ji:ji/1vn}{kkun:kkut/1nn}{nit:nit/tn-abl-p};{iqqa:iqqaq/1v}{na:naq/1vv}{i:iq/2vv}{jaq:jaq/2vv}{tu:juq/1vn}{liri:liri/1nv}{ji:ji/1vn}{kkun:kkut/1nn}{nit:nit/tn-abl-p};{iqqa:iqqaq/1v}{na:naq/2vn}{i:it/2nv}{jaq:jaq/2vv}{tu:juq/1vn}{li:&iq/1nn}{ri:gi/1nv}{ji:ji/1vn}{kkun:kkut/1nn}{nit:nit/tn-abl-p};{iqqa:iqqaq/1v}{na:naq/2vn}{i:iq/1nv}{jaq:jaq/2vv}{tu:juq/1vn}{li:&iq/1nn}{ri:gi/1nv}{ji:ji/1vn}{kkun:kkut/1nn}{nit:nit/tn-abl-p};{iqqa:iqqaq/1v}{na:naq/1vv}{i:iq/2vv}{jaq:jaq/2vv}{tu:juq/1vn}{li:&iq/1nn}{ri:gi/1nv}{ji:ji/1vn}{kkun:kkut/1nn}{nit:nit/tn-abl-p},False,False,False,False,False,
hansard,iqqanaijaqtulirijikkut,{iqqanaijaq:iqqanaijaq/1v}{tu:juq/1vn}{liri:liri/1nv}{ji:ji/1vn}{kkut:kkut/1nn},False,{iqqanaijaq:iqqanaijaq/1v}{tu:juq/1vn}{liri:liri/1nv}{ji:ji/1vn}{kkut:kkut/1nn};{iqqanaijaq:iqqanaijaq/1v}{tu:juq/1vn}{liri:liri/1nv}{ji:ji/1vn}{kkut:kkut/tn-via-s};{iqqanaijaq:iqqanaijaq/1v}{tu:juq/1vn}{liri:liri/1nv}{ji:ji/1vn}{kkut:kkut/tn-via-s-2s};{iqqanaijaq:iqqanaijaq/1v}{tu:juq/1vn}{liri:liri/1nv}{ji:ji/1vn}{kkut:pkut/tn-via-s-1s};{iqqanaijaq:iqqanaijaq/1v}{tu:juq/1vn}{liri:liri/1nv}{ji:ji/1vn}{kkut:pkut/tn-via-p-1s};{iqqanaijaq:iqqanaijaq/1v}{tu:juq/1vn}{li:&iq/1nn}{ri:gi/1nv}{ji:ji/1vn}{kkut:kkut/1nn};{iqqanaijaq:iqqanaijaq/1v}{tu:juq/1vn}{li:&iq/1nn}{ri:gi/1nv}{ji:ji/1vn}{kkut:kkut/tn-via-s};{iqqanaijaq:iqqanaijaq/1v}{tu:juq/1vn}{li:&iq/1nn}{ri:gi/1nv}{ji:ji/1vn}{kkut:kkut/tn-via-s-2s};{iqqanaijaq:iqqanaijaq/1v}{tu:juq/1vn}{li:&iq/1nn}{ri:gi/1nv}{ji:ji/1vn}{kkut:pkut/tn-via-s-1s};{iqqanaijaq:iqqanaijaq/1v}{tu:juq/1vn}{li:&iq/1nn}{ri:gi/1nv}{ji:ji/1vn}{kkut:pkut/tn-via-p-1s};{iqqanai:iqqanaiq/1v}{jaq:jaq/2vv}{tu:juq/1vn}{liri:liri/1nv}{ji:ji/1vn}{kkut:kkut/1nn};{iqqanai:iqqanaiq/2v}{jaq:jaq/2vv}{tu:juq/1vn}{liri:liri/1nv}{ji:ji/1vn}{kkut:kkut/1nn};{iqqanai:iqqanaiq/1v}{jaq:jaq/2vv}{tu:juq/1vn}{liri:liri/1nv}{ji:ji/1vn}{kkut:kkut/tn-via-s};{iqqanai:iqqanaiq/2v}{jaq:jaq/2vv}{tu:juq/1vn}{liri:liri/1nv}{ji:ji/1vn}{kkut:kkut/tn-via-s};{iqqanai:iqqanaiq/1v}{jaq:jaq/2vv}{tu:juq/1vn}{liri:liri/1nv}{ji:ji/1vn}{kkut:kkut/tn-via-s-2s};{iqqanai:iqqanaiq/2v}{jaq:jaq/2vv}{tu:juq/1vn}{liri:liri/1nv}{ji:ji/1vn}{kkut:kkut/tn-via-s-2s};{iqqanai:iqqanaiq/1v}{jaq:jaq/2vv}{tu:juq/1vn}{liri:liri/1nv}{ji:ji/1vn}{kkut:pkut/tn-via-s-1s};{iqqanai:iqqanaiq/2v}{jaq:jaq/2vv}{tu:juq/1vn}{liri:liri/1nv}{ji:ji/1vn}{kkut:pkut/tn-via-s-1s};{iqqanai:iqqanaiq/1v}{jaq:jaq/2vv}{tu:juq/1vn}{liri:liri/1nv}{ji:ji/1vn}{kkut:pkut/tn-via-p-1s};{iqqanai:iqqanaiq/2v}{jaq:jaq/2vv}{tu:juq/1vn}{liri:liri/1nv}{ji:ji/1vn}{kkut:pkut/tn-via-p-1s};{iqqanai:iqqanaiq/1v}{jaq:jaq/2vv}{tu:juq/1vn}{li:&iq/1nn}{ri:gi/1nv}{ji:ji/1vn}{kkut:kkut/1nn};{iqqanai:iqqanaiq/2v}{jaq:jaq/2vv}{tu:juq/1vn}{li:&iq/1nn}{ri:gi/1nv}{ji:ji/1vn}{kkut:kkut/1nn};{iqqanai:iqqanaiq/1v}{jaq:jaq/2vv}{tu:juq/1vn}{li:&iq/1nn}{ri:gi/1nv}{ji:ji/1vn}{kkut:kkut/tn-via-s};{iqqanai:iqqanaiq/2v}{jaq:jaq/2vv}{tu:juq/1vn}{li:&iq/1nn}{ri:gi/1nv}{ji:ji/1vn}{kkut:kkut/tn-via-s};{iqqanai:iqqanaiq/1v}{jaq:jaq/2vv}{tu:juq/1vn}{li:&iq/1nn}{ri:gi/1nv}{ji:ji/1vn}{kkut:kkut/tn-via-s-2s};{iqqanai:iqqanaiq/2v}{jaq:jaq/2vv}{tu:juq/1vn}{li:&iq/1nn}{ri:gi/1nv}{ji:ji/1vn}{kkut:kkut/tn-via-s-2s};{iqqanai:iqqanaiq/1v}{jaq:jaq/2vv}{tu:juq/1vn}{li:&iq/1nn}{ri:gi/1nv}{ji:ji/1vn}{kkut:pkut/tn-via-s-1s};{iqqanai:iqqanaiq/2v}{jaq:jaq/2vv}{tu:juq/1vn}{li:&iq/1nn}{ri:gi/1nv}{ji:ji/1vn}{kkut:pkut/tn-via-s-1s};{iqqanai:iqqanaiq/1v}{jaq:jaq/2vv}{tu:juq/1vn}{li:&iq/1nn}{ri:gi/1nv}{ji:ji/1vn}{kkut:pkut/tn-via-p-1s};{iqqanai:iqqanaiq/2v}{jaq:jaq/2vv}{tu:juq/1vn}{li:&iq/1nn}{ri:gi/1nv}{ji:ji/1vn}{kkut:pkut/tn-via-p-1s};{iqqa:iqqaq/1v}{na:naq/2vn}{ijaq:ijaq/1nv}{tu:juq/1vn}{liri:liri/1nv}{ji:ji/1vn}{kkut:kkut/1nn};{iqqa:iqqaq/1v}{na:naq/2vn}{ijaq:ijaq/1nv}{tu:juq/1vn}{liri:liri/1nv}{ji:ji/1vn}{kkut:kkut/tn-via-s};{iqqa:iqqaq/1v}{na:naq/2vn}{ijaq:ijaq/1nv}{tu:juq/1vn}{liri:liri/1nv}{ji:ji/1vn}{kkut:kkut/tn-via-s-2s};{iqqa:iqqaq/1v}{na:naq/2vn}{ijaq:ijaq/1nv}{tu:juq/1vn}{liri:liri/1nv}{ji:ji/1vn}{kkut:pkut/tn-via-s-1s};{iqqa:iqqaq/1v}{na:naq/2vn}{ijaq:ijaq/1nv}{tu:juq/1vn}{liri:liri/1nv}{ji:ji/1vn}{kkut:pkut/tn-via-p-1s};{iqqa:iqqaq/1v}{na:naq/2vn}{ijaq:ijaq/1nv}{tu:juq/1vn}{li:&iq/1nn}{ri:gi/1nv}{ji:ji/1vn}{kkut:kkut/1nn};{iqqa:iqqaq/1v}{na:naq/2vn}{i:it/2nv}{jaq:jaq/2vv}{tu:juq/1vn}{liri:liri/1nv}{ji:ji/1vn}{kkut:kkut/1nn};{iqqa:iqqaq/1v}{na:naq/2vn}{i:iq/1nv}{jaq:jaq/2vv}{tu:juq/1vn}{liri:liri/1nv}{ji:ji/1vn}{kkut:kkut/1nn};{iqqa:iqqaq/1v}{na:naq/1vv}{i:iq/2vv}{jaq:jaq/2vv}{tu:juq/1vn}{liri:liri/1nv}{ji:ji/1vn}{kkut:kkut/1nn};{iqqa:iqqaq/1v}{na:naq/2vn}{ijaq:ijaq/1nv}{tu:juq/1vn}{li:&iq/1nn}{ri:gi/1nv}{ji:ji/1vn}{kkut:kkut/tn-via-s};{iqqa:iqqaq/1v}{na:naq/2vn}{i:it/2nv}{jaq:jaq/2vv}{tu:juq/1vn}{liri:liri/1nv}{ji:ji/1vn}{kkut:kkut/tn-via-s};{iqqa:iqqaq/1v}{na:naq/2vn}{i:iq/1nv}{jaq:jaq/2vv}{tu:juq/1vn}{liri:liri/1nv}{ji:ji/1vn}{kkut:kkut/tn-via-s};{iqqa:iqqaq/1v}{na:naq/1vv}{i:iq/2vv}{jaq:jaq/2vv}{tu:juq/1vn}{liri:liri/1nv}{ji:ji/1vn}{kkut:kkut/tn-via-s};{iqqa:iqqaq/1v}{na:naq/2vn}{ijaq:ijaq/1nv}{tu:juq/1vn}{li:&iq/1nn}{ri:gi/1nv}{ji:ji/1vn}{kkut:kkut/tn-via-s-2s};{iqqa:iqqaq/1v}{na:naq/2vn}{i:it/2nv}{jaq:jaq/2vv}{tu:juq/1vn}{liri:liri/1nv}{ji:ji/1vn}{kkut:kkut/tn-via-s-2s};{iqqa:iqqaq/1v}{na:naq/2vn}{i:iq/1nv}{jaq:jaq/2vv}{tu:juq/1vn}{liri:liri/1nv}{ji:ji/1vn}{kkut:kkut/tn-via-s-2s};{iqqa:iqqaq/1v}{na:naq/1vv}{i:iq/2vv}{jaq:jaq/2vv}{tu:juq/1vn}{liri:liri/1nv}{ji:ji/1vn}{kkut:kkut/tn-via-s-2s};{iqqa:iqqaq/1v}{na:naq/2vn}{ijaq:ijaq/1nv}{tu:juq/1vn}{li:&iq/1nn}{ri:gi/1nv}{ji:ji/1vn}{kkut:pkut/tn-via-s-1s};{iqqa:iqqaq/1v}{na:naq/2vn}{i:it/2nv}{jaq:jaq/2vv}{tu:juq/1vn}{liri:liri/1nv}{ji:ji/1vn}{kkut:pkut/tn-via-s-1s};{iqqa:iqqaq/1v}{na:naq/2vn}{i:iq/1nv}{jaq:jaq/2vv}{tu:juq/1vn}{liri:liri/1nv}{ji:ji/1vn}{kkut:pkut/tn-via-s-1s};{iqqa:iqqaq/1v}{na:naq/1vv}{i:iq/2vv}{jaq:jaq/2vv}{tu:juq/1vn}{liri:liri/1nv}{ji:ji/1vn}{kkut:pkut/tn-via-s-1s};{iqqa:iqqaq/1v}{na:naq/2vn}{ijaq:ijaq/1nv}{tu:juq/1vn}{li:&iq/1nn}{ri:gi/1nv}{ji:ji/1vn}{kkut:pkut/tn-via-p-1s};{iqqa:iqqaq/1v}{na:naq/2vn}{i:it/2nv}{jaq:jaq/2vv}{tu:juq/1vn}{liri:liri/1nv}{ji:ji/1vn}{kkut:pkut/tn-via-p-1s};{iqqa:iqqaq/1v}{na:naq/2vn}{i:iq/1nv}{jaq:jaq/2vv}{tu:juq/1vn}{liri:liri/1nv}{ji:ji/1vn}{kkut:pkut/tn-via-p-1s};{iqqa:iqqaq/1v}{na:naq/1vv}{i:iq/2vv}{jaq:jaq/2vv}{tu:juq/1vn}{liri:liri/1nv}{ji:ji/1vn}{kkut:pkut/tn-via-p-1s};{iqqa:iqqaq/1v}{na:naq/2vn}{i:it/2nv}{jaq:jaq/2vv}{tu:juq/1vn}{li:&iq/1nn}{ri:gi/1nv}{ji:ji/1vn}{kkut:kkut/1nn};{iqqa:iqqaq/1v}{na:naq/2vn}{i:iq/1nv}{jaq:jaq/2vv}{tu:juq/1vn}{li:&iq/1nn}{ri:gi/1nv}{ji:ji/1vn}{kkut:kkut/1nn};{iqqa:iqqaq/1v}{na:naq/1vv}{i:iq/2vv}{jaq:jaq/2vv}{tu:juq/1vn}{li:&iq/1nn}{ri:gi/1nv}{ji:ji/1vn}{kkut:kkut/1nn};{iqqa:iqqaq/1v}{na:naq/2vn}{i:it/2nv}{jaq:jaq/2vv}{tu:juq/1vn}{li:&iq/1nn}{ri:gi/1nv}{ji:ji/1vn}{kkut:kkut/tn-via-s};{iqqa:iqqaq/1v}{na:naq/2vn}{i:iq/1nv}{jaq:jaq/2vv}{tu:juq/1vn}{li:&iq/1nn}{ri:gi/1nv}{ji:ji/1vn}{kkut:kkut/tn-via-s};{iqqa:iqqaq/1v}{na:naq/1vv}{i:iq/2vv}{jaq:jaq/2vv}{tu:juq/1vn}{li:&iq/1nn}{ri:gi/1nv}{ji:ji/1vn}{kkut:kkut/tn-via-s};{iqqa:iqqaq/1v}{na:naq/2vn}{i:it/2nv}{jaq:jaq/2vv}{tu:juq/1vn}{li:&iq/1nn}{ri:gi/1nv}{ji:ji/1vn}{kkut:kkut/tn-via-s-2s};{iqqa:iqqaq/1v}{na:naq/2vn}{i:iq/1nv}{jaq:jaq/2vv}{tu:juq/1vn}{li:&iq/1nn}{ri:gi/1nv}{ji:ji/1vn}{kkut:kkut/tn-via-s-2s};{iqqa:iqqaq/1v}{na:naq/1vv}{i:iq/2vv}{jaq:jaq/2vv}{tu:juq/1vn}{li:&iq/1nn}{ri:gi/1nv}{ji:ji/1vn}{kkut:kkut/tn-via-s-2s};{iqqa:iqqaq/1v}{na:naq/2vn}{i:it/2nv}{jaq:jaq/2vv}{tu:juq/1vn}{li:&iq/1nn}{ri:gi/1nv}{ji:ji/1vn}{kkut:pkut/tn-via-s-1s};{iqqa:iqqaq/1v}{na:naq/2vn}{i:iq/1nv}{jaq:jaq/2vv}{tu:juq/1vn}{li:&iq/1nn}{ri:gi/1nv}{ji:ji/1vn}{kkut:pkut/tn-via-s-1s};{iqqa:iqqaq/1v}{na:naq/1vv}{i:iq/2vv}{jaq:jaq/2vv}{tu:juq/1vn}{li:&iq/1nn}{ri:gi/1nv}{ji:ji/1vn}{kkut:pkut/tn-via-s-1s};{iqqa:iqqaq/1v}{na:naq/2vn}{i:it/2nv}{jaq:jaq/2vv}{tu:juq/1vn}{li:&iq/1nn}{ri:gi/1nv}{ji:ji/1vn}{kkut:pkut/tn-via-p-1s};{iqqa:iqqaq/1v}{na:naq/2vn}{i:iq/1nv}{jaq:jaq/2vv}{tu:juq/1vn}{li:&iq/1nn}{ri:gi/1nv}{ji:ji/1vn}{kkut:pkut/tn-via-p-1s};{iqqa:iqqaq/1v}{na:naq/1vv}{i:iq/2vv}{jaq:jaq/2vv}{tu:juq/1vn}{li:&iq/1nn}{ri:gi/1nv}{ji:ji/1vn}{kkut:pkut/tn-via-p-1s},False,False,False,False,False,
hansard,iqqaqtuivilirijikkunnut,{iqqaq:iqqaq/1v}{tu:tuq/1vv}{i:i/1vv}{vi:vik/3vn}{liri:liri/1nv}{ji:ji/1vn}{kkun:kkut/1nn}{nut:nut/tn-dat-p},False,{iqqaq:iqqaq/1v}{tu:tuq/1vv}{i:i/1vv}{vi:vik/3vn}{liri:liri/1nv}{ji:ji/1vn}{kkun:kkut/1nn}{nut:nut/tn-dat-p};{iqqaq:iqqaq/1v}{tu:juq/1vn}{i:it/2nv}{vi:vik/3vn}{liri:liri/1nv}{ji:ji/1vn}{kkun:kkut/1nn}{nut:nut/tn-dat-p};{iqqaq:iqqaq/1v}{tu:juq/1vn}{i:iq/1nv}{vi:vik/3vn}{liri:liri/1nv}{ji:ji/1vn}{kkun:kkut/1nn}{nut:nut/tn-dat-p};{iqqaq:iqqaq/1n}{tu:tuq/1nv}{i:iq/2vv}{vi:vik/3vn}{liri:liri/1nv}{ji:ji/1vn}{kkun:kkut/1nn}{nut:nut/tn-dat-p};{iqqaq:iqqaq/1v}{tu:tuq/1vv}{i:iq/2vv}{vi:vik/3vn}{liri:liri/1nv}{ji:ji/1vn}{kkun:kkut/1nn}{nut:nut/tn-dat-p};{iqqa:iqqaq/1n}{qtu:ttuq/1nv}{i:iq/2vv}{vi:vik/3vn}{liri:liri/1nv}{ji:ji/1vn}{kkun:kkut/1nn}{nut:nut/tn-dat-p},False,False,False,False,False,
hansard,iqqaqtuivilirijikkut,{iqqaq:iqqaq/1v}{tu:tuq/1vv}{i:i/1vv}{vi:vik/3vn}{liri:liri/1nv}{ji:ji/1vn}{kkut:kkut/1nn},False,{iqqaq:iqqaq/1v}{tu:tuq/1vv}{i:i/1vv}{vi:vik/3vn}{liri:liri/1nv}{ji:ji/1vn}{kkut:kkut/1nn};{iqqaq:iqqaq/1v}{tu:juq/1vn}{i:it/2nv}{vi:vik/3vn}{liri:liri/1nv}{ji:ji/1vn}{kkut:kkut/1nn};{iqqaq:iqqaq/1v}{tu:juq/1vn}{i:iq/1nv}{vi:vik/3vn}{liri:liri/1nv}{ji:ji/1vn}{kkut:kkut/1nn};{iqqaq:iqqaq/1n}{tu:tuq/1nv}{i:iq/2vv}{vi:vik/3vn}{liri:liri/1nv}{ji:ji/1vn}{kkut:kkut/1nn};{iqqaq:iqqaq/1v}{tu:tuq/1vv}{i:iq/2vv}{vi:vik/3vn}{liri:liri/1nv}{ji:ji/1vn}{kkut:kkut/1nn};{iqqa:iqqaq/1n}{qtu:ttuq/1nv}{i:iq/2vv}{vi:vik/3vn}{liri:liri/1nv}{ji:ji/1vn}{kkut:kkut/1nn};{iqqaq:iqqaq/1v}{tu:tuq/1vv}{i:i/1vv}{vi:vik/3vn}{liri:liri/1nv}{ji:ji/1vn}{kkut:kkut/tn-via-s};{iqqaq:iqqaq/1v}{tu:juq/1vn}{i:it/2nv}{vi:vik/3vn}{liri:liri/1nv}{ji:ji/1vn}{kkut:kkut/tn-via-s};{iqqaq:iqqaq/1v}{tu:juq/1vn}{i:iq/1nv}{vi:vik/3vn}{liri:liri/1nv}{ji:ji/1vn}{kkut:kkut/tn-via-s};{iqqaq:iqqaq/1n}{tu:tuq/1nv}{i:iq/2vv}{vi:vik/3vn}{liri:liri/1nv}{ji:ji/1vn}{kkut:kkut/tn-via-s};{iqqaq:iqqaq/1v}{tu:tuq/1vv}{i:iq/2vv}{vi:vik/3vn}{liri:liri/1nv}{ji:ji/1vn}{kkut:kkut/tn-via-s};{iqqa:iqqaq/1n}{qtu:ttuq/1nv}{i:iq/2vv}{vi:vik/3vn}{liri:liri/1nv}{ji:ji/1vn}{kkut:kkut/tn-via-s};{iqqaq:iqqaq/1v}{tu:tuq/1vv}{i:i/1vv}{vi:vik/3vn}{liri:liri/1nv}{ji:ji/1vn}{kkut:kkut/tn-via-s-2s};{iqqaq:iqqaq/1v}{tu:juq/1vn}{i:it/2nv}{vi:vik/3vn}{liri:liri/1nv}{ji:ji/1vn}{kkut:kkut/tn-via-s-2s};{iqqaq:iqqaq/1v}{tu:juq/1vn}{i:iq/1nv}{vi:vik/3vn}{liri:liri/1nv}{ji:ji/1vn}{kkut:kkut/tn-via-s-2s};{iqqaq:iqqaq/1n}{tu:tuq/1nv}{i:iq/2vv}{vi:vik/3vn}{liri:liri/1nv}{ji:ji/1vn}{kkut:kkut/tn-via-s-2s};{iqqaq:iqqaq/1v}{tu:tuq/1vv}{i:iq/2vv}{vi:vik/3vn}{liri:liri/1nv}{ji:ji/1vn}{kkut:kkut/tn-via-s-2s};{iqqa:iqqaq/1n}{qtu:ttuq/1nv}{i:iq/2vv}{vi:vik/3vn}{liri:liri/1nv}{ji:ji/1vn}{kkut:kkut/tn-via-s-2s};{iqqaq:iqqaq/1v}{tu:tuq/1vv}{i:i/1vv}{vi:vik/3vn}{liri:liri/1nv}{ji:ji/1vn}{kkut:pkut/tn-via-s-1s};{iqqaq:iqqaq/1v}{tu:juq/1vn}{i:it/2nv}{vi:vik/3vn}{liri:liri/1nv}{ji:ji/1vn}{kkut:pkut/tn-via-s-1s};{iqqaq:iqqaq/1v}{tu:juq/1vn}{i:iq/1nv}{vi:vik/3vn}{liri:liri/1nv}{ji:ji/1vn}{kkut:pkut/tn-via-s-1s};{iqqaq:iqqaq/1n}{tu:tuq/1nv}{i:iq/2vv}{vi:vik/3vn}{liri:liri/1nv}{ji:ji/1vn}{kkut:pkut/tn-via-s-1s};{iqqaq:iqqaq/1v}{tu:tuq/1vv}{i:iq/2vv}{vi:vik/3vn}{liri:liri/1nv}{ji:ji/1vn}{kkut:pkut/tn-via-s-1s};{iqqa:iqqaq/1n}{qtu:ttuq/1nv}{i:iq/2vv}{vi:vik/3vn}{liri:liri/1nv}{ji:ji/1vn}{kkut:pkut/tn-via-s-1s};{iqqaq:iqqaq/1v}{tu:tuq/1vv}{i:i/1vv}{vi:vik/3vn}{liri:liri/1nv}{ji:ji/1vn}{kkut:pkut/tn-via-p-1s};{iqqaq:iqqaq/1v}{tu:juq/1vn}{i:it/2nv}{vi:vik/3vn}{liri:liri/1nv}{ji:ji/1vn}{kkut:pkut/tn-via-p-1s};{iqqaq:iqqaq/1v}{tu:juq/1vn}{i:iq/1nv}{vi:vik/3vn}{liri:liri/1nv}{ji:ji/1vn}{kkut:pkut/tn-via-p-1s};{iqqaq:iqqaq/1n}{tu:tuq/1nv}{i:iq/2vv}{vi:vik/3vn}{liri:liri/1nv}{ji:ji/1vn}{kkut:pkut/tn-via-p-1s};{iqqaq:iqqaq/1v}{tu:tuq/1vv}{i:iq/2vv}{vi:vik/3vn}{liri:liri/1nv}{ji:ji/1vn}{kkut:pkut/tn-via-p-1s};{iqqa:iqqaq/1n}{qtu:ttuq/1nv}{i:iq/2vv}{vi:vik/3vn}{liri:liri/1nv}{ji:ji/1vn}{kkut:pkut/tn-via-p-1s},False,False,False,False,False,
hansard,iqqittuq,[decomposition:/iqqittuq(iqqittuq)/],False,,False,False,False,False,True,
hansard,issivauta,{issiva:iksiva/1v}{uta:ut/1vn},False,{issiva:iksiva/1v}{uta:ut/1vn};{issi:ik&i/1v}{va:vak/1vv}{uta:ut/1vn};{issi:itti/1n}{va:vaq/1nv}{uta:ut/1vn},False,False,False,False,False,
hansard,issivautaa,{issiva:iksiva/1v}{uta:ut/1vn}{a:k/tn-nom-d},False,{issiva:iksiva/1v}{uta:ut/1vn}{a:nga/tn-nom-s-4s};{issi:ik&i/1v}{va:vak/1vv}{uta:ut/1vn}{a:nga/tn-nom-s-4s};{issi:itti/1n}{va:vaq/1nv}{uta:ut/1vn}{a:nga/tn-nom-s-4s};{issiva:iksiva/1v}{uta:ut/1vn}{a:k/tn-nom-d};{issiva:iksiva/1v}{uta:ut/1vn}{a:k/tn-gen-d};{issi:ik&i/1v}{va:vak/1vv}{uta:ut/1vn}{a:k/tn-nom-d};{issi:itti/1n}{va:vaq/1nv}{uta:ut/1vn}{a:k/tn-nom-d};{issi:ik&i/1v}{va:vak/1vv}{uta:ut/1vn}{a:k/tn-gen-d};{issi:itti/1n}{va:vaq/1nv}{uta:ut/1vn}{a:k/tn-gen-d},False,False,False,False,False,
hansard,issivautaaq,,False,,False,True,False,False,False,See comment for 'iksivautaaq'
hansard,issivautaq,{issiva:iksiva/1v}{utaq:ut/1vn},False,{issiva:iksiva/1v}{utaq:ut/1vn};{issi:ik&i/1v}{va:vak/1vv}{utaq:ut/1vn};{issi:itti/1n}{va:vaq/1nv}{utaq:ut/1vn},False,False,False,False,False,
hansard,isumagillugu,{isuma:isuma/1n}{gi:gi/1nv}{llugu:lugu/tv-part-1s-3s-prespas},False,{isuma:isuma/1n}{gil:gik/1nv}{lugu:lugu/tv-part-1s-3s-fut};{isuma:isuma/1n}{gil:gik/1nv}{lugu:lugu/tv-part-2s-3s-fut};{isuma:isuma/1n}{gil:gik/1nv}{lugu:lugu/tv-part-4s-3s-fut};{isuma:isuma/1n}{gil:gik/1nv}{lugu:lugu/tv-part-1d-3s-fut};{isuma:isuma/1n}{gil:gik/1nv}{lugu:lugu/tv-part-2d-3s-fut};{isuma:isuma/1n}{gil:gik/1nv}{lugu:lugu/tv-part-4d-3s-fut};{isuma:isuma/1n}{gil:gik/1nv}{lugu:lugu/tv-part-1p-3s-fut};{isuma:isuma/1n}{gil:gik/1nv}{lugu:lugu/tv-part-2p-3s-fut};{isuma:isuma/1n}{gil:gik/1nv}{lugu:lugu/tv-part-4p-3s-fut};{isuma:isuma/1n}{gi:gi/1nv}{llugu:lugu/tv-part-1s-3s-prespas};{isuma:isuma/1n}{gi:gi/1nv}{llugu:lugu/tv-part-2s-3s-prespas};{isuma:isuma/1n}{gi:gi/1nv}{llugu:lugu/tv-part-4s-3s-prespas};{isuma:isuma/1n}{gi:gi/1nv}{llugu:lugu/tv-part-1d-3s-prespas};{isuma:isuma/1n}{gi:gi/1nv}{llugu:lugu/tv-part-2d-3s-prespas};{isuma:isuma/1n}{gi:gi/1nv}{llugu:lugu/tv-part-4d-3s-prespas};{isuma:isuma/1n}{gi:gi/1nv}{llugu:lugu/tv-part-1p-3s-prespas};{isuma:isuma/1n}{gi:gi/1nv}{llugu:lugu/tv-part-2p-3s-prespas};{isuma:isuma/1n}{gi:gi/1nv}{llugu:lugu/tv-part-4p-3s-prespas},False,False,False,False,False,
hansard,itsivauta,{itsiva:iksiva/1v}{uta:ut/1vn},False,{itsiva:iksiva/1v}{uta:ut/1vn};{itsi:ik&i/1v}{va:vak/1vv}{uta:ut/1vn};{itsi:itti/1n}{va:vaq/1nv}{uta:ut/1vn},False,False,False,False,False,
hansard,itsivautaa,{itsiva:iksiva/1v}{uta:ut/1vn}{a:k/tn-nom-d},False,{itsiva:iksiva/1v}{uta:ut/1vn}{a:nga/tn-nom-s-4s};{itsi:ik&i/1v}{va:vak/1vv}{uta:ut/1vn}{a:nga/tn-nom-s-4s};{itsi:itti/1n}{va:vaq/1nv}{uta:ut/1vn}{a:nga/tn-nom-s-4s};{itsiva:iksiva/1v}{uta:ut/1vn}{a:k/tn-nom-d};{itsiva:iksiva/1v}{uta:ut/1vn}{a:k/tn-gen-d};{itsi:ik&i/1v}{va:vak/1vv}{uta:ut/1vn}{a:k/tn-nom-d};{itsi:itti/1n}{va:vaq/1nv}{uta:ut/1vn}{a:k/tn-nom-d};{itsi:ik&i/1v}{va:vak/1vv}{uta:ut/1vn}{a:k/tn-gen-d};{itsi:itti/1n}{va:vaq/1nv}{uta:ut/1vn}{a:k/tn-gen-d},False,False,False,False,False,
hansard,itsivautaaq,,True,,False,True,False,False,False,See comment for 'iksivautaaq'. Possible decomposition sketch: [decomposition:/itsiva(iksiva)/utaaq(ut)/]
hansard,itsivautaq,{itsiva:iksiva/1v}{utaq:ut/1vn},False,{itsiva:iksiva/1v}{utaq:ut/1vn};{itsi:ik&i/1v}{va:vak/1vv}{utaq:ut/1vn};{itsi:itti/1n}{va:vaq/1nv}{utaq:ut/1vn},False,False,False,False,False,
hansard,ivvit,{ivvit:igvit/1p},False,{ivvit:ipvit/1p};{ivvit:igvit/1p},False,False,False,False,False,
hansard,jaak,[decomposition:/jaak(jaak)/],False,,False,False,False,False,True,
hansard,jaan,[decomposition:/jaan(jaan)/],False,,False,False,False,False,True,
hansard,jaimisi,[decomposition:/jaimisi(jaimisi)/],False,,False,False,False,False,True,
hansard,jaims,[decomposition:/jaims(jaims)/],False,,False,False,False,False,True,
hansard,julai,{julai:julai/1n},False,{julai:julai/1n};{julai:julai/1n}{:k/tn-nom-d};{julai:julai/1n}{:k/tn-gen-d};{julai:julai/1n}{:up/tn-gen-s};{julai:julai/1n}{:it/tn-nom-p};{julai:julai/1n}{:it/tn-gen-p};{julai:julai/1n}{:it/tn-nom-s-2s},False,False,False,False,False,
hansard,juraias,[decomposition:/juraias(juraias)/],False,,False,False,False,False,True,
hansard,juupi,[decomposition:/juupi(juupi)/],False,,False,False,False,False,True,
hansard,kaalvin,[decomposition:/kaalvin(kaalvin)/],False,,False,False,False,False,True,
hansard,kajusijuq,{kajusi:kajusi/1v}{juq:juq/1vn},False,{kajusi:kajusi/1v}{juq:juq/1vn};{kajusi:kajusi/1v}{juq:juq/tv-ger-3s},False,False,False,False,False,
hansard,kajusivuq,{kajusi:kajusi/1v}{vuq:vuq/tv-dec-3s},False,{kajusi:kajusi/1v}{vuq:vuq/tv-dec-3s},False,False,False,False,False,
hansard,kamagijalik,{kama:kama/1v}{gi:gi/4vv}{ja:jaq/1vn}{lik:lik/1nn},False,{kama:kama/1v}{gi:gi/4vv}{ja:jaq/1vn}{lik:lik/1nn},False,False,False,False,False,
hansard,kamajuq,{kama:kama/1v}{juq:juq/1vn},False,{kama:kama/1v}{juq:juq/1vn};{kama:kama/1v}{juq:juq/tv-ger-3s},False,False,False,False,False,
hansard,kamisana,{kamisana:kamisina/1n},False,{kamisana:kamisina/1n},False,False,False,False,False,
hansard,kamisina,{kamisina:kamisina/1n},False,{kamisina:kamisina/1n};{kami:kamik/1v}{si:si/2vv}{na:naq/2vn};{kami:kamik/1v}{si:si/2vv}{na:nak/tv-part-2s};{kami:kamik/1v}{si:si/2vv}{na:nak/tv-part-1s-2s};{kami:kamik/1v}{si:si/2vv}{na:nak/tv-part-4s-2s};{kami:kamik/1v}{si:si/2vv}{na:nak/tv-part-1d-2s};{kami:kamik/1v}{si:si/2vv}{na:nak/tv-part-4d-2s};{kami:kamik/1v}{si:si/2vv}{na:nak/tv-part-1p-2s};{kami:kamik/1v}{si:si/2vv}{na:nak/tv-part-4p-2s},False,False,False,False,False,
hansard,kamisinaup,{kamisina:kamisina/1n}{up:up/tn-gen-s},False,{kamisina:kamisina/1n}{up:up/tn-gen-s};{kamisina:kamisina/1n}{u:ut/2nn}{p:up/tn-gen-s};{kami:kamik/1v}{si:si/2vv}{na:naq/2vn}{up:up/tn-gen-s};{kami:kamik/1v}{si:si/2vv}{na:naq/2vn}{u:ut/2nn}{p:up/tn-gen-s};{kami:kamik/1v}{si:si/2vv}{na:naq/1vv}{u:ut/1vn}{p:up/tn-gen-s},False,False,False,False,False,
hansard,kanannangani,{kananna:kanangnaq/1n}{ngani:ngani/tn-loc-s-4s},False,{kananna:kanangnaq/1n}{ngani:ngani/tn-loc-s-4s};{kananna:kanangnaq/1n}{ngani:nganik/tn-acc-s-4s};{kananna:kanangnaq/1n}{ngani:nganit/tn-abl-s-4s},False,False,False,False,False,
hansard,kanata,{kanata:kanata/1n},False,{kanata:kanata/1n};{kanata:kanata/2n},False,False,False,False,False,
hansard,kanatalimaami,{kanata:kanata/1n}{limaa:limaaq/1nn}{mi:mi/tn-loc-s},False,{kanata:kanata/1n}{limaa:limaaq/1nn}{mi:mi/tn-loc-s};{kanata:kanata/2n}{limaa:limaaq/1nn}{mi:mi/tn-loc-s};{kanata:kanata/1n}{limaa:limaaq/1nn}{mi:mik/tn-acc-s};{kanata:kanata/2n}{limaa:limaaq/1nn}{mi:mik/tn-acc-s};{kanata:kanata/1n}{limaa:limaaq/1nn}{mi:mit/tn-abl-s};{kanata:kanata/2n}{limaa:limaaq/1nn}{mi:mit/tn-abl-s},False,False,False,False,False,
hansard,kanatami,{kanata:kanata/1n}{mi:mi/tn-loc-s},False,{kanata:kanata/1n}{mi:mi/tn-loc-s};{kanata:kanata/2n}{mi:mi/tn-loc-s};{kanata:kanata/1n}{mi:mi/tn-gen-s-3s};{kanata:kanata/2n}{mi:mi/tn-gen-s-3s};{kanata:kanata/1n}{mi:mi/tn-gen-p-3s};{kanata:kanata/2n}{mi:mi/tn-gen-p-3s};{kanata:kanata/1n}{mi:mik/tn-acc-s};{kanata:kanata/2n}{mi:mik/tn-acc-s};{kanata:kanata/1n}{mi:mik/tn-gen-s-3d};{kanata:kanata/2n}{mi:mik/tn-gen-s-3d};{kanata:kanata/1n}{mi:mik/tn-gen-p-3d};{kanata:kanata/2n}{mi:mik/tn-gen-p-3d};{kanata:kanata/1n}{mi:mik/tn-gen-s-3p};{kanata:kanata/2n}{mi:mik/tn-gen-s-3p};{kanata:kanata/1n}{mi:mik/tn-gen-p-3p};{kanata:kanata/2n}{mi:mik/tn-gen-p-3p};{kanata:kanata/1n}{mi:mit/tn-abl-s};{kanata:kanata/2n}{mi:mit/tn-abl-s},False,False,False,False,False,
hansard,kanataup,{kanata:kanata/1n}{up:up/tn-gen-s},False,{kanata:kanata/1n}{up:up/tn-gen-s};{kanata:kanata/2n}{up:up/tn-gen-s};{kanata:kanata/1n}{u:ut/2nn}{p:up/tn-gen-s};{kanata:kanata/2n}{u:ut/2nn}{p:up/tn-gen-s},False,False,False,False,False,
hansard,kangiqtugaapimmi,{kangiqtugaapim:kangiqtugaapik/1n}{mi:mi/tn-loc-s},False,{kangiqtugaapim:kangiqtugaapik/1n}{mi:mi/tn-loc-s};{kangiqtugaapim:kangiqtugaapik/1n}{mi:ni/tn-loc-p};{kangiqtugaapi:kangiqtugaapik/1n}{mmi:mi/tn-gen-s-3s};{kangiqtugaapi:kangiqtugaapik/1n}{mmi:mi/tn-gen-p-3s};{kangiq:kangiq/1n}{tu:tuq/1nv}{ga:gaq/1vn}{apim:apik/1nn}{mi:mi/tn-loc-s};{kangi:kangiq/1n}{qtu:ttuq/1nv}{ga:gaq/1vn}{apim:apik/1nn}{mi:mi/tn-loc-s};{kangiq:kangiq/1n}{tu:tuq/1nv}{ga:gaq/1vn}{apim:apik/1nn}{mi:ni/tn-loc-p};{kangi:kangiq/1n}{qtu:ttuq/1nv}{ga:gaq/1vn}{apim:apik/1nn}{mi:ni/tn-loc-p};{kangiq:kangiq/1n}{tu:tuq/1nv}{ga:gaq/1vn}{api:apik/1nn}{mmi:mi/tn-gen-s-3s};{kangi:kangiq/1n}{qtu:ttuq/1nv}{ga:gaq/1vn}{api:apik/1nn}{mmi:mi/tn-gen-s-3s};{kangiq:kangiq/1n}{tu:tuq/1nv}{ga:gaq/1vn}{api:apik/1nn}{mmi:mi/tn-gen-p-3s};{kangi:kangiq/1n}{qtu:ttuq/1nv}{ga:gaq/1vn}{api:apik/1nn}{mmi:mi/tn-gen-p-3s};{kangi:kangi/1n}{qtu:ttuq/1nv}{ga:gaq/1vn}{apim:apik/1nn}{mi:mi/tn-loc-s};{kangi:kangi/1n}{qtu:ttuq/1nv}{ga:gaq/1vn}{apim:apik/1nn}{mi:ni/tn-loc-p};{kangi:kangi/1n}{qtu:ttuq/1nv}{ga:gaq/1vn}{api:apik/1nn}{mmi:mi/tn-gen-s-3s};{kangi:kangi/1n}{qtu:ttuq/1nv}{ga:gaq/1vn}{api:apik/1nn}{mmi:mi/tn-gen-p-3s};{kangiqtugaapim:kangiqtugaapik/1n}{mi:mik/tn-acc-s};{kangiqtugaapim:kangiqtugaapik/1n}{mi:mit/tn-abl-s};{kangiqtugaapi:kangiqtugaapik/1n}{mmi:mik/tn-gen-s-3d};{kangiqtugaapi:kangiqtugaapik/1n}{mmi:mik/tn-gen-p-3d};{kangiqtugaapi:kangiqtugaapik/1n}{mmi:mik/tn-gen-s-3p};{kangiqtugaapi:kangiqtugaapik/1n}{mmi:mik/tn-gen-p-3p};{kangiq:kangiq/1n}{tu:tuq/1nv}{ga:gaq/1vn}{apim:apik/1nn}{mi:mik/tn-acc-s};{kangi:kangiq/1n}{qtu:ttuq/1nv}{ga:gaq/1vn}{apim:apik/1nn}{mi:mik/tn-acc-s};{kangiq:kangiq/1n}{tu:tuq/1nv}{ga:gaq/1vn}{apim:apik/1nn}{mi:mit/tn-abl-s};{kangi:kangiq/1n}{qtu:ttuq/1nv}{ga:gaq/1vn}{apim:apik/1nn}{mi:mit/tn-abl-s};{kangiq:kangiq/1n}{tu:tuq/1nv}{ga:gaq/1vn}{api:apik/1nn}{mmi:mik/tn-gen-s-3d};{kangi:kangiq/1n}{qtu:ttuq/1nv}{ga:gaq/1vn}{api:apik/1nn}{mmi:mik/tn-gen-s-3d};{kangiq:kangiq/1n}{tu:tuq/1nv}{ga:gaq/1vn}{api:apik/1nn}{mmi:mik/tn-gen-p-3d};{kangi:kangiq/1n}{qtu:ttuq/1nv}{ga:gaq/1vn}{api:apik/1nn}{mmi:mik/tn-gen-p-3d};{kangiq:kangiq/1n}{tu:tuq/1nv}{ga:gaq/1vn}{api:apik/1nn}{mmi:mik/tn-gen-s-3p};{kangi:kangiq/1n}{qtu:ttuq/1nv}{ga:gaq/1vn}{api:apik/1nn}{mmi:mik/tn-gen-s-3p};{kangiq:kangiq/1n}{tu:tuq/1nv}{ga:gaq/1vn}{api:apik/1nn}{mmi:mik/tn-gen-p-3p};{kangi:kangiq/1n}{qtu:ttuq/1nv}{ga:gaq/1vn}{api:apik/1nn}{mmi:mik/tn-gen-p-3p};{kangi:kangi/1n}{qtu:ttuq/1nv}{ga:gaq/1vn}{apim:apik/1nn}{mi:mik/tn-acc-s};{kangi:kangi/1n}{qtu:ttuq/1nv}{ga:gaq/1vn}{apim:apik/1nn}{mi:mit/tn-abl-s};{kangi:kangi/1n}{qtu:ttuq/1nv}{ga:gaq/1vn}{api:apik/1nn}{mmi:mik/tn-gen-s-3d};{kangi:kangi/1n}{qtu:ttuq/1nv}{ga:gaq/1vn}{api:apik/1nn}{mmi:mik/tn-gen-p-3d};{kangi:kangi/1n}{qtu:ttuq/1nv}{ga:gaq/1vn}{api:apik/1nn}{mmi:mik/tn-gen-s-3p};{kangi:kangi/1n}{qtu:ttuq/1nv}{ga:gaq/1vn}{api:apik/1nn}{mmi:mik/tn-gen-p-3p},False,False,False,False,False,
hansard,katilimaaqtugit,{kati:kati/1v}{limaaq:limaaq/2vv}{tugit:lugit/tv-part-1s-3p-prespas},False,{kati:katit/1v}{limaaq:limaaq/2vv}{tugit:lugit/tv-part-1s-3p-prespas};{kati:katit/1v}{limaaq:limaaq/2vv}{tugit:lugit/tv-part-2s-3p-prespas};{kati:katit/1v}{limaaq:limaaq/2vv}{tugit:lugit/tv-part-4s-3p-prespas};{kati:katit/1v}{limaaq:limaaq/2vv}{tugit:lugit/tv-part-1d-3p-prespas};{kati:katit/1v}{limaaq:limaaq/2vv}{tugit:lugit/tv-part-2d-3p-prespas};{kati:katit/1v}{limaaq:limaaq/2vv}{tugit:lugit/tv-part-4d-3p-prespas};{kati:katit/1v}{limaaq:limaaq/2vv}{tugit:lugit/tv-part-1p-3p-prespas};{kati:katit/1v}{limaaq:limaaq/2vv}{tugit:lugit/tv-part-2p-3p-prespas};{kati:katit/1v}{limaaq:limaaq/2vv}{tugit:lugit/tv-part-4p-3p-prespas};{kati:kati/1v}{limaaq:limaaq/2vv}{tugit:lugit/tv-part-1s-3p-prespas};{kati:kati/1v}{limaaq:limaaq/2vv}{tugit:lugit/tv-part-2s-3p-prespas};{kati:kati/1v}{limaaq:limaaq/2vv}{tugit:lugit/tv-part-4s-3p-prespas};{kati:kati/1v}{limaaq:limaaq/2vv}{tugit:lugit/tv-part-1d-3p-prespas};{kati:kati/1v}{limaaq:limaaq/2vv}{tugit:lugit/tv-part-2d-3p-prespas};{kati:kati/1v}{limaaq:limaaq/2vv}{tugit:lugit/tv-part-4d-3p-prespas};{kati:kati/1v}{limaaq:limaaq/2vv}{tugit:lugit/tv-part-1p-3p-prespas};{kati:kati/1v}{limaaq:limaaq/2vv}{tugit:lugit/tv-part-2p-3p-prespas};{kati:kati/1v}{limaaq:limaaq/2vv}{tugit:lugit/tv-part-4p-3p-prespas},False,False,False,False,False,
hansard,katillugit,{kati:kati/1v}{llugit:lugit/tv-part-1s-3p-prespas},False,{katil:katit/1v}{lugit:lugit/tv-part-1s-3p-fut};{katil:katit/1v}{lugit:lugit/tv-part-2s-3p-fut};{katil:katit/1v}{lugit:lugit/tv-part-4s-3p-fut};{katil:katit/1v}{lugit:lugit/tv-part-1d-3p-fut};{katil:katit/1v}{lugit:lugit/tv-part-2d-3p-fut};{katil:katit/1v}{lugit:lugit/tv-part-4d-3p-fut};{katil:katit/1v}{lugit:lugit/tv-part-1p-3p-fut};{katil:katit/1v}{lugit:lugit/tv-part-2p-3p-fut};{katil:katit/1v}{lugit:lugit/tv-part-4p-3p-fut};{kati:kati/1v}{llugit:lugit/tv-part-1s-3p-prespas};{kati:kati/1v}{llugit:lugit/tv-part-2s-3p-prespas};{kati:kati/1v}{llugit:lugit/tv-part-4s-3p-prespas};{kati:kati/1v}{llugit:lugit/tv-part-1d-3p-prespas};{kati:kati/1v}{llugit:lugit/tv-part-2d-3p-prespas};{kati:kati/1v}{llugit:lugit/tv-part-4d-3p-prespas};{kati:kati/1v}{llugit:lugit/tv-part-1p-3p-prespas};{kati:kati/1v}{llugit:lugit/tv-part-2p-3p-prespas};{kati:kati/1v}{llugit:lugit/tv-part-4p-3p-prespas};{kati:kati/1v}{l:t/1vv}{lugit:lugit/tv-part-1s-3p-fut};{kati:kati/1v}{l:t/1vv}{lugit:lugit/tv-part-2s-3p-fut};{kati:kati/1v}{l:t/1vv}{lugit:lugit/tv-part-4s-3p-fut};{kati:kati/1v}{l:t/1vv}{lugit:lugit/tv-part-1d-3p-fut};{kati:kati/1v}{l:t/1vv}{lugit:lugit/tv-part-2d-3p-fut};{kati:kati/1v}{l:t/1vv}{lugit:lugit/tv-part-4d-3p-fut};{kati:kati/1v}{l:t/1vv}{lugit:lugit/tv-part-1p-3p-fut};{kati:kati/1v}{l:t/1vv}{lugit:lugit/tv-part-2p-3p-fut};{kati:kati/1v}{l:t/1vv}{lugit:lugit/tv-part-4p-3p-fut},False,False,False,False,False,
hansard,katimaji,{kati:kati/1v}{ma:ma/1vv}{ji:ji/1vn},False,{kati:katit/1v}{ma:ma/1vv}{ji:ji/1vn};{kati:kati/1v}{ma:ma/1vv}{ji:ji/1vn},False,False,False,False,False,
hansard,katimajiit,{kati:kati/1v}{ma:ma/1vv}{ji:ji/1vn}{it:it/tn-nom-p},False,{kati:katit/1v}{ma:ma/1vv}{ji:ji/1vn}{it:it/tn-nom-p};{kati:katit/1v}{ma:ma/1vv}{ji:ji/1vn}{it:it/tn-gen-p};{kati:katit/1v}{ma:ma/1vv}{ji:ji/1vn}{it:it/tn-nom-s-2s};{kati:kati/1v}{ma:ma/1vv}{ji:ji/1vn}{it:it/tn-nom-p};{kati:kati/1v}{ma:ma/1vv}{ji:ji/1vn}{it:it/tn-gen-p};{kati:kati/1v}{ma:ma/1vv}{ji:ji/1vn}{it:it/tn-nom-s-2s},False,False,False,False,False,
hansard,katimajilimaat,{kati:kati/1v}{ma:ma/1vv}{ji:ji/1vn}{limaa:limaaq/1nn}{t:it/tn-nom-p},False,{kati:katit/1v}{ma:ma/1vv}{ji:ji/1vn}{limaa:limaaq/1nn}{t:it/tn-nom-p};{kati:katit/1v}{ma:ma/1vv}{ji:ji/1vn}{limaa:limaaq/1nn}{t:it/tn-gen-p};{kati:katit/1v}{ma:ma/1vv}{ji:ji/1vn}{limaa:limaaq/1nn}{t:it/tn-nom-s-2s};{kati:kati/1v}{ma:ma/1vv}{ji:ji/1vn}{limaa:limaaq/1nn}{t:it/tn-nom-p};{kati:kati/1v}{ma:ma/1vv}{ji:ji/1vn}{limaa:limaaq/1nn}{t:it/tn-gen-p};{kati:kati/1v}{ma:ma/1vv}{ji:ji/1vn}{limaa:limaaq/1nn}{t:it/tn-nom-s-2s},False,False,False,False,False,
hansard,katimajingannit,{kati:kati/1v}{ma:ma/1vv}{ji:ji/1vn}{ngannit:ngangnit/tn-abl-s-4d},False,{kati:katit/1v}{ma:ma/1vv}{ji:ji/1vn}{ngannit:ngannit/tn-abl-s-4p};{kati:katit/1v}{ma:ma/1vv}{ji:ji/1vn}{ngannit:ngangnit/tn-abl-s-4d};{kati:kati/1v}{ma:ma/1vv}{ji:ji/1vn}{ngannit:ngannit/tn-abl-s-4p};{kati:kati/1v}{ma:ma/1vv}{ji:ji/1vn}{ngannit:ngangnit/tn-abl-s-4d},False,False,False,False,False,
hansard,katimajinginnik,{kati:kati/1v}{ma:ma/1vv}{ji:ji/1vn}{nginnik:nginnik/tn-acc-p-4s},False,{kati:katit/1v}{ma:ma/1vv}{ji:ji/1vn}{nginnik:nginnik/tn-acc-p-4s};{kati:katit/1v}{ma:ma/1vv}{ji:ji/1vn}{nginnik:nginnik/tn-acc-p-4p};{kati:katit/1v}{ma:ma/1vv}{ji:ji/1vn}{nginnik:ngingnik/tn-acc-p-4d};{kati:kati/1v}{ma:ma/1vv}{ji:ji/1vn}{nginnik:nginnik/tn-acc-p-4s};{kati:kati/1v}{ma:ma/1vv}{ji:ji/1vn}{nginnik:nginnik/tn-acc-p-4p};{kati:kati/1v}{ma:ma/1vv}{ji:ji/1vn}{nginnik:ngingnik/tn-acc-p-4d},False,False,False,False,False,
hansard,katimajinginnit,{kati:kati/1v}{ma:ma/1vv}{ji:ji/1vn}{nginnit:nginnit/tn-abl-p-4s},False,{kati:katit/1v}{ma:ma/1vv}{ji:ji/1vn}{nginnit:nginnit/tn-abl-p-4s};{kati:katit/1v}{ma:ma/1vv}{ji:ji/1vn}{nginnit:nginnit/tn-abl-p-4p};{kati:katit/1v}{ma:ma/1vv}{ji:ji/1vn}{nginnit:ngingnit/tn-abl-p-4d};{kati:kati/1v}{ma:ma/1vv}{ji:ji/1vn}{nginnit:nginnit/tn-abl-p-4s};{kati:kati/1v}{ma:ma/1vv}{ji:ji/1vn}{nginnit:nginnit/tn-abl-p-4p};{kati:kati/1v}{ma:ma/1vv}{ji:ji/1vn}{nginnit:ngingnit/tn-abl-p-4d},False,False,False,False,False,
hansard,katimajinginnut,{kati:kati/1v}{ma:ma/1vv}{ji:ji/1vn}{nginnut:nginnut/tn-dat-p-4s},False,{kati:katit/1v}{ma:ma/1vv}{ji:ji/1vn}{nginnut:nginnut/tn-dat-p-4s};{kati:katit/1v}{ma:ma/1vv}{ji:ji/1vn}{nginnut:nginnut/tn-dat-p-4p};{kati:katit/1v}{ma:ma/1vv}{ji:ji/1vn}{nginnut:ngingnut/tn-dat-p-4d};{kati:kati/1v}{ma:ma/1vv}{ji:ji/1vn}{nginnut:nginnut/tn-dat-p-4s};{kati:kati/1v}{ma:ma/1vv}{ji:ji/1vn}{nginnut:nginnut/tn-dat-p-4p};{kati:kati/1v}{ma:ma/1vv}{ji:ji/1vn}{nginnut:ngingnut/tn-dat-p-4d},False,False,False,False,False,
hansard,katimajingit,{kati:kati/1v}{ma:ma/1vv}{ji:ji/1vn}{ngit:ngit/tn-nom-p-4s},False,{kati:katit/1v}{ma:ma/1vv}{ji:ji/1vn}{ngit:ngit/tn-nom-p-4s};{kati:katit/1v}{ma:ma/1vv}{ji:ji/1vn}{ngit:ngik/tn-nom-p-4d};{kati:katit/1v}{ma:ma/1vv}{ji:ji/1vn}{ngit:ngit/tn-nom-p-4p};{kati:kati/1v}{ma:ma/1vv}{ji:ji/1vn}{ngit:ngit/tn-nom-p-4s};{kati:kati/1v}{ma:ma/1vv}{ji:ji/1vn}{ngit:ngik/tn-nom-p-4d};{kati:kati/1v}{ma:ma/1vv}{ji:ji/1vn}{ngit:ngit/tn-nom-p-4p},False,False,False,False,False,
hansard,katimajingita,{kati:kati/1v}{ma:ma/1vv}{ji:ji/1vn}{ngita:ngita/tn-gen-p-4s},False,{kati:katit/1v}{ma:ma/1vv}{ji:ji/1vn}{ngita:ngita/tn-gen-p-4s};{kati:katit/1v}{ma:ma/1vv}{ji:ji/1vn}{ngita:ngita/tn-gen-p-4d};{kati:katit/1v}{ma:ma/1vv}{ji:ji/1vn}{ngita:ngita/tn-gen-p-4p};{kati:katit/1v}{ma:ma/1vv}{ji:ji/1vn}{ngi:it/2nv}{ta:ta/tv-imp-1p};{kati:katit/1v}{ma:ma/1vv}{ji:ji/1vn}{ngi:iq/1nv}{ta:ta/tv-imp-1p};{kati:kati/1v}{ma:ma/1vv}{ji:ji/1vn}{ngita:ngita/tn-gen-p-4s};{kati:kati/1v}{ma:ma/1vv}{ji:ji/1vn}{ngita:ngita/tn-gen-p-4d};{kati:kati/1v}{ma:ma/1vv}{ji:ji/1vn}{ngita:ngita/tn-gen-p-4p};{kati:kati/1v}{ma:ma/1vv}{ji:ji/1vn}{ngi:it/2nv}{ta:ta/tv-imp-1p};{kati:kati/1v}{ma:ma/1vv}{ji:ji/1vn}{ngi:iq/1nv}{ta:ta/tv-imp-1p};{kati:katit/1v}{ma:ma/1vv}{ji:ji/1vn}{ngi:it/2nv}{ta:jaq/1vn};{kati:katit/1v}{ma:ma/1vv}{ji:ji/1vn}{ngi:iq/1nv}{ta:jaq/1vn};{kati:kati/1v}{ma:ma/1vv}{ji:ji/1vn}{ngi:it/2nv}{ta:jaq/1vn};{kati:kati/1v}{ma:ma/1vv}{ji:ji/1vn}{ngi:iq/1nv}{ta:jaq/1vn},False,False,False,False,False,
hansard,katimajinut,{kati:kati/1v}{ma:ma/1vv}{ji:ji/1vn}{nut:nut/tn-dat-p},False,{kati:katit/1v}{ma:ma/1vv}{ji:ji/1vn}{nut:nut/tn-dat-p};{kati:kati/1v}{ma:ma/1vv}{ji:ji/1vn}{nut:nut/tn-dat-p},False,False,False,False,False,
hansard,katimajiralaa,{kati:kati/1v}{ma:ma/1vv}{ji:ji/1vn}{ralaa:ralaaq/1nn},False,{kati:katit/1v}{ma:ma/1vv}{ji:ji/1vn}{rala:ralaaq/1nn}{a:nga/tn-nom-s-4s};{kati:kati/1v}{ma:ma/1vv}{ji:ji/1vn}{rala:ralaaq/1nn}{a:nga/tn-nom-s-4s};{kati:katit/1v}{ma:ma/1vv}{ji:ji/1vn}{ralaa:ralaaq/1nn};{kati:katit/1v}{ma:ma/1vv}{ji:ji/1vn}{ralaa:ralaaq/1nn}{:k/tn-nom-d};{kati:katit/1v}{ma:ma/1vv}{ji:ji/1vn}{ralaa:ralaaq/1nn}{:k/tn-gen-d};{kati:katit/1v}{ma:ma/1vv}{ji:ji/1vn}{ralaa:ralaaq/1nn}{:up/tn-gen-s};{kati:katit/1v}{ma:ma/1vv}{ji:ji/1vn}{ralaa:ralaaq/1nn}{:it/tn-nom-p};{kati:katit/1v}{ma:ma/1vv}{ji:ji/1vn}{ralaa:ralaaq/1nn}{:it/tn-gen-p};{kati:katit/1v}{ma:ma/1vv}{ji:ji/1vn}{ralaa:ralaaq/1nn}{:it/tn-nom-s-2s};{kati:kati/1v}{ma:ma/1vv}{ji:ji/1vn}{ralaa:ralaaq/1nn};{kati:kati/1v}{ma:ma/1vv}{ji:ji/1vn}{ralaa:ralaaq/1nn}{:k/tn-nom-d};{kati:kati/1v}{ma:ma/1vv}{ji:ji/1vn}{ralaa:ralaaq/1nn}{:k/tn-gen-d};{kati:kati/1v}{ma:ma/1vv}{ji:ji/1vn}{ralaa:ralaaq/1nn}{:up/tn-gen-s};{kati:kati/1v}{ma:ma/1vv}{ji:ji/1vn}{ralaa:ralaaq/1nn}{:it/tn-nom-p};{kati:kati/1v}{ma:ma/1vv}{ji:ji/1vn}{ralaa:ralaaq/1nn}{:it/tn-gen-p};{kati:kati/1v}{ma:ma/1vv}{ji:ji/1vn}{ralaa:ralaaq/1nn}{:it/tn-nom-s-2s},False,False,False,False,False,
hansard,katimajiralaangit,{kati:kati/1v}{ma:ma/1vv}{ji:ji/1vn}{ralaa:ralaaq/1nn}{ngit:ngit/tn-nom-p-4s},False,{kati:katit/1v}{ma:ma/1vv}{ji:ji/1vn}{ralaa:ralaaq/1nn}{ngit:ngit/tn-nom-p-4s};{kati:katit/1v}{ma:ma/1vv}{ji:ji/1vn}{ralaa:ralaaq/1nn}{ngit:ngik/tn-nom-p-4d};{kati:katit/1v}{ma:ma/1vv}{ji:ji/1vn}{ralaa:ralaaq/1nn}{ngit:ngit/tn-nom-p-4p};{kati:kati/1v}{ma:ma/1vv}{ji:ji/1vn}{ralaa:ralaaq/1nn}{ngit:ngit/tn-nom-p-4s};{kati:kati/1v}{ma:ma/1vv}{ji:ji/1vn}{ralaa:ralaaq/1nn}{ngit:ngik/tn-nom-p-4d};{kati:kati/1v}{ma:ma/1vv}{ji:ji/1vn}{ralaa:ralaaq/1nn}{ngit:ngit/tn-nom-p-4p},False,False,False,False,False,
hansard,katimajiralaanguinnaqtut,{kati:kati/1v}{ma:ma/1vv}{ji:ji/1vn}{ralaa:ralaaq/1nn}{ngu:u/1nv}{innaq:innaq/2vv}{tut:jut/tv-ger-3p},False,{kati:katit/1v}{ma:ma/1vv}{ji:ji/1vn}{ralaa:ralaaq/1nn}{ngu:u/1nv}{innaq:innaq/2vv}{tut:jut/tv-ger-3p};{kati:katit/1v}{ma:ma/1vv}{ji:ji/1vn}{ralaa:ralaaq/1nn}{ngu:ngu/1nv}{innaq:innaq/2vv}{tut:jut/tv-ger-3p};{kati:katit/1v}{ma:ma/1vv}{ji:ji/1vn}{ralaa:ralaaq/1nn}{ngu:nguq/1nv}{innaq:innaq/2vv}{tut:jut/tv-ger-3p};{kati:katit/1v}{ma:ma/1vv}{ji:ji/1vn}{ralaa:ralaaq/1nn}{ngu:nguq/1nv}{i:i/1vv}{nnaq:naq/2vn}{tut:tut/tn-sim-s};{kati:katit/1v}{ma:ma/1vv}{ji:ji/1vn}{ralaa:ralaaq/1nn}{ngu:nguq/1nv}{i:i/1vv}{nnaq:naq/1vv}{tut:jut/tv-ger-3p};{kati:kati/1v}{ma:ma/1vv}{ji:ji/1vn}{ralaa:ralaaq/1nn}{ngu:u/1nv}{innaq:innaq/2vv}{tut:jut/tv-ger-3p};{kati:kati/1v}{ma:ma/1vv}{ji:ji/1vn}{ralaa:ralaaq/1nn}{ngu:ngu/1nv}{innaq:innaq/2vv}{tut:jut/tv-ger-3p};{kati:kati/1v}{ma:ma/1vv}{ji:ji/1vn}{ralaa:ralaaq/1nn}{ngu:nguq/1nv}{innaq:innaq/2vv}{tut:jut/tv-ger-3p};{kati:kati/1v}{ma:ma/1vv}{ji:ji/1vn}{ralaa:ralaaq/1nn}{ngu:nguq/1nv}{i:i/1vv}{nnaq:naq/2vn}{tut:tut/tn-sim-s};{kati:kati/1v}{ma:ma/1vv}{ji:ji/1vn}{ralaa:ralaaq/1nn}{ngu:nguq/1nv}{i:i/1vv}{nnaq:naq/1vv}{tut:jut/tv-ger-3p},False,False,False,False,False,
hansard,katimajiralaangukainnaqtunut,{kati:kati/1v}{ma:ma/1vv}{ji:ji/1vn}{ralaa:ralaaq/1nn}{ngu:u/1nv}{kainnaq:kainnaq/1vv}{tu:juq/1vn}{nut:nut/tn-dat-p},False,{kati:katit/1v}{ma:ma/1vv}{ji:ji/1vn}{ralaa:ralaaq/1nn}{ngu:u/1nv}{kainnaq:kainnaq/1vv}{tu:juq/1vn}{nut:nut/tn-dat-p};{kati:katit/1v}{ma:ma/1vv}{ji:ji/1vn}{ralaa:ralaaq/1nn}{ngu:ngu/1nv}{kainnaq:kainnaq/1vv}{tu:juq/1vn}{nut:nut/tn-dat-p};{kati:katit/1v}{ma:ma/1vv}{ji:ji/1vn}{ralaa:ralaaq/1nn}{ngu:nguq/1nv}{kainnaq:kainnaq/1vv}{tu:juq/1vn}{nut:nut/tn-dat-p};{kati:katit/1v}{ma:ma/1vv}{ji:ji/1vn}{ralaa:ralaaq/1nn}{ngu:u/1nv}{kainnaq:kainnaq/1vv}{tu:juq/1vn}{nut:ngnut/tn-dat-s-2s};{kati:katit/1v}{ma:ma/1vv}{ji:ji/1vn}{ralaa:ralaaq/1nn}{ngu:ngu/1nv}{kainnaq:kainnaq/1vv}{tu:juq/1vn}{nut:ngnut/tn-dat-s-2s};{kati:katit/1v}{ma:ma/1vv}{ji:ji/1vn}{ralaa:ralaaq/1nn}{ngu:nguq/1nv}{kainnaq:kainnaq/1vv}{tu:juq/1vn}{nut:ngnut/tn-dat-s-2s};{kati:katit/1v}{ma:ma/1vv}{ji:ji/1vn}{ralaa:ralaaq/1nn}{ngu:u/1nv}{kainnaq:kainnaq/1vv}{tu:juq/1vn}{nut:ngnut/tn-dat-p-2s};{kati:katit/1v}{ma:ma/1vv}{ji:ji/1vn}{ralaa:ralaaq/1nn}{ngu:ngu/1nv}{kainnaq:kainnaq/1vv}{tu:juq/1vn}{nut:ngnut/tn-dat-p-2s};{kati:katit/1v}{ma:ma/1vv}{ji:ji/1vn}{ralaa:ralaaq/1nn}{ngu:nguq/1nv}{kainnaq:kainnaq/1vv}{tu:juq/1vn}{nut:ngnut/tn-dat-p-2s};{kati:katit/1v}{ma:ma/1vv}{ji:ji/1vn}{ralaa:ralaaq/1nn}{ngu:u/1nv}{kainnaq:kainnaq/1vv}{tu:juq/1vn}{nut:mnut/tn-dat-s-1s};{kati:katit/1v}{ma:ma/1vv}{ji:ji/1vn}{ralaa:ralaaq/1nn}{ngu:ngu/1nv}{kainnaq:kainnaq/1vv}{tu:juq/1vn}{nut:mnut/tn-dat-s-1s};{kati:katit/1v}{ma:ma/1vv}{ji:ji/1vn}{ralaa:ralaaq/1nn}{ngu:nguq/1nv}{kainnaq:kainnaq/1vv}{tu:juq/1vn}{nut:mnut/tn-dat-s-1s};{kati:katit/1v}{ma:ma/1vv}{ji:ji/1vn}{ralaa:ralaaq/1nn}{ngu:u/1nv}{kainnaq:kainnaq/1vv}{tu:juq/1vn}{nut:mnut/tn-dat-p-1s};{kati:katit/1v}{ma:ma/1vv}{ji:ji/1vn}{ralaa:ralaaq/1nn}{ngu:ngu/1nv}{kainnaq:kainnaq/1vv}{tu:juq/1vn}{nut:mnut/tn-dat-p-1s};{kati:katit/1v}{ma:ma/1vv}{ji:ji/1vn}{ralaa:ralaaq/1nn}{ngu:nguq/1nv}{kainnaq:kainnaq/1vv}{tu:juq/1vn}{nut:mnut/tn-dat-p-1s};{kati:kati/1v}{ma:ma/1vv}{ji:ji/1vn}{ralaa:ralaaq/1nn}{ngu:u/1nv}{kainnaq:kainnaq/1vv}{tu:juq/1vn}{nut:nut/tn-dat-p};{kati:kati/1v}{ma:ma/1vv}{ji:ji/1vn}{ralaa:ralaaq/1nn}{ngu:ngu/1nv}{kainnaq:kainnaq/1vv}{tu:juq/1vn}{nut:nut/tn-dat-p};{kati:kati/1v}{ma:ma/1vv}{ji:ji/1vn}{ralaa:ralaaq/1nn}{ngu:nguq/1nv}{kainnaq:kainnaq/1vv}{tu:juq/1vn}{nut:nut/tn-dat-p};{kati:kati/1v}{ma:ma/1vv}{ji:ji/1vn}{ralaa:ralaaq/1nn}{ngu:u/1nv}{kainnaq:kainnaq/1vv}{tu:juq/1vn}{nut:ngnut/tn-dat-s-2s};{kati:kati/1v}{ma:ma/1vv}{ji:ji/1vn}{ralaa:ralaaq/1nn}{ngu:ngu/1nv}{kainnaq:kainnaq/1vv}{tu:juq/1vn}{nut:ngnut/tn-dat-s-2s};{kati:kati/1v}{ma:ma/1vv}{ji:ji/1vn}{ralaa:ralaaq/1nn}{ngu:nguq/1nv}{kainnaq:kainnaq/1vv}{tu:juq/1vn}{nut:ngnut/tn-dat-s-2s};{kati:kati/1v}{ma:ma/1vv}{ji:ji/1vn}{ralaa:ralaaq/1nn}{ngu:u/1nv}{kainnaq:kainnaq/1vv}{tu:juq/1vn}{nut:ngnut/tn-dat-p-2s};{kati:kati/1v}{ma:ma/1vv}{ji:ji/1vn}{ralaa:ralaaq/1nn}{ngu:ngu/1nv}{kainnaq:kainnaq/1vv}{tu:juq/1vn}{nut:ngnut/tn-dat-p-2s};{kati:kati/1v}{ma:ma/1vv}{ji:ji/1vn}{ralaa:ralaaq/1nn}{ngu:nguq/1nv}{kainnaq:kainnaq/1vv}{tu:juq/1vn}{nut:ngnut/tn-dat-p-2s};{kati:kati/1v}{ma:ma/1vv}{ji:ji/1vn}{ralaa:ralaaq/1nn}{ngu:u/1nv}{kainnaq:kainnaq/1vv}{tu:juq/1vn}{nut:mnut/tn-dat-s-1s};{kati:kati/1v}{ma:ma/1vv}{ji:ji/1vn}{ralaa:ralaaq/1nn}{ngu:ngu/1nv}{kainnaq:kainnaq/1vv}{tu:juq/1vn}{nut:mnut/tn-dat-s-1s};{kati:kati/1v}{ma:ma/1vv}{ji:ji/1vn}{ralaa:ralaaq/1nn}{ngu:nguq/1nv}{kainnaq:kainnaq/1vv}{tu:juq/1vn}{nut:mnut/tn-dat-s-1s};{kati:kati/1v}{ma:ma/1vv}{ji:ji/1vn}{ralaa:ralaaq/1nn}{ngu:u/1nv}{kainnaq:kainnaq/1vv}{tu:juq/1vn}{nut:mnut/tn-dat-p-1s};{kati:kati/1v}{ma:ma/1vv}{ji:ji/1vn}{ralaa:ralaaq/1nn}{ngu:ngu/1nv}{kainnaq:kainnaq/1vv}{tu:juq/1vn}{nut:mnut/tn-dat-p-1s};{kati:kati/1v}{ma:ma/1vv}{ji:ji/1vn}{ralaa:ralaaq/1nn}{ngu:nguq/1nv}{kainnaq:kainnaq/1vv}{tu:juq/1vn}{nut:mnut/tn-dat-p-1s},False,False,False,False,False,
hansard,katimajiralaani,{kati:kati/1v}{ma:ma/1vv}{ji:ji/1vn}{ralaa:ralaaq/1nn}{ni:ni/tn-loc-p},False,{kati:katit/1v}{ma:ma/1vv}{ji:ji/1vn}{ralaa:ralaaq/1nn}{ni:ni/tn-loc-p};{kati:katit/1v}{ma:ma/1vv}{ji:ji/1vn}{ralaa:ralaaq/1nn}{ni:ni/tn-nom-s-3s};{kati:katit/1v}{ma:ma/1vv}{ji:ji/1vn}{ralaa:ralaaq/1nn}{ni:ni/tn-nom-p-3s};{kati:katit/1v}{ma:ma/1vv}{ji:ji/1vn}{rala:ralaaq/1nn}{ani:ngani/tn-loc-s-4s};{kati:kati/1v}{ma:ma/1vv}{ji:ji/1vn}{ralaa:ralaaq/1nn}{ni:ni/tn-loc-p};{kati:kati/1v}{ma:ma/1vv}{ji:ji/1vn}{ralaa:ralaaq/1nn}{ni:ni/tn-nom-s-3s};{kati:kati/1v}{ma:ma/1vv}{ji:ji/1vn}{ralaa:ralaaq/1nn}{ni:ni/tn-nom-p-3s};{kati:kati/1v}{ma:ma/1vv}{ji:ji/1vn}{rala:ralaaq/1nn}{ani:ngani/tn-loc-s-4s};{kati:katit/1v}{ma:ma/1vv}{ji:ji/1vn}{ralaa:ralaaq/1nn}{ni:nik/tn-acc-p};{kati:katit/1v}{ma:ma/1vv}{ji:ji/1vn}{ralaa:ralaaq/1nn}{ni:nit/tn-abl-p};{kati:katit/1v}{ma:ma/1vv}{ji:ji/1vn}{rala:ralaaq/1nn}{ani:nganik/tn-acc-s-4s};{kati:katit/1v}{ma:ma/1vv}{ji:ji/1vn}{rala:ralaaq/1nn}{ani:nganit/tn-abl-s-4s};{kati:kati/1v}{ma:ma/1vv}{ji:ji/1vn}{ralaa:ralaaq/1nn}{ni:nik/tn-acc-p};{kati:kati/1v}{ma:ma/1vv}{ji:ji/1vn}{ralaa:ralaaq/1nn}{ni:nit/tn-abl-p};{kati:kati/1v}{ma:ma/1vv}{ji:ji/1vn}{rala:ralaaq/1nn}{ani:nganik/tn-acc-s-4s};{kati:kati/1v}{ma:ma/1vv}{ji:ji/1vn}{rala:ralaaq/1nn}{ani:nganit/tn-abl-s-4s},False,False,False,False,False,
hansard,katimajiralaanit,{kati:kati/1v}{ma:ma/1vv}{ji:ji/1vn}{ralaa:ralaaq/1nn}{nit:nit/tn-abl-p},False,{kati:katit/1v}{ma:ma/1vv}{ji:ji/1vn}{ralaa:ralaaq/1nn}{nit:nit/tn-abl-p};{kati:katit/1v}{ma:ma/1vv}{ji:ji/1vn}{rala:ralaaq/1nn}{anit:nganit/tn-abl-s-4s};{kati:kati/1v}{ma:ma/1vv}{ji:ji/1vn}{ralaa:ralaaq/1nn}{nit:nit/tn-abl-p};{kati:kati/1v}{ma:ma/1vv}{ji:ji/1vn}{rala:ralaaq/1nn}{anit:nganit/tn-abl-s-4s},False,False,False,False,False,
hansard,katimajiralaanut,{kati:kati/1v}{ma:ma/1vv}{ji:ji/1vn}{ralaa:ralaaq/1nn}{nut:nut/tn-dat-p},False,{kati:katit/1v}{ma:ma/1vv}{ji:ji/1vn}{ralaa:ralaaq/1nn}{nut:nut/tn-dat-p};{kati:katit/1v}{ma:ma/1vv}{ji:ji/1vn}{rala:ralaaq/1nn}{anut:nganut/tn-dat-s-4s};{kati:kati/1v}{ma:ma/1vv}{ji:ji/1vn}{ralaa:ralaaq/1nn}{nut:nut/tn-dat-p};{kati:kati/1v}{ma:ma/1vv}{ji:ji/1vn}{rala:ralaaq/1nn}{anut:nganut/tn-dat-s-4s},False,False,False,False,False,
hansard,katimajiralaat,{kati:kati/1v}{ma:ma/1vv}{ji:ji/1vn}{ralaa:ralaaq/1nn}{t:it/tn-nom-p},False,{kati:katit/1v}{ma:ma/1vv}{ji:ji/1vn}{ralaa:ralaaq/1nn}{t:it/tn-nom-p};{kati:katit/1v}{ma:ma/1vv}{ji:ji/1vn}{ralaa:ralaaq/1nn}{t:it/tn-gen-p};{kati:katit/1v}{ma:ma/1vv}{ji:ji/1vn}{ralaa:ralaaq/1nn}{t:it/tn-nom-s-2s};{kati:kati/1v}{ma:ma/1vv}{ji:ji/1vn}{ralaa:ralaaq/1nn}{t:it/tn-nom-p};{kati:kati/1v}{ma:ma/1vv}{ji:ji/1vn}{ralaa:ralaaq/1nn}{t:it/tn-gen-p};{kati:kati/1v}{ma:ma/1vv}{ji:ji/1vn}{ralaa:ralaaq/1nn}{t:it/tn-nom-s-2s},False,False,False,False,False,
hansard,katimajit,{kati:kati/1v}{ma:ma/1vv}{ji:ji/1vn}{t:it/tn-nom-p},False,,False,True,False,False,False,"katimajit: (frequency: 189) the word should be 'katimajiit' (frequency: 2767). This is the phenomenon whereby the plural, which should normally be 'it', is rendered as 't', without the 'i'. I don't know what to do with this phenomenon, which is why I marked the word with @. I recently found information about the i-less plural that would explain its absence in words ending with the morpheme 'ksaq'. But I need to study this further. Same thing for: maligaliuqtit, pigiaqtitat, piliriaksat, piqujaksat, uqausiksat. For now, let's tag it as possiblyMisspelled() (2020-04, BF)"
hansard,katimajiujut,{kati:kati/1v}{ma:ma/1vv}{ji:ji/1vn}{u:u/1nv}{jut:jut/tv-ger-3p},False,{kati:katit/1v}{ma:ma/1vv}{ji:ji/1vn}{u:u/1nv}{jut:jut/tv-ger-3p};{kati:kati/1v}{ma:ma/1vv}{ji:ji/1vn}{u:u/1nv}{jut:jut/tv-ger-3p},False,False,False,False,False,
hansard,katimajiuqataujut,{kati:kati/1v}{ma:ma/1vv}{ji:ji/1vn}{u:u/1nv}{qatau:qatau/1vv}{jut:jut/tv-ger-3p},False,{kati:katit/1v}{ma:ma/1vv}{ji:ji/1vn}{u:u/1nv}{qatau:qatau/1vv}{jut:jut/tv-ger-3p};{kati:kati/1v}{ma:ma/1vv}{ji:ji/1vn}{u:u/1nv}{qatau:qatau/1vv}{jut:jut/tv-ger-3p},False,False,False,False,False,
hansard,katimajjutiksait,{kati:kati/1v}{ma:ma/1vv}{jjuti:jjut/1vn}{ksa:ksaq/1nn}{it:it/tn-nom-p},False,{kati:katit/1v}{ma:ma/1vv}{jjuti:jjut/1vn}{ksa:ksaq/1nn}{it:it/tn-nom-p};{kati:katit/1v}{ma:ma/1vv}{jjuti:ut/1vn}{ksa:ksaq/1nn}{it:it/tn-nom-p};{kati:katit/1v}{ma:ma/1vv}{jjuti:uti/1vv}{ksa:ksaq/1vn}{it:it/tn-nom-p};{kati:katit/1v}{ma:ma/1vv}{jjuti:jjut/1vn}{ksa:ksaq/1nn}{it:it/tn-gen-p};{kati:katit/1v}{ma:ma/1vv}{jjuti:ut/1vn}{ksa:ksaq/1nn}{it:it/tn-gen-p};{kati:katit/1v}{ma:ma/1vv}{jjuti:uti/1vv}{ksa:ksaq/1vn}{it:it/tn-gen-p};{kati:katit/1v}{ma:ma/1vv}{jjuti:jjut/1vn}{ksa:ksaq/1nn}{it:it/tn-nom-s-2s};{kati:katit/1v}{ma:ma/1vv}{jjuti:ut/1vn}{ksa:ksaq/1nn}{it:it/tn-nom-s-2s};{kati:katit/1v}{ma:ma/1vv}{jjuti:uti/1vv}{ksa:ksaq/1vn}{it:it/tn-nom-s-2s};{kati:kati/1v}{ma:ma/1vv}{jjuti:jjut/1vn}{ksa:ksaq/1nn}{it:it/tn-nom-p};{kati:kati/1v}{ma:ma/1vv}{jjuti:ut/1vn}{ksa:ksaq/1nn}{it:it/tn-nom-p};{kati:kati/1v}{ma:ma/1vv}{jjuti:uti/1vv}{ksa:ksaq/1vn}{it:it/tn-nom-p};{kati:kati/1v}{ma:ma/1vv}{jjuti:jjut/1vn}{ksa:ksaq/1nn}{it:it/tn-gen-p};{kati:kati/1v}{ma:ma/1vv}{jjuti:ut/1vn}{ksa:ksaq/1nn}{it:it/tn-gen-p};{kati:kati/1v}{ma:ma/1vv}{jjuti:uti/1vv}{ksa:ksaq/1vn}{it:it/tn-gen-p};{kati:kati/1v}{ma:ma/1vv}{jjuti:jjut/1vn}{ksa:ksaq/1nn}{it:it/tn-nom-s-2s};{kati:kati/1v}{ma:ma/1vv}{jjuti:ut/1vn}{ksa:ksaq/1nn}{it:it/tn-nom-s-2s};{kati:kati/1v}{ma:ma/1vv}{jjuti:uti/1vv}{ksa:ksaq/1vn}{it:it/tn-nom-s-2s},False,False,False,False,False,
hansard,katimajjutiksanut,{kati:kati/1v}{ma:ma/1vv}{jjuti:jjut/1vn}{ksa:ksaq/1nn}{nut:nut/tn-dat-p},False,{kati:katit/1v}{ma:ma/1vv}{jjuti:jjut/1vn}{ksa:ksaq/1nn}{nut:nut/tn-dat-p};{kati:katit/1v}{ma:ma/1vv}{jjuti:ut/1vn}{ksa:ksaq/1nn}{nut:nut/tn-dat-p};{kati:katit/1v}{ma:ma/1vv}{jjuti:uti/1vv}{ksa:ksaq/1vn}{nut:nut/tn-dat-p};{kati:katit/1v}{ma:ma/1vv}{jjuti:jjut/1vn}{ksa:ksaq/1nn}{nut:ngnut/tn-dat-s-2s};{kati:katit/1v}{ma:ma/1vv}{jjuti:ut/1vn}{ksa:ksaq/1nn}{nut:ngnut/tn-dat-s-2s};{kati:katit/1v}{ma:ma/1vv}{jjuti:uti/1vv}{ksa:ksaq/1vn}{nut:ngnut/tn-dat-s-2s};{kati:katit/1v}{ma:ma/1vv}{jjuti:jjut/1vn}{ksa:ksaq/1nn}{nut:ngnut/tn-dat-p-2s};{kati:katit/1v}{ma:ma/1vv}{jjuti:ut/1vn}{ksa:ksaq/1nn}{nut:ngnut/tn-dat-p-2s};{kati:katit/1v}{ma:ma/1vv}{jjuti:uti/1vv}{ksa:ksaq/1vn}{nut:ngnut/tn-dat-p-2s};{kati:katit/1v}{ma:ma/1vv}{jjuti:jjut/1vn}{ksa:ksaq/1nn}{nut:mnut/tn-dat-s-1s};{kati:katit/1v}{ma:ma/1vv}{jjuti:ut/1vn}{ksa:ksaq/1nn}{nut:mnut/tn-dat-s-1s};{kati:katit/1v}{ma:ma/1vv}{jjuti:uti/1vv}{ksa:ksaq/1vn}{nut:mnut/tn-dat-s-1s};{kati:katit/1v}{ma:ma/1vv}{jjuti:jjut/1vn}{ksa:ksaq/1nn}{nut:mnut/tn-dat-p-1s};{kati:katit/1v}{ma:ma/1vv}{jjuti:ut/1vn}{ksa:ksaq/1nn}{nut:mnut/tn-dat-p-1s};{kati:katit/1v}{ma:ma/1vv}{jjuti:uti/1vv}{ksa:ksaq/1vn}{nut:mnut/tn-dat-p-1s};{kati:kati/1v}{ma:ma/1vv}{jjuti:jjut/1vn}{ksa:ksaq/1nn}{nut:nut/tn-dat-p};{kati:kati/1v}{ma:ma/1vv}{jjuti:ut/1vn}{ksa:ksaq/1nn}{nut:nut/tn-dat-p};{kati:kati/1v}{ma:ma/1vv}{jjuti:uti/1vv}{ksa:ksaq/1vn}{nut:nut/tn-dat-p};{kati:kati/1v}{ma:ma/1vv}{jjuti:jjut/1vn}{ksa:ksaq/1nn}{nut:ngnut/tn-dat-s-2s};{kati:kati/1v}{ma:ma/1vv}{jjuti:ut/1vn}{ksa:ksaq/1nn}{nut:ngnut/tn-dat-s-2s};{kati:kati/1v}{ma:ma/1vv}{jjuti:uti/1vv}{ksa:ksaq/1vn}{nut:ngnut/tn-dat-s-2s};{kati:kati/1v}{ma:ma/1vv}{jjuti:jjut/1vn}{ksa:ksaq/1nn}{nut:ngnut/tn-dat-p-2s};{kati:kati/1v}{ma:ma/1vv}{jjuti:ut/1vn}{ksa:ksaq/1nn}{nut:ngnut/tn-dat-p-2s};{kati:kati/1v}{ma:ma/1vv}{jjuti:uti/1vv}{ksa:ksaq/1vn}{nut:ngnut/tn-dat-p-2s};{kati:kati/1v}{ma:ma/1vv}{jjuti:jjut/1vn}{ksa:ksaq/1nn}{nut:mnut/tn-dat-s-1s};{kati:kati/1v}{ma:ma/1vv}{jjuti:ut/1vn}{ksa:ksaq/1nn}{nut:mnut/tn-dat-s-1s};{kati:kati/1v}{ma:ma/1vv}{jjuti:uti/1vv}{ksa:ksaq/1vn}{nut:mnut/tn-dat-s-1s};{kati:kati/1v}{ma:ma/1vv}{jjuti:jjut/1vn}{ksa:ksaq/1nn}{nut:mnut/tn-dat-p-1s};{kati:kati/1v}{ma:ma/1vv}{jjuti:ut/1vn}{ksa:ksaq/1nn}{nut:mnut/tn-dat-p-1s};{kati:kati/1v}{ma:ma/1vv}{jjuti:uti/1vv}{ksa:ksaq/1vn}{nut:mnut/tn-dat-p-1s},False,False,False,False,False,
hansard,katimajjutiksaq,{kati:kati/1v}{ma:ma/1vv}{jjuti:jjut/1vn}{ksaq:ksaq/1nn},False,{kati:katit/1v}{ma:ma/1vv}{jjuti:jjut/1vn}{ksaq:ksaq/1nn};{kati:katit/1v}{ma:ma/1vv}{jjuti:ut/1vn}{ksaq:ksaq/1nn};{kati:katit/1v}{ma:ma/1vv}{jjuti:uti/1vv}{ksaq:ksaq/1vn};{kati:kati/1v}{ma:ma/1vv}{jjuti:jjut/1vn}{ksaq:ksaq/1nn};{kati:kati/1v}{ma:ma/1vv}{jjuti:ut/1vn}{ksaq:ksaq/1nn};{kati:kati/1v}{ma:ma/1vv}{jjuti:uti/1vv}{ksaq:ksaq/1vn},False,False,False,False,False,
hansard,katimajjutissaq,{kati:kati/1v}{ma:ma/1vv}{jjuti:jjut/1vn}{ssaq:ksaq/1nn},False,{kati:katit/1v}{ma:ma/1vv}{jjuti:jjut/1vn}{ssaq:ksaq/1nn};{kati:katit/1v}{ma:ma/1vv}{jjuti:ut/1vn}{ssaq:ksaq/1nn};{kati:katit/1v}{ma:ma/1vv}{jjuti:uti/1vv}{ssaq:ksaq/1vn};{kati:kati/1v}{ma:ma/1vv}{jjuti:jjut/1vn}{ssaq:ksaq/1nn};{kati:kati/1v}{ma:ma/1vv}{jjuti:ut/1vn}{ssaq:ksaq/1nn};{kati:kati/1v}{ma:ma/1vv}{jjuti:uti/1vv}{ssaq:ksaq/1vn},False,False,False,False,False,
hansard,katimaniq,{kati:kati/1v}{ma:ma/1vv}{niq:niq/2vn},False,{kati:katit/1v}{ma:ma/1vv}{niq:niq/2vn};{kati:kati/1v}{ma:ma/1vv}{niq:niq/2vn},False,False,False,False,False,
hansard,katimatillugit,{kati:kati/1v}{ma:ma/1vv}{tillugit:tillugit/tv-part-3p},False,{kati:katit/1v}{ma:ma/1vv}{tillugit:tillugit/tv-part-3p};{kati:katit/1v}{ma:ma/1vv}{tillugit:tillugit/tv-part-1s-3p};{kati:katit/1v}{ma:ma/1vv}{tillugit:tillugit/tv-part-2s-3p};{kati:katit/1v}{ma:ma/1vv}{tillugit:tillugit/tv-part-4s-3p};{kati:katit/1v}{ma:ma/1vv}{tillugit:tillugit/tv-part-1d-3p};{kati:katit/1v}{ma:ma/1vv}{tillugit:tillugit/tv-part-2d-3p};{kati:katit/1v}{ma:ma/1vv}{tillugit:tillugit/tv-part-4d-3p};{kati:katit/1v}{ma:ma/1vv}{tillugit:tillugit/tv-part-1p-3p};{kati:katit/1v}{ma:ma/1vv}{tillugit:tillugit/tv-part-2p-3p};{kati:katit/1v}{ma:ma/1vv}{tillugit:tillugit/tv-part-4p-3p};{kati:katit/1v}{ma:ma/1vv}{til:tit/1vv}{lugit:lugit/tv-part-1s-3p-fut};{kati:katit/1v}{ma:ma/1vv}{til:tit/1vv}{lugit:lugit/tv-part-2s-3p-fut};{kati:katit/1v}{ma:ma/1vv}{til:tit/1vv}{lugit:lugit/tv-part-4s-3p-fut};{kati:katit/1v}{ma:ma/1vv}{til:tit/1vv}{lugit:lugit/tv-part-1d-3p-fut};{kati:katit/1v}{ma:ma/1vv}{til:tit/1vv}{lugit:lugit/tv-part-2d-3p-fut};{kati:katit/1v}{ma:ma/1vv}{til:tit/1vv}{lugit:lugit/tv-part-4d-3p-fut};{kati:katit/1v}{ma:ma/1vv}{til:tit/1vv}{lugit:lugit/tv-part-1p-3p-fut};{kati:katit/1v}{ma:ma/1vv}{til:tit/1vv}{lugit:lugit/tv-part-2p-3p-fut};{kati:katit/1v}{ma:ma/1vv}{til:tit/1vv}{lugit:lugit/tv-part-4p-3p-fut};{kati:kati/1v}{ma:ma/1vv}{tillugit:tillugit/tv-part-3p};{kati:kati/1v}{ma:ma/1vv}{tillugit:tillugit/tv-part-1s-3p};{kati:kati/1v}{ma:ma/1vv}{tillugit:tillugit/tv-part-2s-3p};{kati:kati/1v}{ma:ma/1vv}{tillugit:tillugit/tv-part-4s-3p};{kati:kati/1v}{ma:ma/1vv}{tillugit:tillugit/tv-part-1d-3p};{kati:kati/1v}{ma:ma/1vv}{tillugit:tillugit/tv-part-2d-3p};{kati:kati/1v}{ma:ma/1vv}{tillugit:tillugit/tv-part-4d-3p};{kati:kati/1v}{ma:ma/1vv}{tillugit:tillugit/tv-part-1p-3p};{kati:kati/1v}{ma:ma/1vv}{tillugit:tillugit/tv-part-2p-3p};{kati:kati/1v}{ma:ma/1vv}{tillugit:tillugit/tv-part-4p-3p};{kati:kati/1v}{ma:ma/1vv}{til:tit/1vv}{lugit:lugit/tv-part-1s-3p-fut};{kati:kati/1v}{ma:ma/1vv}{til:tit/1vv}{lugit:lugit/tv-part-2s-3p-fut};{kati:kati/1v}{ma:ma/1vv}{til:tit/1vv}{lugit:lugit/tv-part-4s-3p-fut};{kati:kati/1v}{ma:ma/1vv}{til:tit/1vv}{lugit:lugit/tv-part-1d-3p-fut};{kati:kati/1v}{ma:ma/1vv}{til:tit/1vv}{lugit:lugit/tv-part-2d-3p-fut};{kati:kati/1v}{ma:ma/1vv}{til:tit/1vv}{lugit:lugit/tv-part-4d-3p-fut};{kati:kati/1v}{ma:ma/1vv}{til:tit/1vv}{lugit:lugit/tv-part-1p-3p-fut};{kati:kati/1v}{ma:ma/1vv}{til:tit/1vv}{lugit:lugit/tv-part-2p-3p-fut};{kati:kati/1v}{ma:ma/1vv}{til:tit/1vv}{lugit:lugit/tv-part-4p-3p-fut},False,False,False,False,False,
hansard,katimatuinnaqtillugit,{kati:kati/1v}{ma:ma/1vv}{tuinnaq:tuinnaq/1vv}{tillugit:tillugit/tv-part-3p},False,{kati:katit/1v}{ma:ma/1vv}{tuinnaq:tuinnaq/1vv}{tillugit:tillugit/tv-part-3p};{kati:katit/1v}{ma:ma/1vv}{tuinnaq:tuinnaq/1vv}{tillugit:tillugit/tv-part-1s-3p};{kati:katit/1v}{ma:ma/1vv}{tuinnaq:tuinnaq/1vv}{tillugit:tillugit/tv-part-2s-3p};{kati:katit/1v}{ma:ma/1vv}{tuinnaq:tuinnaq/1vv}{tillugit:tillugit/tv-part-4s-3p};{kati:katit/1v}{ma:ma/1vv}{tuinnaq:tuinnaq/1vv}{tillugit:tillugit/tv-part-1d-3p};{kati:katit/1v}{ma:ma/1vv}{tuinnaq:tuinnaq/1vv}{tillugit:tillugit/tv-part-2d-3p};{kati:katit/1v}{ma:ma/1vv}{tuinnaq:tuinnaq/1vv}{tillugit:tillugit/tv-part-4d-3p};{kati:katit/1v}{ma:ma/1vv}{tuinnaq:tuinnaq/1vv}{tillugit:tillugit/tv-part-1p-3p};{kati:katit/1v}{ma:ma/1vv}{tuinnaq:tuinnaq/1vv}{tillugit:tillugit/tv-part-2p-3p};{kati:katit/1v}{ma:ma/1vv}{tuinnaq:tuinnaq/1vv}{tillugit:tillugit/tv-part-4p-3p};{kati:katit/1v}{ma:ma/1vv}{tuinnaq:tuinnaq/1vv}{til:tit/1vv}{lugit:lugit/tv-part-1s-3p-fut};{kati:katit/1v}{ma:ma/1vv}{tuinnaq:tuinnaq/1vv}{til:tit/1vv}{lugit:lugit/tv-part-2s-3p-fut};{kati:katit/1v}{ma:ma/1vv}{tuinnaq:tuinnaq/1vv}{til:tit/1vv}{lugit:lugit/tv-part-4s-3p-fut};{kati:katit/1v}{ma:ma/1vv}{tuinnaq:tuinnaq/1vv}{til:tit/1vv}{lugit:lugit/tv-part-1d-3p-fut};{kati:katit/1v}{ma:ma/1vv}{tuinnaq:tuinnaq/1vv}{til:tit/1vv}{lugit:lugit/tv-part-2d-3p-fut};{kati:katit/1v}{ma:ma/1vv}{tuinnaq:tuinnaq/1vv}{til:tit/1vv}{lugit:lugit/tv-part-4d-3p-fut};{kati:katit/1v}{ma:ma/1vv}{tuinnaq:tuinnaq/1vv}{til:tit/1vv}{lugit:lugit/tv-part-1p-3p-fut};{kati:katit/1v}{ma:ma/1vv}{tuinnaq:tuinnaq/1vv}{til:tit/1vv}{lugit:lugit/tv-part-2p-3p-fut};{kati:katit/1v}{ma:ma/1vv}{tuinnaq:tuinnaq/1vv}{til:tit/1vv}{lugit:lugit/tv-part-4p-3p-fut};{kati:katit/1v}{ma:ma/1vv}{tu:tu/1vv}{innaq:innaq/2vv}{tillugit:tillugit/tv-part-3p};{kati:katit/1v}{ma:ma/1vv}{tu:tuq/1vv}{innaq:innaq/2vv}{tillugit:tillugit/tv-part-3p};{kati:katit/1v}{ma:ma/1vv}{tu:tu/1vv}{innaq:innaq/2vv}{tillugit:tillugit/tv-part-1s-3p};{kati:katit/1v}{ma:ma/1vv}{tu:tuq/1vv}{innaq:innaq/2vv}{tillugit:tillugit/tv-part-1s-3p};{kati:katit/1v}{ma:ma/1vv}{tu:tu/1vv}{innaq:innaq/2vv}{tillugit:tillugit/tv-part-2s-3p};{kati:katit/1v}{ma:ma/1vv}{tu:tuq/1vv}{innaq:innaq/2vv}{tillugit:tillugit/tv-part-2s-3p};{kati:katit/1v}{ma:ma/1vv}{tu:tu/1vv}{innaq:innaq/2vv}{tillugit:tillugit/tv-part-4s-3p};{kati:katit/1v}{ma:ma/1vv}{tu:tuq/1vv}{innaq:innaq/2vv}{tillugit:tillugit/tv-part-4s-3p};{kati:katit/1v}{ma:ma/1vv}{tu:tu/1vv}{innaq:innaq/2vv}{tillugit:tillugit/tv-part-1d-3p};{kati:katit/1v}{ma:ma/1vv}{tu:tuq/1vv}{innaq:innaq/2vv}{tillugit:tillugit/tv-part-1d-3p};{kati:katit/1v}{ma:ma/1vv}{tu:tu/1vv}{innaq:innaq/2vv}{tillugit:tillugit/tv-part-2d-3p};{kati:katit/1v}{ma:ma/1vv}{tu:tuq/1vv}{innaq:innaq/2vv}{tillugit:tillugit/tv-part-2d-3p};{kati:katit/1v}{ma:ma/1vv}{tu:tu/1vv}{innaq:innaq/2vv}{tillugit:tillugit/tv-part-4d-3p};{kati:katit/1v}{ma:ma/1vv}{tu:tuq/1vv}{innaq:innaq/2vv}{tillugit:tillugit/tv-part-4d-3p};{kati:katit/1v}{ma:ma/1vv}{tu:tu/1vv}{innaq:innaq/2vv}{tillugit:tillugit/tv-part-1p-3p};{kati:katit/1v}{ma:ma/1vv}{tu:tuq/1vv}{innaq:innaq/2vv}{tillugit:tillugit/tv-part-1p-3p};{kati:katit/1v}{ma:ma/1vv}{tu:tu/1vv}{innaq:innaq/2vv}{tillugit:tillugit/tv-part-2p-3p};{kati:katit/1v}{ma:ma/1vv}{tu:tuq/1vv}{innaq:innaq/2vv}{tillugit:tillugit/tv-part-2p-3p};{kati:katit/1v}{ma:ma/1vv}{tu:tu/1vv}{innaq:innaq/2vv}{tillugit:tillugit/tv-part-4p-3p};{kati:katit/1v}{ma:ma/1vv}{tu:tuq/1vv}{innaq:innaq/2vv}{tillugit:tillugit/tv-part-4p-3p};{kati:katit/1v}{ma:ma/1vv}{tu:tu/1vv}{innaq:innaq/2vv}{til:tit/1vv}{lugit:lugit/tv-part-1s-3p-fut};{kati:katit/1v}{ma:ma/1vv}{tu:tuq/1vv}{innaq:innaq/2vv}{til:tit/1vv}{lugit:lugit/tv-part-1s-3p-fut};{kati:katit/1v}{ma:ma/1vv}{tu:tu/1vv}{innaq:innaq/2vv}{til:tit/1vv}{lugit:lugit/tv-part-2s-3p-fut};{kati:katit/1v}{ma:ma/1vv}{tu:tuq/1vv}{innaq:innaq/2vv}{til:tit/1vv}{lugit:lugit/tv-part-2s-3p-fut};{kati:katit/1v}{ma:ma/1vv}{tu:tu/1vv}{innaq:innaq/2vv}{til:tit/1vv}{lugit:lugit/tv-part-4s-3p-fut};{kati:katit/1v}{ma:ma/1vv}{tu:tuq/1vv}{innaq:innaq/2vv}{til:tit/1vv}{lugit:lugit/tv-part-4s-3p-fut};{kati:katit/1v}{ma:ma/1vv}{tu:tu/1vv}{innaq:innaq/2vv}{til:tit/1vv}{lugit:lugit/tv-part-1d-3p-fut};{kati:katit/1v}{ma:ma/1vv}{tu:tuq/1vv}{innaq:innaq/2vv}{til:tit/1vv}{lugit:lugit/tv-part-1d-3p-fut};{kati:katit/1v}{ma:ma/1vv}{tu:tu/1vv}{innaq:innaq/2vv}{til:tit/1vv}{lugit:lugit/tv-part-2d-3p-fut};{kati:katit/1v}{ma:ma/1vv}{tu:tuq/1vv}{innaq:innaq/2vv}{til:tit/1vv}{lugit:lugit/tv-part-2d-3p-fut};{kati:katit/1v}{ma:ma/1vv}{tu:tu/1vv}{innaq:innaq/2vv}{til:tit/1vv}{lugit:lugit/tv-part-4d-3p-fut};{kati:katit/1v}{ma:ma/1vv}{tu:tuq/1vv}{innaq:innaq/2vv}{til:tit/1vv}{lugit:lugit/tv-part-4d-3p-fut};{kati:katit/1v}{ma:ma/1vv}{tu:tu/1vv}{innaq:innaq/2vv}{til:tit/1vv}{lugit:lugit/tv-part-1p-3p-fut};{kati:katit/1v}{ma:ma/1vv}{tu:tuq/1vv}{innaq:innaq/2vv}{til:tit/1vv}{lugit:lugit/tv-part-1p-3p-fut};{kati:katit/1v}{ma:ma/1vv}{tu:tu/1vv}{innaq:innaq/2vv}{til:tit/1vv}{lugit:lugit/tv-part-2p-3p-fut};{kati:katit/1v}{ma:ma/1vv}{tu:tuq/1vv}{innaq:innaq/2vv}{til:tit/1vv}{lugit:lugit/tv-part-2p-3p-fut};{kati:katit/1v}{ma:ma/1vv}{tu:tu/1vv}{innaq:innaq/2vv}{til:tit/1vv}{lugit:lugit/tv-part-4p-3p-fut};{kati:katit/1v}{ma:ma/1vv}{tu:tuq/1vv}{innaq:innaq/2vv}{til:tit/1vv}{lugit:lugit/tv-part-4p-3p-fut};{kati:katit/1v}{ma:ma/1vv}{tu:tuq/1vv}{i:i/1vv}{nnaq:naq/1vv}{tillugit:tillugit/tv-part-3p};{kati:katit/1v}{ma:ma/1vv}{tu:tuq/1vv}{i:i/1vv}{nnaq:naq/1vv}{tillugit:tillugit/tv-part-1s-3p};{kati:katit/1v}{ma:ma/1vv}{tu:tuq/1vv}{i:i/1vv}{nnaq:naq/1vv}{tillugit:tillugit/tv-part-2s-3p};{kati:katit/1v}{ma:ma/1vv}{tu:tuq/1vv}{i:i/1vv}{nnaq:naq/1vv}{tillugit:tillugit/tv-part-4s-3p};{kati:katit/1v}{ma:ma/1vv}{tu:tuq/1vv}{i:i/1vv}{nnaq:naq/1vv}{tillugit:tillugit/tv-part-1d-3p};{kati:katit/1v}{ma:ma/1vv}{tu:tuq/1vv}{i:i/1vv}{nnaq:naq/1vv}{tillugit:tillugit/tv-part-2d-3p};{kati:katit/1v}{ma:ma/1vv}{tu:tuq/1vv}{i:i/1vv}{nnaq:naq/1vv}{tillugit:tillugit/tv-part-4d-3p};{kati:katit/1v}{ma:ma/1vv}{tu:tuq/1vv}{i:i/1vv}{nnaq:naq/1vv}{tillugit:tillugit/tv-part-1p-3p};{kati:katit/1v}{ma:ma/1vv}{tu:tuq/1vv}{i:i/1vv}{nnaq:naq/1vv}{tillugit:tillugit/tv-part-2p-3p};{kati:katit/1v}{ma:ma/1vv}{tu:tuq/1vv}{i:i/1vv}{nnaq:naq/1vv}{tillugit:tillugit/tv-part-4p-3p};{kati:katit/1v}{ma:ma/1vv}{tu:tuq/1vv}{i:i/1vv}{nnaq:naq/1vv}{til:tit/1vv}{lugit:lugit/tv-part-1s-3p-fut};{kati:katit/1v}{ma:ma/1vv}{tu:tuq/1vv}{i:i/1vv}{nnaq:naq/1vv}{til:tit/1vv}{lugit:lugit/tv-part-2s-3p-fut};{kati:katit/1v}{ma:ma/1vv}{tu:tuq/1vv}{i:i/1vv}{nnaq:naq/1vv}{til:tit/1vv}{lugit:lugit/tv-part-4s-3p-fut};{kati:katit/1v}{ma:ma/1vv}{tu:tuq/1vv}{i:i/1vv}{nnaq:naq/1vv}{til:tit/1vv}{lugit:lugit/tv-part-1d-3p-fut};{kati:katit/1v}{ma:ma/1vv}{tu:tuq/1vv}{i:i/1vv}{nnaq:naq/1vv}{til:tit/1vv}{lugit:lugit/tv-part-2d-3p-fut};{kati:katit/1v}{ma:ma/1vv}{tu:tuq/1vv}{i:i/1vv}{nnaq:naq/1vv}{til:tit/1vv}{lugit:lugit/tv-part-4d-3p-fut};{kati:katit/1v}{ma:ma/1vv}{tu:tuq/1vv}{i:i/1vv}{nnaq:naq/1vv}{til:tit/1vv}{lugit:lugit/tv-part-1p-3p-fut};{kati:katit/1v}{ma:ma/1vv}{tu:tuq/1vv}{i:i/1vv}{nnaq:naq/1vv}{til:tit/1vv}{lugit:lugit/tv-part-2p-3p-fut};{kati:katit/1v}{ma:ma/1vv}{tu:tuq/1vv}{i:i/1vv}{nnaq:naq/1vv}{til:tit/1vv}{lugit:lugit/tv-part-4p-3p-fut};{kati:kati/1v}{ma:ma/1vv}{tuinnaq:tuinnaq/1vv}{tillugit:tillugit/tv-part-3p};{kati:kati/1v}{ma:ma/1vv}{tuinnaq:tuinnaq/1vv}{tillugit:tillugit/tv-part-1s-3p};{kati:kati/1v}{ma:ma/1vv}{tuinnaq:tuinnaq/1vv}{tillugit:tillugit/tv-part-2s-3p};{kati:kati/1v}{ma:ma/1vv}{tuinnaq:tuinnaq/1vv}{tillugit:tillugit/tv-part-4s-3p};{kati:kati/1v}{ma:ma/1vv}{tuinnaq:tuinnaq/1vv}{tillugit:tillugit/tv-part-1d-3p};{kati:kati/1v}{ma:ma/1vv}{tuinnaq:tuinnaq/1vv}{tillugit:tillugit/tv-part-2d-3p};{kati:kati/1v}{ma:ma/1vv}{tuinnaq:tuinnaq/1vv}{tillugit:tillugit/tv-part-4d-3p};{kati:kati/1v}{ma:ma/1vv}{tuinnaq:tuinnaq/1vv}{tillugit:tillugit/tv-part-1p-3p};{kati:kati/1v}{ma:ma/1vv}{tuinnaq:tuinnaq/1vv}{tillugit:tillugit/tv-part-2p-3p};{kati:kati/1v}{ma:ma/1vv}{tuinnaq:tuinnaq/1vv}{tillugit:tillugit/tv-part-4p-3p};{kati:kati/1v}{ma:ma/1vv}{tuinnaq:tuinnaq/1vv}{til:tit/1vv}{lugit:lugit/tv-part-1s-3p-fut};{kati:kati/1v}{ma:ma/1vv}{tuinnaq:tuinnaq/1vv}{til:tit/1vv}{lugit:lugit/tv-part-2s-3p-fut};{kati:kati/1v}{ma:ma/1vv}{tuinnaq:tuinnaq/1vv}{til:tit/1vv}{lugit:lugit/tv-part-4s-3p-fut};{kati:kati/1v}{ma:ma/1vv}{tuinnaq:tuinnaq/1vv}{til:tit/1vv}{lugit:lugit/tv-part-1d-3p-fut};{kati:kati/1v}{ma:ma/1vv}{tuinnaq:tuinnaq/1vv}{til:tit/1vv}{lugit:lugit/tv-part-2d-3p-fut};{kati:kati/1v}{ma:ma/1vv}{tuinnaq:tuinnaq/1vv}{til:tit/1vv}{lugit:lugit/tv-part-4d-3p-fut};{kati:kati/1v}{ma:ma/1vv}{tuinnaq:tuinnaq/1vv}{til:tit/1vv}{lugit:lugit/tv-part-1p-3p-fut};{kati:kati/1v}{ma:ma/1vv}{tuinnaq:tuinnaq/1vv}{til:tit/1vv}{lugit:lugit/tv-part-2p-3p-fut};{kati:kati/1v}{ma:ma/1vv}{tuinnaq:tuinnaq/1vv}{til:tit/1vv}{lugit:lugit/tv-part-4p-3p-fut};{kati:kati/1v}{ma:ma/1vv}{tu:tu/1vv}{innaq:innaq/2vv}{tillugit:tillugit/tv-part-3p};{kati:kati/1v}{ma:ma/1vv}{tu:tuq/1vv}{innaq:innaq/2vv}{tillugit:tillugit/tv-part-3p};{kati:kati/1v}{ma:ma/1vv}{tu:tu/1vv}{innaq:innaq/2vv}{tillugit:tillugit/tv-part-1s-3p};{kati:kati/1v}{ma:ma/1vv}{tu:tuq/1vv}{innaq:innaq/2vv}{tillugit:tillugit/tv-part-1s-3p};{kati:kati/1v}{ma:ma/1vv}{tu:tu/1vv}{innaq:innaq/2vv}{tillugit:tillugit/tv-part-2s-3p};{kati:kati/1v}{ma:ma/1vv}{tu:tuq/1vv}{innaq:innaq/2vv}{tillugit:tillugit/tv-part-2s-3p};{kati:kati/1v}{ma:ma/1vv}{tu:tu/1vv}{innaq:innaq/2vv}{tillugit:tillugit/tv-part-4s-3p};{kati:kati/1v}{ma:ma/1vv}{tu:tuq/1vv}{innaq:innaq/2vv}{tillugit:tillugit/tv-part-4s-3p};{kati:kati/1v}{ma:ma/1vv}{tu:tu/1vv}{innaq:innaq/2vv}{tillugit:tillugit/tv-part-1d-3p};{kati:kati/1v}{ma:ma/1vv}{tu:tuq/1vv}{innaq:innaq/2vv}{tillugit:tillugit/tv-part-1d-3p};{kati:kati/1v}{ma:ma/1vv}{tu:tu/1vv}{innaq:innaq/2vv}{tillugit:tillugit/tv-part-2d-3p};{kati:kati/1v}{ma:ma/1vv}{tu:tuq/1vv}{innaq:innaq/2vv}{tillugit:tillugit/tv-part-2d-3p};{kati:kati/1v}{ma:ma/1vv}{tu:tu/1vv}{innaq:innaq/2vv}{tillugit:tillugit/tv-part-4d-3p};{kati:kati/1v}{ma:ma/1vv}{tu:tuq/1vv}{innaq:innaq/2vv}{tillugit:tillugit/tv-part-4d-3p};{kati:kati/1v}{ma:ma/1vv}{tu:tu/1vv}{innaq:innaq/2vv}{tillugit:tillugit/tv-part-1p-3p};{kati:kati/1v}{ma:ma/1vv}{tu:tuq/1vv}{innaq:innaq/2vv}{tillugit:tillugit/tv-part-1p-3p};{kati:kati/1v}{ma:ma/1vv}{tu:tu/1vv}{innaq:innaq/2vv}{tillugit:tillugit/tv-part-2p-3p};{kati:kati/1v}{ma:ma/1vv}{tu:tuq/1vv}{innaq:innaq/2vv}{tillugit:tillugit/tv-part-2p-3p};{kati:kati/1v}{ma:ma/1vv}{tu:tu/1vv}{innaq:innaq/2vv}{tillugit:tillugit/tv-part-4p-3p};{kati:kati/1v}{ma:ma/1vv}{tu:tuq/1vv}{innaq:innaq/2vv}{tillugit:tillugit/tv-part-4p-3p};{kati:kati/1v}{ma:ma/1vv}{tu:tu/1vv}{innaq:innaq/2vv}{til:tit/1vv}{lugit:lugit/tv-part-1s-3p-fut};{kati:kati/1v}{ma:ma/1vv}{tu:tuq/1vv}{innaq:innaq/2vv}{til:tit/1vv}{lugit:lugit/tv-part-1s-3p-fut};{kati:kati/1v}{ma:ma/1vv}{tu:tu/1vv}{innaq:innaq/2vv}{til:tit/1vv}{lugit:lugit/tv-part-2s-3p-fut};{kati:kati/1v}{ma:ma/1vv}{tu:tuq/1vv}{innaq:innaq/2vv}{til:tit/1vv}{lugit:lugit/tv-part-2s-3p-fut};{kati:kati/1v}{ma:ma/1vv}{tu:tu/1vv}{innaq:innaq/2vv}{til:tit/1vv}{lugit:lugit/tv-part-4s-3p-fut};{kati:kati/1v}{ma:ma/1vv}{tu:tuq/1vv}{innaq:innaq/2vv}{til:tit/1vv}{lugit:lugit/tv-part-4s-3p-fut};{kati:kati/1v}{ma:ma/1vv}{tu:tu/1vv}{innaq:innaq/2vv}{til:tit/1vv}{lugit:lugit/tv-part-1d-3p-fut};{kati:kati/1v}{ma:ma/1vv}{tu:tuq/1vv}{innaq:innaq/2vv}{til:tit/1vv}{lugit:lugit/tv-part-1d-3p-fut};{kati:kati/1v}{ma:ma/1vv}{tu:tu/1vv}{innaq:innaq/2vv}{til:tit/1vv}{lugit:lugit/tv-part-2d-3p-fut};{kati:kati/1v}{ma:ma/1vv}{tu:tuq/1vv}{innaq:innaq/2vv}{til:tit/1vv}{lugit:lugit/tv-part-2d-3p-fut};{kati:kati/1v}{ma:ma/1vv}{tu:tu/1vv}{innaq:innaq/2vv}{til:tit/1vv}{lugit:lugit/tv-part-4d-3p-fut};{kati:kati/1v}{ma:ma/1vv}{tu:tuq/1vv}{innaq:innaq/2vv}{til:tit/1vv}{lugit:lugit/tv-part-4d-3p-fut};{kati:kati/1v}{ma:ma/1vv}{tu:tu/1vv}{innaq:innaq/2vv}{til:tit/1vv}{lugit:lugit/tv-part-1p-3p-fut};{kati:kati/1v}{ma:ma/1vv}{tu:tuq/1vv}{innaq:innaq/2vv}{til:tit/1vv}{lugit:lugit/tv-part-1p-3p-fut};{kati:kati/1v}{ma:ma/1vv}{tu:tu/1vv}{innaq:innaq/2vv}{til:tit/1vv}{lugit:lugit/tv-part-2p-3p-fut};{kati:kati/1v}{ma:ma/1vv}{tu:tuq/1vv}{innaq:innaq/2vv}{til:tit/1vv}{lugit:lugit/tv-part-2p-3p-fut};{kati:kati/1v}{ma:ma/1vv}{tu:tu/1vv}{innaq:innaq/2vv}{til:tit/1vv}{lugit:lugit/tv-part-4p-3p-fut};{kati:kati/1v}{ma:ma/1vv}{tu:tuq/1vv}{innaq:innaq/2vv}{til:tit/1vv}{lugit:lugit/tv-part-4p-3p-fut};{kati:kati/1v}{ma:ma/1vv}{tu:tuq/1vv}{i:i/1vv}{nnaq:naq/1vv}{tillugit:tillugit/tv-part-3p};{kati:kati/1v}{ma:ma/1vv}{tu:tuq/1vv}{i:i/1vv}{nnaq:naq/1vv}{tillugit:tillugit/tv-part-1s-3p};{kati:kati/1v}{ma:ma/1vv}{tu:tuq/1vv}{i:i/1vv}{nnaq:naq/1vv}{tillugit:tillugit/tv-part-2s-3p};{kati:kati/1v}{ma:ma/1vv}{tu:tuq/1vv}{i:i/1vv}{nnaq:naq/1vv}{tillugit:tillugit/tv-part-4s-3p};{kati:kati/1v}{ma:ma/1vv}{tu:tuq/1vv}{i:i/1vv}{nnaq:naq/1vv}{tillugit:tillugit/tv-part-1d-3p};{kati:kati/1v}{ma:ma/1vv}{tu:tuq/1vv}{i:i/1vv}{nnaq:naq/1vv}{tillugit:tillugit/tv-part-2d-3p};{kati:kati/1v}{ma:ma/1vv}{tu:tuq/1vv}{i:i/1vv}{nnaq:naq/1vv}{tillugit:tillugit/tv-part-4d-3p};{kati:kati/1v}{ma:ma/1vv}{tu:tuq/1vv}{i:i/1vv}{nnaq:naq/1vv}{tillugit:tillugit/tv-part-1p-3p};{kati:kati/1v}{ma:ma/1vv}{tu:tuq/1vv}{i:i/1vv}{nnaq:naq/1vv}{tillugit:tillugit/tv-part-2p-3p};{kati:kati/1v}{ma:ma/1vv}{tu:tuq/1vv}{i:i/1vv}{nnaq:naq/1vv}{tillugit:tillugit/tv-part-4p-3p};{kati:kati/1v}{ma:ma/1vv}{tu:tuq/1vv}{i:i/1vv}{nnaq:naq/1vv}{til:tit/1vv}{lugit:lugit/tv-part-1s-3p-fut};{kati:kati/1v}{ma:ma/1vv}{tu:tuq/1vv}{i:i/1vv}{nnaq:naq/1vv}{til:tit/1vv}{lugit:lugit/tv-part-2s-3p-fut};{kati:kati/1v}{ma:ma/1vv}{tu:tuq/1vv}{i:i/1vv}{nnaq:naq/1vv}{til:tit/1vv}{lugit:lugit/tv-part-4s-3p-fut};{kati:kati/1v}{ma:ma/1vv}{tu:tuq/1vv}{i:i/1vv}{nnaq:naq/1vv}{til:tit/1vv}{lugit:lugit/tv-part-1d-3p-fut};{kati:kati/1v}{ma:ma/1vv}{tu:tuq/1vv}{i:i/1vv}{nnaq:naq/1vv}{til:tit/1vv}{lugit:lugit/tv-part-2d-3p-fut};{kati:kati/1v}{ma:ma/1vv}{tu:tuq/1vv}{i:i/1vv}{nnaq:naq/1vv}{til:tit/1vv}{lugit:lugit/tv-part-4d-3p-fut};{kati:kati/1v}{ma:ma/1vv}{tu:tuq/1vv}{i:i/1vv}{nnaq:naq/1vv}{til:tit/1vv}{lugit:lugit/tv-part-1p-3p-fut};{kati:kati/1v}{ma:ma/1vv}{tu:tuq/1vv}{i:i/1vv}{nnaq:naq/1vv}{til:tit/1vv}{lugit:lugit/tv-part-2p-3p-fut};{kati:kati/1v}{ma:ma/1vv}{tu:tuq/1vv}{i:i/1vv}{nnaq:naq/1vv}{til:tit/1vv}{lugit:lugit/tv-part-4p-3p-fut},False,False,False,False,False,
hansard,katimautiminingit,{kati:kati/1v}{ma:ma/1vv}{uti:ut/1vn}{mini:miniq/1nn}{ngit:ngit/tn-nom-p-4s},False,{kati:katit/1v}{ma:ma/1vv}{uti:ut/1vn}{mini:miniq/1nn}{ngit:ngit/tn-nom-p-4s};{kati:katit/1v}{ma:ma/1vv}{uti:ut/1vn}{mini:miniq/1nn}{ngit:ngik/tn-nom-p-4d};{kati:katit/1v}{ma:ma/1vv}{uti:ut/1vn}{mini:miniq/1nn}{ngit:ngit/tn-nom-p-4p};{kati:kati/1v}{ma:ma/1vv}{uti:ut/1vn}{mini:miniq/1nn}{ngit:ngit/tn-nom-p-4s};{kati:kati/1v}{ma:ma/1vv}{uti:ut/1vn}{mini:miniq/1nn}{ngit:ngik/tn-nom-p-4d};{kati:kati/1v}{ma:ma/1vv}{uti:ut/1vn}{mini:miniq/1nn}{ngit:ngit/tn-nom-p-4p},False,False,False,False,False,
hansard,katimautinik,{kati:kati/1v}{ma:ma/1vv}{uti:ut/1vn}{nik:nik/tn-acc-p},False,{kati:katit/1v}{ma:ma/1vv}{uti:ut/1vn}{nik:nik/tn-acc-p};{kati:katit/1v}{ma:ma/1vv}{ut:ut/1vn}{inik:nik/tn-acc-p};{kati:kati/1v}{ma:ma/1vv}{uti:ut/1vn}{nik:nik/tn-acc-p};{kati:kati/1v}{ma:ma/1vv}{ut:ut/1vn}{inik:nik/tn-acc-p},False,False,False,False,False,
hansard,katimautitsa,{kati:kati/1v}{ma:ma/1vv}{uti:ut/1vn}{tsa:ksaq/1nn},False,{kati:katit/1v}{ma:ma/1vv}{uti:ut/1vn}{tsa:ksaq/1nn};{kati:katit/1v}{ma:ma/1vv}{uti:ut/1vn}{tsa:ksaq/1nn}{:t/tn-nom-p};{kati:kati/1v}{ma:ma/1vv}{uti:ut/1vn}{tsa:ksaq/1nn};{kati:kati/1v}{ma:ma/1vv}{uti:ut/1vn}{tsa:ksaq/1nn}{:t/tn-nom-p},False,False,False,False,False,
hansard,katimavimmi,{kati:kati/1v}{ma:ma/1vv}{vim:vik/3vn}{mi:mi/tn-loc-s},False,{kati:katit/1v}{ma:ma/1vv}{vim:vik/2vv}{mi:miik/1vn};{kati:katit/1v}{ma:ma/1vv}{vim:vik/3vn}{mi:mi/tn-loc-s};{kati:katit/1v}{ma:ma/1vv}{vim:vik/3vn}{mi:ni/tn-loc-p};{kati:katit/1v}{ma:ma/1vv}{vi:vik/3vn}{mmi:mi/tn-gen-s-3s};{kati:katit/1v}{ma:ma/1vv}{vi:vik/3vn}{mmi:mi/tn-gen-p-3s};{kati:kati/1v}{ma:ma/1vv}{vim:vik/2vv}{mi:miik/1vn};{kati:kati/1v}{ma:ma/1vv}{vim:vik/3vn}{mi:mi/tn-loc-s};{kati:kati/1v}{ma:ma/1vv}{vim:vik/3vn}{mi:ni/tn-loc-p};{kati:kati/1v}{ma:ma/1vv}{vi:vik/3vn}{mmi:mi/tn-gen-s-3s};{kati:kati/1v}{ma:ma/1vv}{vi:vik/3vn}{mmi:mi/tn-gen-p-3s};{kati:katit/1v}{ma:ma/1vv}{vim:vik/3vn}{mi:mik/tn-acc-s};{kati:katit/1v}{ma:ma/1vv}{vim:vik/3vn}{mi:mit/tn-abl-s};{kati:katit/1v}{ma:ma/1vv}{vi:vik/3vn}{mmi:mik/tn-gen-s-3d};{kati:katit/1v}{ma:ma/1vv}{vi:vik/3vn}{mmi:mik/tn-gen-p-3d};{kati:katit/1v}{ma:ma/1vv}{vi:vik/3vn}{mmi:mik/tn-gen-s-3p};{kati:katit/1v}{ma:ma/1vv}{vi:vik/3vn}{mmi:mik/tn-gen-p-3p};{kati:kati/1v}{ma:ma/1vv}{vim:vik/3vn}{mi:mik/tn-acc-s};{kati:kati/1v}{ma:ma/1vv}{vim:vik/3vn}{mi:mit/tn-abl-s};{kati:kati/1v}{ma:ma/1vv}{vi:vik/3vn}{mmi:mik/tn-gen-s-3d};{kati:kati/1v}{ma:ma/1vv}{vi:vik/3vn}{mmi:mik/tn-gen-p-3d};{kati:kati/1v}{ma:ma/1vv}{vi:vik/3vn}{mmi:mik/tn-gen-s-3p};{kati:kati/1v}{ma:ma/1vv}{vi:vik/3vn}{mmi:mik/tn-gen-p-3p},False,False,False,False,False,
hansard,katimmajjutiksaq,{kati:kati/1v}{mma:ma/1v}{jjuti:jjut/1vn}{ksaq:ksaq/1nn},False,,False,False,False,True,False,"katimmajjutiksaq: (frequency: 514) the word is based on the root 'katima'. There is a variant 'katimajjutiksaq' with a frequency of 2782. The only way I can explain the 2nd 'm' is the phenomenon of 'inchoativity', which consists of doubling the final consonant of a verbal root. 'Inchoative' roughly means 'to begin to be, to happen'. As I understand it, this doesn't apply to all verbal roots, so until I know more about the topic, I've decided to leave it out of the morphological analysis -- hence the correctDecompUnknown(). (2020-04, BF)"
hansard,katitsutik,{katit:katit/1v}{sutik:lutik/tv-part-3p-prespas},False,{katit:katit/1v}{sutik:jusik/tv-ger-2d};{katit:katit/1v}{sutik:lutik/tv-part-3d-prespas};{katit:katit/1v}{sutik:lutik/tv-part-3p-prespas};{katit:katit/1v}{sutik:lutik/tv-part-1s-2d-prespas};{katit:katit/1v}{sutik:lutik/tv-part-4s-2d-prespas};{katit:katit/1v}{sutik:lutik/tv-part-1d-2d-prespas};{katit:katit/1v}{sutik:lutik/tv-part-4d-2d-prespas};{katit:katit/1v}{sutik:lutik/tv-part-1p-2d-prespas};{katit:katit/1v}{sutik:lutik/tv-part-4p-2d-prespas};{katit:katit/1v}{su:juq/1vn}{tik:tik/tn-nom-s-2d};{katit:katit/1v}{su:juq/1vn}{tik:tik/tn-nom-p-2d};{katit:katit/1v}{su:juq/1vn}{tik:tik/tn-nom-s-3d};{katit:katit/1v}{su:juq/1vn}{tik:tik/tn-nom-p-3d};{katit:katit/1v}{su:juq/1vn}{tik:tik/tn-nom-s-3p};{katit:katit/1v}{su:juq/1vn}{tik:tik/tn-nom-p-3p};{kati:kati/1v}{t:t/1vv}{sutik:jusik/tv-ger-2d};{kati:kati/1v}{t:t/1vv}{sutik:lutik/tv-part-3d-prespas};{kati:kati/1v}{t:t/1vv}{sutik:lutik/tv-part-3p-prespas};{kati:kati/1v}{t:t/1vv}{sutik:lutik/tv-part-1s-2d-prespas};{kati:kati/1v}{t:t/1vv}{sutik:lutik/tv-part-4s-2d-prespas};{kati:kati/1v}{t:t/1vv}{sutik:lutik/tv-part-1d-2d-prespas};{kati:kati/1v}{t:t/1vv}{sutik:lutik/tv-part-4d-2d-prespas};{kati:kati/1v}{t:t/1vv}{sutik:lutik/tv-part-1p-2d-prespas};{kati:kati/1v}{t:t/1vv}{sutik:lutik/tv-part-4p-2d-prespas};{kati:kati/1v}{t:t/1vv}{su:juq/1vn}{tik:tik/tn-nom-s-2d};{kati:kati/1v}{t:t/1vv}{su:juq/1vn}{tik:tik/tn-nom-p-2d};{kati:kati/1v}{t:t/1vv}{su:juq/1vn}{tik:tik/tn-nom-s-3d};{kati:kati/1v}{t:t/1vv}{su:juq/1vn}{tik:tik/tn-nom-p-3d};{kati:kati/1v}{t:t/1vv}{su:juq/1vn}{tik:tik/tn-nom-s-3p};{kati:kati/1v}{t:t/1vv}{su:juq/1vn}{tik:tik/tn-nom-p-3p},False,False,False,False,False,
hansard,katittugit,{katit:katit/1v}{tugit:lugit/tv-part-4p-3p-prespas},False,{katit:katit/1v}{tugit:lugit/tv-part-1s-3p-prespas};{katit:katit/1v}{tugit:lugit/tv-part-2s-3p-prespas};{katit:katit/1v}{tugit:lugit/tv-part-4s-3p-prespas};{katit:katit/1v}{tugit:lugit/tv-part-1d-3p-prespas};{katit:katit/1v}{tugit:lugit/tv-part-2d-3p-prespas};{katit:katit/1v}{tugit:lugit/tv-part-4d-3p-prespas};{katit:katit/1v}{tugit:lugit/tv-part-1p-3p-prespas};{katit:katit/1v}{tugit:lugit/tv-part-2p-3p-prespas};{katit:katit/1v}{tugit:lugit/tv-part-4p-3p-prespas};{kati:kati/1v}{t:t/1vv}{tugit:lugit/tv-part-1s-3p-prespas};{kati:kati/1v}{t:t/1vv}{tugit:lugit/tv-part-2s-3p-prespas};{kati:kati/1v}{t:t/1vv}{tugit:lugit/tv-part-4s-3p-prespas};{kati:kati/1v}{t:t/1vv}{tugit:lugit/tv-part-1d-3p-prespas};{kati:kati/1v}{t:t/1vv}{tugit:lugit/tv-part-2d-3p-prespas};{kati:kati/1v}{t:t/1vv}{tugit:lugit/tv-part-4d-3p-prespas};{kati:kati/1v}{t:t/1vv}{tugit:lugit/tv-part-1p-3p-prespas};{kati:kati/1v}{t:t/1vv}{tugit:lugit/tv-part-2p-3p-prespas};{kati:kati/1v}{t:t/1vv}{tugit:lugit/tv-part-4p-3p-prespas},False,False,False,False,False,
hansard,kattuk,[decomposition:/kattuk(kattuk)/],False,,False,False,False,False,True,
hansard,kattuq,[decomposition:/kattuq(kattuq)/],False,,False,False,False,False,True,
hansard,katujjiqatigiingit,{katujji:katujji/1v}{qati:qati/1vn}{gii:giik/1nn}{ngit:ngit/tn-nom-p-4s},False,{katujji:katujji/1v}{qati:qati/1vn}{gii:giik/1nn}{ngit:ngit/tn-nom-p-4s};{katujji:katujji/1v}{qati:qati/1vn}{gii:giik/1nn}{ngit:ngik/tn-nom-p-4d};{katujji:katujji/1v}{qati:qati/1vn}{gii:giik/1nn}{ngit:ngit/tn-nom-p-4p},False,False,False,False,False,
hansard,katujjiqatigiit,{katujji:katujji/1v}{qati:qati/1vn}{gii:giik/1nn}{t:it/tn-nom-p},False,{katujji:katujji/1v}{qati:qati/1vn}{gii:giik/1nn}{t:it/tn-nom-p};{katujji:katujji/1v}{qati:qati/1vn}{gii:giik/1nn}{t:it/tn-gen-p};{katujji:katujji/1v}{qati:qati/1vn}{gii:giik/1nn}{t:it/tn-nom-s-2s},False,False,False,False,False,
hansard,kialvin,[decomposition:/kialvin(kialvin)/],False,,False,False,False,False,True,
hansard,kiinaujait,{kiinauja:kiinaujaq/1n}{it:it/tn-nom-p},False,{kiinauja:kiinaujaq/1n}{it:it/tn-nom-p};{kiinauja:kiinaujaq/1n}{it:it/tn-gen-p};{kiinauja:kiinaujaq/1n}{it:it/tn-nom-s-2s};{kiina:kiinaq/2n}{u:u/1nv}{jait:jait/tv-ger-2s-3s};{kiina:kiinaq/1n}{u:u/1nv}{jait:jait/tv-ger-2s-3s};{kiina:kiinaq/2n}{u:u/1nv}{jait:jangit/tv-ger-3s-3p};{kiina:kiinaq/1n}{u:u/1nv}{jait:jangit/tv-ger-3s-3p};{kiina:kiinaq/2n}{u:u/1nv}{jait:jangit/tv-ger-3p-3p};{kiina:kiinaq/1n}{u:u/1nv}{jait:jangit/tv-ger-3p-3p};{kiina:kiinaq/2n}{u:u/1nv}{ja:jaq/3vn}{it:it/tn-nom-p};{kiina:kiinaq/1n}{u:u/1nv}{ja:jaq/3vn}{it:it/tn-nom-p};{kiina:kiinaq/2n}{u:u/1nv}{ja:jaq/3vn}{it:it/tn-gen-p};{kiina:kiinaq/1n}{u:u/1nv}{ja:jaq/3vn}{it:it/tn-gen-p};{kiina:kiinaq/2n}{u:u/1nv}{ja:jaq/3vn}{it:it/tn-nom-s-2s};{kiina:kiinaq/1n}{u:u/1nv}{ja:jaq/3vn}{it:it/tn-nom-s-2s};{kii:kii/1v}{na:naq/2vn}{u:u/1nv}{jait:jait/tv-ger-2s-3s};{kii:kii/2v}{na:naq/2vn}{u:u/1nv}{jait:jait/tv-ger-2s-3s};{kii:kii/1v}{na:naq/2vn}{u:u/1nv}{jait:jangit/tv-ger-3s-3p};{kii:kii/2v}{na:naq/2vn}{u:u/1nv}{jait:jangit/tv-ger-3s-3p};{kii:kii/1v}{na:naq/2vn}{u:u/1nv}{jait:jangit/tv-ger-3p-3p};{kii:kii/2v}{na:naq/2vn}{u:u/1nv}{jait:jangit/tv-ger-3p-3p};{kii:kii/1v}{na:naq/2vn}{u:u/1nv}{ja:jaq/3vn}{it:it/tn-nom-p};{kii:kii/2v}{na:naq/2vn}{u:u/1nv}{ja:jaq/3vn}{it:it/tn-nom-p};{kii:kii/1v}{na:naq/2vn}{u:u/1nv}{ja:jaq/3vn}{it:it/tn-gen-p};{kii:kii/2v}{na:naq/2vn}{u:u/1nv}{ja:jaq/3vn}{it:it/tn-gen-p};{kii:kii/1v}{na:naq/2vn}{u:u/1nv}{ja:jaq/3vn}{it:it/tn-nom-s-2s};{kii:kii/2v}{na:naq/2vn}{u:u/1nv}{ja:jaq/3vn}{it:it/tn-nom-s-2s},False,False,False,False,False,
hansard,kiinaujalirijiit,{kiinauja:kiinaujaq/1n}{liri:liri/1nv}{ji:ji/1vn}{it:it/tn-nom-p},False,{kiinauja:kiinaujaq/1n}{liri:liri/1nv}{ji:ji/1vn}{it:it/tn-nom-p};{kiinauja:kiinaujaq/1n}{liri:liri/1nv}{ji:ji/1vn}{it:it/tn-gen-p};{kiinauja:kiinaujaq/1n}{liri:liri/1nv}{ji:ji/1vn}{it:it/tn-nom-s-2s};{kiina:kiinaq/2n}{u:u/1nv}{ja:jaq/3vn}{liri:liri/1nv}{ji:ji/1vn}{it:it/tn-nom-p};{kiina:kiinaq/1n}{u:u/1nv}{ja:jaq/3vn}{liri:liri/1nv}{ji:ji/1vn}{it:it/tn-nom-p};{kiina:kiinaq/2n}{u:u/1nv}{ja:jaq/3vn}{liri:liri/1nv}{ji:ji/1vn}{it:it/tn-gen-p};{kiina:kiinaq/1n}{u:u/1nv}{ja:jaq/3vn}{liri:liri/1nv}{ji:ji/1vn}{it:it/tn-gen-p};{kiina:kiinaq/2n}{u:u/1nv}{ja:jaq/3vn}{liri:liri/1nv}{ji:ji/1vn}{it:it/tn-nom-s-2s};{kiina:kiinaq/1n}{u:u/1nv}{ja:jaq/3vn}{liri:liri/1nv}{ji:ji/1vn}{it:it/tn-nom-s-2s};{kii:kii/1v}{na:naq/2vn}{u:u/1nv}{ja:jaq/3vn}{liri:liri/1nv}{ji:ji/1vn}{it:it/tn-nom-p};{kii:kii/2v}{na:naq/2vn}{u:u/1nv}{ja:jaq/3vn}{liri:liri/1nv}{ji:ji/1vn}{it:it/tn-nom-p};{kii:kii/1v}{na:naq/2vn}{u:u/1nv}{ja:jaq/3vn}{liri:liri/1nv}{ji:ji/1vn}{it:it/tn-gen-p};{kii:kii/2v}{na:naq/2vn}{u:u/1nv}{ja:jaq/3vn}{liri:liri/1nv}{ji:ji/1vn}{it:it/tn-gen-p};{kii:kii/1v}{na:naq/2vn}{u:u/1nv}{ja:jaq/3vn}{liri:liri/1nv}{ji:ji/1vn}{it:it/tn-nom-s-2s};{kii:kii/2v}{na:naq/2vn}{u:u/1nv}{ja:jaq/3vn}{liri:liri/1nv}{ji:ji/1vn}{it:it/tn-nom-s-2s},False,False,False,False,False,
hansard,kiinaujalirijikkunnut,{kiinauja:kiinaujaq/1n}{liri:liri/1nv}{ji:ji/1vn}{kkun:kkut/1nn}{nut:nut/tn-dat-p},False,{kiinauja:kiinaujaq/1n}{liri:liri/1nv}{ji:ji/1vn}{kkun:kkut/1nn}{nut:nut/tn-dat-p};{kiina:kiinaq/2n}{u:u/1nv}{ja:jaq/3vn}{liri:liri/1nv}{ji:ji/1vn}{kkun:kkut/1nn}{nut:nut/tn-dat-p};{kiina:kiinaq/1n}{u:u/1nv}{ja:jaq/3vn}{liri:liri/1nv}{ji:ji/1vn}{kkun:kkut/1nn}{nut:nut/tn-dat-p};{kii:kii/1v}{na:naq/2vn}{u:u/1nv}{ja:jaq/3vn}{liri:liri/1nv}{ji:ji/1vn}{kkun:kkut/1nn}{nut:nut/tn-dat-p};{kii:kii/2v}{na:naq/2vn}{u:u/1nv}{ja:jaq/3vn}{liri:liri/1nv}{ji:ji/1vn}{kkun:kkut/1nn}{nut:nut/tn-dat-p},False,False,False,False,False,
hansard,kiinaujalirijikkut,{kiinauja:kiinaujaq/1n}{liri:liri/1nv}{ji:ji/1vn}{kkut:kkut/1nn},False,{kiinauja:kiinaujaq/1n}{liri:liri/1nv}{ji:ji/1vn}{kkut:kkut/1nn};{kiinauja:kiinaujaq/1n}{liri:liri/1nv}{ji:ji/1vn}{kkut:kkut/tn-via-s};{kiinauja:kiinaujaq/1n}{liri:liri/1nv}{ji:ji/1vn}{kkut:kkut/tn-via-s-2s};{kiinauja:kiinaujaq/1n}{liri:liri/1nv}{ji:ji/1vn}{kkut:pkut/tn-via-s-1s};{kiinauja:kiinaujaq/1n}{liri:liri/1nv}{ji:ji/1vn}{kkut:pkut/tn-via-p-1s};{kiina:kiinaq/2n}{u:u/1nv}{ja:jaq/3vn}{liri:liri/1nv}{ji:ji/1vn}{kkut:kkut/1nn};{kiina:kiinaq/1n}{u:u/1nv}{ja:jaq/3vn}{liri:liri/1nv}{ji:ji/1vn}{kkut:kkut/1nn};{kiina:kiinaq/2n}{u:u/1nv}{ja:jaq/3vn}{liri:liri/1nv}{ji:ji/1vn}{kkut:kkut/tn-via-s};{kiina:kiinaq/1n}{u:u/1nv}{ja:jaq/3vn}{liri:liri/1nv}{ji:ji/1vn}{kkut:kkut/tn-via-s};{kiina:kiinaq/2n}{u:u/1nv}{ja:jaq/3vn}{liri:liri/1nv}{ji:ji/1vn}{kkut:kkut/tn-via-s-2s};{kiina:kiinaq/1n}{u:u/1nv}{ja:jaq/3vn}{liri:liri/1nv}{ji:ji/1vn}{kkut:kkut/tn-via-s-2s};{kiina:kiinaq/2n}{u:u/1nv}{ja:jaq/3vn}{liri:liri/1nv}{ji:ji/1vn}{kkut:pkut/tn-via-s-1s};{kiina:kiinaq/1n}{u:u/1nv}{ja:jaq/3vn}{liri:liri/1nv}{ji:ji/1vn}{kkut:pkut/tn-via-s-1s};{kiina:kiinaq/2n}{u:u/1nv}{ja:jaq/3vn}{liri:liri/1nv}{ji:ji/1vn}{kkut:pkut/tn-via-p-1s};{kiina:kiinaq/1n}{u:u/1nv}{ja:jaq/3vn}{liri:liri/1nv}{ji:ji/1vn}{kkut:pkut/tn-via-p-1s};{kii:kii/1v}{na:naq/2vn}{u:u/1nv}{ja:jaq/3vn}{liri:liri/1nv}{ji:ji/1vn}{kkut:kkut/1nn};{kii:kii/2v}{na:naq/2vn}{u:u/1nv}{ja:jaq/3vn}{liri:liri/1nv}{ji:ji/1vn}{kkut:kkut/1nn};{kii:kii/1v}{na:naq/2vn}{u:u/1nv}{ja:jaq/3vn}{liri:liri/1nv}{ji:ji/1vn}{kkut:kkut/tn-via-s};{kii:kii/2v}{na:naq/2vn}{u:u/1nv}{ja:jaq/3vn}{liri:liri/1nv}{ji:ji/1vn}{kkut:kkut/tn-via-s};{kii:kii/1v}{na:naq/2vn}{u:u/1nv}{ja:jaq/3vn}{liri:liri/1nv}{ji:ji/1vn}{kkut:kkut/tn-via-s-2s};{kii:kii/2v}{na:naq/2vn}{u:u/1nv}{ja:jaq/3vn}{liri:liri/1nv}{ji:ji/1vn}{kkut:kkut/tn-via-s-2s};{kii:kii/1v}{na:naq/2vn}{u:u/1nv}{ja:jaq/3vn}{liri:liri/1nv}{ji:ji/1vn}{kkut:pkut/tn-via-s-1s};{kii:kii/2v}{na:naq/2vn}{u:u/1nv}{ja:jaq/3vn}{liri:liri/1nv}{ji:ji/1vn}{kkut:pkut/tn-via-s-1s};{kii:kii/1v}{na:naq/2vn}{u:u/1nv}{ja:jaq/3vn}{liri:liri/1nv}{ji:ji/1vn}{kkut:pkut/tn-via-p-1s};{kii:kii/2v}{na:naq/2vn}{u:u/1nv}{ja:jaq/3vn}{liri:liri/1nv}{ji:ji/1vn}{kkut:pkut/tn-via-p-1s},False,False,False,False,False,
hansard,kiinaujalirinirmut,{kiinauja:kiinaujaq/1n}{liri:liri/1nv}{nir:niq/2vn}{mut:mut/tn-dat-s},False,{kiinauja:kiinaujaq/1n}{liri:liri/1nv}{nir:niq/2vn}{mut:mut/tn-dat-s};{kiina:kiinaq/2n}{u:u/1nv}{ja:jaq/3vn}{liri:liri/1nv}{nir:niq/2vn}{mut:mut/tn-dat-s};{kiina:kiinaq/1n}{u:u/1nv}{ja:jaq/3vn}{liri:liri/1nv}{nir:niq/2vn}{mut:mut/tn-dat-s};{kii:kii/1v}{na:naq/2vn}{u:u/1nv}{ja:jaq/3vn}{liri:liri/1nv}{nir:niq/2vn}{mut:mut/tn-dat-s};{kii:kii/2v}{na:naq/2vn}{u:u/1nv}{ja:jaq/3vn}{liri:liri/1nv}{nir:niq/2vn}{mut:mut/tn-dat-s},False,False,False,False,False,
hansard,kiinaujani,{kiinauja:kiinaujaq/1n}{ni:ni/tn-loc-p},False,{kiinauja:kiinaujaq/1n}{ni:ni/tn-loc-p};{kiinauja:kiinaujaq/1n}{ni:ni/tn-nom-s-3s};{kiinauja:kiinaujaq/1n}{ni:ni/tn-nom-p-3s};{kiina:kiinaq/2n}{u:u/1nv}{ja:jaq/3vn}{ni:ni/tn-loc-p};{kiina:kiinaq/1n}{u:u/1nv}{ja:jaq/3vn}{ni:ni/tn-loc-p};{kiina:kiinaq/2n}{u:u/1nv}{ja:jaq/3vn}{ni:ni/tn-nom-s-3s};{kiina:kiinaq/1n}{u:u/1nv}{ja:jaq/3vn}{ni:ni/tn-nom-s-3s};{kiina:kiinaq/2n}{u:u/1nv}{ja:jaq/3vn}{ni:ni/tn-nom-p-3s};{kiina:kiinaq/1n}{u:u/1nv}{ja:jaq/3vn}{ni:ni/tn-nom-p-3s};{kii:kii/1v}{na:naq/2vn}{u:u/1nv}{ja:jaq/3vn}{ni:ni/tn-loc-p};{kii:kii/2v}{na:naq/2vn}{u:u/1nv}{ja:jaq/3vn}{ni:ni/tn-loc-p};{kii:kii/1v}{na:naq/2vn}{u:u/1nv}{ja:jaq/3vn}{ni:ni/tn-nom-s-3s};{kii:kii/2v}{na:naq/2vn}{u:u/1nv}{ja:jaq/3vn}{ni:ni/tn-nom-s-3s};{kii:kii/1v}{na:naq/2vn}{u:u/1nv}{ja:jaq/3vn}{ni:ni/tn-nom-p-3s};{kii:kii/2v}{na:naq/2vn}{u:u/1nv}{ja:jaq/3vn}{ni:ni/tn-nom-p-3s};{kiinauja:kiinaujaq/1n}{ni:nik/tn-acc-p};{kiinauja:kiinaujaq/1n}{ni:nit/tn-abl-p};{kiina:kiinaq/2n}{u:u/1nv}{ja:jaq/3vn}{ni:nik/tn-acc-p};{kiina:kiinaq/1n}{u:u/1nv}{ja:jaq/3vn}{ni:nik/tn-acc-p};{kiina:kiinaq/2n}{u:u/1nv}{ja:jaq/3vn}{ni:nit/tn-abl-p};{kiina:kiinaq/1n}{u:u/1nv}{ja:jaq/3vn}{ni:nit/tn-abl-p};{kii:kii/1v}{na:naq/2vn}{u:u/1nv}{ja:jaq/3vn}{ni:nik/tn-acc-p};{kii:kii/2v}{na:naq/2vn}{u:u/1nv}{ja:jaq/3vn}{ni:nik/tn-acc-p};{kii:kii/1v}{na:naq/2vn}{u:u/1nv}{ja:jaq/3vn}{ni:nit/tn-abl-p};{kii:kii/2v}{na:naq/2vn}{u:u/1nv}{ja:jaq/3vn}{ni:nit/tn-abl-p},False,False,False,False,False,
hansard,kiinaujanik,{kiinauja:kiinaujaq/1n}{nik:nik/tn-acc-p},False,{kiinauja:kiinaujaq/1n}{nik:nik/tn-acc-p};{kiina:kiinaq/2n}{u:u/1nv}{ja:jaq/3vn}{nik:nik/tn-acc-p};{kiina:kiinaq/1n}{u:u/1nv}{ja:jaq/3vn}{nik:nik/tn-acc-p};{kii:kii/1v}{na:naq/2vn}{u:u/1nv}{ja:jaq/3vn}{nik:nik/tn-acc-p};{kii:kii/2v}{na:naq/2vn}{u:u/1nv}{ja:jaq/3vn}{nik:nik/tn-acc-p},False,False,False,False,False,
hansard,kiinaujanit,{kiinauja:kiinaujaq/1n}{nit:nit/tn-abl-p},False,{kiinauja:kiinaujaq/1n}{nit:nit/tn-abl-p};{kiina:kiinaq/2n}{u:u/1nv}{ja:jaq/3vn}{nit:nit/tn-abl-p};{kiina:kiinaq/1n}{u:u/1nv}{ja:jaq/3vn}{nit:nit/tn-abl-p};{kii:kii/1v}{na:naq/2vn}{u:u/1nv}{ja:jaq/3vn}{nit:nit/tn-abl-p};{kii:kii/2v}{na:naq/2vn}{u:u/1nv}{ja:jaq/3vn}{nit:nit/tn-abl-p},False,False,False,False,False,
hansard,kiinaujanut,{kiinauja:kiinaujaq/1n}{nut:nut/tn-dat-p},False,{kiinauja:kiinaujaq/1n}{nut:nut/tn-dat-p};{kiina:kiinaq/2n}{u:u/1nv}{ja:jaq/3vn}{nut:nut/tn-dat-p};{kiina:kiinaq/1n}{u:u/1nv}{ja:jaq/3vn}{nut:nut/tn-dat-p};{kii:kii/1v}{na:naq/2vn}{u:u/1nv}{ja:jaq/3vn}{nut:nut/tn-dat-p};{kii:kii/2v}{na:naq/2vn}{u:u/1nv}{ja:jaq/3vn}{nut:nut/tn-dat-p},False,False,False,False,False,
hansard,kiinaujatigut,{kiinauja:kiinaujaq/1n}{tigut:tigut/tn-via-p},False,,False,True,False,False,False,"kiinaujatigut: frequency: 1152. Variant 'kiinaujaqtigut': frequency 108. As far as I know, there should be a 'q' before 'tigut', but this form is encountered more often than the one I would have thought correct. So: I don't know -- yet -- what to do with this, hence the possiblyMisspelledWord. Same thing for: maligatigut, qallunaatitut. (2020-04, BF)"
hansard,kikkulimaanut,{kikku:kikkut/1p}{limaa:limaaq/1nn}{nut:nut/tn-dat-p},False,{kikku:kikkut/1p}{limaa:limaaq/1nn}{nut:nut/tn-dat-p};{kikku:kikkut/1p}{lima:limaaq/1nn}{anut:nganut/tn-dat-s-4s},False,False,False,False,False,
hansard,kikkulimaat,{kikku:kikkut/1p}{limaa:limaaq/1nn}{t:it/tn-nom-p},False,{kikku:kikkut/1p}{limaa:limaaq/1nn}{t:it/tn-nom-p};{kikku:kikkut/1p}{limaa:limaaq/1nn}{t:it/tn-gen-p};{kikku:kikkut/1p}{limaa:limaaq/1nn}{t:it/tn-nom-s-2s},False,False,False,False,False,
hansard,kikkut,{kikkut:kikkut/1p},False,{kikkut:kikkut/1p},False,False,False,False,False,
hansard,kikkutuinnait,{kikku:kikkut/1p}{tuinna:tuinnaq/2nn}{it:it/tn-nom-p},False,{kikku:kikkut/1p}{tuinna:tuinnaq/2nn}{it:it/tn-nom-p};{kikku:kikkut/1p}{tuinna:tuinnaq/2nn}{it:it/tn-gen-p};{kikku:kikkut/1p}{tuinna:tuinnaq/2nn}{it:it/tn-nom-s-2s};{kikku:kikkut/1p}{tu:tuaq/2nn}{inna:innaq/1nn}{it:it/tn-nom-p};{kikku:kikkut/1p}{tu:tuaq/2nn}{inna:innaq/1nn}{it:it/tn-gen-p};{kikku:kikkut/1p}{tu:tuaq/2nn}{inna:innaq/1nn}{it:it/tn-nom-s-2s};{kikku:kikkut/1p}{tu:tuaq/2nn}{in:it/2nv}{na:naq/2vn}{it:it/tn-nom-p};{kikku:kikkut/1p}{tu:tuaq/2nn}{in:it/2nv}{na:naq/2vn}{it:it/tn-gen-p};{kikku:kikkut/1p}{tu:tuaq/2nn}{in:it/2nv}{na:naq/2vn}{it:it/tn-nom-s-2s},False,False,False,False,False,
hansard,kikkutuinnarnik,{kikku:kikkut/1p}{tuinnar:tuinnaq/2nn}{nik:nik/tn-acc-p},False,{kikku:kikkut/1p}{tuinnar:tuinnaq/2nn}{nik:nik/tn-acc-p};{kikku:kikkut/1p}{tuinnar:tuinnaq/2nn}{nik:ngnik/tn-acc-s-2s};{kikku:kikkut/1p}{tu:tuaq/2nn}{innar:innaq/1nn}{nik:nik/tn-acc-p};{kikku:kikkut/1p}{tu:tuaq/2nn}{innar:innaq/1nn}{nik:ngnik/tn-acc-s-2s};{kikku:kikkut/1p}{tu:tuaq/2nn}{in:it/2nv}{nar:naq/2vn}{nik:nik/tn-acc-p};{kikku:kikkut/1p}{tu:tuaq/2nn}{in:it/2nv}{nar:naq/2vn}{nik:ngnik/tn-acc-s-2s},False,False,False,False,False,
hansard,kikkutuinnarnut,{kikku:kikkut/1p}{tuinnar:tuinnaq/2nn}{nut:nut/tn-dat-p},False,{kikku:kikkut/1p}{tuinnar:tuinnaq/2nn}{nut:nut/tn-dat-p};{kikku:kikkut/1p}{tuinnar:tuinnaq/2nn}{nut:ngnut/tn-dat-s-2s};{kikku:kikkut/1p}{tu:tuaq/2nn}{innar:innaq/1nn}{nut:nut/tn-dat-p};{kikku:kikkut/1p}{tu:tuaq/2nn}{innar:innaq/1nn}{nut:ngnut/tn-dat-s-2s};{kikku:kikkut/1p}{tu:tuaq/2nn}{in:it/2nv}{nar:naq/2vn}{nut:nut/tn-dat-p};{kikku:kikkut/1p}{tu:tuaq/2nn}{in:it/2nv}{nar:naq/2vn}{nut:ngnut/tn-dat-s-2s},False,False,False,False,False,
hansard,kina,{kina:kina/1p},False,{kina:kina/1p},False,False,False,False,False,
hansard,kinatuinnaq,{kina:kina/1p}{tuinnaq:tuinnaq/2nn},False,{kina:kina/1p}{tuinnaq:tuinnaq/2nn},False,False,False,False,False,
hansard,kingulliqpaami,{kingu:kingu/1n}{lliq:&iq/1nn}{paa:paaq/1nn}{mi:mi/tn-loc-s},False,{kingu:kinguq/1n}{lliq:&iq/1nn}{paa:paaq/1nn}{mi:mi/tn-loc-s};{kingu:kinguq/1n}{lliq:&iq/1nn}{paa:paaq/1nn}{mi:mi/tn-gen-s-3s};{kingu:kinguq/1n}{lliq:&iq/1nn}{paa:paaq/1nn}{mi:mi/tn-gen-p-3s};{kingu:kinguq/1n}{lliq:&iq/1nn}{paa:paaq/1nn}{mi:ngmi/tn-gen-d-3s};{kingu:kingu/1n}{lliq:&iq/1nn}{paa:paaq/1nn}{mi:mi/tn-loc-s};{kingu:kingu/1n}{lliq:&iq/1nn}{paa:paaq/1nn}{mi:mi/tn-gen-s-3s};{kingu:kingu/1n}{lliq:&iq/1nn}{paa:paaq/1nn}{mi:mi/tn-gen-p-3s};{kingu:kingu/1n}{lliq:&iq/1nn}{paa:paaq/1nn}{mi:ngmi/tn-gen-d-3s};{kingu:kinguq/1n}{lliq:&iq/1nn}{paa:paaq/1nn}{mi:mik/tn-acc-s};{kingu:kinguq/1n}{lliq:&iq/1nn}{paa:paaq/1nn}{mi:mik/tn-gen-s-3d};{kingu:kinguq/1n}{lliq:&iq/1nn}{paa:paaq/1nn}{mi:mik/tn-gen-p-3d};{kingu:kinguq/1n}{lliq:&iq/1nn}{paa:paaq/1nn}{mi:mik/tn-gen-s-3p};{kingu:kinguq/1n}{lliq:&iq/1nn}{paa:paaq/1nn}{mi:mik/tn-gen-p-3p};{kingu:kinguq/1n}{lliq:&iq/1nn}{paa:paaq/1nn}{mi:mit/tn-abl-s};{kingu:kinguq/1n}{lliq:&iq/1nn}{paa:paaq/1nn}{mi:nmik/tn-gen-d-3d};{kingu:kinguq/1n}{lliq:&iq/1nn}{paa:paaq/1nn}{mi:ngmik/tn-gen-d-3p};{kingu:kingu/1n}{lliq:&iq/1nn}{paa:paaq/1nn}{mi:mik/tn-acc-s};{kingu:kingu/1n}{lliq:&iq/1nn}{paa:paaq/1nn}{mi:mik/tn-gen-s-3d};{kingu:kingu/1n}{lliq:&iq/1nn}{paa:paaq/1nn}{mi:mik/tn-gen-p-3d};{kingu:kingu/1n}{lliq:&iq/1nn}{paa:paaq/1nn}{mi:mik/tn-gen-s-3p};{kingu:kingu/1n}{lliq:&iq/1nn}{paa:paaq/1nn}{mi:mik/tn-gen-p-3p};{kingu:kingu/1n}{lliq:&iq/1nn}{paa:paaq/1nn}{mi:mit/tn-abl-s};{kingu:kingu/1n}{lliq:&iq/1nn}{paa:paaq/1nn}{mi:nmik/tn-gen-d-3d};{kingu:kingu/1n}{lliq:&iq/1nn}{paa:paaq/1nn}{mi:ngmik/tn-gen-d-3p},False,False,False,False,False,
hansard,kingulliqpaamik,{kingu:kingu/1n}{lliq:&iq/1nn}{paa:paaq/1nn}{mik:mik/tn-acc-s},False,{kingu:kinguq/1n}{lliq:&iq/1nn}{paa:paaq/1nn}{mik:mik/tn-acc-s};{kingu:kinguq/1n}{lliq:&iq/1nn}{paa:paaq/1nn}{mik:mik/tn-gen-s-3d};{kingu:kinguq/1n}{lliq:&iq/1nn}{paa:paaq/1nn}{mik:mik/tn-gen-p-3d};{kingu:kinguq/1n}{lliq:&iq/1nn}{paa:paaq/1nn}{mik:mik/tn-gen-s-3p};{kingu:kinguq/1n}{lliq:&iq/1nn}{paa:paaq/1nn}{mik:mik/tn-gen-p-3p};{kingu:kinguq/1n}{lliq:&iq/1nn}{paa:paaq/1nn}{mik:nmik/tn-gen-d-3d};{kingu:kinguq/1n}{lliq:&iq/1nn}{paa:paaq/1nn}{mik:ngmik/tn-gen-d-3p};{kingu:kingu/1n}{lliq:&iq/1nn}{paa:paaq/1nn}{mik:mik/tn-acc-s};{kingu:kingu/1n}{lliq:&iq/1nn}{paa:paaq/1nn}{mik:mik/tn-gen-s-3d};{kingu:kingu/1n}{lliq:&iq/1nn}{paa:paaq/1nn}{mik:mik/tn-gen-p-3d};{kingu:kingu/1n}{lliq:&iq/1nn}{paa:paaq/1nn}{mik:mik/tn-gen-s-3p};{kingu:kingu/1n}{lliq:&iq/1nn}{paa:paaq/1nn}{mik:mik/tn-gen-p-3p};{kingu:kingu/1n}{lliq:&iq/1nn}{paa:paaq/1nn}{mik:nmik/tn-gen-d-3d};{kingu:kingu/1n}{lliq:&iq/1nn}{paa:paaq/1nn}{mik:ngmik/tn-gen-d-3p},False,False,False,False,False,
hansard,kingulliqpaamit,{kingu:kingu/1n}{lliq:&iq/1nn}{paa:paaq/1nn}{mit:mit/tn-abl-s},False,{kingu:kinguq/1n}{lliq:&iq/1nn}{paa:paaq/1nn}{mit:mit/tn-abl-s};{kingu:kingu/1n}{lliq:&iq/1nn}{paa:paaq/1nn}{mit:mit/tn-abl-s},False,False,False,False,False,
hansard,kingulliqpaaq,{kingu:kingu/1n}{lliq:&iq/1nn}{paaq:paaq/1nn},False,{kingu:kinguq/1n}{lliq:&iq/1nn}{paaq:paaq/1nn};{kingu:kingu/1n}{lliq:&iq/1nn}{paaq:paaq/1nn},False,False,False,False,False,
hansard,kingullirmi,{kingu:kingu/1n}{llir:&iq/1nn}{mi:mi/tn-loc-s},False,{kingu:kinguq/1n}{llir:&iq/1nn}{mi:mi/tn-loc-s};{kingu:kinguq/1n}{llir:&iq/1nn}{mi:mi/tn-gen-s-3s};{kingu:kinguq/1n}{llir:&iq/1nn}{mi:mi/tn-gen-p-3s};{kingu:kingu/1n}{llir:&iq/1nn}{mi:mi/tn-loc-s};{kingu:kingu/1n}{llir:&iq/1nn}{mi:mi/tn-gen-s-3s};{kingu:kingu/1n}{llir:&iq/1nn}{mi:mi/tn-gen-p-3s};{kingu:kinguq/1n}{llir:&iq/1nn}{mi:mik/tn-acc-s};{kingu:kinguq/1n}{llir:&iq/1nn}{mi:mik/tn-gen-s-3d};{kingu:kinguq/1n}{llir:&iq/1nn}{mi:mik/tn-gen-p-3d};{kingu:kinguq/1n}{llir:&iq/1nn}{mi:mik/tn-gen-s-3p};{kingu:kinguq/1n}{llir:&iq/1nn}{mi:mik/tn-gen-p-3p};{kingu:kinguq/1n}{llir:&iq/1nn}{mi:mit/tn-abl-s};{kingu:kingu/1n}{llir:&iq/1nn}{mi:mik/tn-acc-s};{kingu:kingu/1n}{llir:&iq/1nn}{mi:mik/tn-gen-s-3d};{kingu:kingu/1n}{llir:&iq/1nn}{mi:mik/tn-gen-p-3d};{kingu:kingu/1n}{llir:&iq/1nn}{mi:mik/tn-gen-s-3p};{kingu:kingu/1n}{llir:&iq/1nn}{mi:mik/tn-gen-p-3p};{kingu:kingu/1n}{llir:&iq/1nn}{mi:mit/tn-abl-s},False,False,False,False,False,
hansard,kinguniagut,{kinguni:kinguni/1n}{agut:ngagut/tn-via-s-4s},False,{kinguni:kinguni/1n}{agut:ngagut/tn-via-s-4s};{kingu:kingu/2v}{ni:niq/2vn}{agut:ngagut/tn-via-s-4s};{kingu:kingu/1v}{ni:niq/2vn}{agut:ngagut/tn-via-s-4s},False,False,False,False,False,
hansard,kingunittinni,{kinguni:kinguni/1n}{ttinni:ptingni/tn-loc-s-1d},False,{kinguni:kinguni/1n}{ttinni:ptingni/tn-loc-s-1d};{kinguni:kinguni/1n}{ttinni:ptingni/tn-loc-p-1d};{kinguni:kinguni/1n}{ttinni:ptingni/tn-loc-s-1p};{kinguni:kinguni/1n}{ttinni:ptingni/tn-loc-p-1p};{kinguni:kinguni/1n}{ttinni:psingni/tn-loc-s-2d};{kinguni:kinguni/1n}{ttinni:psingni/tn-loc-p-2d};{kingu:kingu/2v}{ni:niq/2vn}{ttinni:ptingni/tn-loc-s-1d};{kingu:kingu/1v}{ni:niq/2vn}{ttinni:ptingni/tn-loc-s-1d};{kingu:kingu/2v}{ni:niq/2vn}{ttinni:ptingni/tn-loc-p-1d};{kingu:kingu/1v}{ni:niq/2vn}{ttinni:ptingni/tn-loc-p-1d};{kingu:kingu/2v}{ni:niq/2vn}{ttinni:ptingni/tn-loc-s-1p};{kingu:kingu/1v}{ni:niq/2vn}{ttinni:ptingni/tn-loc-s-1p};{kingu:kingu/2v}{ni:niq/2vn}{ttinni:ptingni/tn-loc-p-1p};{kingu:kingu/1v}{ni:niq/2vn}{ttinni:ptingni/tn-loc-p-1p};{kingu:kingu/2v}{ni:niq/2vn}{ttinni:psingni/tn-loc-s-2d};{kingu:kingu/1v}{ni:niq/2vn}{ttinni:psingni/tn-loc-s-2d};{kingu:kingu/2v}{ni:niq/2vn}{ttinni:psingni/tn-loc-p-2d};{kingu:kingu/1v}{ni:niq/2vn}{ttinni:psingni/tn-loc-p-2d};{kingu:kingu/2v}{nit:niq/2vn}{ti:&iq/1nn}{nni:mni/tn-loc-s-1s};{kingu:kingu/1v}{nit:niq/2vn}{ti:&iq/1nn}{nni:mni/tn-loc-s-1s};{kingu:kingu/2v}{nit:niq/2vn}{ti:&iq/1nn}{nni:mni/tn-loc-p-1s};{kingu:kingu/1v}{nit:niq/2vn}{ti:&iq/1nn}{nni:mni/tn-loc-p-1s};{kingu:kingu/2v}{nit:niq/2vn}{ti:&iq/1nn}{nni:ngni/tn-loc-s-2s};{kingu:kingu/1v}{nit:niq/2vn}{ti:&iq/1nn}{nni:ngni/tn-loc-s-2s};{kingu:kingu/2v}{nit:niq/2vn}{ti:&iq/1nn}{nni:ngni/tn-loc-p-2s};{kingu:kingu/1v}{nit:niq/2vn}{ti:&iq/1nn}{nni:ngni/tn-loc-p-2s};{kinguni:kinguni/1n}{ttinni:ptingnik/tn-acc-s-1d};{kinguni:kinguni/1n}{ttinni:ptinnik/tn-acc-p-1d};{kinguni:kinguni/1n}{ttinni:ptingnik/tn-acc-s-1p};{kinguni:kinguni/1n}{ttinni:ptingnik/tn-acc-p-1p};{kinguni:kinguni/1n}{ttinni:psingnik/tn-acc-s-2d};{kinguni:kinguni/1n}{ttinni:psingnik/tn-acc-p-2d};{kinguni:kinguni/1n}{ttinni:ptingnit/tn-abl-s-1d};{kinguni:kinguni/1n}{ttinni:ptingnit/tn-abl-p-1d};{kinguni:kinguni/1n}{ttinni:ptingnit/tn-abl-s-1p};{kinguni:kinguni/1n}{ttinni:ptingnit/tn-abl-p-1p};{kinguni:kinguni/1n}{ttinni:psingnit/tn-abl-s-2d};{kinguni:kinguni/1n}{ttinni:psingnit/tn-abl-p-2d};{kingu:kingu/2v}{ni:niq/2vn}{ttinni:ptingnik/tn-acc-s-1d};{kingu:kingu/1v}{ni:niq/2vn}{ttinni:ptingnik/tn-acc-s-1d};{kingu:kingu/2v}{ni:niq/2vn}{ttinni:ptinnik/tn-acc-p-1d};{kingu:kingu/1v}{ni:niq/2vn}{ttinni:ptinnik/tn-acc-p-1d};{kingu:kingu/2v}{ni:niq/2vn}{ttinni:ptingnik/tn-acc-s-1p};{kingu:kingu/1v}{ni:niq/2vn}{ttinni:ptingnik/tn-acc-s-1p};{kingu:kingu/2v}{ni:niq/2vn}{ttinni:ptingnik/tn-acc-p-1p};{kingu:kingu/1v}{ni:niq/2vn}{ttinni:ptingnik/tn-acc-p-1p};{kingu:kingu/2v}{ni:niq/2vn}{ttinni:psingnik/tn-acc-s-2d};{kingu:kingu/1v}{ni:niq/2vn}{ttinni:psingnik/tn-acc-s-2d};{kingu:kingu/2v}{ni:niq/2vn}{ttinni:psingnik/tn-acc-p-2d};{kingu:kingu/1v}{ni:niq/2vn}{ttinni:psingnik/tn-acc-p-2d};{kingu:kingu/2v}{ni:niq/2vn}{ttinni:ptingnit/tn-abl-s-1d};{kingu:kingu/1v}{ni:niq/2vn}{ttinni:ptingnit/tn-abl-s-1d};{kingu:kingu/2v}{ni:niq/2vn}{ttinni:ptingnit/tn-abl-p-1d};{kingu:kingu/1v}{ni:niq/2vn}{ttinni:ptingnit/tn-abl-p-1d};{kingu:kingu/2v}{ni:niq/2vn}{ttinni:ptingnit/tn-abl-s-1p};{kingu:kingu/1v}{ni:niq/2vn}{ttinni:ptingnit/tn-abl-s-1p};{kingu:kingu/2v}{ni:niq/2vn}{ttinni:ptingnit/tn-abl-p-1p};{kingu:kingu/1v}{ni:niq/2vn}{ttinni:ptingnit/tn-abl-p-1p};{kingu:kingu/2v}{ni:niq/2vn}{ttinni:psingnit/tn-abl-s-2d};{kingu:kingu/1v}{ni:niq/2vn}{ttinni:psingnit/tn-abl-s-2d};{kingu:kingu/2v}{ni:niq/2vn}{ttinni:psingnit/tn-abl-p-2d};{kingu:kingu/1v}{ni:niq/2vn}{ttinni:psingnit/tn-abl-p-2d};{kingu:kingu/2v}{nit:niq/2vn}{ti:&iq/1nn}{nni:mnik/tn-acc-s-1s};{kingu:kingu/1v}{nit:niq/2vn}{ti:&iq/1nn}{nni:mnik/tn-acc-s-1s};{kingu:kingu/2v}{nit:niq/2vn}{ti:&iq/1nn}{nni:mnik/tn-acc-p-1s};{kingu:kingu/1v}{nit:niq/2vn}{ti:&iq/1nn}{nni:mnik/tn-acc-p-1s};{kingu:kingu/2v}{nit:niq/2vn}{ti:&iq/1nn}{nni:mnit/tn-abl-s-1s};{kingu:kingu/1v}{nit:niq/2vn}{ti:&iq/1nn}{nni:mnit/tn-abl-s-1s};{kingu:kingu/2v}{nit:niq/2vn}{ti:&iq/1nn}{nni:mnit/tn-abl-p-1s};{kingu:kingu/1v}{nit:niq/2vn}{ti:&iq/1nn}{nni:mnit/tn-abl-p-1s};{kingu:kingu/2v}{nit:niq/2vn}{ti:&iq/1nn}{nni:ngnik/tn-acc-s-2s};{kingu:kingu/1v}{nit:niq/2vn}{ti:&iq/1nn}{nni:ngnik/tn-acc-s-2s};{kingu:kingu/2v}{nit:niq/2vn}{ti:&iq/1nn}{nni:ngnik/tn-acc-p-2s};{kingu:kingu/1v}{nit:niq/2vn}{ti:&iq/1nn}{nni:ngnik/tn-acc-p-2s};{kingu:kingu/2v}{nit:niq/2vn}{ti:&iq/1nn}{nni:ngnit/tn-abl-s-2s};{kingu:kingu/1v}{nit:niq/2vn}{ti:&iq/1nn}{nni:ngnit/tn-abl-s-2s};{kingu:kingu/2v}{nit:niq/2vn}{ti:&iq/1nn}{nni:ngnit/tn-abl-p-2s};{kingu:kingu/1v}{nit:niq/2vn}{ti:&iq/1nn}{nni:ngnit/tn-abl-p-2s},False,False,False,False,False,
hansard,kinngarni,{kinngar:kinngait/1n}{ni:ni/tn-loc-p},False,{kinngar:kinngait/1n}{ni:ni/tn-loc-p};{kinngar:kinngait/1n}{ni:ngni/tn-loc-s-2s};{kinngar:kinngait/1n}{ni:nik/tn-acc-p};{kinngar:kinngait/1n}{ni:ngnik/tn-acc-s-2s};{kinngar:kinngait/1n}{ni:nit/tn-abl-p};{kinngar:kinngait/1n}{ni:ngnit/tn-abl-s-2s},False,False,False,False,False,
hansard,kisiani,{kisiani:kisiani/1c},False,{kisiani:kisiani/1c};{kisi:kitik/1v}{a:a/1vv}{ni:niq/2vn},False,False,False,False,False,
hansard,kisianili,{kisiani:kisiani/1c}{li:li/1q},False,{kisiani:kisiani/1c}{li:li/1q};{kisi:kitik/1v}{a:a/1vv}{ni:niq/2vn}{li:lik/1nn},False,False,False,False,False,
hansard,kisianittauq,{kisiani:kisiani/1c}{ttauq:ttauq/1q},False,{kisiani:kisiani/1c}{ttauq:ttauq/1q};{kisi:kitik/1v}{a:a/1vv}{nit:niq/2vn}{tauq:ttauq/1q},False,False,False,False,False,
hansard,kisimi,{kisimi:kisimi/1c},False,{kisimi:kisimi/1c},False,False,False,False,False,
hansard,kisimili,{kisimi:kisimi/1c}{li:li/1q},False,{kisimi:kisimi/1c}{li:li/1q},False,False,False,False,False,
hansard,kisumut,{kisu:kisu/1p}{mut:mut/tn-dat-s},False,{kisu:kisu/1p}{mut:mut/tn-dat-s},False,False,False,False,False,
hansard,kisunik,{kisu:kisu/1p}{nik:nik/tn-acc-p},False,{kisu:kisu/1p}{nik:nik/tn-acc-p},False,False,False,False,False,
hansard,kisut,{kisut:kisut/1p},False,{kisut:kisut/1p};{kisut:kitut/1p},False,False,False,False,False,
hansard,kisutuinnait,{kisutuinna:kisutuinnaq/1p}{it:it/tn-nom-p},False,{kisutuinna:kisutuinnaq/1p}{it:it/tn-nom-p};{kisutuinna:kisutuinnaq/1p}{it:it/tn-gen-p};{kisutuinna:kisutuinnaq/1p}{it:it/tn-nom-s-2s};{kisu:kisut/1p}{tuinna:tuinnaq/2nn}{it:it/tn-nom-p};{kisu:kitut/1p}{tuinna:tuinnaq/2nn}{it:it/tn-nom-p};{kisu:kisut/1p}{tuinna:tuinnaq/2nn}{it:it/tn-gen-p};{kisu:kitut/1p}{tuinna:tuinnaq/2nn}{it:it/tn-gen-p};{kisu:kisut/1p}{tuinna:tuinnaq/2nn}{it:it/tn-nom-s-2s};{kisu:kitut/1p}{tuinna:tuinnaq/2nn}{it:it/tn-nom-s-2s};{kisu:kisut/1p}{tu:tuaq/2nn}{inna:innaq/1nn}{it:it/tn-nom-p};{kisu:kitut/1p}{tu:tuaq/2nn}{inna:innaq/1nn}{it:it/tn-nom-p};{kisu:kisut/1p}{tu:tuaq/2nn}{inna:innaq/1nn}{it:it/tn-gen-p};{kisu:kitut/1p}{tu:tuaq/2nn}{inna:innaq/1nn}{it:it/tn-gen-p};{kisu:kisut/1p}{tu:tuaq/2nn}{inna:innaq/1nn}{it:it/tn-nom-s-2s};{kisu:kitut/1p}{tu:tuaq/2nn}{inna:innaq/1nn}{it:it/tn-nom-s-2s};{kisu:kisut/1p}{tu:tuaq/2nn}{in:it/2nv}{na:naq/2vn}{it:it/tn-nom-p};{kisu:kitut/1p}{tu:tuaq/2nn}{in:it/2nv}{na:naq/2vn}{it:it/tn-nom-p};{kisu:kisut/1p}{tu:tuaq/2nn}{in:it/2nv}{na:naq/2vn}{it:it/tn-gen-p};{kisu:kitut/1p}{tu:tuaq/2nn}{in:it/2nv}{na:naq/2vn}{it:it/tn-gen-p};{kisu:kisut/1p}{tu:tuaq/2nn}{in:it/2nv}{na:naq/2vn}{it:it/tn-nom-s-2s};{kisu:kitut/1p}{tu:tuaq/2nn}{in:it/2nv}{na:naq/2vn}{it:it/tn-nom-s-2s};{kisu:kisu/1p}{tuinna:tuinnaq/2nn}{it:it/tn-nom-p};{kisu:kisu/1p}{tuinna:tuinnaq/2nn}{it:it/tn-gen-p};{kisu:kisu/1p}{tuinna:tuinnaq/2nn}{it:it/tn-nom-s-2s},False,False,False,False,False,
hansard,kiujjutiit,{kiu:kiu/1v}{jjuti:ut/1vn}{it:it/tn-nom-p},False,{kiu:kiu/1v}{jjuti:ut/1vn}{it:it/tn-nom-p};{kiu:kiu/1v}{jjuti:jjut/1vn}{it:it/tn-nom-p};{kiu:kiu/1v}{jjuti:ut/1vn}{it:it/tn-gen-p};{kiu:kiu/1v}{jjuti:jjut/1vn}{it:it/tn-gen-p};{kiu:kiu/1v}{jjuti:ut/1vn}{it:it/tn-nom-s-2s};{kiu:kiu/1v}{jjuti:jjut/1vn}{it:it/tn-nom-s-2s};{kiu:kiu/1v}{jjut:ut/1vn}{iit:it/tn-nom-s-2s};{kiu:kiu/1v}{jjut:jjut/1vn}{iit:it/tn-nom-s-2s},False,False,False,False,False,
hansard,kiujjutinga,{kiu:kiu/1v}{jjuti:ut/1vn}{nga:nga/tn-nom-s-4s},False,{kiu:kiu/1v}{jjuti:ut/1vn}{nga:nga/tn-nom-s-4s};{kiu:kiu/1v}{jjuti:jjut/1vn}{nga:nga/tn-nom-s-4s};{kiu:kiu/1v}{jjut:ut/1vn}{inga:nga/tn-nom-s-4s};{kiu:kiu/1v}{jjut:jjut/1vn}{inga:nga/tn-nom-s-4s};{kiu:kiu/1v}{jjuti:ut/1vn}{nga:ngak/tn-nom-s-4d};{kiu:kiu/1v}{jjuti:jjut/1vn}{nga:ngak/tn-nom-s-4d};{kiu:kiu/1v}{jjuti:ut/1vn}{nga:ngat/tn-nom-s-4p};{kiu:kiu/1v}{jjuti:jjut/1vn}{nga:ngat/tn-nom-s-4p};{kiu:kiu/1v}{jjut:ut/1vn}{inga:ngak/tn-nom-s-4d};{kiu:kiu/1v}{jjut:jjut/1vn}{inga:ngak/tn-nom-s-4d};{kiu:kiu/1v}{jjut:ut/1vn}{inga:ngat/tn-nom-s-4p};{kiu:kiu/1v}{jjut:jjut/1vn}{inga:ngat/tn-nom-s-4p},False,False,False,False,False,
hansard,kiujjutit,{kiu:kiu/1v}{jjut:ut/1vn}{it:it/tn-nom-p},False,{kiu:kiu/1v}{jjut:ut/1vn}{it:it/tn-nom-p};{kiu:kiu/1v}{jjut:jjut/1vn}{it:it/tn-nom-p};{kiu:kiu/1v}{jjut:ut/1vn}{it:it/tn-gen-p};{kiu:kiu/1v}{jjut:jjut/1vn}{it:it/tn-gen-p},False,False,False,False,False,
hansard,kiulvan,[decomposition:/kiulvan(kiulvan)/],False,,False,False,False,False,True,
hansard,kiulvin,[decomposition:/kiulvin(kiulvin)/],False,,False,False,False,False,True,
hansard,kiuvan,[decomposition:/kiuvan(kiuvan)/],False,,False,False,False,False,True,
hansard,kivallirmi,{kivallir:kivalliq/1n}{mi:mi/tn-loc-s},False,{kivallir:kivalliq/1n}{mi:mi/tn-loc-s};{kivallir:kivalliq/1n}{mi:mi/tn-gen-s-3s};{kivallir:kivalliq/1n}{mi:mi/tn-gen-p-3s};{kivallir:kivalliq/1n}{mi:mik/tn-acc-s};{kivallir:kivalliq/1n}{mi:mik/tn-gen-s-3d};{kivallir:kivalliq/1n}{mi:mik/tn-gen-p-3d};{kivallir:kivalliq/1n}{mi:mik/tn-gen-s-3p};{kivallir:kivalliq/1n}{mi:mik/tn-gen-p-3p};{kivallir:kivalliq/1n}{mi:mit/tn-abl-s},False,False,False,False,False,
hansard,kivallirmut,{kivallir:kivalliq/1n}{mut:mut/tn-dat-s},False,{kivallir:kivalliq/1n}{mut:mut/tn-dat-s},False,False,False,False,False,
hansard,kivan,[decomposition:/kivan(kivan)/],False,,False,False,False,False,True,
hansard,kivin,[decomposition:/kivin(kivin)/],False,,False,False,False,False,True,
hansard,kuak,[decomposition:/kuak(kuak)/],False,,False,False,False,False,True,
hansard,kuaq,[decomposition:/kuaq(kuaq)/],False,,False,False,False,False,True,
hansard,kuupa,,True,,False,False,False,False,True,Cooper
hansard,liivai,[decomposition:/liivai(liivai)/],False,,False,False,False,False,True,
hansard,livai,[decomposition:/livai(livai)/],False,,False,False,False,False,True,
hansard,maajji,{maajji:maatsi/1n},False,{maajji:maatsi/1n},False,False,False,False,False,
hansard,maani,{ma:ma/rad-ml}{ani:ani/tad-loc},False,{ma:mai/1n}{ani:ngani/tn-loc-s-4s};{ma:ma/rad-ml}{ani:ani/tad-loc};{ma:mai/1n}{ani:nganik/tn-acc-s-4s};{ma:mai/1n}{ani:nganit/tn-abl-s-4s},False,False,False,False,False,
hansard,maanna,{maanna:maanna/1a},False,{maanna:maanna/1a},False,False,False,False,False,
hansard,maannakkut,{maanna:maanna/1a}{kkut:kkut/1nn},False,{maanna:maanna/1a}{kkut:kkut/1nn};{maanna:maanna/1a}{kkut:kkut/tn-via-s},False,False,False,False,False,
hansard,maannali,{maanna:maanna/1a}{li:li/1q},False,{maanna:maanna/1a}{li:li/1q};{maanna:maanna/1a}{li:lik/1nn};{maanna:maanna/1a}{li:&iq/1nn},False,False,False,False,False,
hansard,maannamut,{maanna:maanna/1a}{mut:mut/tn-dat-s},False,{maanna:maanna/1a}{mut:mut/tn-dat-s},False,False,False,False,False,
hansard,maannauju,{maanna:maanna/1a}{u:u/1nv}{ju:juq/1vn},False,{maanna:maanna/1a}{u:u/1nv}{ju:juuk/tv-ger-3d};{maanna:maanna/1a}{u:u/1nv}{ju:juq/1vn};{maanna:maanna/1a}{u:u/1nv}{ju:juq/tv-ger-3s};{maanna:maanna/1a}{u:u/1nv}{ju:jut/tv-ger-3p};{maanna:maanna/1a}{u:u/1nv}{ju:jjut/1vn};{maanna:maanna/1a}{u:u/1nv}{ju:ut/1vn},False,False,False,False,False,
hansard,maannaujukkut,{maanna:maanna/1a}{u:u/1nv}{ju:juq/1vn}{kkut:kkut/1nn},False,{maanna:maanna/1a}{u:u/1nv}{ju:jjut/1vn}{kkut:kkut/1nn};{maanna:maanna/1a}{u:u/1nv}{ju:ut/1vn}{kkut:kkut/1nn};{maanna:maanna/1a}{u:u/1nv}{ju:juq/1vn}{kkut:kkut/1nn};{maanna:maanna/1a}{u:u/1nv}{ju:juq/1vn}{kkut:kkut/tn-via-s};{maanna:maanna/1a}{u:u/1nv}{ju:juq/1vn}{kkut:kkut/tn-via-s-2s};{maanna:maanna/1a}{u:u/1nv}{ju:juq/1vn}{kkut:pkut/tn-via-s-1s};{maanna:maanna/1a}{u:u/1nv}{ju:juq/1vn}{kkut:pkut/tn-via-p-1s},False,False,False,False,False,
hansard,maannaujumi,{maanna:maanna/1a}{u:u/1nv}{ju:juq/1vn}{mi:mi/tn-loc-s},False,{maanna:maanna/1a}{u:u/1nv}{ju:juq/1vn}{mi:mi/tn-loc-s};{maanna:maanna/1a}{u:u/1nv}{ju:juq/1vn}{mi:mik/tn-acc-s};{maanna:maanna/1a}{u:u/1nv}{ju:juq/1vn}{mi:mit/tn-abl-s},False,False,False,False,False,
hansard,maannaujuq,{maanna:maanna/1a}{u:u/1nv}{juq:juq/1vn},False,{maanna:maanna/1a}{u:u/1nv}{juq:juq/1vn};{maanna:maanna/1a}{u:u/1nv}{juq:juq/tv-ger-3s},False,False,False,False,False,
hansard,maatsi,{maatsi:maatsi/1n},False,{maatsi:maatsi/1n},False,False,False,False,False,
hansard,mai,{mai:mai/1e},False,{mai:mai/1e};{mai:mai/1n};{mai:mai/1n}{:up/tn-gen-s};{mai:mai/1n}{:it/tn-nom-p};{mai:mai/1n}{:it/tn-gen-p};{mai:mai/1n}{:it/tn-nom-s-2s},False,False,False,False,False,
hansard,maik,[decomposition:/maik(maik)/],False,,False,False,False,False,True,
hansard,makkuktunut,{makkuk:makkuk/1v}{tu:juq/1vn}{nut:nut/tn-dat-p},False,{makkuk:makkuk/1v}{tu:juq/1vn}{nut:nut/tn-dat-p};{makkuk:makkuk/1v}{tu:juq/1vn}{nut:ngnut/tn-dat-s-2s};{makkuk:makkuk/1v}{tu:juq/1vn}{nut:ngnut/tn-dat-p-2s};{makkuk:makkuk/1v}{tu:juq/1vn}{nut:mnut/tn-dat-s-1s};{makkuk:makkuk/1v}{tu:juq/1vn}{nut:mnut/tn-dat-p-1s},False,False,False,False,False,
hansard,makkuktut,{makkuk:makkuk/1v}{tut:jut/tv-ger-3p},False,{makkuk:makkuk/1v}{tut:jut/tv-ger-3p},False,False,False,False,False,
hansard,makkuttuit,{makkut:makkuk/1v}{tu:juq/1vn}{it:it/tn-nom-p},False,{makkut:makkuk/1v}{tu:juq/1vn}{it:it/tn-nom-p};{makkut:mapkuq/1v}{tu:juq/1vn}{it:it/tn-nom-p};{makkut:makkuk/1v}{tu:juq/1vn}{it:it/tn-gen-p};{makkut:mapkuq/1v}{tu:juq/1vn}{it:it/tn-gen-p};{makkut:makkuk/1v}{tu:juq/1vn}{it:it/tn-nom-s-2s};{makkut:mapkuq/1v}{tu:juq/1vn}{it:it/tn-nom-s-2s},False,False,False,False,False,
hansard,makkuttunut,{makkut:makkuk/1v}{tu:juq/1vn}{nut:nut/tn-dat-p},False,{makkut:makkuk/1v}{tu:juq/1vn}{nut:nut/tn-dat-p};{makkut:mapkuq/1v}{tu:juq/1vn}{nut:nut/tn-dat-p};{makkut:makkuk/1v}{tu:juq/1vn}{nut:ngnut/tn-dat-s-2s};{makkut:mapkuq/1v}{tu:juq/1vn}{nut:ngnut/tn-dat-s-2s};{makkut:makkuk/1v}{tu:juq/1vn}{nut:ngnut/tn-dat-p-2s};{makkut:mapkuq/1v}{tu:juq/1vn}{nut:ngnut/tn-dat-p-2s};{makkut:makkuk/1v}{tu:juq/1vn}{nut:mnut/tn-dat-s-1s};{makkut:mapkuq/1v}{tu:juq/1vn}{nut:mnut/tn-dat-s-1s};{makkut:makkuk/1v}{tu:juq/1vn}{nut:mnut/tn-dat-p-1s};{makkut:mapkuq/1v}{tu:juq/1vn}{nut:mnut/tn-dat-p-1s},False,False,False,False,False,
hansard,maklain,[decomposition:/maklain(maklain)/],False,,False,False,False,False,True,
hansard,makliin,[decomposition:/makliin(makliin)/],False,,False,False,False,False,True,
hansard,makpigaq,{makpi:makpiq/1v}{gaq:gaq/1vn},False,{makpi:makpiq/1v}{gaq:gaq/1vn},False,False,False,False,False,
hansard,makua,{makua:makua/pd-ml-p},False,{makua:makua/pd-ml-p},False,False,False,False,False,
hansard,maligait,{mali:malik/1v}{ga:gaq/1vn}{it:it/tn-nom-p},False,{maliga:maligaq/1n}{it:it/tn-nom-p};{maliga:maligaq/1n}{it:it/tn-gen-p};{maliga:maligaq/1n}{it:it/tn-nom-s-2s};{mali:malik/1v}{ga:gaq/1vn}{it:it/tn-nom-p};{mali:malik/1v}{ga:gaq/1vn}{it:it/tn-gen-p};{mali:malik/1v}{ga:gaq/1vn}{it:it/tn-nom-s-2s},False,False,False,False,False,
hansard,maligaksait,{mali:malik/1v}{ga:gaq/1vn}{ksa:ksaq/1nn}{it:it/tn-nom-p},False,{maliga:maligaq/1n}{ksa:ksaq/1nn}{it:it/tn-nom-p};{maliga:maligaq/1n}{ksa:ksaq/1nn}{it:it/tn-gen-p};{maliga:maligaq/1n}{ksa:ksaq/1nn}{it:it/tn-nom-s-2s};{mali:malik/1v}{ga:gaq/1vn}{ksa:ksaq/1nn}{it:it/tn-nom-p};{mali:malik/1v}{ga:gaq/2vv}{ksa:ksaq/1vn}{it:it/tn-nom-p};{mali:malik/1v}{ga:gaq/1vn}{ksa:ksaq/1nn}{it:it/tn-gen-p};{mali:malik/1v}{ga:gaq/2vv}{ksa:ksaq/1vn}{it:it/tn-gen-p};{mali:malik/1v}{ga:gaq/1vn}{ksa:ksaq/1nn}{it:it/tn-nom-s-2s};{mali:malik/1v}{ga:gaq/2vv}{ksa:ksaq/1vn}{it:it/tn-nom-s-2s},False,False,False,False,False,
hansard,maligaksanit,{mali:malik/1v}{ga:gaq/1vn}{ksa:ksaq/1nn}{nit:nit/tn-abl-p},False,{maliga:maligaq/1n}{ksa:ksaq/1nn}{nit:nit/tn-abl-p};{maliga:maligaq/1n}{ksa:ksaq/1nn}{nit:ngnit/tn-abl-s-2s};{maliga:maligaq/1n}{ksa:ksaq/1nn}{nit:ngnit/tn-abl-p-2s};{maliga:maligaq/1n}{ksa:ksaq/1nn}{nit:mnit/tn-abl-s-1s};{maliga:maligaq/1n}{ksa:ksaq/1nn}{nit:mnit/tn-abl-p-1s};{mali:malik/1v}{ga:gaq/1vn}{ksa:ksaq/1nn}{nit:nit/tn-abl-p};{mali:malik/1v}{ga:gaq/2vv}{ksa:ksaq/1vn}{nit:nit/tn-abl-p};{mali:malik/1v}{ga:gaq/1vn}{ksa:ksaq/1nn}{nit:ngnit/tn-abl-s-2s};{mali:malik/1v}{ga:gaq/2vv}{ksa:ksaq/1vn}{nit:ngnit/tn-abl-s-2s};{mali:malik/1v}{ga:gaq/1vn}{ksa:ksaq/1nn}{nit:ngnit/tn-abl-p-2s};{mali:malik/1v}{ga:gaq/2vv}{ksa:ksaq/1vn}{nit:ngnit/tn-abl-p-2s};{mali:malik/1v}{ga:gaq/1vn}{ksa:ksaq/1nn}{nit:mnit/tn-abl-s-1s};{mali:malik/1v}{ga:gaq/2vv}{ksa:ksaq/1vn}{nit:mnit/tn-abl-s-1s};{mali:malik/1v}{ga:gaq/1vn}{ksa:ksaq/1nn}{nit:mnit/tn-abl-p-1s};{mali:malik/1v}{ga:gaq/2vv}{ksa:ksaq/1vn}{nit:mnit/tn-abl-p-1s},False,False,False,False,False,
hansard,maligaksaq,{mali:malik/1v}{ga:gaq/1vn}{ksaq:ksaq/1nn},False,{maliga:maligaq/1n}{ksaq:ksaq/1nn};{mali:malik/1v}{ga:gaq/1vn}{ksaq:ksaq/1nn};{mali:malik/1v}{ga:gaq/2vv}{ksaq:ksaq/1vn},False,False,False,False,False,
hansard,maligaliriji,{mali:malik/1v}{ga:gaq/1vn}{liri:liri/1nv}{ji:ji/1vn},False,{maliga:maligaq/1n}{liri:liri/1nv}{ji:ji/1vn};{mali:malik/1v}{ga:gaq/1vn}{liri:liri/1nv}{ji:ji/1vn},False,False,False,False,False,
hansard,maligalirinirmut,{mali:malik/1v}{ga:gaq/1vn}{liri:liri/1nv}{nir:niq/2vn}{mut:mut/tn-dat-s},False,{maliga:maligaq/1n}{liri:liri/1nv}{nir:niq/2vn}{mut:mut/tn-dat-s};{mali:malik/1v}{ga:gaq/1vn}{liri:liri/1nv}{nir:niq/2vn}{mut:mut/tn-dat-s},False,False,False,False,False,
hansard,maligaliuqti,{mali:malik/1v}{ga:gaq/1vn}{liuq:liuq/1nv}{ti:ji/1vn},False,{maliga:maligaq/1n}{liuq:liuq/1nv}{ti:ji/1vn};{maliga:maligaq/1n}{li:li/3nv}{uq:uq/3vv}{ti:ji/1vn};{maliga:maligaq/1n}{li:lik/2nv}{uq:uq/3vv}{ti:ji/1vn};{maliga:maligaq/1n}{li:lik/3nv}{uq:uq/3vv}{ti:ji/1vn};{maliga:maligaq/1n}{li:liq/3nv}{uq:uq/3vv}{ti:ji/1vn};{maliga:maligaq/1n}{li:liq/2nv}{uq:uq/3vv}{ti:ji/1vn};{mali:malik/1v}{ga:gaq/1vn}{liuq:liuq/1nv}{ti:ji/1vn};{mali:malik/1v}{ga:gaq/1vn}{li:li/3nv}{uq:uq/3vv}{ti:ji/1vn};{mali:malik/1v}{ga:gaq/2vv}{li:li/2vv}{uq:uq/3vv}{ti:ji/1vn};{mali:malik/1v}{ga:gaq/1vn}{li:lik/2nv}{uq:uq/3vv}{ti:ji/1vn};{mali:malik/1v}{ga:gaq/1vn}{li:lik/3nv}{uq:uq/3vv}{ti:ji/1vn};{mali:malik/1v}{ga:gaq/1vn}{li:liq/3nv}{uq:uq/3vv}{ti:ji/1vn};{mali:malik/1v}{ga:gaq/1vn}{li:liq/2nv}{uq:uq/3vv}{ti:ji/1vn};{mali:malik/1v}{ga:gaq/2vv}{li:liq/1vv}{uq:uq/3vv}{ti:ji/1vn};{maliga:maligaq/1n}{liuq:liuq/1nv}{ti:tiq/1vn};{maliga:maligaq/1n}{li:li/3nv}{uq:uq/3vv}{ti:tiq/1vn};{maliga:maligaq/1n}{li:lik/2nv}{uq:uq/3vv}{ti:tiq/1vn};{maliga:maligaq/1n}{li:lik/3nv}{uq:uq/3vv}{ti:tiq/1vn};{maliga:maligaq/1n}{li:liq/3nv}{uq:uq/3vv}{ti:tiq/1vn};{maliga:maligaq/1n}{li:liq/2nv}{uq:uq/3vv}{ti:tiq/1vn};{maliga:maligaq/1n}{li:lik/1nn}{uq:ut/2nn}{ti:&iq/1nn};{maliga:maligaq/1n}{li:li/3nv}{uq:ut/1vn}{ti:&iq/1nn};{maliga:maligaq/1n}{li:lik/2nv}{uq:ut/1vn}{ti:&iq/1nn};{maliga:maligaq/1n}{li:lik/3nv}{uq:ut/1vn}{ti:&iq/1nn};{maliga:maligaq/1n}{li:liq/3nv}{uq:ut/1vn}{ti:&iq/1nn};{maliga:maligaq/1n}{li:liq/2nv}{uq:ut/1vn}{ti:&iq/1nn};{maliga:maligaq/1n}{li:liaq/2nv}{uq:ut/1vn}{ti:&iq/1nn};{mali:malik/1v}{ga:gaq/1vn}{liuq:liuq/1nv}{ti:tiq/1vn};{mali:malik/1v}{ga:gaq/1vn}{li:li/3nv}{uq:uq/3vv}{ti:tiq/1vn};{mali:malik/1v}{ga:gaq/2vv}{li:li/2vv}{uq:uq/3vv}{ti:tiq/1vn};{mali:malik/1v}{ga:gaq/1vn}{li:lik/2nv}{uq:uq/3vv}{ti:tiq/1vn};{mali:malik/1v}{ga:gaq/1vn}{li:lik/3nv}{uq:uq/3vv}{ti:tiq/1vn};{mali:malik/1v}{ga:gaq/1vn}{li:liq/3nv}{uq:uq/3vv}{ti:tiq/1vn};{mali:malik/1v}{ga:gaq/1vn}{li:liq/2nv}{uq:uq/3vv}{ti:tiq/1vn};{mali:malik/1v}{ga:gaq/2vv}{li:liq/1vv}{uq:uq/3vv}{ti:tiq/1vn};{mali:malik/1v}{ga:gaq/1vn}{li:lik/1nn}{uq:ut/2nn}{ti:&iq/1nn};{mali:malik/1v}{ga:gaq/1vn}{li:li/3nv}{uq:ut/1vn}{ti:&iq/1nn};{mali:malik/1v}{ga:gaq/2vv}{li:li/2vv}{uq:ut/1vn}{ti:&iq/1nn};{mali:malik/1v}{ga:gaq/1vn}{li:lik/2nv}{uq:ut/1vn}{ti:&iq/1nn};{mali:malik/1v}{ga:gaq/1vn}{li:lik/3nv}{uq:ut/1vn}{ti:&iq/1nn};{mali:malik/1v}{ga:gaq/1vn}{li:liq/3nv}{uq:ut/1vn}{ti:&iq/1nn};{mali:malik/1v}{ga:gaq/1vn}{li:liq/2nv}{uq:ut/1vn}{ti:&iq/1nn};{mali:malik/1v}{ga:gaq/2vv}{li:liq/1vv}{uq:ut/1vn}{ti:&iq/1nn};{mali:malik/1v}{ga:gaq/1vn}{li:liaq/2nv}{uq:ut/1vn}{ti:&iq/1nn},False,False,False,False,False,
hansard,maligaliuqtii,{mali:malik/1v}{ga:gaq/1vn}{liuq:liuq/1nv}{ti:ji/1vn}{i:it/tn-nom-p},False,{maliga:maligaq/1n}{liuq:liuq/1nv}{ti:ji/1vn}{i:k/tn-nom-d};{maliga:maligaq/1n}{liuq:liuq/1nv}{ti:tiq/1vn}{i:k/tn-nom-d};{maliga:maligaq/1n}{liuq:liuq/1nv}{ti:ji/1vn}{i:k/tn-gen-d};{maliga:maligaq/1n}{liuq:liuq/1nv}{ti:tiq/1vn}{i:k/tn-gen-d};{maliga:maligaq/1n}{liuq:liuq/1nv}{ti:ji/1vn}{i:it/tn-nom-p};{maliga:maligaq/1n}{liuq:liuq/1nv}{ti:tiq/1vn}{i:it/tn-nom-p};{maliga:maligaq/1n}{liuq:liuq/1nv}{ti:ji/1vn}{i:it/tn-gen-p};{maliga:maligaq/1n}{liuq:liuq/1nv}{ti:tiq/1vn}{i:it/tn-gen-p};{maliga:maligaq/1n}{liuq:liuq/1nv}{ti:ji/1vn}{i:it/tn-nom-s-2s};{maliga:maligaq/1n}{liuq:liuq/1nv}{ti:tiq/1vn}{i:it/tn-nom-s-2s};{maliga:maligaq/1n}{li:li/3nv}{uq:uq/3vv}{ti:ji/1vn}{i:k/tn-nom-d};{maliga:maligaq/1n}{li:lik/2nv}{uq:uq/3vv}{ti:ji/1vn}{i:k/tn-nom-d};{maliga:maligaq/1n}{li:lik/3nv}{uq:uq/3vv}{ti:ji/1vn}{i:k/tn-nom-d};{maliga:maligaq/1n}{li:liq/3nv}{uq:uq/3vv}{ti:ji/1vn}{i:k/tn-nom-d};{maliga:maligaq/1n}{li:liq/2nv}{uq:uq/3vv}{ti:ji/1vn}{i:k/tn-nom-d};{maliga:maligaq/1n}{li:li/3nv}{uq:uq/3vv}{ti:tiq/1vn}{i:k/tn-nom-d};{maliga:maligaq/1n}{li:lik/2nv}{uq:uq/3vv}{ti:tiq/1vn}{i:k/tn-nom-d};{maliga:maligaq/1n}{li:lik/3nv}{uq:uq/3vv}{ti:tiq/1vn}{i:k/tn-nom-d};{maliga:maligaq/1n}{li:liq/3nv}{uq:uq/3vv}{ti:tiq/1vn}{i:k/tn-nom-d};{maliga:maligaq/1n}{li:liq/2nv}{uq:uq/3vv}{ti:tiq/1vn}{i:k/tn-nom-d};{maliga:maligaq/1n}{li:lik/1nn}{uq:ut/2nn}{ti:&iq/1nn}{i:k/tn-nom-d};{maliga:maligaq/1n}{li:li/3nv}{uq:ut/1vn}{ti:&iq/1nn}{i:k/tn-nom-d};{maliga:maligaq/1n}{li:lik/2nv}{uq:ut/1vn}{ti:&iq/1nn}{i:k/tn-nom-d};{maliga:maligaq/1n}{li:lik/3nv}{uq:ut/1vn}{ti:&iq/1nn}{i:k/tn-nom-d};{maliga:maligaq/1n}{li:liq/3nv}{uq:ut/1vn}{ti:&iq/1nn}{i:k/tn-nom-d};{maliga:maligaq/1n}{li:liq/2nv}{uq:ut/1vn}{ti:&iq/1nn}{i:k/tn-nom-d};{maliga:maligaq/1n}{li:liaq/2nv}{uq:ut/1vn}{ti:&iq/1nn}{i:k/tn-nom-d};{maliga:maligaq/1n}{li:li/3nv}{uq:uq/3vv}{ti:ji/1vn}{i:k/tn-gen-d};{maliga:maligaq/1n}{li:lik/2nv}{uq:uq/3vv}{ti:ji/1vn}{i:k/tn-gen-d};{maliga:maligaq/1n}{li:lik/3nv}{uq:uq/3vv}{ti:ji/1vn}{i:k/tn-gen-d};{maliga:maligaq/1n}{li:liq/3nv}{uq:uq/3vv}{ti:ji/1vn}{i:k/tn-gen-d};{maliga:maligaq/1n}{li:liq/2nv}{uq:uq/3vv}{ti:ji/1vn}{i:k/tn-gen-d};{maliga:maligaq/1n}{li:li/3nv}{uq:uq/3vv}{ti:tiq/1vn}{i:k/tn-gen-d};{maliga:maligaq/1n}{li:lik/2nv}{uq:uq/3vv}{ti:tiq/1vn}{i:k/tn-gen-d};{maliga:maligaq/1n}{li:lik/3nv}{uq:uq/3vv}{ti:tiq/1vn}{i:k/tn-gen-d};{maliga:maligaq/1n}{li:liq/3nv}{uq:uq/3vv}{ti:tiq/1vn}{i:k/tn-gen-d};{maliga:maligaq/1n}{li:liq/2nv}{uq:uq/3vv}{ti:tiq/1vn}{i:k/tn-gen-d};{maliga:maligaq/1n}{li:lik/1nn}{uq:ut/2nn}{ti:&iq/1nn}{i:k/tn-gen-d};{maliga:maligaq/1n}{li:li/3nv}{uq:ut/1vn}{ti:&iq/1nn}{i:k/tn-gen-d};{maliga:maligaq/1n}{li:lik/2nv}{uq:ut/1vn}{ti:&iq/1nn}{i:k/tn-gen-d};{maliga:maligaq/1n}{li:lik/3nv}{uq:ut/1vn}{ti:&iq/1nn}{i:k/tn-gen-d};{maliga:maligaq/1n}{li:liq/3nv}{uq:ut/1vn}{ti:&iq/1nn}{i:k/tn-gen-d};{maliga:maligaq/1n}{li:liq/2nv}{uq:ut/1vn}{ti:&iq/1nn}{i:k/tn-gen-d};{maliga:maligaq/1n}{li:liaq/2nv}{uq:ut/1vn}{ti:&iq/1nn}{i:k/tn-gen-d};{maliga:maligaq/1n}{li:li/3nv}{uq:uq/3vv}{ti:ji/1vn}{i:it/tn-nom-p};{maliga:maligaq/1n}{li:lik/2nv}{uq:uq/3vv}{ti:ji/1vn}{i:it/tn-nom-p};{maliga:maligaq/1n}{li:lik/3nv}{uq:uq/3vv}{ti:ji/1vn}{i:it/tn-nom-p};{maliga:maligaq/1n}{li:liq/3nv}{uq:uq/3vv}{ti:ji/1vn}{i:it/tn-nom-p};{maliga:maligaq/1n}{li:liq/2nv}{uq:uq/3vv}{ti:ji/1vn}{i:it/tn-nom-p};{maliga:maligaq/1n}{li:li/3nv}{uq:uq/3vv}{ti:tiq/1vn}{i:it/tn-nom-p};{maliga:maligaq/1n}{li:lik/2nv}{uq:uq/3vv}{ti:tiq/1vn}{i:it/tn-nom-p};{maliga:maligaq/1n}{li:lik/3nv}{uq:uq/3vv}{ti:tiq/1vn}{i:it/tn-nom-p};{maliga:maligaq/1n}{li:liq/3nv}{uq:uq/3vv}{ti:tiq/1vn}{i:it/tn-nom-p};{maliga:maligaq/1n}{li:liq/2nv}{uq:uq/3vv}{ti:tiq/1vn}{i:it/tn-nom-p};{maliga:maligaq/1n}{li:lik/1nn}{uq:ut/2nn}{ti:&iq/1nn}{i:it/tn-nom-p};{maliga:maligaq/1n}{li:li/3nv}{uq:ut/1vn}{ti:&iq/1nn}{i:it/tn-nom-p};{maliga:maligaq/1n}{li:lik/2nv}{uq:ut/1vn}{ti:&iq/1nn}{i:it/tn-nom-p};{maliga:maligaq/1n}{li:lik/3nv}{uq:ut/1vn}{ti:&iq/1nn}{i:it/tn-nom-p};{maliga:maligaq/1n}{li:liq/3nv}{uq:ut/1vn}{ti:&iq/1nn}{i:it/tn-nom-p};{maliga:maligaq/1n}{li:liq/2nv}{uq:ut/1vn}{ti:&iq/1nn}{i:it/tn-nom-p};{maliga:maligaq/1n}{li:liaq/2nv}{uq:ut/1vn}{ti:&iq/1nn}{i:it/tn-nom-p};{maliga:maligaq/1n}{li:li/3nv}{uq:uq/3vv}{ti:ji/1vn}{i:it/tn-gen-p};{maliga:maligaq/1n}{li:lik/2nv}{uq:uq/3vv}{ti:ji/1vn}{i:it/tn-gen-p};{maliga:maligaq/1n}{li:lik/3nv}{uq:uq/3vv}{ti:ji/1vn}{i:it/tn-gen-p};{maliga:maligaq/1n}{li:liq/3nv}{uq:uq/3vv}{ti:ji/1vn}{i:it/tn-gen-p};{maliga:maligaq/1n}{li:liq/2nv}{uq:uq/3vv}{ti:ji/1vn}{i:it/tn-gen-p};{maliga:maligaq/1n}{li:li/3nv}{uq:uq/3vv}{ti:tiq/1vn}{i:it/tn-gen-p};{maliga:maligaq/1n}{li:lik/2nv}{uq:uq/3vv}{ti:tiq/1vn}{i:it/tn-gen-p};{maliga:maligaq/1n}{li:lik/3nv}{uq:uq/3vv}{ti:tiq/1vn}{i:it/tn-gen-p};{maliga:maligaq/1n}{li:liq/3nv}{uq:uq/3vv}{ti:tiq/1vn}{i:it/tn-gen-p};{maliga:maligaq/1n}{li:liq/2nv}{uq:uq/3vv}{ti:tiq/1vn}{i:it/tn-gen-p};{maliga:maligaq/1n}{li:lik/1nn}{uq:ut/2nn}{ti:&iq/1nn}{i:it/tn-gen-p};{maliga:maligaq/1n}{li:li/3nv}{uq:ut/1vn}{ti:&iq/1nn}{i:it/tn-gen-p};{maliga:maligaq/1n}{li:lik/2nv}{uq:ut/1vn}{ti:&iq/1nn}{i:it/tn-gen-p};{maliga:maligaq/1n}{li:lik/3nv}{uq:ut/1vn}{ti:&iq/1nn}{i:it/tn-gen-p};{maliga:maligaq/1n}{li:liq/3nv}{uq:ut/1vn}{ti:&iq/1nn}{i:it/tn-gen-p};{maliga:maligaq/1n}{li:liq/2nv}{uq:ut/1vn}{ti:&iq/1nn}{i:it/tn-gen-p};{maliga:maligaq/1n}{li:liaq/2nv}{uq:ut/1vn}{ti:&iq/1nn}{i:it/tn-gen-p};{maliga:maligaq/1n}{li:li/3nv}{uq:uq/3vv}{ti:ji/1vn}{i:it/tn-nom-s-2s};{maliga:maligaq/1n}{li:lik/2nv}{uq:uq/3vv}{ti:ji/1vn}{i:it/tn-nom-s-2s};{maliga:maligaq/1n}{li:lik/3nv}{uq:uq/3vv}{ti:ji/1vn}{i:it/tn-nom-s-2s};{maliga:maligaq/1n}{li:liq/3nv}{uq:uq/3vv}{ti:ji/1vn}{i:it/tn-nom-s-2s};{maliga:maligaq/1n}{li:liq/2nv}{uq:uq/3vv}{ti:ji/1vn}{i:it/tn-nom-s-2s};{maliga:maligaq/1n}{li:li/3nv}{uq:uq/3vv}{ti:tiq/1vn}{i:it/tn-nom-s-2s};{maliga:maligaq/1n}{li:lik/2nv}{uq:uq/3vv}{ti:tiq/1vn}{i:it/tn-nom-s-2s};{maliga:maligaq/1n}{li:lik/3nv}{uq:uq/3vv}{ti:tiq/1vn}{i:it/tn-nom-s-2s};{maliga:maligaq/1n}{li:liq/3nv}{uq:uq/3vv}{ti:tiq/1vn}{i:it/tn-nom-s-2s};{maliga:maligaq/1n}{li:liq/2nv}{uq:uq/3vv}{ti:tiq/1vn}{i:it/tn-nom-s-2s};{maliga:maligaq/1n}{li:lik/1nn}{uq:ut/2nn}{ti:&iq/1nn}{i:it/tn-nom-s-2s};{maliga:maligaq/1n}{li:li/3nv}{uq:ut/1vn}{ti:&iq/1nn}{i:it/tn-nom-s-2s};{maliga:maligaq/1n}{li:lik/2nv}{uq:ut/1vn}{ti:&iq/1nn}{i:it/tn-nom-s-2s};{maliga:maligaq/1n}{li:lik/3nv}{uq:ut/1vn}{ti:&iq/1nn}{i:it/tn-nom-s-2s};{maliga:maligaq/1n}{li:liq/3nv}{uq:ut/1vn}{ti:&iq/1nn}{i:it/tn-nom-s-2s};{maliga:maligaq/1n}{li:liq/2nv}{uq:ut/1vn}{ti:&iq/1nn}{i:it/tn-nom-s-2s};{maliga:maligaq/1n}{li:liaq/2nv}{uq:ut/1vn}{ti:&iq/1nn}{i:it/tn-nom-s-2s};{mali:malik/1v}{ga:gaq/1vn}{liuq:liuq/1nv}{ti:ji/1vn}{i:k/tn-nom-d};{mali:malik/1v}{ga:gaq/1vn}{liuq:liuq/1nv}{ti:tiq/1vn}{i:k/tn-nom-d};{mali:malik/1v}{ga:gaq/1vn}{liuq:liuq/1nv}{ti:ji/1vn}{i:k/tn-gen-d};{mali:malik/1v}{ga:gaq/1vn}{liuq:liuq/1nv}{ti:tiq/1vn}{i:k/tn-gen-d};{mali:malik/1v}{ga:gaq/1vn}{liuq:liuq/1nv}{ti:ji/1vn}{i:it/tn-nom-p};{mali:malik/1v}{ga:gaq/1vn}{liuq:liuq/1nv}{ti:tiq/1vn}{i:it/tn-nom-p};{mali:malik/1v}{ga:gaq/1vn}{liuq:liuq/1nv}{ti:ji/1vn}{i:it/tn-gen-p};{mali:malik/1v}{ga:gaq/1vn}{liuq:liuq/1nv}{ti:tiq/1vn}{i:it/tn-gen-p};{mali:malik/1v}{ga:gaq/1vn}{liuq:liuq/1nv}{ti:ji/1vn}{i:it/tn-nom-s-2s};{mali:malik/1v}{ga:gaq/1vn}{liuq:liuq/1nv}{ti:tiq/1vn}{i:it/tn-nom-s-2s};{mali:malik/1v}{ga:gaq/1vn}{li:li/3nv}{uq:uq/3vv}{ti:ji/1vn}{i:k/tn-nom-d};{mali:malik/1v}{ga:gaq/2vv}{li:li/2vv}{uq:uq/3vv}{ti:ji/1vn}{i:k/tn-nom-d};{mali:malik/1v}{ga:gaq/1vn}{li:lik/2nv}{uq:uq/3vv}{ti:ji/1vn}{i:k/tn-nom-d};{mali:malik/1v}{ga:gaq/1vn}{li:lik/3nv}{uq:uq/3vv}{ti:ji/1vn}{i:k/tn-nom-d};{mali:malik/1v}{ga:gaq/1vn}{li:liq/3nv}{uq:uq/3vv}{ti:ji/1vn}{i:k/tn-nom-d};{mali:malik/1v}{ga:gaq/1vn}{li:liq/2nv}{uq:uq/3vv}{ti:ji/1vn}{i:k/tn-nom-d};{mali:malik/1v}{ga:gaq/2vv}{li:liq/1vv}{uq:uq/3vv}{ti:ji/1vn}{i:k/tn-nom-d};{mali:malik/1v}{ga:gaq/1vn}{li:li/3nv}{uq:uq/3vv}{ti:tiq/1vn}{i:k/tn-nom-d};{mali:malik/1v}{ga:gaq/2vv}{li:li/2vv}{uq:uq/3vv}{ti:tiq/1vn}{i:k/tn-nom-d};{mali:malik/1v}{ga:gaq/1vn}{li:lik/2nv}{uq:uq/3vv}{ti:tiq/1vn}{i:k/tn-nom-d};{mali:malik/1v}{ga:gaq/1vn}{li:lik/3nv}{uq:uq/3vv}{ti:tiq/1vn}{i:k/tn-nom-d};{mali:malik/1v}{ga:gaq/1vn}{li:liq/3nv}{uq:uq/3vv}{ti:tiq/1vn}{i:k/tn-nom-d};{mali:malik/1v}{ga:gaq/1vn}{li:liq/2nv}{uq:uq/3vv}{ti:tiq/1vn}{i:k/tn-nom-d};{mali:malik/1v}{ga:gaq/2vv}{li:liq/1vv}{uq:uq/3vv}{ti:tiq/1vn}{i:k/tn-nom-d};{mali:malik/1v}{ga:gaq/1vn}{li:lik/1nn}{uq:ut/2nn}{ti:&iq/1nn}{i:k/tn-nom-d};{mali:malik/1v}{ga:gaq/1vn}{li:li/3nv}{uq:ut/1vn}{ti:&iq/1nn}{i:k/tn-nom-d};{mali:malik/1v}{ga:gaq/2vv}{li:li/2vv}{uq:ut/1vn}{ti:&iq/1nn}{i:k/tn-nom-d};{mali:malik/1v}{ga:gaq/1vn}{li:lik/2nv}{uq:ut/1vn}{ti:&iq/1nn}{i:k/tn-nom-d};{mali:malik/1v}{ga:gaq/1vn}{li:lik/3nv}{uq:ut/1vn}{ti:&iq/1nn}{i:k/tn-nom-d};{mali:malik/1v}{ga:gaq/1vn}{li:liq/3nv}{uq:ut/1vn}{ti:&iq/1nn}{i:k/tn-nom-d};{mali:malik/1v}{ga:gaq/1vn}{li:liq/2nv}{uq:ut/1vn}{ti:&iq/1nn}{i:k/tn-nom-d};{mali:malik/1v}{ga:gaq/2vv}{li:liq/1vv}{uq:ut/1vn}{ti:&iq/1nn}{i:k/tn-nom-d};{mali:malik/1v}{ga:gaq/1vn}{li:liaq/2nv}{uq:ut/1vn}{ti:&iq/1nn}{i:k/tn-nom-d};{mali:malik/1v}{ga:gaq/1vn}{li:li/3nv}{uq:uq/3vv}{ti:ji/1vn}{i:k/tn-gen-d};{mali:malik/1v}{ga:gaq/2vv}{li:li/2vv}{uq:uq/3vv}{ti:ji/1vn}{i:k/tn-gen-d};{mali:malik/1v}{ga:gaq/1vn}{li:lik/2nv}{uq:uq/3vv}{ti:ji/1vn}{i:k/tn-gen-d};{mali:malik/1v}{ga:gaq/1vn}{li:lik/3nv}{uq:uq/3vv}{ti:ji/1vn}{i:k/tn-gen-d};{mali:malik/1v}{ga:gaq/1vn}{li:liq/3nv}{uq:uq/3vv}{ti:ji/1vn}{i:k/tn-gen-d};{mali:malik/1v}{ga:gaq/1vn}{li:liq/2nv}{uq:uq/3vv}{ti:ji/1vn}{i:k/tn-gen-d};{mali:malik/1v}{ga:gaq/2vv}{li:liq/1vv}{uq:uq/3vv}{ti:ji/1vn}{i:k/tn-gen-d};{mali:malik/1v}{ga:gaq/1vn}{li:li/3nv}{uq:uq/3vv}{ti:tiq/1vn}{i:k/tn-gen-d};{mali:malik/1v}{ga:gaq/2vv}{li:li/2vv}{uq:uq/3vv}{ti:tiq/1vn}{i:k/tn-gen-d};{mali:malik/1v}{ga:gaq/1vn}{li:lik/2nv}{uq:uq/3vv}{ti:tiq/1vn}{i:k/tn-gen-d};{mali:malik/1v}{ga:gaq/1vn}{li:lik/3nv}{uq:uq/3vv}{ti:tiq/1vn}{i:k/tn-gen-d};{mali:malik/1v}{ga:gaq/1vn}{li:liq/3nv}{uq:uq/3vv}{ti:tiq/1vn}{i:k/tn-gen-d};{mali:malik/1v}{ga:gaq/1vn}{li:liq/2nv}{uq:uq/3vv}{ti:tiq/1vn}{i:k/tn-gen-d};{mali:malik/1v}{ga:gaq/2vv}{li:liq/1vv}{uq:uq/3vv}{ti:tiq/1vn}{i:k/tn-gen-d};{mali:malik/1v}{ga:gaq/1vn}{li:lik/1nn}{uq:ut/2nn}{ti:&iq/1nn}{i:k/tn-gen-d};{mali:malik/1v}{ga:gaq/1vn}{li:li/3nv}{uq:ut/1vn}{ti:&iq/1nn}{i:k/tn-gen-d};{mali:malik/1v}{ga:gaq/2vv}{li:li/2vv}{uq:ut/1vn}{ti:&iq/1nn}{i:k/tn-gen-d};{mali:malik/1v}{ga:gaq/1vn}{li:lik/2nv}{uq:ut/1vn}{ti:&iq/1nn}{i:k/tn-gen-d};{mali:malik/1v}{ga:gaq/1vn}{li:lik/3nv}{uq:ut/1vn}{ti:&iq/1nn}{i:k/tn-gen-d};{mali:malik/1v}{ga:gaq/1vn}{li:liq/3nv}{uq:ut/1vn}{ti:&iq/1nn}{i:k/tn-gen-d};{mali:malik/1v}{ga:gaq/1vn}{li:liq/2nv}{uq:ut/1vn}{ti:&iq/1nn}{i:k/tn-gen-d};{mali:malik/1v}{ga:gaq/2vv}{li:liq/1vv}{uq:ut/1vn}{ti:&iq/1nn}{i:k/tn-gen-d};{mali:malik/1v}{ga:gaq/1vn}{li:liaq/2nv}{uq:ut/1vn}{ti:&iq/1nn}{i:k/tn-gen-d};{mali:malik/1v}{ga:gaq/1vn}{li:li/3nv}{uq:uq/3vv}{ti:ji/1vn}{i:it/tn-nom-p};{mali:malik/1v}{ga:gaq/2vv}{li:li/2vv}{uq:uq/3vv}{ti:ji/1vn}{i:it/tn-nom-p};{mali:malik/1v}{ga:gaq/1vn}{li:lik/2nv}{uq:uq/3vv}{ti:ji/1vn}{i:it/tn-nom-p};{mali:malik/1v}{ga:gaq/1vn}{li:lik/3nv}{uq:uq/3vv}{ti:ji/1vn}{i:it/tn-nom-p};{mali:malik/1v}{ga:gaq/1vn}{li:liq/3nv}{uq:uq/3vv}{ti:ji/1vn}{i:it/tn-nom-p};{mali:malik/1v}{ga:gaq/1vn}{li:liq/2nv}{uq:uq/3vv}{ti:ji/1vn}{i:it/tn-nom-p};{mali:malik/1v}{ga:gaq/2vv}{li:liq/1vv}{uq:uq/3vv}{ti:ji/1vn}{i:it/tn-nom-p};{mali:malik/1v}{ga:gaq/1vn}{li:li/3nv}{uq:uq/3vv}{ti:tiq/1vn}{i:it/tn-nom-p};{mali:malik/1v}{ga:gaq/2vv}{li:li/2vv}{uq:uq/3vv}{ti:tiq/1vn}{i:it/tn-nom-p};{mali:malik/1v}{ga:gaq/1vn}{li:lik/2nv}{uq:uq/3vv}{ti:tiq/1vn}{i:it/tn-nom-p};{mali:malik/1v}{ga:gaq/1vn}{li:lik/3nv}{uq:uq/3vv}{ti:tiq/1vn}{i:it/tn-nom-p};{mali:malik/1v}{ga:gaq/1vn}{li:liq/3nv}{uq:uq/3vv}{ti:tiq/1vn}{i:it/tn-nom-p};{mali:malik/1v}{ga:gaq/1vn}{li:liq/2nv}{uq:uq/3vv}{ti:tiq/1vn}{i:it/tn-nom-p};{mali:malik/1v}{ga:gaq/2vv}{li:liq/1vv}{uq:uq/3vv}{ti:tiq/1vn}{i:it/tn-nom-p};{mali:malik/1v}{ga:gaq/1vn}{li:lik/1nn}{uq:ut/2nn}{ti:&iq/1nn}{i:it/tn-nom-p};{mali:malik/1v}{ga:gaq/1vn}{li:li/3nv}{uq:ut/1vn}{ti:&iq/1nn}{i:it/tn-nom-p};{mali:malik/1v}{ga:gaq/2vv}{li:li/2vv}{uq:ut/1vn}{ti:&iq/1nn}{i:it/tn-nom-p};{mali:malik/1v}{ga:gaq/1vn}{li:lik/2nv}{uq:ut/1vn}{ti:&iq/1nn}{i:it/tn-nom-p};{mali:malik/1v}{ga:gaq/1vn}{li:lik/3nv}{uq:ut/1vn}{ti:&iq/1nn}{i:it/tn-nom-p};{mali:malik/1v}{ga:gaq/1vn}{li:liq/3nv}{uq:ut/1vn}{ti:&iq/1nn}{i:it/tn-nom-p};{mali:malik/1v}{ga:gaq/1vn}{li:liq/2nv}{uq:ut/1vn}{ti:&iq/1nn}{i:it/tn-nom-p};{mali:malik/1v}{ga:gaq/2vv}{li:liq/1vv}{uq:ut/1vn}{ti:&iq/1nn}{i:it/tn-nom-p};{mali:malik/1v}{ga:gaq/1vn}{li:liaq/2nv}{uq:ut/1vn}{ti:&iq/1nn}{i:it/tn-nom-p};{mali:malik/1v}{ga:gaq/1vn}{li:li/3nv}{uq:uq/3vv}{ti:ji/1vn}{i:it/tn-gen-p};{mali:malik/1v}{ga:gaq/2vv}{li:li/2vv}{uq:uq/3vv}{ti:ji/1vn}{i:it/tn-gen-p};{mali:malik/1v}{ga:gaq/1vn}{li:lik/2nv}{uq:uq/3vv}{ti:ji/1vn}{i:it/tn-gen-p};{mali:malik/1v}{ga:gaq/1vn}{li:lik/3nv}{uq:uq/3vv}{ti:ji/1vn}{i:it/tn-gen-p};{mali:malik/1v}{ga:gaq/1vn}{li:liq/3nv}{uq:uq/3vv}{ti:ji/1vn}{i:it/tn-gen-p};{mali:malik/1v}{ga:gaq/1vn}{li:liq/2nv}{uq:uq/3vv}{ti:ji/1vn}{i:it/tn-gen-p};{mali:malik/1v}{ga:gaq/2vv}{li:liq/1vv}{uq:uq/3vv}{ti:ji/1vn}{i:it/tn-gen-p};{mali:malik/1v}{ga:gaq/1vn}{li:li/3nv}{uq:uq/3vv}{ti:tiq/1vn}{i:it/tn-gen-p};{mali:malik/1v}{ga:gaq/2vv}{li:li/2vv}{uq:uq/3vv}{ti:tiq/1vn}{i:it/tn-gen-p};{mali:malik/1v}{ga:gaq/1vn}{li:lik/2nv}{uq:uq/3vv}{ti:tiq/1vn}{i:it/tn-gen-p};{mali:malik/1v}{ga:gaq/1vn}{li:lik/3nv}{uq:uq/3vv}{ti:tiq/1vn}{i:it/tn-gen-p};{mali:malik/1v}{ga:gaq/1vn}{li:liq/3nv}{uq:uq/3vv}{ti:tiq/1vn}{i:it/tn-gen-p};{mali:malik/1v}{ga:gaq/1vn}{li:liq/2nv}{uq:uq/3vv}{ti:tiq/1vn}{i:it/tn-gen-p};{mali:malik/1v}{ga:gaq/2vv}{li:liq/1vv}{uq:uq/3vv}{ti:tiq/1vn}{i:it/tn-gen-p};{mali:malik/1v}{ga:gaq/1vn}{li:lik/1nn}{uq:ut/2nn}{ti:&iq/1nn}{i:it/tn-gen-p};{mali:malik/1v}{ga:gaq/1vn}{li:li/3nv}{uq:ut/1vn}{ti:&iq/1nn}{i:it/tn-gen-p};{mali:malik/1v}{ga:gaq/2vv}{li:li/2vv}{uq:ut/1vn}{ti:&iq/1nn}{i:it/tn-gen-p};{mali:malik/1v}{ga:gaq/1vn}{li:lik/2nv}{uq:ut/1vn}{ti:&iq/1nn}{i:it/tn-gen-p};{mali:malik/1v}{ga:gaq/1vn}{li:lik/3nv}{uq:ut/1vn}{ti:&iq/1nn}{i:it/tn-gen-p};{mali:malik/1v}{ga:gaq/1vn}{li:liq/3nv}{uq:ut/1vn}{ti:&iq/1nn}{i:it/tn-gen-p};{mali:malik/1v}{ga:gaq/1vn}{li:liq/2nv}{uq:ut/1vn}{ti:&iq/1nn}{i:it/tn-gen-p};{mali:malik/1v}{ga:gaq/2vv}{li:liq/1vv}{uq:ut/1vn}{ti:&iq/1nn}{i:it/tn-gen-p};{mali:malik/1v}{ga:gaq/1vn}{li:liaq/2nv}{uq:ut/1vn}{ti:&iq/1nn}{i:it/tn-gen-p};{mali:malik/1v}{ga:gaq/1vn}{li:li/3nv}{uq:uq/3vv}{ti:ji/1vn}{i:it/tn-nom-s-2s};{mali:malik/1v}{ga:gaq/2vv}{li:li/2vv}{uq:uq/3vv}{ti:ji/1vn}{i:it/tn-nom-s-2s};{mali:malik/1v}{ga:gaq/1vn}{li:lik/2nv}{uq:uq/3vv}{ti:ji/1vn}{i:it/tn-nom-s-2s};{mali:malik/1v}{ga:gaq/1vn}{li:lik/3nv}{uq:uq/3vv}{ti:ji/1vn}{i:it/tn-nom-s-2s};{mali:malik/1v}{ga:gaq/1vn}{li:liq/3nv}{uq:uq/3vv}{ti:ji/1vn}{i:it/tn-nom-s-2s};{mali:malik/1v}{ga:gaq/1vn}{li:liq/2nv}{uq:uq/3vv}{ti:ji/1vn}{i:it/tn-nom-s-2s};{mali:malik/1v}{ga:gaq/2vv}{li:liq/1vv}{uq:uq/3vv}{ti:ji/1vn}{i:it/tn-nom-s-2s};{mali:malik/1v}{ga:gaq/1vn}{li:li/3nv}{uq:uq/3vv}{ti:tiq/1vn}{i:it/tn-nom-s-2s};{mali:malik/1v}{ga:gaq/2vv}{li:li/2vv}{uq:uq/3vv}{ti:tiq/1vn}{i:it/tn-nom-s-2s};{mali:malik/1v}{ga:gaq/1vn}{li:lik/2nv}{uq:uq/3vv}{ti:tiq/1vn}{i:it/tn-nom-s-2s};{mali:malik/1v}{ga:gaq/1vn}{li:lik/3nv}{uq:uq/3vv}{ti:tiq/1vn}{i:it/tn-nom-s-2s};{mali:malik/1v}{ga:gaq/1vn}{li:liq/3nv}{uq:uq/3vv}{ti:tiq/1vn}{i:it/tn-nom-s-2s};{mali:malik/1v}{ga:gaq/1vn}{li:liq/2nv}{uq:uq/3vv}{ti:tiq/1vn}{i:it/tn-nom-s-2s};{mali:malik/1v}{ga:gaq/2vv}{li:liq/1vv}{uq:uq/3vv}{ti:tiq/1vn}{i:it/tn-nom-s-2s};{mali:malik/1v}{ga:gaq/1vn}{li:lik/1nn}{uq:ut/2nn}{ti:&iq/1nn}{i:it/tn-nom-s-2s};{mali:malik/1v}{ga:gaq/1vn}{li:li/3nv}{uq:ut/1vn}{ti:&iq/1nn}{i:it/tn-nom-s-2s};{mali:malik/1v}{ga:gaq/2vv}{li:li/2vv}{uq:ut/1vn}{ti:&iq/1nn}{i:it/tn-nom-s-2s};{mali:malik/1v}{ga:gaq/1vn}{li:lik/2nv}{uq:ut/1vn}{ti:&iq/1nn}{i:it/tn-nom-s-2s};{mali:malik/1v}{ga:gaq/1vn}{li:lik/3nv}{uq:ut/1vn}{ti:&iq/1nn}{i:it/tn-nom-s-2s};{mali:malik/1v}{ga:gaq/1vn}{li:liq/3nv}{uq:ut/1vn}{ti:&iq/1nn}{i:it/tn-nom-s-2s};{mali:malik/1v}{ga:gaq/1vn}{li:liq/2nv}{uq:ut/1vn}{ti:&iq/1nn}{i:it/tn-nom-s-2s};{mali:malik/1v}{ga:gaq/2vv}{li:liq/1vv}{uq:ut/1vn}{ti:&iq/1nn}{i:it/tn-nom-s-2s};{mali:malik/1v}{ga:gaq/1vn}{li:liaq/2nv}{uq:ut/1vn}{ti:&iq/1nn}{i:it/tn-nom-s-2s},False,False,False,False,False,
hansard,maligaliuqtiit,{mali:malik/1v}{ga:gaq/1vn}{liuq:liuq/1nv}{ti:ji/1vn}{it:it/tn-nom-p},False,{maliga:maligaq/1n}{liuq:liuq/1nv}{ti:ji/1vn}{it:it/tn-nom-p};{maliga:maligaq/1n}{liuq:liuq/1nv}{ti:tiq/1vn}{it:it/tn-nom-p};{maliga:maligaq/1n}{liuq:liuq/1nv}{ti:ji/1vn}{it:it/tn-gen-p};{maliga:maligaq/1n}{liuq:liuq/1nv}{ti:tiq/1vn}{it:it/tn-gen-p};{maliga:maligaq/1n}{liuq:liuq/1nv}{ti:ji/1vn}{it:it/tn-nom-s-2s};{maliga:maligaq/1n}{liuq:liuq/1nv}{ti:tiq/1vn}{it:it/tn-nom-s-2s};{maliga:maligaq/1n}{li:li/3nv}{uq:uq/3vv}{ti:ji/1vn}{it:it/tn-nom-p};{maliga:maligaq/1n}{li:lik/2nv}{uq:uq/3vv}{ti:ji/1vn}{it:it/tn-nom-p};{maliga:maligaq/1n}{li:lik/3nv}{uq:uq/3vv}{ti:ji/1vn}{it:it/tn-nom-p};{maliga:maligaq/1n}{li:liq/3nv}{uq:uq/3vv}{ti:ji/1vn}{it:it/tn-nom-p};{maliga:maligaq/1n}{li:liq/2nv}{uq:uq/3vv}{ti:ji/1vn}{it:it/tn-nom-p};{maliga:maligaq/1n}{li:li/3nv}{uq:uq/3vv}{ti:tiq/1vn}{it:it/tn-nom-p};{maliga:maligaq/1n}{li:lik/2nv}{uq:uq/3vv}{ti:tiq/1vn}{it:it/tn-nom-p};{maliga:maligaq/1n}{li:lik/3nv}{uq:uq/3vv}{ti:tiq/1vn}{it:it/tn-nom-p};{maliga:maligaq/1n}{li:liq/3nv}{uq:uq/3vv}{ti:tiq/1vn}{it:it/tn-nom-p};{maliga:maligaq/1n}{li:liq/2nv}{uq:uq/3vv}{ti:tiq/1vn}{it:it/tn-nom-p};{maliga:maligaq/1n}{li:lik/1nn}{uq:ut/2nn}{ti:&iq/1nn}{it:it/tn-nom-p};{maliga:maligaq/1n}{li:li/3nv}{uq:ut/1vn}{ti:&iq/1nn}{it:it/tn-nom-p};{maliga:maligaq/1n}{li:lik/2nv}{uq:ut/1vn}{ti:&iq/1nn}{it:it/tn-nom-p};{maliga:maligaq/1n}{li:lik/3nv}{uq:ut/1vn}{ti:&iq/1nn}{it:it/tn-nom-p};{maliga:maligaq/1n}{li:liq/3nv}{uq:ut/1vn}{ti:&iq/1nn}{it:it/tn-nom-p};{maliga:maligaq/1n}{li:liq/2nv}{uq:ut/1vn}{ti:&iq/1nn}{it:it/tn-nom-p};{maliga:maligaq/1n}{li:liaq/2nv}{uq:ut/1vn}{ti:&iq/1nn}{it:it/tn-nom-p};{maliga:maligaq/1n}{li:li/3nv}{uq:uq/3vv}{ti:ji/1vn}{it:it/tn-gen-p};{maliga:maligaq/1n}{li:lik/2nv}{uq:uq/3vv}{ti:ji/1vn}{it:it/tn-gen-p};{maliga:maligaq/1n}{li:lik/3nv}{uq:uq/3vv}{ti:ji/1vn}{it:it/tn-gen-p};{maliga:maligaq/1n}{li:liq/3nv}{uq:uq/3vv}{ti:ji/1vn}{it:it/tn-gen-p};{maliga:maligaq/1n}{li:liq/2nv}{uq:uq/3vv}{ti:ji/1vn}{it:it/tn-gen-p};{maliga:maligaq/1n}{li:li/3nv}{uq:uq/3vv}{ti:tiq/1vn}{it:it/tn-gen-p};{maliga:maligaq/1n}{li:lik/2nv}{uq:uq/3vv}{ti:tiq/1vn}{it:it/tn-gen-p};{maliga:maligaq/1n}{li:lik/3nv}{uq:uq/3vv}{ti:tiq/1vn}{it:it/tn-gen-p};{maliga:maligaq/1n}{li:liq/3nv}{uq:uq/3vv}{ti:tiq/1vn}{it:it/tn-gen-p};{maliga:maligaq/1n}{li:liq/2nv}{uq:uq/3vv}{ti:tiq/1vn}{it:it/tn-gen-p};{maliga:maligaq/1n}{li:lik/1nn}{uq:ut/2nn}{ti:&iq/1nn}{it:it/tn-gen-p};{maliga:maligaq/1n}{li:li/3nv}{uq:ut/1vn}{ti:&iq/1nn}{it:it/tn-gen-p};{maliga:maligaq/1n}{li:lik/2nv}{uq:ut/1vn}{ti:&iq/1nn}{it:it/tn-gen-p};{maliga:maligaq/1n}{li:lik/3nv}{uq:ut/1vn}{ti:&iq/1nn}{it:it/tn-gen-p};{maliga:maligaq/1n}{li:liq/3nv}{uq:ut/1vn}{ti:&iq/1nn}{it:it/tn-gen-p};{maliga:maligaq/1n}{li:liq/2nv}{uq:ut/1vn}{ti:&iq/1nn}{it:it/tn-gen-p};{maliga:maligaq/1n}{li:liaq/2nv}{uq:ut/1vn}{ti:&iq/1nn}{it:it/tn-gen-p};{maliga:maligaq/1n}{li:li/3nv}{uq:uq/3vv}{ti:ji/1vn}{it:it/tn-nom-s-2s};{maliga:maligaq/1n}{li:lik/2nv}{uq:uq/3vv}{ti:ji/1vn}{it:it/tn-nom-s-2s};{maliga:maligaq/1n}{li:lik/3nv}{uq:uq/3vv}{ti:ji/1vn}{it:it/tn-nom-s-2s};{maliga:maligaq/1n}{li:liq/3nv}{uq:uq/3vv}{ti:ji/1vn}{it:it/tn-nom-s-2s};{maliga:maligaq/1n}{li:liq/2nv}{uq:uq/3vv}{ti:ji/1vn}{it:it/tn-nom-s-2s};{maliga:maligaq/1n}{li:li/3nv}{uq:uq/3vv}{ti:tiq/1vn}{it:it/tn-nom-s-2s};{maliga:maligaq/1n}{li:lik/2nv}{uq:uq/3vv}{ti:tiq/1vn}{it:it/tn-nom-s-2s};{maliga:maligaq/1n}{li:lik/3nv}{uq:uq/3vv}{ti:tiq/1vn}{it:it/tn-nom-s-2s};{maliga:maligaq/1n}{li:liq/3nv}{uq:uq/3vv}{ti:tiq/1vn}{it:it/tn-nom-s-2s};{maliga:maligaq/1n}{li:liq/2nv}{uq:uq/3vv}{ti:tiq/1vn}{it:it/tn-nom-s-2s};{maliga:maligaq/1n}{li:lik/1nn}{uq:ut/2nn}{ti:&iq/1nn}{it:it/tn-nom-s-2s};{maliga:maligaq/1n}{li:li/3nv}{uq:ut/1vn}{ti:&iq/1nn}{it:it/tn-nom-s-2s};{maliga:maligaq/1n}{li:lik/2nv}{uq:ut/1vn}{ti:&iq/1nn}{it:it/tn-nom-s-2s};{maliga:maligaq/1n}{li:lik/3nv}{uq:ut/1vn}{ti:&iq/1nn}{it:it/tn-nom-s-2s};{maliga:maligaq/1n}{li:liq/3nv}{uq:ut/1vn}{ti:&iq/1nn}{it:it/tn-nom-s-2s};{maliga:maligaq/1n}{li:liq/2nv}{uq:ut/1vn}{ti:&iq/1nn}{it:it/tn-nom-s-2s};{maliga:maligaq/1n}{li:liaq/2nv}{uq:ut/1vn}{ti:&iq/1nn}{it:it/tn-nom-s-2s};{mali:malik/1v}{ga:gaq/1vn}{liuq:liuq/1nv}{ti:ji/1vn}{it:it/tn-nom-p};{mali:malik/1v}{ga:gaq/1vn}{liuq:liuq/1nv}{ti:tiq/1vn}{it:it/tn-nom-p};{mali:malik/1v}{ga:gaq/1vn}{liuq:liuq/1nv}{ti:ji/1vn}{it:it/tn-gen-p};{mali:malik/1v}{ga:gaq/1vn}{liuq:liuq/1nv}{ti:tiq/1vn}{it:it/tn-gen-p};{mali:malik/1v}{ga:gaq/1vn}{liuq:liuq/1nv}{ti:ji/1vn}{it:it/tn-nom-s-2s};{mali:malik/1v}{ga:gaq/1vn}{liuq:liuq/1nv}{ti:tiq/1vn}{it:it/tn-nom-s-2s};{mali:malik/1v}{ga:gaq/1vn}{li:li/3nv}{uq:uq/3vv}{ti:ji/1vn}{it:it/tn-nom-p};{mali:malik/1v}{ga:gaq/2vv}{li:li/2vv}{uq:uq/3vv}{ti:ji/1vn}{it:it/tn-nom-p};{mali:malik/1v}{ga:gaq/1vn}{li:lik/2nv}{uq:uq/3vv}{ti:ji/1vn}{it:it/tn-nom-p};{mali:malik/1v}{ga:gaq/1vn}{li:lik/3nv}{uq:uq/3vv}{ti:ji/1vn}{it:it/tn-nom-p};{mali:malik/1v}{ga:gaq/1vn}{li:liq/3nv}{uq:uq/3vv}{ti:ji/1vn}{it:it/tn-nom-p};{mali:malik/1v}{ga:gaq/1vn}{li:liq/2nv}{uq:uq/3vv}{ti:ji/1vn}{it:it/tn-nom-p};{mali:malik/1v}{ga:gaq/2vv}{li:liq/1vv}{uq:uq/3vv}{ti:ji/1vn}{it:it/tn-nom-p};{mali:malik/1v}{ga:gaq/1vn}{li:li/3nv}{uq:uq/3vv}{ti:tiq/1vn}{it:it/tn-nom-p};{mali:malik/1v}{ga:gaq/2vv}{li:li/2vv}{uq:uq/3vv}{ti:tiq/1vn}{it:it/tn-nom-p};{mali:malik/1v}{ga:gaq/1vn}{li:lik/2nv}{uq:uq/3vv}{ti:tiq/1vn}{it:it/tn-nom-p};{mali:malik/1v}{ga:gaq/1vn}{li:lik/3nv}{uq:uq/3vv}{ti:tiq/1vn}{it:it/tn-nom-p};{mali:malik/1v}{ga:gaq/1vn}{li:liq/3nv}{uq:uq/3vv}{ti:tiq/1vn}{it:it/tn-nom-p};{mali:malik/1v}{ga:gaq/1vn}{li:liq/2nv}{uq:uq/3vv}{ti:tiq/1vn}{it:it/tn-nom-p};{mali:malik/1v}{ga:gaq/2vv}{li:liq/1vv}{uq:uq/3vv}{ti:tiq/1vn}{it:it/tn-nom-p};{mali:malik/1v}{ga:gaq/1vn}{li:lik/1nn}{uq:ut/2nn}{ti:&iq/1nn}{it:it/tn-nom-p};{mali:malik/1v}{ga:gaq/1vn}{li:li/3nv}{uq:ut/1vn}{ti:&iq/1nn}{it:it/tn-nom-p};{mali:malik/1v}{ga:gaq/2vv}{li:li/2vv}{uq:ut/1vn}{ti:&iq/1nn}{it:it/tn-nom-p};{mali:malik/1v}{ga:gaq/1vn}{li:lik/2nv}{uq:ut/1vn}{ti:&iq/1nn}{it:it/tn-nom-p};{mali:malik/1v}{ga:gaq/1vn}{li:lik/3nv}{uq:ut/1vn}{ti:&iq/1nn}{it:it/tn-nom-p};{mali:malik/1v}{ga:gaq/1vn}{li:liq/3nv}{uq:ut/1vn}{ti:&iq/1nn}{it:it/tn-nom-p};{mali:malik/1v}{ga:gaq/1vn}{li:liq/2nv}{uq:ut/1vn}{ti:&iq/1nn}{it:it/tn-nom-p};{mali:malik/1v}{ga:gaq/2vv}{li:liq/1vv}{uq:ut/1vn}{ti:&iq/1nn}{it:it/tn-nom-p};{mali:malik/1v}{ga:gaq/1vn}{li:liaq/2nv}{uq:ut/1vn}{ti:&iq/1nn}{it:it/tn-nom-p};{mali:malik/1v}{ga:gaq/1vn}{li:li/3nv}{uq:uq/3vv}{ti:ji/1vn}{it:it/tn-gen-p};{mali:malik/1v}{ga:gaq/2vv}{li:li/2vv}{uq:uq/3vv}{ti:ji/1vn}{it:it/tn-gen-p};{mali:malik/1v}{ga:gaq/1vn}{li:lik/2nv}{uq:uq/3vv}{ti:ji/1vn}{it:it/tn-gen-p};{mali:malik/1v}{ga:gaq/1vn}{li:lik/3nv}{uq:uq/3vv}{ti:ji/1vn}{it:it/tn-gen-p};{mali:malik/1v}{ga:gaq/1vn}{li:liq/3nv}{uq:uq/3vv}{ti:ji/1vn}{it:it/tn-gen-p};{mali:malik/1v}{ga:gaq/1vn}{li:liq/2nv}{uq:uq/3vv}{ti:ji/1vn}{it:it/tn-gen-p};{mali:malik/1v}{ga:gaq/2vv}{li:liq/1vv}{uq:uq/3vv}{ti:ji/1vn}{it:it/tn-gen-p};{mali:malik/1v}{ga:gaq/1vn}{li:li/3nv}{uq:uq/3vv}{ti:tiq/1vn}{it:it/tn-gen-p};{mali:malik/1v}{ga:gaq/2vv}{li:li/2vv}{uq:uq/3vv}{ti:tiq/1vn}{it:it/tn-gen-p};{mali:malik/1v}{ga:gaq/1vn}{li:lik/2nv}{uq:uq/3vv}{ti:tiq/1vn}{it:it/tn-gen-p};{mali:malik/1v}{ga:gaq/1vn}{li:lik/3nv}{uq:uq/3vv}{ti:tiq/1vn}{it:it/tn-gen-p};{mali:malik/1v}{ga:gaq/1vn}{li:liq/3nv}{uq:uq/3vv}{ti:tiq/1vn}{it:it/tn-gen-p};{mali:malik/1v}{ga:gaq/1vn}{li:liq/2nv}{uq:uq/3vv}{ti:tiq/1vn}{it:it/tn-gen-p};{mali:malik/1v}{ga:gaq/2vv}{li:liq/1vv}{uq:uq/3vv}{ti:tiq/1vn}{it:it/tn-gen-p};{mali:malik/1v}{ga:gaq/1vn}{li:lik/1nn}{uq:ut/2nn}{ti:&iq/1nn}{it:it/tn-gen-p};{mali:malik/1v}{ga:gaq/1vn}{li:li/3nv}{uq:ut/1vn}{ti:&iq/1nn}{it:it/tn-gen-p};{mali:malik/1v}{ga:gaq/2vv}{li:li/2vv}{uq:ut/1vn}{ti:&iq/1nn}{it:it/tn-gen-p};{mali:malik/1v}{ga:gaq/1vn}{li:lik/2nv}{uq:ut/1vn}{ti:&iq/1nn}{it:it/tn-gen-p};{mali:malik/1v}{ga:gaq/1vn}{li:lik/3nv}{uq:ut/1vn}{ti:&iq/1nn}{it:it/tn-gen-p};{mali:malik/1v}{ga:gaq/1vn}{li:liq/3nv}{uq:ut/1vn}{ti:&iq/1nn}{it:it/tn-gen-p};{mali:malik/1v}{ga:gaq/1vn}{li:liq/2nv}{uq:ut/1vn}{ti:&iq/1nn}{it:it/tn-gen-p};{mali:malik/1v}{ga:gaq/2vv}{li:liq/1vv}{uq:ut/1vn}{ti:&iq/1nn}{it:it/tn-gen-p};{mali:malik/1v}{ga:gaq/1vn}{li:liaq/2nv}{uq:ut/1vn}{ti:&iq/1nn}{it:it/tn-gen-p};{mali:malik/1v}{ga:gaq/1vn}{li:li/3nv}{uq:uq/3vv}{ti:ji/1vn}{it:it/tn-nom-s-2s};{mali:malik/1v}{ga:gaq/2vv}{li:li/2vv}{uq:uq/3vv}{ti:ji/1vn}{it:it/tn-nom-s-2s};{mali:malik/1v}{ga:gaq/1vn}{li:lik/2nv}{uq:uq/3vv}{ti:ji/1vn}{it:it/tn-nom-s-2s};{mali:malik/1v}{ga:gaq/1vn}{li:lik/3nv}{uq:uq/3vv}{ti:ji/1vn}{it:it/tn-nom-s-2s};{mali:malik/1v}{ga:gaq/1vn}{li:liq/3nv}{uq:uq/3vv}{ti:ji/1vn}{it:it/tn-nom-s-2s};{mali:malik/1v}{ga:gaq/1vn}{li:liq/2nv}{uq:uq/3vv}{ti:ji/1vn}{it:it/tn-nom-s-2s};{mali:malik/1v}{ga:gaq/2vv}{li:liq/1vv}{uq:uq/3vv}{ti:ji/1vn}{it:it/tn-nom-s-2s};{mali:malik/1v}{ga:gaq/1vn}{li:li/3nv}{uq:uq/3vv}{ti:tiq/1vn}{it:it/tn-nom-s-2s};{mali:malik/1v}{ga:gaq/2vv}{li:li/2vv}{uq:uq/3vv}{ti:tiq/1vn}{it:it/tn-nom-s-2s};{mali:malik/1v}{ga:gaq/1vn}{li:lik/2nv}{uq:uq/3vv}{ti:tiq/1vn}{it:it/tn-nom-s-2s};{mali:malik/1v}{ga:gaq/1vn}{li:lik/3nv}{uq:uq/3vv}{ti:tiq/1vn}{it:it/tn-nom-s-2s};{mali:malik/1v}{ga:gaq/1vn}{li:liq/3nv}{uq:uq/3vv}{ti:tiq/1vn}{it:it/tn-nom-s-2s};{mali:malik/1v}{ga:gaq/1vn}{li:liq/2nv}{uq:uq/3vv}{ti:tiq/1vn}{it:it/tn-nom-s-2s};{mali:malik/1v}{ga:gaq/2vv}{li:liq/1vv}{uq:uq/3vv}{ti:tiq/1vn}{it:it/tn-nom-s-2s};{mali:malik/1v}{ga:gaq/1vn}{li:lik/1nn}{uq:ut/2nn}{ti:&iq/1nn}{it:it/tn-nom-s-2s};{mali:malik/1v}{ga:gaq/1vn}{li:li/3nv}{uq:ut/1vn}{ti:&iq/1nn}{it:it/tn-nom-s-2s};{mali:malik/1v}{ga:gaq/2vv}{li:li/2vv}{uq:ut/1vn}{ti:&iq/1nn}{it:it/tn-nom-s-2s};{mali:malik/1v}{ga:gaq/1vn}{li:lik/2nv}{uq:ut/1vn}{ti:&iq/1nn}{it:it/tn-nom-s-2s};{mali:malik/1v}{ga:gaq/1vn}{li:lik/3nv}{uq:ut/1vn}{ti:&iq/1nn}{it:it/tn-nom-s-2s};{mali:malik/1v}{ga:gaq/1vn}{li:liq/3nv}{uq:ut/1vn}{ti:&iq/1nn}{it:it/tn-nom-s-2s};{mali:malik/1v}{ga:gaq/1vn}{li:liq/2nv}{uq:ut/1vn}{ti:&iq/1nn}{it:it/tn-nom-s-2s};{mali:malik/1v}{ga:gaq/2vv}{li:liq/1vv}{uq:ut/1vn}{ti:&iq/1nn}{it:it/tn-nom-s-2s};{mali:malik/1v}{ga:gaq/1vn}{li:liaq/2nv}{uq:ut/1vn}{ti:&iq/1nn}{it:it/tn-nom-s-2s},False,False,False,False,False,
hansard,maligaliuqtikkut,{mali:malik/1v}{ga:gaq/1vn}{liuq:liuq/1nv}{ti:ji/1vn}{kkut:kkut/1nn},False,{maliga:maligaq/1n}{liuq:liuq/1nv}{ti:ji/1vn}{kkut:kkut/1nn};{maliga:maligaq/1n}{liuq:liuq/1nv}{ti:tiq/1vn}{kkut:kkut/1nn};{maliga:maligaq/1n}{liuq:liuq/1nv}{ti:ji/1vn}{kkut:kkut/tn-via-s};{maliga:maligaq/1n}{liuq:liuq/1nv}{ti:tiq/1vn}{kkut:kkut/tn-via-s};{maliga:maligaq/1n}{liuq:liuq/1nv}{ti:ji/1vn}{kkut:kkut/tn-via-s-2s};{maliga:maligaq/1n}{liuq:liuq/1nv}{ti:tiq/1vn}{kkut:kkut/tn-via-s-2s};{maliga:maligaq/1n}{liuq:liuq/1nv}{ti:ji/1vn}{kkut:pkut/tn-via-s-1s};{maliga:maligaq/1n}{liuq:liuq/1nv}{ti:tiq/1vn}{kkut:pkut/tn-via-s-1s};{maliga:maligaq/1n}{liuq:liuq/1nv}{ti:ji/1vn}{kkut:pkut/tn-via-p-1s};{maliga:maligaq/1n}{liuq:liuq/1nv}{ti:tiq/1vn}{kkut:pkut/tn-via-p-1s};{maliga:maligaq/1n}{li:li/3nv}{uq:uq/3vv}{ti:ji/1vn}{kkut:kkut/1nn};{maliga:maligaq/1n}{li:lik/2nv}{uq:uq/3vv}{ti:ji/1vn}{kkut:kkut/1nn};{maliga:maligaq/1n}{li:lik/3nv}{uq:uq/3vv}{ti:ji/1vn}{kkut:kkut/1nn};{maliga:maligaq/1n}{li:liq/3nv}{uq:uq/3vv}{ti:ji/1vn}{kkut:kkut/1nn};{maliga:maligaq/1n}{li:liq/2nv}{uq:uq/3vv}{ti:ji/1vn}{kkut:kkut/1nn};{maliga:maligaq/1n}{li:li/3nv}{uq:uq/3vv}{ti:tiq/1vn}{kkut:kkut/1nn};{maliga:maligaq/1n}{li:lik/2nv}{uq:uq/3vv}{ti:tiq/1vn}{kkut:kkut/1nn};{maliga:maligaq/1n}{li:lik/3nv}{uq:uq/3vv}{ti:tiq/1vn}{kkut:kkut/1nn};{maliga:maligaq/1n}{li:liq/3nv}{uq:uq/3vv}{ti:tiq/1vn}{kkut:kkut/1nn};{maliga:maligaq/1n}{li:liq/2nv}{uq:uq/3vv}{ti:tiq/1vn}{kkut:kkut/1nn};{maliga:maligaq/1n}{li:lik/1nn}{uq:ut/2nn}{ti:&iq/1nn}{kkut:kkut/1nn};{maliga:maligaq/1n}{li:li/3nv}{uq:ut/1vn}{ti:&iq/1nn}{kkut:kkut/1nn};{maliga:maligaq/1n}{li:lik/2nv}{uq:ut/1vn}{ti:&iq/1nn}{kkut:kkut/1nn};{maliga:maligaq/1n}{li:lik/3nv}{uq:ut/1vn}{ti:&iq/1nn}{kkut:kkut/1nn};{maliga:maligaq/1n}{li:liq/3nv}{uq:ut/1vn}{ti:&iq/1nn}{kkut:kkut/1nn};{maliga:maligaq/1n}{li:liq/2nv}{uq:ut/1vn}{ti:&iq/1nn}{kkut:kkut/1nn};{maliga:maligaq/1n}{li:liaq/2nv}{uq:ut/1vn}{ti:&iq/1nn}{kkut:kkut/1nn};{maliga:maligaq/1n}{li:li/3nv}{uq:uq/3vv}{ti:ji/1vn}{kkut:kkut/tn-via-s};{maliga:maligaq/1n}{li:lik/2nv}{uq:uq/3vv}{ti:ji/1vn}{kkut:kkut/tn-via-s};{maliga:maligaq/1n}{li:lik/3nv}{uq:uq/3vv}{ti:ji/1vn}{kkut:kkut/tn-via-s};{maliga:maligaq/1n}{li:liq/3nv}{uq:uq/3vv}{ti:ji/1vn}{kkut:kkut/tn-via-s};{maliga:maligaq/1n}{li:liq/2nv}{uq:uq/3vv}{ti:ji/1vn}{kkut:kkut/tn-via-s};{maliga:maligaq/1n}{li:li/3nv}{uq:uq/3vv}{ti:tiq/1vn}{kkut:kkut/tn-via-s};{maliga:maligaq/1n}{li:lik/2nv}{uq:uq/3vv}{ti:tiq/1vn}{kkut:kkut/tn-via-s};{maliga:maligaq/1n}{li:lik/3nv}{uq:uq/3vv}{ti:tiq/1vn}{kkut:kkut/tn-via-s};{maliga:maligaq/1n}{li:liq/3nv}{uq:uq/3vv}{ti:tiq/1vn}{kkut:kkut/tn-via-s};{maliga:maligaq/1n}{li:liq/2nv}{uq:uq/3vv}{ti:tiq/1vn}{kkut:kkut/tn-via-s};{maliga:maligaq/1n}{li:lik/1nn}{uq:ut/2nn}{ti:&iq/1nn}{kkut:kkut/tn-via-s};{maliga:maligaq/1n}{li:li/3nv}{uq:ut/1vn}{ti:&iq/1nn}{kkut:kkut/tn-via-s};{maliga:maligaq/1n}{li:lik/2nv}{uq:ut/1vn}{ti:&iq/1nn}{kkut:kkut/tn-via-s};{maliga:maligaq/1n}{li:lik/3nv}{uq:ut/1vn}{ti:&iq/1nn}{kkut:kkut/tn-via-s};{maliga:maligaq/1n}{li:liq/3nv}{uq:ut/1vn}{ti:&iq/1nn}{kkut:kkut/tn-via-s};{maliga:maligaq/1n}{li:liq/2nv}{uq:ut/1vn}{ti:&iq/1nn}{kkut:kkut/tn-via-s};{maliga:maligaq/1n}{li:liaq/2nv}{uq:ut/1vn}{ti:&iq/1nn}{kkut:kkut/tn-via-s};{maliga:maligaq/1n}{li:li/3nv}{uq:uq/3vv}{ti:ji/1vn}{kkut:kkut/tn-via-s-2s};{maliga:maligaq/1n}{li:lik/2nv}{uq:uq/3vv}{ti:ji/1vn}{kkut:kkut/tn-via-s-2s};{maliga:maligaq/1n}{li:lik/3nv}{uq:uq/3vv}{ti:ji/1vn}{kkut:kkut/tn-via-s-2s};{maliga:maligaq/1n}{li:liq/3nv}{uq:uq/3vv}{ti:ji/1vn}{kkut:kkut/tn-via-s-2s};{maliga:maligaq/1n}{li:liq/2nv}{uq:uq/3vv}{ti:ji/1vn}{kkut:kkut/tn-via-s-2s};{maliga:maligaq/1n}{li:li/3nv}{uq:uq/3vv}{ti:tiq/1vn}{kkut:kkut/tn-via-s-2s};{maliga:maligaq/1n}{li:lik/2nv}{uq:uq/3vv}{ti:tiq/1vn}{kkut:kkut/tn-via-s-2s};{maliga:maligaq/1n}{li:lik/3nv}{uq:uq/3vv}{ti:tiq/1vn}{kkut:kkut/tn-via-s-2s};{maliga:maligaq/1n}{li:liq/3nv}{uq:uq/3vv}{ti:tiq/1vn}{kkut:kkut/tn-via-s-2s};{maliga:maligaq/1n}{li:liq/2nv}{uq:uq/3vv}{ti:tiq/1vn}{kkut:kkut/tn-via-s-2s};{maliga:maligaq/1n}{li:lik/1nn}{uq:ut/2nn}{ti:&iq/1nn}{kkut:kkut/tn-via-s-2s};{maliga:maligaq/1n}{li:li/3nv}{uq:ut/1vn}{ti:&iq/1nn}{kkut:kkut/tn-via-s-2s};{maliga:maligaq/1n}{li:lik/2nv}{uq:ut/1vn}{ti:&iq/1nn}{kkut:kkut/tn-via-s-2s};{maliga:maligaq/1n}{li:lik/3nv}{uq:ut/1vn}{ti:&iq/1nn}{kkut:kkut/tn-via-s-2s};{maliga:maligaq/1n}{li:liq/3nv}{uq:ut/1vn}{ti:&iq/1nn}{kkut:kkut/tn-via-s-2s};{maliga:maligaq/1n}{li:liq/2nv}{uq:ut/1vn}{ti:&iq/1nn}{kkut:kkut/tn-via-s-2s};{maliga:maligaq/1n}{li:liaq/2nv}{uq:ut/1vn}{ti:&iq/1nn}{kkut:kkut/tn-via-s-2s};{maliga:maligaq/1n}{li:li/3nv}{uq:uq/3vv}{ti:ji/1vn}{kkut:pkut/tn-via-s-1s};{maliga:maligaq/1n}{li:lik/2nv}{uq:uq/3vv}{ti:ji/1vn}{kkut:pkut/tn-via-s-1s};{maliga:maligaq/1n}{li:lik/3nv}{uq:uq/3vv}{ti:ji/1vn}{kkut:pkut/tn-via-s-1s};{maliga:maligaq/1n}{li:liq/3nv}{uq:uq/3vv}{ti:ji/1vn}{kkut:pkut/tn-via-s-1s};{maliga:maligaq/1n}{li:liq/2nv}{uq:uq/3vv}{ti:ji/1vn}{kkut:pkut/tn-via-s-1s};{maliga:maligaq/1n}{li:li/3nv}{uq:uq/3vv}{ti:tiq/1vn}{kkut:pkut/tn-via-s-1s};{maliga:maligaq/1n}{li:lik/2nv}{uq:uq/3vv}{ti:tiq/1vn}{kkut:pkut/tn-via-s-1s};{maliga:maligaq/1n}{li:lik/3nv}{uq:uq/3vv}{ti:tiq/1vn}{kkut:pkut/tn-via-s-1s};{maliga:maligaq/1n}{li:liq/3nv}{uq:uq/3vv}{ti:tiq/1vn}{kkut:pkut/tn-via-s-1s};{maliga:maligaq/1n}{li:liq/2nv}{uq:uq/3vv}{ti:tiq/1vn}{kkut:pkut/tn-via-s-1s};{maliga:maligaq/1n}{li:lik/1nn}{uq:ut/2nn}{ti:&iq/1nn}{kkut:pkut/tn-via-s-1s};{maliga:maligaq/1n}{li:li/3nv}{uq:ut/1vn}{ti:&iq/1nn}{kkut:pkut/tn-via-s-1s};{maliga:maligaq/1n}{li:lik/2nv}{uq:ut/1vn}{ti:&iq/1nn}{kkut:pkut/tn-via-s-1s};{maliga:maligaq/1n}{li:lik/3nv}{uq:ut/1vn}{ti:&iq/1nn}{kkut:pkut/tn-via-s-1s};{maliga:maligaq/1n}{li:liq/3nv}{uq:ut/1vn}{ti:&iq/1nn}{kkut:pkut/tn-via-s-1s};{maliga:maligaq/1n}{li:liq/2nv}{uq:ut/1vn}{ti:&iq/1nn}{kkut:pkut/tn-via-s-1s};{maliga:maligaq/1n}{li:liaq/2nv}{uq:ut/1vn}{ti:&iq/1nn}{kkut:pkut/tn-via-s-1s};{maliga:maligaq/1n}{li:li/3nv}{uq:uq/3vv}{ti:ji/1vn}{kkut:pkut/tn-via-p-1s};{maliga:maligaq/1n}{li:lik/2nv}{uq:uq/3vv}{ti:ji/1vn}{kkut:pkut/tn-via-p-1s};{maliga:maligaq/1n}{li:lik/3nv}{uq:uq/3vv}{ti:ji/1vn}{kkut:pkut/tn-via-p-1s};{maliga:maligaq/1n}{li:liq/3nv}{uq:uq/3vv}{ti:ji/1vn}{kkut:pkut/tn-via-p-1s};{maliga:maligaq/1n}{li:liq/2nv}{uq:uq/3vv}{ti:ji/1vn}{kkut:pkut/tn-via-p-1s};{maliga:maligaq/1n}{li:li/3nv}{uq:uq/3vv}{ti:tiq/1vn}{kkut:pkut/tn-via-p-1s};{maliga:maligaq/1n}{li:lik/2nv}{uq:uq/3vv}{ti:tiq/1vn}{kkut:pkut/tn-via-p-1s};{maliga:maligaq/1n}{li:lik/3nv}{uq:uq/3vv}{ti:tiq/1vn}{kkut:pkut/tn-via-p-1s};{maliga:maligaq/1n}{li:liq/3nv}{uq:uq/3vv}{ti:tiq/1vn}{kkut:pkut/tn-via-p-1s};{maliga:maligaq/1n}{li:liq/2nv}{uq:uq/3vv}{ti:tiq/1vn}{kkut:pkut/tn-via-p-1s};{maliga:maligaq/1n}{li:lik/1nn}{uq:ut/2nn}{ti:&iq/1nn}{kkut:pkut/tn-via-p-1s};{maliga:maligaq/1n}{li:li/3nv}{uq:ut/1vn}{ti:&iq/1nn}{kkut:pkut/tn-via-p-1s};{maliga:maligaq/1n}{li:lik/2nv}{uq:ut/1vn}{ti:&iq/1nn}{kkut:pkut/tn-via-p-1s};{maliga:maligaq/1n}{li:lik/3nv}{uq:ut/1vn}{ti:&iq/1nn}{kkut:pkut/tn-via-p-1s};{maliga:maligaq/1n}{li:liq/3nv}{uq:ut/1vn}{ti:&iq/1nn}{kkut:pkut/tn-via-p-1s};{maliga:maligaq/1n}{li:liq/2nv}{uq:ut/1vn}{ti:&iq/1nn}{kkut:pkut/tn-via-p-1s};{maliga:maligaq/1n}{li:liaq/2nv}{uq:ut/1vn}{ti:&iq/1nn}{kkut:pkut/tn-via-p-1s};{mali:malik/1v}{ga:gaq/1vn}{liuq:liuq/1nv}{ti:ji/1vn}{kkut:kkut/1nn};{mali:malik/1v}{ga:gaq/1vn}{liuq:liuq/1nv}{ti:tiq/1vn}{kkut:kkut/1nn};{mali:malik/1v}{ga:gaq/1vn}{liuq:liuq/1nv}{ti:ji/1vn}{kkut:kkut/tn-via-s};{mali:malik/1v}{ga:gaq/1vn}{liuq:liuq/1nv}{ti:tiq/1vn}{kkut:kkut/tn-via-s};{mali:malik/1v}{ga:gaq/1vn}{liuq:liuq/1nv}{ti:ji/1vn}{kkut:kkut/tn-via-s-2s};{mali:malik/1v}{ga:gaq/1vn}{liuq:liuq/1nv}{ti:tiq/1vn}{kkut:kkut/tn-via-s-2s};{mali:malik/1v}{ga:gaq/1vn}{liuq:liuq/1nv}{ti:ji/1vn}{kkut:pkut/tn-via-s-1s};{mali:malik/1v}{ga:gaq/1vn}{liuq:liuq/1nv}{ti:tiq/1vn}{kkut:pkut/tn-via-s-1s};{mali:malik/1v}{ga:gaq/1vn}{liuq:liuq/1nv}{ti:ji/1vn}{kkut:pkut/tn-via-p-1s};{mali:malik/1v}{ga:gaq/1vn}{liuq:liuq/1nv}{ti:tiq/1vn}{kkut:pkut/tn-via-p-1s};{mali:malik/1v}{ga:gaq/1vn}{li:li/3nv}{uq:uq/3vv}{ti:ji/1vn}{kkut:kkut/1nn};{mali:malik/1v}{ga:gaq/2vv}{li:li/2vv}{uq:uq/3vv}{ti:ji/1vn}{kkut:kkut/1nn};{mali:malik/1v}{ga:gaq/1vn}{li:lik/2nv}{uq:uq/3vv}{ti:ji/1vn}{kkut:kkut/1nn};{mali:malik/1v}{ga:gaq/1vn}{li:lik/3nv}{uq:uq/3vv}{ti:ji/1vn}{kkut:kkut/1nn};{mali:malik/1v}{ga:gaq/1vn}{li:liq/3nv}{uq:uq/3vv}{ti:ji/1vn}{kkut:kkut/1nn};{mali:malik/1v}{ga:gaq/1vn}{li:liq/2nv}{uq:uq/3vv}{ti:ji/1vn}{kkut:kkut/1nn};{mali:malik/1v}{ga:gaq/2vv}{li:liq/1vv}{uq:uq/3vv}{ti:ji/1vn}{kkut:kkut/1nn};{mali:malik/1v}{ga:gaq/1vn}{li:li/3nv}{uq:uq/3vv}{ti:tiq/1vn}{kkut:kkut/1nn};{mali:malik/1v}{ga:gaq/2vv}{li:li/2vv}{uq:uq/3vv}{ti:tiq/1vn}{kkut:kkut/1nn};{mali:malik/1v}{ga:gaq/1vn}{li:lik/2nv}{uq:uq/3vv}{ti:tiq/1vn}{kkut:kkut/1nn};{mali:malik/1v}{ga:gaq/1vn}{li:lik/3nv}{uq:uq/3vv}{ti:tiq/1vn}{kkut:kkut/1nn};{mali:malik/1v}{ga:gaq/1vn}{li:liq/3nv}{uq:uq/3vv}{ti:tiq/1vn}{kkut:kkut/1nn};{mali:malik/1v}{ga:gaq/1vn}{li:liq/2nv}{uq:uq/3vv}{ti:tiq/1vn}{kkut:kkut/1nn};{mali:malik/1v}{ga:gaq/2vv}{li:liq/1vv}{uq:uq/3vv}{ti:tiq/1vn}{kkut:kkut/1nn};{mali:malik/1v}{ga:gaq/1vn}{li:lik/1nn}{uq:ut/2nn}{ti:&iq/1nn}{kkut:kkut/1nn};{mali:malik/1v}{ga:gaq/1vn}{li:li/3nv}{uq:ut/1vn}{ti:&iq/1nn}{kkut:kkut/1nn};{mali:malik/1v}{ga:gaq/2vv}{li:li/2vv}{uq:ut/1vn}{ti:&iq/1nn}{kkut:kkut/1nn};{mali:malik/1v}{ga:gaq/1vn}{li:lik/2nv}{uq:ut/1vn}{ti:&iq/1nn}{kkut:kkut/1nn};{mali:malik/1v}{ga:gaq/1vn}{li:lik/3nv}{uq:ut/1vn}{ti:&iq/1nn}{kkut:kkut/1nn};{mali:malik/1v}{ga:gaq/1vn}{li:liq/3nv}{uq:ut/1vn}{ti:&iq/1nn}{kkut:kkut/1nn};{mali:malik/1v}{ga:gaq/1vn}{li:liq/2nv}{uq:ut/1vn}{ti:&iq/1nn}{kkut:kkut/1nn};{mali:malik/1v}{ga:gaq/2vv}{li:liq/1vv}{uq:ut/1vn}{ti:&iq/1nn}{kkut:kkut/1nn};{mali:malik/1v}{ga:gaq/1vn}{li:liaq/2nv}{uq:ut/1vn}{ti:&iq/1nn}{kkut:kkut/1nn};{mali:malik/1v}{ga:gaq/1vn}{li:li/3nv}{uq:uq/3vv}{ti:ji/1vn}{kkut:kkut/tn-via-s};{mali:malik/1v}{ga:gaq/2vv}{li:li/2vv}{uq:uq/3vv}{ti:ji/1vn}{kkut:kkut/tn-via-s};{mali:malik/1v}{ga:gaq/1vn}{li:lik/2nv}{uq:uq/3vv}{ti:ji/1vn}{kkut:kkut/tn-via-s};{mali:malik/1v}{ga:gaq/1vn}{li:lik/3nv}{uq:uq/3vv}{ti:ji/1vn}{kkut:kkut/tn-via-s};{mali:malik/1v}{ga:gaq/1vn}{li:liq/3nv}{uq:uq/3vv}{ti:ji/1vn}{kkut:kkut/tn-via-s};{mali:malik/1v}{ga:gaq/1vn}{li:liq/2nv}{uq:uq/3vv}{ti:ji/1vn}{kkut:kkut/tn-via-s};{mali:malik/1v}{ga:gaq/2vv}{li:liq/1vv}{uq:uq/3vv}{ti:ji/1vn}{kkut:kkut/tn-via-s};{mali:malik/1v}{ga:gaq/1vn}{li:li/3nv}{uq:uq/3vv}{ti:tiq/1vn}{kkut:kkut/tn-via-s};{mali:malik/1v}{ga:gaq/2vv}{li:li/2vv}{uq:uq/3vv}{ti:tiq/1vn}{kkut:kkut/tn-via-s};{mali:malik/1v}{ga:gaq/1vn}{li:lik/2nv}{uq:uq/3vv}{ti:tiq/1vn}{kkut:kkut/tn-via-s};{mali:malik/1v}{ga:gaq/1vn}{li:lik/3nv}{uq:uq/3vv}{ti:tiq/1vn}{kkut:kkut/tn-via-s};{mali:malik/1v}{ga:gaq/1vn}{li:liq/3nv}{uq:uq/3vv}{ti:tiq/1vn}{kkut:kkut/tn-via-s};{mali:malik/1v}{ga:gaq/1vn}{li:liq/2nv}{uq:uq/3vv}{ti:tiq/1vn}{kkut:kkut/tn-via-s};{mali:malik/1v}{ga:gaq/2vv}{li:liq/1vv}{uq:uq/3vv}{ti:tiq/1vn}{kkut:kkut/tn-via-s};{mali:malik/1v}{ga:gaq/1vn}{li:lik/1nn}{uq:ut/2nn}{ti:&iq/1nn}{kkut:kkut/tn-via-s};{mali:malik/1v}{ga:gaq/1vn}{li:li/3nv}{uq:ut/1vn}{ti:&iq/1nn}{kkut:kkut/tn-via-s};{mali:malik/1v}{ga:gaq/2vv}{li:li/2vv}{uq:ut/1vn}{ti:&iq/1nn}{kkut:kkut/tn-via-s};{mali:malik/1v}{ga:gaq/1vn}{li:lik/2nv}{uq:ut/1vn}{ti:&iq/1nn}{kkut:kkut/tn-via-s};{mali:malik/1v}{ga:gaq/1vn}{li:lik/3nv}{uq:ut/1vn}{ti:&iq/1nn}{kkut:kkut/tn-via-s};{mali:malik/1v}{ga:gaq/1vn}{li:liq/3nv}{uq:ut/1vn}{ti:&iq/1nn}{kkut:kkut/tn-via-s};{mali:malik/1v}{ga:gaq/1vn}{li:liq/2nv}{uq:ut/1vn}{ti:&iq/1nn}{kkut:kkut/tn-via-s};{mali:malik/1v}{ga:gaq/2vv}{li:liq/1vv}{uq:ut/1vn}{ti:&iq/1nn}{kkut:kkut/tn-via-s};{mali:malik/1v}{ga:gaq/1vn}{li:liaq/2nv}{uq:ut/1vn}{ti:&iq/1nn}{kkut:kkut/tn-via-s};{mali:malik/1v}{ga:gaq/1vn}{li:li/3nv}{uq:uq/3vv}{ti:ji/1vn}{kkut:kkut/tn-via-s-2s};{mali:malik/1v}{ga:gaq/2vv}{li:li/2vv}{uq:uq/3vv}{ti:ji/1vn}{kkut:kkut/tn-via-s-2s};{mali:malik/1v}{ga:gaq/1vn}{li:lik/2nv}{uq:uq/3vv}{ti:ji/1vn}{kkut:kkut/tn-via-s-2s};{mali:malik/1v}{ga:gaq/1vn}{li:lik/3nv}{uq:uq/3vv}{ti:ji/1vn}{kkut:kkut/tn-via-s-2s};{mali:malik/1v}{ga:gaq/1vn}{li:liq/3nv}{uq:uq/3vv}{ti:ji/1vn}{kkut:kkut/tn-via-s-2s};{mali:malik/1v}{ga:gaq/1vn}{li:liq/2nv}{uq:uq/3vv}{ti:ji/1vn}{kkut:kkut/tn-via-s-2s};{mali:malik/1v}{ga:gaq/2vv}{li:liq/1vv}{uq:uq/3vv}{ti:ji/1vn}{kkut:kkut/tn-via-s-2s};{mali:malik/1v}{ga:gaq/1vn}{li:li/3nv}{uq:uq/3vv}{ti:tiq/1vn}{kkut:kkut/tn-via-s-2s};{mali:malik/1v}{ga:gaq/2vv}{li:li/2vv}{uq:uq/3vv}{ti:tiq/1vn}{kkut:kkut/tn-via-s-2s};{mali:malik/1v}{ga:gaq/1vn}{li:lik/2nv}{uq:uq/3vv}{ti:tiq/1vn}{kkut:kkut/tn-via-s-2s};{mali:malik/1v}{ga:gaq/1vn}{li:lik/3nv}{uq:uq/3vv}{ti:tiq/1vn}{kkut:kkut/tn-via-s-2s};{mali:malik/1v}{ga:gaq/1vn}{li:liq/3nv}{uq:uq/3vv}{ti:tiq/1vn}{kkut:kkut/tn-via-s-2s};{mali:malik/1v}{ga:gaq/1vn}{li:liq/2nv}{uq:uq/3vv}{ti:tiq/1vn}{kkut:kkut/tn-via-s-2s};{mali:malik/1v}{ga:gaq/2vv}{li:liq/1vv}{uq:uq/3vv}{ti:tiq/1vn}{kkut:kkut/tn-via-s-2s};{mali:malik/1v}{ga:gaq/1vn}{li:lik/1nn}{uq:ut/2nn}{ti:&iq/1nn}{kkut:kkut/tn-via-s-2s};{mali:malik/1v}{ga:gaq/1vn}{li:li/3nv}{uq:ut/1vn}{ti:&iq/1nn}{kkut:kkut/tn-via-s-2s};{mali:malik/1v}{ga:gaq/2vv}{li:li/2vv}{uq:ut/1vn}{ti:&iq/1nn}{kkut:kkut/tn-via-s-2s};{mali:malik/1v}{ga:gaq/1vn}{li:lik/2nv}{uq:ut/1vn}{ti:&iq/1nn}{kkut:kkut/tn-via-s-2s};{mali:malik/1v}{ga:gaq/1vn}{li:lik/3nv}{uq:ut/1vn}{ti:&iq/1nn}{kkut:kkut/tn-via-s-2s};{mali:malik/1v}{ga:gaq/1vn}{li:liq/3nv}{uq:ut/1vn}{ti:&iq/1nn}{kkut:kkut/tn-via-s-2s};{mali:malik/1v}{ga:gaq/1vn}{li:liq/2nv}{uq:ut/1vn}{ti:&iq/1nn}{kkut:kkut/tn-via-s-2s};{mali:malik/1v}{ga:gaq/2vv}{li:liq/1vv}{uq:ut/1vn}{ti:&iq/1nn}{kkut:kkut/tn-via-s-2s};{mali:malik/1v}{ga:gaq/1vn}{li:liaq/2nv}{uq:ut/1vn}{ti:&iq/1nn}{kkut:kkut/tn-via-s-2s};{mali:malik/1v}{ga:gaq/1vn}{li:li/3nv}{uq:uq/3vv}{ti:ji/1vn}{kkut:pkut/tn-via-s-1s};{mali:malik/1v}{ga:gaq/2vv}{li:li/2vv}{uq:uq/3vv}{ti:ji/1vn}{kkut:pkut/tn-via-s-1s};{mali:malik/1v}{ga:gaq/1vn}{li:lik/2nv}{uq:uq/3vv}{ti:ji/1vn}{kkut:pkut/tn-via-s-1s};{mali:malik/1v}{ga:gaq/1vn}{li:lik/3nv}{uq:uq/3vv}{ti:ji/1vn}{kkut:pkut/tn-via-s-1s};{mali:malik/1v}{ga:gaq/1vn}{li:liq/3nv}{uq:uq/3vv}{ti:ji/1vn}{kkut:pkut/tn-via-s-1s};{mali:malik/1v}{ga:gaq/1vn}{li:liq/2nv}{uq:uq/3vv}{ti:ji/1vn}{kkut:pkut/tn-via-s-1s};{mali:malik/1v}{ga:gaq/2vv}{li:liq/1vv}{uq:uq/3vv}{ti:ji/1vn}{kkut:pkut/tn-via-s-1s};{mali:malik/1v}{ga:gaq/1vn}{li:li/3nv}{uq:uq/3vv}{ti:tiq/1vn}{kkut:pkut/tn-via-s-1s};{mali:malik/1v}{ga:gaq/2vv}{li:li/2vv}{uq:uq/3vv}{ti:tiq/1vn}{kkut:pkut/tn-via-s-1s};{mali:malik/1v}{ga:gaq/1vn}{li:lik/2nv}{uq:uq/3vv}{ti:tiq/1vn}{kkut:pkut/tn-via-s-1s};{mali:malik/1v}{ga:gaq/1vn}{li:lik/3nv}{uq:uq/3vv}{ti:tiq/1vn}{kkut:pkut/tn-via-s-1s};{mali:malik/1v}{ga:gaq/1vn}{li:liq/3nv}{uq:uq/3vv}{ti:tiq/1vn}{kkut:pkut/tn-via-s-1s};{mali:malik/1v}{ga:gaq/1vn}{li:liq/2nv}{uq:uq/3vv}{ti:tiq/1vn}{kkut:pkut/tn-via-s-1s};{mali:malik/1v}{ga:gaq/2vv}{li:liq/1vv}{uq:uq/3vv}{ti:tiq/1vn}{kkut:pkut/tn-via-s-1s};{mali:malik/1v}{ga:gaq/1vn}{li:lik/1nn}{uq:ut/2nn}{ti:&iq/1nn}{kkut:pkut/tn-via-s-1s};{mali:malik/1v}{ga:gaq/1vn}{li:li/3nv}{uq:ut/1vn}{ti:&iq/1nn}{kkut:pkut/tn-via-s-1s};{mali:malik/1v}{ga:gaq/2vv}{li:li/2vv}{uq:ut/1vn}{ti:&iq/1nn}{kkut:pkut/tn-via-s-1s};{mali:malik/1v}{ga:gaq/1vn}{li:lik/2nv}{uq:ut/1vn}{ti:&iq/1nn}{kkut:pkut/tn-via-s-1s};{mali:malik/1v}{ga:gaq/1vn}{li:lik/3nv}{uq:ut/1vn}{ti:&iq/1nn}{kkut:pkut/tn-via-s-1s};{mali:malik/1v}{ga:gaq/1vn}{li:liq/3nv}{uq:ut/1vn}{ti:&iq/1nn}{kkut:pkut/tn-via-s-1s};{mali:malik/1v}{ga:gaq/1vn}{li:liq/2nv}{uq:ut/1vn}{ti:&iq/1nn}{kkut:pkut/tn-via-s-1s};{mali:malik/1v}{ga:gaq/2vv}{li:liq/1vv}{uq:ut/1vn}{ti:&iq/1nn}{kkut:pkut/tn-via-s-1s};{mali:malik/1v}{ga:gaq/1vn}{li:liaq/2nv}{uq:ut/1vn}{ti:&iq/1nn}{kkut:pkut/tn-via-s-1s};{mali:malik/1v}{ga:gaq/1vn}{li:li/3nv}{uq:uq/3vv}{ti:ji/1vn}{kkut:pkut/tn-via-p-1s};{mali:malik/1v}{ga:gaq/2vv}{li:li/2vv}{uq:uq/3vv}{ti:ji/1vn}{kkut:pkut/tn-via-p-1s};{mali:malik/1v}{ga:gaq/1vn}{li:lik/2nv}{uq:uq/3vv}{ti:ji/1vn}{kkut:pkut/tn-via-p-1s};{mali:malik/1v}{ga:gaq/1vn}{li:lik/3nv}{uq:uq/3vv}{ti:ji/1vn}{kkut:pkut/tn-via-p-1s};{mali:malik/1v}{ga:gaq/1vn}{li:liq/3nv}{uq:uq/3vv}{ti:ji/1vn}{kkut:pkut/tn-via-p-1s};{mali:malik/1v}{ga:gaq/1vn}{li:liq/2nv}{uq:uq/3vv}{ti:ji/1vn}{kkut:pkut/tn-via-p-1s};{mali:malik/1v}{ga:gaq/2vv}{li:liq/1vv}{uq:uq/3vv}{ti:ji/1vn}{kkut:pkut/tn-via-p-1s};{mali:malik/1v}{ga:gaq/1vn}{li:li/3nv}{uq:uq/3vv}{ti:tiq/1vn}{kkut:pkut/tn-via-p-1s};{mali:malik/1v}{ga:gaq/2vv}{li:li/2vv}{uq:uq/3vv}{ti:tiq/1vn}{kkut:pkut/tn-via-p-1s};{mali:malik/1v}{ga:gaq/1vn}{li:lik/2nv}{uq:uq/3vv}{ti:tiq/1vn}{kkut:pkut/tn-via-p-1s};{mali:malik/1v}{ga:gaq/1vn}{li:lik/3nv}{uq:uq/3vv}{ti:tiq/1vn}{kkut:pkut/tn-via-p-1s};{mali:malik/1v}{ga:gaq/1vn}{li:liq/3nv}{uq:uq/3vv}{ti:tiq/1vn}{kkut:pkut/tn-via-p-1s};{mali:malik/1v}{ga:gaq/1vn}{li:liq/2nv}{uq:uq/3vv}{ti:tiq/1vn}{kkut:pkut/tn-via-p-1s};{mali:malik/1v}{ga:gaq/2vv}{li:liq/1vv}{uq:uq/3vv}{ti:tiq/1vn}{kkut:pkut/tn-via-p-1s};{mali:malik/1v}{ga:gaq/1vn}{li:lik/1nn}{uq:ut/2nn}{ti:&iq/1nn}{kkut:pkut/tn-via-p-1s};{mali:malik/1v}{ga:gaq/1vn}{li:li/3nv}{uq:ut/1vn}{ti:&iq/1nn}{kkut:pkut/tn-via-p-1s};{mali:malik/1v}{ga:gaq/2vv}{li:li/2vv}{uq:ut/1vn}{ti:&iq/1nn}{kkut:pkut/tn-via-p-1s};{mali:malik/1v}{ga:gaq/1vn}{li:lik/2nv}{uq:ut/1vn}{ti:&iq/1nn}{kkut:pkut/tn-via-p-1s};{mali:malik/1v}{ga:gaq/1vn}{li:lik/3nv}{uq:ut/1vn}{ti:&iq/1nn}{kkut:pkut/tn-via-p-1s};{mali:malik/1v}{ga:gaq/1vn}{li:liq/3nv}{uq:ut/1vn}{ti:&iq/1nn}{kkut:pkut/tn-via-p-1s};{mali:malik/1v}{ga:gaq/1vn}{li:liq/2nv}{uq:ut/1vn}{ti:&iq/1nn}{kkut:pkut/tn-via-p-1s};{mali:malik/1v}{ga:gaq/2vv}{li:liq/1vv}{uq:ut/1vn}{ti:&iq/1nn}{kkut:pkut/tn-via-p-1s};{mali:malik/1v}{ga:gaq/1vn}{li:liaq/2nv}{uq:ut/1vn}{ti:&iq/1nn}{kkut:pkut/tn-via-p-1s},False,False,False,False,False,
hansard,maligaliuqtilimaanut,{mali:malik/1v}{ga:gaq/1vn}{liuq:liuq/1nv}{ti:ji/1vn}{limaa:limaaq/1nn}{nut:nut/tn-dat-p},False,{maliga:maligaq/1n}{liuq:liuq/1nv}{ti:ji/1vn}{limaa:limaaq/1nn}{nut:nut/tn-dat-p};{maliga:maligaq/1n}{liuq:liuq/1nv}{ti:tiq/1vn}{limaa:limaaq/1nn}{nut:nut/tn-dat-p};{maliga:maligaq/1n}{liuq:liuq/1nv}{ti:ji/1vn}{lima:limaaq/1nn}{anut:nganut/tn-dat-s-4s};{maliga:maligaq/1n}{liuq:liuq/1nv}{ti:tiq/1vn}{lima:limaaq/1nn}{anut:nganut/tn-dat-s-4s};{maliga:maligaq/1n}{li:li/3nv}{uq:uq/3vv}{ti:ji/1vn}{limaa:limaaq/1nn}{nut:nut/tn-dat-p};{maliga:maligaq/1n}{li:lik/2nv}{uq:uq/3vv}{ti:ji/1vn}{limaa:limaaq/1nn}{nut:nut/tn-dat-p};{maliga:maligaq/1n}{li:lik/3nv}{uq:uq/3vv}{ti:ji/1vn}{limaa:limaaq/1nn}{nut:nut/tn-dat-p};{maliga:maligaq/1n}{li:liq/3nv}{uq:uq/3vv}{ti:ji/1vn}{limaa:limaaq/1nn}{nut:nut/tn-dat-p};{maliga:maligaq/1n}{li:liq/2nv}{uq:uq/3vv}{ti:ji/1vn}{limaa:limaaq/1nn}{nut:nut/tn-dat-p};{maliga:maligaq/1n}{li:li/3nv}{uq:uq/3vv}{ti:tiq/1vn}{limaa:limaaq/1nn}{nut:nut/tn-dat-p};{maliga:maligaq/1n}{li:lik/2nv}{uq:uq/3vv}{ti:tiq/1vn}{limaa:limaaq/1nn}{nut:nut/tn-dat-p};{maliga:maligaq/1n}{li:lik/3nv}{uq:uq/3vv}{ti:tiq/1vn}{limaa:limaaq/1nn}{nut:nut/tn-dat-p};{maliga:maligaq/1n}{li:liq/3nv}{uq:uq/3vv}{ti:tiq/1vn}{limaa:limaaq/1nn}{nut:nut/tn-dat-p};{maliga:maligaq/1n}{li:liq/2nv}{uq:uq/3vv}{ti:tiq/1vn}{limaa:limaaq/1nn}{nut:nut/tn-dat-p};{maliga:maligaq/1n}{li:lik/1nn}{uq:ut/2nn}{ti:&iq/1nn}{limaa:limaaq/1nn}{nut:nut/tn-dat-p};{maliga:maligaq/1n}{li:li/3nv}{uq:ut/1vn}{ti:&iq/1nn}{limaa:limaaq/1nn}{nut:nut/tn-dat-p};{maliga:maligaq/1n}{li:lik/2nv}{uq:ut/1vn}{ti:&iq/1nn}{limaa:limaaq/1nn}{nut:nut/tn-dat-p};{maliga:maligaq/1n}{li:lik/3nv}{uq:ut/1vn}{ti:&iq/1nn}{limaa:limaaq/1nn}{nut:nut/tn-dat-p};{maliga:maligaq/1n}{li:liq/3nv}{uq:ut/1vn}{ti:&iq/1nn}{limaa:limaaq/1nn}{nut:nut/tn-dat-p};{maliga:maligaq/1n}{li:liq/2nv}{uq:ut/1vn}{ti:&iq/1nn}{limaa:limaaq/1nn}{nut:nut/tn-dat-p};{maliga:maligaq/1n}{li:liaq/2nv}{uq:ut/1vn}{ti:&iq/1nn}{limaa:limaaq/1nn}{nut:nut/tn-dat-p};{maliga:maligaq/1n}{li:li/3nv}{uq:uq/3vv}{ti:ji/1vn}{lima:limaaq/1nn}{anut:nganut/tn-dat-s-4s};{maliga:maligaq/1n}{li:lik/2nv}{uq:uq/3vv}{ti:ji/1vn}{lima:limaaq/1nn}{anut:nganut/tn-dat-s-4s};{maliga:maligaq/1n}{li:lik/3nv}{uq:uq/3vv}{ti:ji/1vn}{lima:limaaq/1nn}{anut:nganut/tn-dat-s-4s};{maliga:maligaq/1n}{li:liq/3nv}{uq:uq/3vv}{ti:ji/1vn}{lima:limaaq/1nn}{anut:nganut/tn-dat-s-4s};{maliga:maligaq/1n}{li:liq/2nv}{uq:uq/3vv}{ti:ji/1vn}{lima:limaaq/1nn}{anut:nganut/tn-dat-s-4s};{maliga:maligaq/1n}{li:li/3nv}{uq:uq/3vv}{ti:tiq/1vn}{lima:limaaq/1nn}{anut:nganut/tn-dat-s-4s};{maliga:maligaq/1n}{li:lik/2nv}{uq:uq/3vv}{ti:tiq/1vn}{lima:limaaq/1nn}{anut:nganut/tn-dat-s-4s};{maliga:maligaq/1n}{li:lik/3nv}{uq:uq/3vv}{ti:tiq/1vn}{lima:limaaq/1nn}{anut:nganut/tn-dat-s-4s};{maliga:maligaq/1n}{li:liq/3nv}{uq:uq/3vv}{ti:tiq/1vn}{lima:limaaq/1nn}{anut:nganut/tn-dat-s-4s};{maliga:maligaq/1n}{li:liq/2nv}{uq:uq/3vv}{ti:tiq/1vn}{lima:limaaq/1nn}{anut:nganut/tn-dat-s-4s};{maliga:maligaq/1n}{li:lik/1nn}{uq:ut/2nn}{ti:&iq/1nn}{lima:limaaq/1nn}{anut:nganut/tn-dat-s-4s};{maliga:maligaq/1n}{li:li/3nv}{uq:ut/1vn}{ti:&iq/1nn}{lima:limaaq/1nn}{anut:nganut/tn-dat-s-4s};{maliga:maligaq/1n}{li:lik/2nv}{uq:ut/1vn}{ti:&iq/1nn}{lima:limaaq/1nn}{anut:nganut/tn-dat-s-4s};{maliga:maligaq/1n}{li:lik/3nv}{uq:ut/1vn}{ti:&iq/1nn}{lima:limaaq/1nn}{anut:nganut/tn-dat-s-4s};{maliga:maligaq/1n}{li:liq/3nv}{uq:ut/1vn}{ti:&iq/1nn}{lima:limaaq/1nn}{anut:nganut/tn-dat-s-4s};{maliga:maligaq/1n}{li:liq/2nv}{uq:ut/1vn}{ti:&iq/1nn}{lima:limaaq/1nn}{anut:nganut/tn-dat-s-4s};{maliga:maligaq/1n}{li:liaq/2nv}{uq:ut/1vn}{ti:&iq/1nn}{lima:limaaq/1nn}{anut:nganut/tn-dat-s-4s};{mali:malik/1v}{ga:gaq/1vn}{liuq:liuq/1nv}{ti:ji/1vn}{limaa:limaaq/1nn}{nut:nut/tn-dat-p};{mali:malik/1v}{ga:gaq/1vn}{liuq:liuq/1nv}{ti:tiq/1vn}{limaa:limaaq/1nn}{nut:nut/tn-dat-p};{mali:malik/1v}{ga:gaq/1vn}{liuq:liuq/1nv}{ti:ji/1vn}{lima:limaaq/1nn}{anut:nganut/tn-dat-s-4s};{mali:malik/1v}{ga:gaq/1vn}{liuq:liuq/1nv}{ti:tiq/1vn}{lima:limaaq/1nn}{anut:nganut/tn-dat-s-4s};{mali:malik/1v}{ga:gaq/1vn}{li:li/3nv}{uq:uq/3vv}{ti:ji/1vn}{limaa:limaaq/1nn}{nut:nut/tn-dat-p};{mali:malik/1v}{ga:gaq/2vv}{li:li/2vv}{uq:uq/3vv}{ti:ji/1vn}{limaa:limaaq/1nn}{nut:nut/tn-dat-p};{mali:malik/1v}{ga:gaq/1vn}{li:lik/2nv}{uq:uq/3vv}{ti:ji/1vn}{limaa:limaaq/1nn}{nut:nut/tn-dat-p};{mali:malik/1v}{ga:gaq/1vn}{li:lik/3nv}{uq:uq/3vv}{ti:ji/1vn}{limaa:limaaq/1nn}{nut:nut/tn-dat-p};{mali:malik/1v}{ga:gaq/1vn}{li:liq/3nv}{uq:uq/3vv}{ti:ji/1vn}{limaa:limaaq/1nn}{nut:nut/tn-dat-p};{mali:malik/1v}{ga:gaq/1vn}{li:liq/2nv}{uq:uq/3vv}{ti:ji/1vn}{limaa:limaaq/1nn}{nut:nut/tn-dat-p};{mali:malik/1v}{ga:gaq/2vv}{li:liq/1vv}{uq:uq/3vv}{ti:ji/1vn}{limaa:limaaq/1nn}{nut:nut/tn-dat-p};{mali:malik/1v}{ga:gaq/1vn}{li:li/3nv}{uq:uq/3vv}{ti:tiq/1vn}{limaa:limaaq/1nn}{nut:nut/tn-dat-p};{mali:malik/1v}{ga:gaq/2vv}{li:li/2vv}{uq:uq/3vv}{ti:tiq/1vn}{limaa:limaaq/1nn}{nut:nut/tn-dat-p};{mali:malik/1v}{ga:gaq/1vn}{li:lik/2nv}{uq:uq/3vv}{ti:tiq/1vn}{limaa:limaaq/1nn}{nut:nut/tn-dat-p};{mali:malik/1v}{ga:gaq/1vn}{li:lik/3nv}{uq:uq/3vv}{ti:tiq/1vn}{limaa:limaaq/1nn}{nut:nut/tn-dat-p};{mali:malik/1v}{ga:gaq/1vn}{li:liq/3nv}{uq:uq/3vv}{ti:tiq/1vn}{limaa:limaaq/1nn}{nut:nut/tn-dat-p};{mali:malik/1v}{ga:gaq/1vn}{li:liq/2nv}{uq:uq/3vv}{ti:tiq/1vn}{limaa:limaaq/1nn}{nut:nut/tn-dat-p};{mali:malik/1v}{ga:gaq/2vv}{li:liq/1vv}{uq:uq/3vv}{ti:tiq/1vn}{limaa:limaaq/1nn}{nut:nut/tn-dat-p};{mali:malik/1v}{ga:gaq/1vn}{li:lik/1nn}{uq:ut/2nn}{ti:&iq/1nn}{limaa:limaaq/1nn}{nut:nut/tn-dat-p};{mali:malik/1v}{ga:gaq/1vn}{li:li/3nv}{uq:ut/1vn}{ti:&iq/1nn}{limaa:limaaq/1nn}{nut:nut/tn-dat-p};{mali:malik/1v}{ga:gaq/2vv}{li:li/2vv}{uq:ut/1vn}{ti:&iq/1nn}{limaa:limaaq/1nn}{nut:nut/tn-dat-p};{mali:malik/1v}{ga:gaq/1vn}{li:lik/2nv}{uq:ut/1vn}{ti:&iq/1nn}{limaa:limaaq/1nn}{nut:nut/tn-dat-p};{mali:malik/1v}{ga:gaq/1vn}{li:lik/3nv}{uq:ut/1vn}{ti:&iq/1nn}{limaa:limaaq/1nn}{nut:nut/tn-dat-p};{mali:malik/1v}{ga:gaq/1vn}{li:liq/3nv}{uq:ut/1vn}{ti:&iq/1nn}{limaa:limaaq/1nn}{nut:nut/tn-dat-p};{mali:malik/1v}{ga:gaq/1vn}{li:liq/2nv}{uq:ut/1vn}{ti:&iq/1nn}{limaa:limaaq/1nn}{nut:nut/tn-dat-p};{mali:malik/1v}{ga:gaq/2vv}{li:liq/1vv}{uq:ut/1vn}{ti:&iq/1nn}{limaa:limaaq/1nn}{nut:nut/tn-dat-p};{mali:malik/1v}{ga:gaq/1vn}{li:liaq/2nv}{uq:ut/1vn}{ti:&iq/1nn}{limaa:limaaq/1nn}{nut:nut/tn-dat-p};{mali:malik/1v}{ga:gaq/1vn}{li:li/3nv}{uq:uq/3vv}{ti:ji/1vn}{lima:limaaq/1nn}{anut:nganut/tn-dat-s-4s};{mali:malik/1v}{ga:gaq/2vv}{li:li/2vv}{uq:uq/3vv}{ti:ji/1vn}{lima:limaaq/1nn}{anut:nganut/tn-dat-s-4s};{mali:malik/1v}{ga:gaq/1vn}{li:lik/2nv}{uq:uq/3vv}{ti:ji/1vn}{lima:limaaq/1nn}{anut:nganut/tn-dat-s-4s};{mali:malik/1v}{ga:gaq/1vn}{li:lik/3nv}{uq:uq/3vv}{ti:ji/1vn}{lima:limaaq/1nn}{anut:nganut/tn-dat-s-4s};{mali:malik/1v}{ga:gaq/1vn}{li:liq/3nv}{uq:uq/3vv}{ti:ji/1vn}{lima:limaaq/1nn}{anut:nganut/tn-dat-s-4s};{mali:malik/1v}{ga:gaq/1vn}{li:liq/2nv}{uq:uq/3vv}{ti:ji/1vn}{lima:limaaq/1nn}{anut:nganut/tn-dat-s-4s};{mali:malik/1v}{ga:gaq/2vv}{li:liq/1vv}{uq:uq/3vv}{ti:ji/1vn}{lima:limaaq/1nn}{anut:nganut/tn-dat-s-4s};{mali:malik/1v}{ga:gaq/1vn}{li:li/3nv}{uq:uq/3vv}{ti:tiq/1vn}{lima:limaaq/1nn}{anut:nganut/tn-dat-s-4s};{mali:malik/1v}{ga:gaq/2vv}{li:li/2vv}{uq:uq/3vv}{ti:tiq/1vn}{lima:limaaq/1nn}{anut:nganut/tn-dat-s-4s};{mali:malik/1v}{ga:gaq/1vn}{li:lik/2nv}{uq:uq/3vv}{ti:tiq/1vn}{lima:limaaq/1nn}{anut:nganut/tn-dat-s-4s};{mali:malik/1v}{ga:gaq/1vn}{li:lik/3nv}{uq:uq/3vv}{ti:tiq/1vn}{lima:limaaq/1nn}{anut:nganut/tn-dat-s-4s};{mali:malik/1v}{ga:gaq/1vn}{li:liq/3nv}{uq:uq/3vv}{ti:tiq/1vn}{lima:limaaq/1nn}{anut:nganut/tn-dat-s-4s};{mali:malik/1v}{ga:gaq/1vn}{li:liq/2nv}{uq:uq/3vv}{ti:tiq/1vn}{lima:limaaq/1nn}{anut:nganut/tn-dat-s-4s};{mali:malik/1v}{ga:gaq/2vv}{li:liq/1vv}{uq:uq/3vv}{ti:tiq/1vn}{lima:limaaq/1nn}{anut:nganut/tn-dat-s-4s};{mali:malik/1v}{ga:gaq/1vn}{li:lik/1nn}{uq:ut/2nn}{ti:&iq/1nn}{lima:limaaq/1nn}{anut:nganut/tn-dat-s-4s};{mali:malik/1v}{ga:gaq/1vn}{li:li/3nv}{uq:ut/1vn}{ti:&iq/1nn}{lima:limaaq/1nn}{anut:nganut/tn-dat-s-4s};{mali:malik/1v}{ga:gaq/2vv}{li:li/2vv}{uq:ut/1vn}{ti:&iq/1nn}{lima:limaaq/1nn}{anut:nganut/tn-dat-s-4s};{mali:malik/1v}{ga:gaq/1vn}{li:lik/2nv}{uq:ut/1vn}{ti:&iq/1nn}{lima:limaaq/1nn}{anut:nganut/tn-dat-s-4s};{mali:malik/1v}{ga:gaq/1vn}{li:lik/3nv}{uq:ut/1vn}{ti:&iq/1nn}{lima:limaaq/1nn}{anut:nganut/tn-dat-s-4s};{mali:malik/1v}{ga:gaq/1vn}{li:liq/3nv}{uq:ut/1vn}{ti:&iq/1nn}{lima:limaaq/1nn}{anut:nganut/tn-dat-s-4s};{mali:malik/1v}{ga:gaq/1vn}{li:liq/2nv}{uq:ut/1vn}{ti:&iq/1nn}{lima:limaaq/1nn}{anut:nganut/tn-dat-s-4s};{mali:malik/1v}{ga:gaq/2vv}{li:liq/1vv}{uq:ut/1vn}{ti:&iq/1nn}{lima:limaaq/1nn}{anut:nganut/tn-dat-s-4s};{mali:malik/1v}{ga:gaq/1vn}{li:liaq/2nv}{uq:ut/1vn}{ti:&iq/1nn}{lima:limaaq/1nn}{anut:nganut/tn-dat-s-4s},False,False,False,False,False,
hansard,maligaliuqtilimaat,{mali:malik/1v}{ga:gaq/1vn}{liuq:liuq/1nv}{ti:ji/1vn}{limaa:limaaq/1nn}{t:it/tn-nom-p},False,{maliga:maligaq/1n}{liuq:liuq/1nv}{ti:ji/1vn}{limaa:limaaq/1nn}{t:it/tn-nom-p};{maliga:maligaq/1n}{liuq:liuq/1nv}{ti:tiq/1vn}{limaa:limaaq/1nn}{t:it/tn-nom-p};{maliga:maligaq/1n}{liuq:liuq/1nv}{ti:ji/1vn}{limaa:limaaq/1nn}{t:it/tn-gen-p};{maliga:maligaq/1n}{liuq:liuq/1nv}{ti:tiq/1vn}{limaa:limaaq/1nn}{t:it/tn-gen-p};{maliga:maligaq/1n}{liuq:liuq/1nv}{ti:ji/1vn}{limaa:limaaq/1nn}{t:it/tn-nom-s-2s};{maliga:maligaq/1n}{liuq:liuq/1nv}{ti:tiq/1vn}{limaa:limaaq/1nn}{t:it/tn-nom-s-2s};{maliga:maligaq/1n}{li:li/3nv}{uq:uq/3vv}{ti:ji/1vn}{limaa:limaaq/1nn}{t:it/tn-nom-p};{maliga:maligaq/1n}{li:lik/2nv}{uq:uq/3vv}{ti:ji/1vn}{limaa:limaaq/1nn}{t:it/tn-nom-p};{maliga:maligaq/1n}{li:lik/3nv}{uq:uq/3vv}{ti:ji/1vn}{limaa:limaaq/1nn}{t:it/tn-nom-p};{maliga:maligaq/1n}{li:liq/3nv}{uq:uq/3vv}{ti:ji/1vn}{limaa:limaaq/1nn}{t:it/tn-nom-p};{maliga:maligaq/1n}{li:liq/2nv}{uq:uq/3vv}{ti:ji/1vn}{limaa:limaaq/1nn}{t:it/tn-nom-p};{maliga:maligaq/1n}{li:li/3nv}{uq:uq/3vv}{ti:tiq/1vn}{limaa:limaaq/1nn}{t:it/tn-nom-p};{maliga:maligaq/1n}{li:lik/2nv}{uq:uq/3vv}{ti:tiq/1vn}{limaa:limaaq/1nn}{t:it/tn-nom-p};{maliga:maligaq/1n}{li:lik/3nv}{uq:uq/3vv}{ti:tiq/1vn}{limaa:limaaq/1nn}{t:it/tn-nom-p};{maliga:maligaq/1n}{li:liq/3nv}{uq:uq/3vv}{ti:tiq/1vn}{limaa:limaaq/1nn}{t:it/tn-nom-p};{maliga:maligaq/1n}{li:liq/2nv}{uq:uq/3vv}{ti:tiq/1vn}{limaa:limaaq/1nn}{t:it/tn-nom-p};{maliga:maligaq/1n}{li:lik/1nn}{uq:ut/2nn}{ti:&iq/1nn}{limaa:limaaq/1nn}{t:it/tn-nom-p};{maliga:maligaq/1n}{li:li/3nv}{uq:ut/1vn}{ti:&iq/1nn}{limaa:limaaq/1nn}{t:it/tn-nom-p};{maliga:maligaq/1n}{li:lik/2nv}{uq:ut/1vn}{ti:&iq/1nn}{limaa:limaaq/1nn}{t:it/tn-nom-p};{maliga:maligaq/1n}{li:lik/3nv}{uq:ut/1vn}{ti:&iq/1nn}{limaa:limaaq/1nn}{t:it/tn-nom-p};{maliga:maligaq/1n}{li:liq/3nv}{uq:ut/1vn}{ti:&iq/1nn}{limaa:limaaq/1nn}{t:it/tn-nom-p};{maliga:maligaq/1n}{li:liq/2nv}{uq:ut/1vn}{ti:&iq/1nn}{limaa:limaaq/1nn}{t:it/tn-nom-p};{maliga:maligaq/1n}{li:liaq/2nv}{uq:ut/1vn}{ti:&iq/1nn}{limaa:limaaq/1nn}{t:it/tn-nom-p};{maliga:maligaq/1n}{li:li/3nv}{uq:uq/3vv}{ti:ji/1vn}{limaa:limaaq/1nn}{t:it/tn-gen-p};{maliga:maligaq/1n}{li:lik/2nv}{uq:uq/3vv}{ti:ji/1vn}{limaa:limaaq/1nn}{t:it/tn-gen-p};{maliga:maligaq/1n}{li:lik/3nv}{uq:uq/3vv}{ti:ji/1vn}{limaa:limaaq/1nn}{t:it/tn-gen-p};{maliga:maligaq/1n}{li:liq/3nv}{uq:uq/3vv}{ti:ji/1vn}{limaa:limaaq/1nn}{t:it/tn-gen-p};{maliga:maligaq/1n}{li:liq/2nv}{uq:uq/3vv}{ti:ji/1vn}{limaa:limaaq/1nn}{t:it/tn-gen-p};{maliga:maligaq/1n}{li:li/3nv}{uq:uq/3vv}{ti:tiq/1vn}{limaa:limaaq/1nn}{t:it/tn-gen-p};{maliga:maligaq/1n}{li:lik/2nv}{uq:uq/3vv}{ti:tiq/1vn}{limaa:limaaq/1nn}{t:it/tn-gen-p};{maliga:maligaq/1n}{li:lik/3nv}{uq:uq/3vv}{ti:tiq/1vn}{limaa:limaaq/1nn}{t:it/tn-gen-p};{maliga:maligaq/1n}{li:liq/3nv}{uq:uq/3vv}{ti:tiq/1vn}{limaa:limaaq/1nn}{t:it/tn-gen-p};{maliga:maligaq/1n}{li:liq/2nv}{uq:uq/3vv}{ti:tiq/1vn}{limaa:limaaq/1nn}{t:it/tn-gen-p};{maliga:maligaq/1n}{li:lik/1nn}{uq:ut/2nn}{ti:&iq/1nn}{limaa:limaaq/1nn}{t:it/tn-gen-p};{maliga:maligaq/1n}{li:li/3nv}{uq:ut/1vn}{ti:&iq/1nn}{limaa:limaaq/1nn}{t:it/tn-gen-p};{maliga:maligaq/1n}{li:lik/2nv}{uq:ut/1vn}{ti:&iq/1nn}{limaa:limaaq/1nn}{t:it/tn-gen-p};{maliga:maligaq/1n}{li:lik/3nv}{uq:ut/1vn}{ti:&iq/1nn}{limaa:limaaq/1nn}{t:it/tn-gen-p};{maliga:maligaq/1n}{li:liq/3nv}{uq:ut/1vn}{ti:&iq/1nn}{limaa:limaaq/1nn}{t:it/tn-gen-p};{maliga:maligaq/1n}{li:liq/2nv}{uq:ut/1vn}{ti:&iq/1nn}{limaa:limaaq/1nn}{t:it/tn-gen-p};{maliga:maligaq/1n}{li:liaq/2nv}{uq:ut/1vn}{ti:&iq/1nn}{limaa:limaaq/1nn}{t:it/tn-gen-p};{maliga:maligaq/1n}{li:li/3nv}{uq:uq/3vv}{ti:ji/1vn}{limaa:limaaq/1nn}{t:it/tn-nom-s-2s};{maliga:maligaq/1n}{li:lik/2nv}{uq:uq/3vv}{ti:ji/1vn}{limaa:limaaq/1nn}{t:it/tn-nom-s-2s};{maliga:maligaq/1n}{li:lik/3nv}{uq:uq/3vv}{ti:ji/1vn}{limaa:limaaq/1nn}{t:it/tn-nom-s-2s};{maliga:maligaq/1n}{li:liq/3nv}{uq:uq/3vv}{ti:ji/1vn}{limaa:limaaq/1nn}{t:it/tn-nom-s-2s};{maliga:maligaq/1n}{li:liq/2nv}{uq:uq/3vv}{ti:ji/1vn}{limaa:limaaq/1nn}{t:it/tn-nom-s-2s};{maliga:maligaq/1n}{li:li/3nv}{uq:uq/3vv}{ti:tiq/1vn}{limaa:limaaq/1nn}{t:it/tn-nom-s-2s};{maliga:maligaq/1n}{li:lik/2nv}{uq:uq/3vv}{ti:tiq/1vn}{limaa:limaaq/1nn}{t:it/tn-nom-s-2s};{maliga:maligaq/1n}{li:lik/3nv}{uq:uq/3vv}{ti:tiq/1vn}{limaa:limaaq/1nn}{t:it/tn-nom-s-2s};{maliga:maligaq/1n}{li:liq/3nv}{uq:uq/3vv}{ti:tiq/1vn}{limaa:limaaq/1nn}{t:it/tn-nom-s-2s};{maliga:maligaq/1n}{li:liq/2nv}{uq:uq/3vv}{ti:tiq/1vn}{limaa:limaaq/1nn}{t:it/tn-nom-s-2s};{maliga:maligaq/1n}{li:lik/1nn}{uq:ut/2nn}{ti:&iq/1nn}{limaa:limaaq/1nn}{t:it/tn-nom-s-2s};{maliga:maligaq/1n}{li:li/3nv}{uq:ut/1vn}{ti:&iq/1nn}{limaa:limaaq/1nn}{t:it/tn-nom-s-2s};{maliga:maligaq/1n}{li:lik/2nv}{uq:ut/1vn}{ti:&iq/1nn}{limaa:limaaq/1nn}{t:it/tn-nom-s-2s};{maliga:maligaq/1n}{li:lik/3nv}{uq:ut/1vn}{ti:&iq/1nn}{limaa:limaaq/1nn}{t:it/tn-nom-s-2s};{maliga:maligaq/1n}{li:liq/3nv}{uq:ut/1vn}{ti:&iq/1nn}{limaa:limaaq/1nn}{t:it/tn-nom-s-2s};{maliga:maligaq/1n}{li:liq/2nv}{uq:ut/1vn}{ti:&iq/1nn}{limaa:limaaq/1nn}{t:it/tn-nom-s-2s};{maliga:maligaq/1n}{li:liaq/2nv}{uq:ut/1vn}{ti:&iq/1nn}{limaa:limaaq/1nn}{t:it/tn-nom-s-2s};{mali:malik/1v}{ga:gaq/1vn}{liuq:liuq/1nv}{ti:ji/1vn}{limaa:limaaq/1nn}{t:it/tn-nom-p};{mali:malik/1v}{ga:gaq/1vn}{liuq:liuq/1nv}{ti:tiq/1vn}{limaa:limaaq/1nn}{t:it/tn-nom-p};{mali:malik/1v}{ga:gaq/1vn}{liuq:liuq/1nv}{ti:ji/1vn}{limaa:limaaq/1nn}{t:it/tn-gen-p};{mali:malik/1v}{ga:gaq/1vn}{liuq:liuq/1nv}{ti:tiq/1vn}{limaa:limaaq/1nn}{t:it/tn-gen-p};{mali:malik/1v}{ga:gaq/1vn}{liuq:liuq/1nv}{ti:ji/1vn}{limaa:limaaq/1nn}{t:it/tn-nom-s-2s};{mali:malik/1v}{ga:gaq/1vn}{liuq:liuq/1nv}{ti:tiq/1vn}{limaa:limaaq/1nn}{t:it/tn-nom-s-2s};{mali:malik/1v}{ga:gaq/1vn}{li:li/3nv}{uq:uq/3vv}{ti:ji/1vn}{limaa:limaaq/1nn}{t:it/tn-nom-p};{mali:malik/1v}{ga:gaq/2vv}{li:li/2vv}{uq:uq/3vv}{ti:ji/1vn}{limaa:limaaq/1nn}{t:it/tn-nom-p};{mali:malik/1v}{ga:gaq/1vn}{li:lik/2nv}{uq:uq/3vv}{ti:ji/1vn}{limaa:limaaq/1nn}{t:it/tn-nom-p};{mali:malik/1v}{ga:gaq/1vn}{li:lik/3nv}{uq:uq/3vv}{ti:ji/1vn}{limaa:limaaq/1nn}{t:it/tn-nom-p};{mali:malik/1v}{ga:gaq/1vn}{li:liq/3nv}{uq:uq/3vv}{ti:ji/1vn}{limaa:limaaq/1nn}{t:it/tn-nom-p};{mali:malik/1v}{ga:gaq/1vn}{li:liq/2nv}{uq:uq/3vv}{ti:ji/1vn}{limaa:limaaq/1nn}{t:it/tn-nom-p};{mali:malik/1v}{ga:gaq/2vv}{li:liq/1vv}{uq:uq/3vv}{ti:ji/1vn}{limaa:limaaq/1nn}{t:it/tn-nom-p};{mali:malik/1v}{ga:gaq/1vn}{li:li/3nv}{uq:uq/3vv}{ti:tiq/1vn}{limaa:limaaq/1nn}{t:it/tn-nom-p};{mali:malik/1v}{ga:gaq/2vv}{li:li/2vv}{uq:uq/3vv}{ti:tiq/1vn}{limaa:limaaq/1nn}{t:it/tn-nom-p};{mali:malik/1v}{ga:gaq/1vn}{li:lik/2nv}{uq:uq/3vv}{ti:tiq/1vn}{limaa:limaaq/1nn}{t:it/tn-nom-p};{mali:malik/1v}{ga:gaq/1vn}{li:lik/3nv}{uq:uq/3vv}{ti:tiq/1vn}{limaa:limaaq/1nn}{t:it/tn-nom-p};{mali:malik/1v}{ga:gaq/1vn}{li:liq/3nv}{uq:uq/3vv}{ti:tiq/1vn}{limaa:limaaq/1nn}{t:it/tn-nom-p};{mali:malik/1v}{ga:gaq/1vn}{li:liq/2nv}{uq:uq/3vv}{ti:tiq/1vn}{limaa:limaaq/1nn}{t:it/tn-nom-p};{mali:malik/1v}{ga:gaq/2vv}{li:liq/1vv}{uq:uq/3vv}{ti:tiq/1vn}{limaa:limaaq/1nn}{t:it/tn-nom-p};{mali:malik/1v}{ga:gaq/1vn}{li:lik/1nn}{uq:ut/2nn}{ti:&iq/1nn}{limaa:limaaq/1nn}{t:it/tn-nom-p};{mali:malik/1v}{ga:gaq/1vn}{li:li/3nv}{uq:ut/1vn}{ti:&iq/1nn}{limaa:limaaq/1nn}{t:it/tn-nom-p};{mali:malik/1v}{ga:gaq/2vv}{li:li/2vv}{uq:ut/1vn}{ti:&iq/1nn}{limaa:limaaq/1nn}{t:it/tn-nom-p};{mali:malik/1v}{ga:gaq/1vn}{li:lik/2nv}{uq:ut/1vn}{ti:&iq/1nn}{limaa:limaaq/1nn}{t:it/tn-nom-p};{mali:malik/1v}{ga:gaq/1vn}{li:lik/3nv}{uq:ut/1vn}{ti:&iq/1nn}{limaa:limaaq/1nn}{t:it/tn-nom-p};{mali:malik/1v}{ga:gaq/1vn}{li:liq/3nv}{uq:ut/1vn}{ti:&iq/1nn}{limaa:limaaq/1nn}{t:it/tn-nom-p};{mali:malik/1v}{ga:gaq/1vn}{li:liq/2nv}{uq:ut/1vn}{ti:&iq/1nn}{limaa:limaaq/1nn}{t:it/tn-nom-p};{mali:malik/1v}{ga:gaq/2vv}{li:liq/1vv}{uq:ut/1vn}{ti:&iq/1nn}{limaa:limaaq/1nn}{t:it/tn-nom-p};{mali:malik/1v}{ga:gaq/1vn}{li:liaq/2nv}{uq:ut/1vn}{ti:&iq/1nn}{limaa:limaaq/1nn}{t:it/tn-nom-p};{mali:malik/1v}{ga:gaq/1vn}{li:li/3nv}{uq:uq/3vv}{ti:ji/1vn}{limaa:limaaq/1nn}{t:it/tn-gen-p};{mali:malik/1v}{ga:gaq/2vv}{li:li/2vv}{uq:uq/3vv}{ti:ji/1vn}{limaa:limaaq/1nn}{t:it/tn-gen-p};{mali:malik/1v}{ga:gaq/1vn}{li:lik/2nv}{uq:uq/3vv}{ti:ji/1vn}{limaa:limaaq/1nn}{t:it/tn-gen-p};{mali:malik/1v}{ga:gaq/1vn}{li:lik/3nv}{uq:uq/3vv}{ti:ji/1vn}{limaa:limaaq/1nn}{t:it/tn-gen-p};{mali:malik/1v}{ga:gaq/1vn}{li:liq/3nv}{uq:uq/3vv}{ti:ji/1vn}{limaa:limaaq/1nn}{t:it/tn-gen-p};{mali:malik/1v}{ga:gaq/1vn}{li:liq/2nv}{uq:uq/3vv}{ti:ji/1vn}{limaa:limaaq/1nn}{t:it/tn-gen-p};{mali:malik/1v}{ga:gaq/2vv}{li:liq/1vv}{uq:uq/3vv}{ti:ji/1vn}{limaa:limaaq/1nn}{t:it/tn-gen-p};{mali:malik/1v}{ga:gaq/1vn}{li:li/3nv}{uq:uq/3vv}{ti:tiq/1vn}{limaa:limaaq/1nn}{t:it/tn-gen-p};{mali:malik/1v}{ga:gaq/2vv}{li:li/2vv}{uq:uq/3vv}{ti:tiq/1vn}{limaa:limaaq/1nn}{t:it/tn-gen-p};{mali:malik/1v}{ga:gaq/1vn}{li:lik/2nv}{uq:uq/3vv}{ti:tiq/1vn}{limaa:limaaq/1nn}{t:it/tn-gen-p};{mali:malik/1v}{ga:gaq/1vn}{li:lik/3nv}{uq:uq/3vv}{ti:tiq/1vn}{limaa:limaaq/1nn}{t:it/tn-gen-p};{mali:malik/1v}{ga:gaq/1vn}{li:liq/3nv}{uq:uq/3vv}{ti:tiq/1vn}{limaa:limaaq/1nn}{t:it/tn-gen-p};{mali:malik/1v}{ga:gaq/1vn}{li:liq/2nv}{uq:uq/3vv}{ti:tiq/1vn}{limaa:limaaq/1nn}{t:it/tn-gen-p};{mali:malik/1v}{ga:gaq/2vv}{li:liq/1vv}{uq:uq/3vv}{ti:tiq/1vn}{limaa:limaaq/1nn}{t:it/tn-gen-p};{mali:malik/1v}{ga:gaq/1vn}{li:lik/1nn}{uq:ut/2nn}{ti:&iq/1nn}{limaa:limaaq/1nn}{t:it/tn-gen-p};{mali:malik/1v}{ga:gaq/1vn}{li:li/3nv}{uq:ut/1vn}{ti:&iq/1nn}{limaa:limaaq/1nn}{t:it/tn-gen-p};{mali:malik/1v}{ga:gaq/2vv}{li:li/2vv}{uq:ut/1vn}{ti:&iq/1nn}{limaa:limaaq/1nn}{t:it/tn-gen-p};{mali:malik/1v}{ga:gaq/1vn}{li:lik/2nv}{uq:ut/1vn}{ti:&iq/1nn}{limaa:limaaq/1nn}{t:it/tn-gen-p};{mali:malik/1v}{ga:gaq/1vn}{li:lik/3nv}{uq:ut/1vn}{ti:&iq/1nn}{limaa:limaaq/1nn}{t:it/tn-gen-p};{mali:malik/1v}{ga:gaq/1vn}{li:liq/3nv}{uq:ut/1vn}{ti:&iq/1nn}{limaa:limaaq/1nn}{t:it/tn-gen-p};{mali:malik/1v}{ga:gaq/1vn}{li:liq/2nv}{uq:ut/1vn}{ti:&iq/1nn}{limaa:limaaq/1nn}{t:it/tn-gen-p};{mali:malik/1v}{ga:gaq/2vv}{li:liq/1vv}{uq:ut/1vn}{ti:&iq/1nn}{limaa:limaaq/1nn}{t:it/tn-gen-p};{mali:malik/1v}{ga:gaq/1vn}{li:liaq/2nv}{uq:ut/1vn}{ti:&iq/1nn}{limaa:limaaq/1nn}{t:it/tn-gen-p};{mali:malik/1v}{ga:gaq/1vn}{li:li/3nv}{uq:uq/3vv}{ti:ji/1vn}{limaa:limaaq/1nn}{t:it/tn-nom-s-2s};{mali:malik/1v}{ga:gaq/2vv}{li:li/2vv}{uq:uq/3vv}{ti:ji/1vn}{limaa:limaaq/1nn}{t:it/tn-nom-s-2s};{mali:malik/1v}{ga:gaq/1vn}{li:lik/2nv}{uq:uq/3vv}{ti:ji/1vn}{limaa:limaaq/1nn}{t:it/tn-nom-s-2s};{mali:malik/1v}{ga:gaq/1vn}{li:lik/3nv}{uq:uq/3vv}{ti:ji/1vn}{limaa:limaaq/1nn}{t:it/tn-nom-s-2s};{mali:malik/1v}{ga:gaq/1vn}{li:liq/3nv}{uq:uq/3vv}{ti:ji/1vn}{limaa:limaaq/1nn}{t:it/tn-nom-s-2s};{mali:malik/1v}{ga:gaq/1vn}{li:liq/2nv}{uq:uq/3vv}{ti:ji/1vn}{limaa:limaaq/1nn}{t:it/tn-nom-s-2s};{mali:malik/1v}{ga:gaq/2vv}{li:liq/1vv}{uq:uq/3vv}{ti:ji/1vn}{limaa:limaaq/1nn}{t:it/tn-nom-s-2s};{mali:malik/1v}{ga:gaq/1vn}{li:li/3nv}{uq:uq/3vv}{ti:tiq/1vn}{limaa:limaaq/1nn}{t:it/tn-nom-s-2s};{mali:malik/1v}{ga:gaq/2vv}{li:li/2vv}{uq:uq/3vv}{ti:tiq/1vn}{limaa:limaaq/1nn}{t:it/tn-nom-s-2s};{mali:malik/1v}{ga:gaq/1vn}{li:lik/2nv}{uq:uq/3vv}{ti:tiq/1vn}{limaa:limaaq/1nn}{t:it/tn-nom-s-2s};{mali:malik/1v}{ga:gaq/1vn}{li:lik/3nv}{uq:uq/3vv}{ti:tiq/1vn}{limaa:limaaq/1nn}{t:it/tn-nom-s-2s};{mali:malik/1v}{ga:gaq/1vn}{li:liq/3nv}{uq:uq/3vv}{ti:tiq/1vn}{limaa:limaaq/1nn}{t:it/tn-nom-s-2s};{mali:malik/1v}{ga:gaq/1vn}{li:liq/2nv}{uq:uq/3vv}{ti:tiq/1vn}{limaa:limaaq/1nn}{t:it/tn-nom-s-2s};{mali:malik/1v}{ga:gaq/2vv}{li:liq/1vv}{uq:uq/3vv}{ti:tiq/1vn}{limaa:limaaq/1nn}{t:it/tn-nom-s-2s};{mali:malik/1v}{ga:gaq/1vn}{li:lik/1nn}{uq:ut/2nn}{ti:&iq/1nn}{limaa:limaaq/1nn}{t:it/tn-nom-s-2s};{mali:malik/1v}{ga:gaq/1vn}{li:li/3nv}{uq:ut/1vn}{ti:&iq/1nn}{limaa:limaaq/1nn}{t:it/tn-nom-s-2s};{mali:malik/1v}{ga:gaq/2vv}{li:li/2vv}{uq:ut/1vn}{ti:&iq/1nn}{limaa:limaaq/1nn}{t:it/tn-nom-s-2s};{mali:malik/1v}{ga:gaq/1vn}{li:lik/2nv}{uq:ut/1vn}{ti:&iq/1nn}{limaa:limaaq/1nn}{t:it/tn-nom-s-2s};{mali:malik/1v}{ga:gaq/1vn}{li:lik/3nv}{uq:ut/1vn}{ti:&iq/1nn}{limaa:limaaq/1nn}{t:it/tn-nom-s-2s};{mali:malik/1v}{ga:gaq/1vn}{li:liq/3nv}{uq:ut/1vn}{ti:&iq/1nn}{limaa:limaaq/1nn}{t:it/tn-nom-s-2s};{mali:malik/1v}{ga:gaq/1vn}{li:liq/2nv}{uq:ut/1vn}{ti:&iq/1nn}{limaa:limaaq/1nn}{t:it/tn-nom-s-2s};{mali:malik/1v}{ga:gaq/2vv}{li:liq/1vv}{uq:ut/1vn}{ti:&iq/1nn}{limaa:limaaq/1nn}{t:it/tn-nom-s-2s};{mali:malik/1v}{ga:gaq/1vn}{li:liaq/2nv}{uq:ut/1vn}{ti:&iq/1nn}{limaa:limaaq/1nn}{t:it/tn-nom-s-2s},False,False,False,False,False,
hansard,maligaliuqtimut,{mali:malik/1v}{ga:gaq/1vn}{liuq:liuq/1nv}{ti:ji/1vn}{mut:mut/tn-dat-s},False,{maliga:maligaq/1n}{liuq:liuq/1nv}{ti:ji/1vn}{mut:mut/tn-dat-s};{maliga:maligaq/1n}{liuq:liuq/1nv}{ti:tiq/1vn}{mut:mut/tn-dat-s};{maliga:maligaq/1n}{li:li/3nv}{uq:uq/3vv}{ti:ji/1vn}{mut:mut/tn-dat-s};{maliga:maligaq/1n}{li:lik/2nv}{uq:uq/3vv}{ti:ji/1vn}{mut:mut/tn-dat-s};{maliga:maligaq/1n}{li:lik/3nv}{uq:uq/3vv}{ti:ji/1vn}{mut:mut/tn-dat-s};{maliga:maligaq/1n}{li:liq/3nv}{uq:uq/3vv}{ti:ji/1vn}{mut:mut/tn-dat-s};{maliga:maligaq/1n}{li:liq/2nv}{uq:uq/3vv}{ti:ji/1vn}{mut:mut/tn-dat-s};{maliga:maligaq/1n}{li:li/3nv}{uq:uq/3vv}{ti:tiq/1vn}{mut:mut/tn-dat-s};{maliga:maligaq/1n}{li:lik/2nv}{uq:uq/3vv}{ti:tiq/1vn}{mut:mut/tn-dat-s};{maliga:maligaq/1n}{li:lik/3nv}{uq:uq/3vv}{ti:tiq/1vn}{mut:mut/tn-dat-s};{maliga:maligaq/1n}{li:liq/3nv}{uq:uq/3vv}{ti:tiq/1vn}{mut:mut/tn-dat-s};{maliga:maligaq/1n}{li:liq/2nv}{uq:uq/3vv}{ti:tiq/1vn}{mut:mut/tn-dat-s};{maliga:maligaq/1n}{li:lik/1nn}{uq:ut/2nn}{ti:&iq/1nn}{mut:mut/tn-dat-s};{maliga:maligaq/1n}{li:li/3nv}{uq:ut/1vn}{ti:&iq/1nn}{mut:mut/tn-dat-s};{maliga:maligaq/1n}{li:lik/2nv}{uq:ut/1vn}{ti:&iq/1nn}{mut:mut/tn-dat-s};{maliga:maligaq/1n}{li:lik/3nv}{uq:ut/1vn}{ti:&iq/1nn}{mut:mut/tn-dat-s};{maliga:maligaq/1n}{li:liq/3nv}{uq:ut/1vn}{ti:&iq/1nn}{mut:mut/tn-dat-s};{maliga:maligaq/1n}{li:liq/2nv}{uq:ut/1vn}{ti:&iq/1nn}{mut:mut/tn-dat-s};{maliga:maligaq/1n}{li:liaq/2nv}{uq:ut/1vn}{ti:&iq/1nn}{mut:mut/tn-dat-s};{mali:malik/1v}{ga:gaq/1vn}{liuq:liuq/1nv}{ti:ji/1vn}{mut:mut/tn-dat-s};{mali:malik/1v}{ga:gaq/1vn}{liuq:liuq/1nv}{ti:tiq/1vn}{mut:mut/tn-dat-s};{mali:malik/1v}{ga:gaq/1vn}{li:li/3nv}{uq:uq/3vv}{ti:ji/1vn}{mut:mut/tn-dat-s};{mali:malik/1v}{ga:gaq/2vv}{li:li/2vv}{uq:uq/3vv}{ti:ji/1vn}{mut:mut/tn-dat-s};{mali:malik/1v}{ga:gaq/1vn}{li:lik/2nv}{uq:uq/3vv}{ti:ji/1vn}{mut:mut/tn-dat-s};{mali:malik/1v}{ga:gaq/1vn}{li:lik/3nv}{uq:uq/3vv}{ti:ji/1vn}{mut:mut/tn-dat-s};{mali:malik/1v}{ga:gaq/1vn}{li:liq/3nv}{uq:uq/3vv}{ti:ji/1vn}{mut:mut/tn-dat-s};{mali:malik/1v}{ga:gaq/1vn}{li:liq/2nv}{uq:uq/3vv}{ti:ji/1vn}{mut:mut/tn-dat-s};{mali:malik/1v}{ga:gaq/2vv}{li:liq/1vv}{uq:uq/3vv}{ti:ji/1vn}{mut:mut/tn-dat-s};{mali:malik/1v}{ga:gaq/1vn}{li:li/3nv}{uq:uq/3vv}{ti:tiq/1vn}{mut:mut/tn-dat-s};{mali:malik/1v}{ga:gaq/2vv}{li:li/2vv}{uq:uq/3vv}{ti:tiq/1vn}{mut:mut/tn-dat-s};{mali:malik/1v}{ga:gaq/1vn}{li:lik/2nv}{uq:uq/3vv}{ti:tiq/1vn}{mut:mut/tn-dat-s};{mali:malik/1v}{ga:gaq/1vn}{li:lik/3nv}{uq:uq/3vv}{ti:tiq/1vn}{mut:mut/tn-dat-s};{mali:malik/1v}{ga:gaq/1vn}{li:liq/3nv}{uq:uq/3vv}{ti:tiq/1vn}{mut:mut/tn-dat-s};{mali:malik/1v}{ga:gaq/1vn}{li:liq/2nv}{uq:uq/3vv}{ti:tiq/1vn}{mut:mut/tn-dat-s};{mali:malik/1v}{ga:gaq/2vv}{li:liq/1vv}{uq:uq/3vv}{ti:tiq/1vn}{mut:mut/tn-dat-s};{mali:malik/1v}{ga:gaq/1vn}{li:lik/1nn}{uq:ut/2nn}{ti:&iq/1nn}{mut:mut/tn-dat-s};{mali:malik/1v}{ga:gaq/1vn}{li:li/3nv}{uq:ut/1vn}{ti:&iq/1nn}{mut:mut/tn-dat-s};{mali:malik/1v}{ga:gaq/2vv}{li:li/2vv}{uq:ut/1vn}{ti:&iq/1nn}{mut:mut/tn-dat-s};{mali:malik/1v}{ga:gaq/1vn}{li:lik/2nv}{uq:ut/1vn}{ti:&iq/1nn}{mut:mut/tn-dat-s};{mali:malik/1v}{ga:gaq/1vn}{li:lik/3nv}{uq:ut/1vn}{ti:&iq/1nn}{mut:mut/tn-dat-s};{mali:malik/1v}{ga:gaq/1vn}{li:liq/3nv}{uq:ut/1vn}{ti:&iq/1nn}{mut:mut/tn-dat-s};{mali:malik/1v}{ga:gaq/1vn}{li:liq/2nv}{uq:ut/1vn}{ti:&iq/1nn}{mut:mut/tn-dat-s};{mali:malik/1v}{ga:gaq/2vv}{li:liq/1vv}{uq:ut/1vn}{ti:&iq/1nn}{mut:mut/tn-dat-s};{mali:malik/1v}{ga:gaq/1vn}{li:liaq/2nv}{uq:ut/1vn}{ti:&iq/1nn}{mut:mut/tn-dat-s},False,False,False,False,False,
hansard,maligaliuqtinik,{mali:malik/1v}{ga:gaq/1vn}{liuq:liuq/1nv}{ti:ji/1vn}{nik:nik/tn-acc-p},False,{maliga:maligaq/1n}{liuq:liuq/1nv}{ti:ji/1vn}{nik:nik/tn-acc-p};{maliga:maligaq/1n}{liuq:liuq/1nv}{ti:tiq/1vn}{nik:nik/tn-acc-p};{maliga:maligaq/1n}{liuq:liuq/1nv}{ti:tiq/1vn}{nik:ngnik/tn-acc-s-2s};{maliga:maligaq/1n}{liuq:liuq/1nv}{ti:ji/1vn}{nik:ngnik/tn-acc-s-2s};{maliga:maligaq/1n}{liuq:liuq/1nv}{ti:ji/1vn}{nik:ngnik/tn-acc-p-2s};{maliga:maligaq/1n}{liuq:liuq/1nv}{ti:tiq/1vn}{nik:ngnik/tn-acc-p-2s};{maliga:maligaq/1n}{liuq:liuq/1nv}{ti:ji/1vn}{nik:mnik/tn-acc-s-1s};{maliga:maligaq/1n}{liuq:liuq/1nv}{ti:tiq/1vn}{nik:mnik/tn-acc-s-1s};{maliga:maligaq/1n}{liuq:liuq/1nv}{ti:ji/1vn}{nik:mnik/tn-acc-p-1s};{maliga:maligaq/1n}{liuq:liuq/1nv}{ti:tiq/1vn}{nik:mnik/tn-acc-p-1s};{maliga:maligaq/1n}{li:li/3nv}{uq:uq/3vv}{ti:ji/1vn}{nik:nik/tn-acc-p};{maliga:maligaq/1n}{li:lik/2nv}{uq:uq/3vv}{ti:ji/1vn}{nik:nik/tn-acc-p};{maliga:maligaq/1n}{li:lik/3nv}{uq:uq/3vv}{ti:ji/1vn}{nik:nik/tn-acc-p};{maliga:maligaq/1n}{li:liq/3nv}{uq:uq/3vv}{ti:ji/1vn}{nik:nik/tn-acc-p};{maliga:maligaq/1n}{li:liq/2nv}{uq:uq/3vv}{ti:ji/1vn}{nik:nik/tn-acc-p};{maliga:maligaq/1n}{li:li/3nv}{uq:uq/3vv}{ti:tiq/1vn}{nik:nik/tn-acc-p};{maliga:maligaq/1n}{li:lik/2nv}{uq:uq/3vv}{ti:tiq/1vn}{nik:nik/tn-acc-p};{maliga:maligaq/1n}{li:lik/3nv}{uq:uq/3vv}{ti:tiq/1vn}{nik:nik/tn-acc-p};{maliga:maligaq/1n}{li:liq/3nv}{uq:uq/3vv}{ti:tiq/1vn}{nik:nik/tn-acc-p};{maliga:maligaq/1n}{li:liq/2nv}{uq:uq/3vv}{ti:tiq/1vn}{nik:nik/tn-acc-p};{maliga:maligaq/1n}{li:lik/1nn}{uq:ut/2nn}{ti:&iq/1nn}{nik:nik/tn-acc-p};{maliga:maligaq/1n}{li:li/3nv}{uq:ut/1vn}{ti:&iq/1nn}{nik:nik/tn-acc-p};{maliga:maligaq/1n}{li:lik/2nv}{uq:ut/1vn}{ti:&iq/1nn}{nik:nik/tn-acc-p};{maliga:maligaq/1n}{li:lik/3nv}{uq:ut/1vn}{ti:&iq/1nn}{nik:nik/tn-acc-p};{maliga:maligaq/1n}{li:liq/3nv}{uq:ut/1vn}{ti:&iq/1nn}{nik:nik/tn-acc-p};{maliga:maligaq/1n}{li:liq/2nv}{uq:ut/1vn}{ti:&iq/1nn}{nik:nik/tn-acc-p};{maliga:maligaq/1n}{li:liaq/2nv}{uq:ut/1vn}{ti:&iq/1nn}{nik:nik/tn-acc-p};{maliga:maligaq/1n}{li:li/3nv}{uq:uq/3vv}{ti:tiq/1vn}{nik:ngnik/tn-acc-s-2s};{maliga:maligaq/1n}{li:lik/2nv}{uq:uq/3vv}{ti:tiq/1vn}{nik:ngnik/tn-acc-s-2s};{maliga:maligaq/1n}{li:lik/3nv}{uq:uq/3vv}{ti:tiq/1vn}{nik:ngnik/tn-acc-s-2s};{maliga:maligaq/1n}{li:liq/3nv}{uq:uq/3vv}{ti:tiq/1vn}{nik:ngnik/tn-acc-s-2s};{maliga:maligaq/1n}{li:liq/2nv}{uq:uq/3vv}{ti:tiq/1vn}{nik:ngnik/tn-acc-s-2s};{maliga:maligaq/1n}{li:lik/1nn}{uq:ut/2nn}{ti:&iq/1nn}{nik:ngnik/tn-acc-s-2s};{maliga:maligaq/1n}{li:li/3nv}{uq:ut/1vn}{ti:&iq/1nn}{nik:ngnik/tn-acc-s-2s};{maliga:maligaq/1n}{li:lik/2nv}{uq:ut/1vn}{ti:&iq/1nn}{nik:ngnik/tn-acc-s-2s};{maliga:maligaq/1n}{li:lik/3nv}{uq:ut/1vn}{ti:&iq/1nn}{nik:ngnik/tn-acc-s-2s};{maliga:maligaq/1n}{li:liq/3nv}{uq:ut/1vn}{ti:&iq/1nn}{nik:ngnik/tn-acc-s-2s};{maliga:maligaq/1n}{li:liq/2nv}{uq:ut/1vn}{ti:&iq/1nn}{nik:ngnik/tn-acc-s-2s};{maliga:maligaq/1n}{li:liaq/2nv}{uq:ut/1vn}{ti:&iq/1nn}{nik:ngnik/tn-acc-s-2s};{maliga:maligaq/1n}{li:li/3nv}{uq:uq/3vv}{ti:ji/1vn}{nik:ngnik/tn-acc-s-2s};{maliga:maligaq/1n}{li:lik/2nv}{uq:uq/3vv}{ti:ji/1vn}{nik:ngnik/tn-acc-s-2s};{maliga:maligaq/1n}{li:lik/3nv}{uq:uq/3vv}{ti:ji/1vn}{nik:ngnik/tn-acc-s-2s};{maliga:maligaq/1n}{li:liq/3nv}{uq:uq/3vv}{ti:ji/1vn}{nik:ngnik/tn-acc-s-2s};{maliga:maligaq/1n}{li:liq/2nv}{uq:uq/3vv}{ti:ji/1vn}{nik:ngnik/tn-acc-s-2s};{maliga:maligaq/1n}{li:li/3nv}{uq:uq/3vv}{ti:ji/1vn}{nik:ngnik/tn-acc-p-2s};{maliga:maligaq/1n}{li:lik/2nv}{uq:uq/3vv}{ti:ji/1vn}{nik:ngnik/tn-acc-p-2s};{maliga:maligaq/1n}{li:lik/3nv}{uq:uq/3vv}{ti:ji/1vn}{nik:ngnik/tn-acc-p-2s};{maliga:maligaq/1n}{li:liq/3nv}{uq:uq/3vv}{ti:ji/1vn}{nik:ngnik/tn-acc-p-2s};{maliga:maligaq/1n}{li:liq/2nv}{uq:uq/3vv}{ti:ji/1vn}{nik:ngnik/tn-acc-p-2s};{maliga:maligaq/1n}{li:li/3nv}{uq:uq/3vv}{ti:tiq/1vn}{nik:ngnik/tn-acc-p-2s};{maliga:maligaq/1n}{li:lik/2nv}{uq:uq/3vv}{ti:tiq/1vn}{nik:ngnik/tn-acc-p-2s};{maliga:maligaq/1n}{li:lik/3nv}{uq:uq/3vv}{ti:tiq/1vn}{nik:ngnik/tn-acc-p-2s};{maliga:maligaq/1n}{li:liq/3nv}{uq:uq/3vv}{ti:tiq/1vn}{nik:ngnik/tn-acc-p-2s};{maliga:maligaq/1n}{li:liq/2nv}{uq:uq/3vv}{ti:tiq/1vn}{nik:ngnik/tn-acc-p-2s};{maliga:maligaq/1n}{li:lik/1nn}{uq:ut/2nn}{ti:&iq/1nn}{nik:ngnik/tn-acc-p-2s};{maliga:maligaq/1n}{li:li/3nv}{uq:ut/1vn}{ti:&iq/1nn}{nik:ngnik/tn-acc-p-2s};{maliga:maligaq/1n}{li:lik/2nv}{uq:ut/1vn}{ti:&iq/1nn}{nik:ngnik/tn-acc-p-2s};{maliga:maligaq/1n}{li:lik/3nv}{uq:ut/1vn}{ti:&iq/1nn}{nik:ngnik/tn-acc-p-2s};{maliga:maligaq/1n}{li:liq/3nv}{uq:ut/1vn}{ti:&iq/1nn}{nik:ngnik/tn-acc-p-2s};{maliga:maligaq/1n}{li:liq/2nv}{uq:ut/1vn}{ti:&iq/1nn}{nik:ngnik/tn-acc-p-2s};{maliga:maligaq/1n}{li:liaq/2nv}{uq:ut/1vn}{ti:&iq/1nn}{nik:ngnik/tn-acc-p-2s};{maliga:maligaq/1n}{li:li/3nv}{uq:uq/3vv}{ti:ji/1vn}{nik:mnik/tn-acc-s-1s};{maliga:maligaq/1n}{li:lik/2nv}{uq:uq/3vv}{ti:ji/1vn}{nik:mnik/tn-acc-s-1s};{maliga:maligaq/1n}{li:lik/3nv}{uq:uq/3vv}{ti:ji/1vn}{nik:mnik/tn-acc-s-1s};{maliga:maligaq/1n}{li:liq/3nv}{uq:uq/3vv}{ti:ji/1vn}{nik:mnik/tn-acc-s-1s};{maliga:maligaq/1n}{li:liq/2nv}{uq:uq/3vv}{ti:ji/1vn}{nik:mnik/tn-acc-s-1s};{maliga:maligaq/1n}{li:li/3nv}{uq:uq/3vv}{ti:tiq/1vn}{nik:mnik/tn-acc-s-1s};{maliga:maligaq/1n}{li:lik/2nv}{uq:uq/3vv}{ti:tiq/1vn}{nik:mnik/tn-acc-s-1s};{maliga:maligaq/1n}{li:lik/3nv}{uq:uq/3vv}{ti:tiq/1vn}{nik:mnik/tn-acc-s-1s};{maliga:maligaq/1n}{li:liq/3nv}{uq:uq/3vv}{ti:tiq/1vn}{nik:mnik/tn-acc-s-1s};{maliga:maligaq/1n}{li:liq/2nv}{uq:uq/3vv}{ti:tiq/1vn}{nik:mnik/tn-acc-s-1s};{maliga:maligaq/1n}{li:lik/1nn}{uq:ut/2nn}{ti:&iq/1nn}{nik:mnik/tn-acc-s-1s};{maliga:maligaq/1n}{li:li/3nv}{uq:ut/1vn}{ti:&iq/1nn}{nik:mnik/tn-acc-s-1s};{maliga:maligaq/1n}{li:lik/2nv}{uq:ut/1vn}{ti:&iq/1nn}{nik:mnik/tn-acc-s-1s};{maliga:maligaq/1n}{li:lik/3nv}{uq:ut/1vn}{ti:&iq/1nn}{nik:mnik/tn-acc-s-1s};{maliga:maligaq/1n}{li:liq/3nv}{uq:ut/1vn}{ti:&iq/1nn}{nik:mnik/tn-acc-s-1s};{maliga:maligaq/1n}{li:liq/2nv}{uq:ut/1vn}{ti:&iq/1nn}{nik:mnik/tn-acc-s-1s};{maliga:maligaq/1n}{li:liaq/2nv}{uq:ut/1vn}{ti:&iq/1nn}{nik:mnik/tn-acc-s-1s};{maliga:maligaq/1n}{li:li/3nv}{uq:uq/3vv}{ti:ji/1vn}{nik:mnik/tn-acc-p-1s};{maliga:maligaq/1n}{li:lik/2nv}{uq:uq/3vv}{ti:ji/1vn}{nik:mnik/tn-acc-p-1s};{maliga:maligaq/1n}{li:lik/3nv}{uq:uq/3vv}{ti:ji/1vn}{nik:mnik/tn-acc-p-1s};{maliga:maligaq/1n}{li:liq/3nv}{uq:uq/3vv}{ti:ji/1vn}{nik:mnik/tn-acc-p-1s};{maliga:maligaq/1n}{li:liq/2nv}{uq:uq/3vv}{ti:ji/1vn}{nik:mnik/tn-acc-p-1s};{maliga:maligaq/1n}{li:li/3nv}{uq:uq/3vv}{ti:tiq/1vn}{nik:mnik/tn-acc-p-1s};{maliga:maligaq/1n}{li:lik/2nv}{uq:uq/3vv}{ti:tiq/1vn}{nik:mnik/tn-acc-p-1s};{maliga:maligaq/1n}{li:lik/3nv}{uq:uq/3vv}{ti:tiq/1vn}{nik:mnik/tn-acc-p-1s};{maliga:maligaq/1n}{li:liq/3nv}{uq:uq/3vv}{ti:tiq/1vn}{nik:mnik/tn-acc-p-1s};{maliga:maligaq/1n}{li:liq/2nv}{uq:uq/3vv}{ti:tiq/1vn}{nik:mnik/tn-acc-p-1s};{maliga:maligaq/1n}{li:lik/1nn}{uq:ut/2nn}{ti:&iq/1nn}{nik:mnik/tn-acc-p-1s};{maliga:maligaq/1n}{li:li/3nv}{uq:ut/1vn}{ti:&iq/1nn}{nik:mnik/tn-acc-p-1s};{maliga:maligaq/1n}{li:lik/2nv}{uq:ut/1vn}{ti:&iq/1nn}{nik:mnik/tn-acc-p-1s};{maliga:maligaq/1n}{li:lik/3nv}{uq:ut/1vn}{ti:&iq/1nn}{nik:mnik/tn-acc-p-1s};{maliga:maligaq/1n}{li:liq/3nv}{uq:ut/1vn}{ti:&iq/1nn}{nik:mnik/tn-acc-p-1s};{maliga:maligaq/1n}{li:liq/2nv}{uq:ut/1vn}{ti:&iq/1nn}{nik:mnik/tn-acc-p-1s};{maliga:maligaq/1n}{li:liaq/2nv}{uq:ut/1vn}{ti:&iq/1nn}{nik:mnik/tn-acc-p-1s};{mali:malik/1v}{ga:gaq/1vn}{liuq:liuq/1nv}{ti:ji/1vn}{nik:nik/tn-acc-p};{mali:malik/1v}{ga:gaq/1vn}{liuq:liuq/1nv}{ti:tiq/1vn}{nik:nik/tn-acc-p};{mali:malik/1v}{ga:gaq/1vn}{liuq:liuq/1nv}{ti:tiq/1vn}{nik:ngnik/tn-acc-s-2s};{mali:malik/1v}{ga:gaq/1vn}{liuq:liuq/1nv}{ti:ji/1vn}{nik:ngnik/tn-acc-s-2s};{mali:malik/1v}{ga:gaq/1vn}{liuq:liuq/1nv}{ti:ji/1vn}{nik:ngnik/tn-acc-p-2s};{mali:malik/1v}{ga:gaq/1vn}{liuq:liuq/1nv}{ti:tiq/1vn}{nik:ngnik/tn-acc-p-2s};{mali:malik/1v}{ga:gaq/1vn}{liuq:liuq/1nv}{ti:ji/1vn}{nik:mnik/tn-acc-s-1s};{mali:malik/1v}{ga:gaq/1vn}{liuq:liuq/1nv}{ti:tiq/1vn}{nik:mnik/tn-acc-s-1s};{mali:malik/1v}{ga:gaq/1vn}{liuq:liuq/1nv}{ti:ji/1vn}{nik:mnik/tn-acc-p-1s};{mali:malik/1v}{ga:gaq/1vn}{liuq:liuq/1nv}{ti:tiq/1vn}{nik:mnik/tn-acc-p-1s};{mali:malik/1v}{ga:gaq/1vn}{li:li/3nv}{uq:uq/3vv}{ti:ji/1vn}{nik:nik/tn-acc-p};{mali:malik/1v}{ga:gaq/2vv}{li:li/2vv}{uq:uq/3vv}{ti:ji/1vn}{nik:nik/tn-acc-p};{mali:malik/1v}{ga:gaq/1vn}{li:lik/2nv}{uq:uq/3vv}{ti:ji/1vn}{nik:nik/tn-acc-p};{mali:malik/1v}{ga:gaq/1vn}{li:lik/3nv}{uq:uq/3vv}{ti:ji/1vn}{nik:nik/tn-acc-p};{mali:malik/1v}{ga:gaq/1vn}{li:liq/3nv}{uq:uq/3vv}{ti:ji/1vn}{nik:nik/tn-acc-p};{mali:malik/1v}{ga:gaq/1vn}{li:liq/2nv}{uq:uq/3vv}{ti:ji/1vn}{nik:nik/tn-acc-p};{mali:malik/1v}{ga:gaq/2vv}{li:liq/1vv}{uq:uq/3vv}{ti:ji/1vn}{nik:nik/tn-acc-p};{mali:malik/1v}{ga:gaq/1vn}{li:li/3nv}{uq:uq/3vv}{ti:tiq/1vn}{nik:nik/tn-acc-p};{mali:malik/1v}{ga:gaq/2vv}{li:li/2vv}{uq:uq/3vv}{ti:tiq/1vn}{nik:nik/tn-acc-p};{mali:malik/1v}{ga:gaq/1vn}{li:lik/2nv}{uq:uq/3vv}{ti:tiq/1vn}{nik:nik/tn-acc-p};{mali:malik/1v}{ga:gaq/1vn}{li:lik/3nv}{uq:uq/3vv}{ti:tiq/1vn}{nik:nik/tn-acc-p};{mali:malik/1v}{ga:gaq/1vn}{li:liq/3nv}{uq:uq/3vv}{ti:tiq/1vn}{nik:nik/tn-acc-p};{mali:malik/1v}{ga:gaq/1vn}{li:liq/2nv}{uq:uq/3vv}{ti:tiq/1vn}{nik:nik/tn-acc-p};{mali:malik/1v}{ga:gaq/2vv}{li:liq/1vv}{uq:uq/3vv}{ti:tiq/1vn}{nik:nik/tn-acc-p};{mali:malik/1v}{ga:gaq/1vn}{li:lik/1nn}{uq:ut/2nn}{ti:&iq/1nn}{nik:nik/tn-acc-p};{mali:malik/1v}{ga:gaq/1vn}{li:li/3nv}{uq:ut/1vn}{ti:&iq/1nn}{nik:nik/tn-acc-p};{mali:malik/1v}{ga:gaq/2vv}{li:li/2vv}{uq:ut/1vn}{ti:&iq/1nn}{nik:nik/tn-acc-p};{mali:malik/1v}{ga:gaq/1vn}{li:lik/2nv}{uq:ut/1vn}{ti:&iq/1nn}{nik:nik/tn-acc-p};{mali:malik/1v}{ga:gaq/1vn}{li:lik/3nv}{uq:ut/1vn}{ti:&iq/1nn}{nik:nik/tn-acc-p};{mali:malik/1v}{ga:gaq/1vn}{li:liq/3nv}{uq:ut/1vn}{ti:&iq/1nn}{nik:nik/tn-acc-p};{mali:malik/1v}{ga:gaq/1vn}{li:liq/2nv}{uq:ut/1vn}{ti:&iq/1nn}{nik:nik/tn-acc-p};{mali:malik/1v}{ga:gaq/2vv}{li:liq/1vv}{uq:ut/1vn}{ti:&iq/1nn}{nik:nik/tn-acc-p};{mali:malik/1v}{ga:gaq/1vn}{li:liaq/2nv}{uq:ut/1vn}{ti:&iq/1nn}{nik:nik/tn-acc-p};{mali:malik/1v}{ga:gaq/1vn}{li:li/3nv}{uq:uq/3vv}{ti:tiq/1vn}{nik:ngnik/tn-acc-s-2s};{mali:malik/1v}{ga:gaq/2vv}{li:li/2vv}{uq:uq/3vv}{ti:tiq/1vn}{nik:ngnik/tn-acc-s-2s};{mali:malik/1v}{ga:gaq/1vn}{li:lik/2nv}{uq:uq/3vv}{ti:tiq/1vn}{nik:ngnik/tn-acc-s-2s};{mali:malik/1v}{ga:gaq/1vn}{li:lik/3nv}{uq:uq/3vv}{ti:tiq/1vn}{nik:ngnik/tn-acc-s-2s};{mali:malik/1v}{ga:gaq/1vn}{li:liq/3nv}{uq:uq/3vv}{ti:tiq/1vn}{nik:ngnik/tn-acc-s-2s};{mali:malik/1v}{ga:gaq/1vn}{li:liq/2nv}{uq:uq/3vv}{ti:tiq/1vn}{nik:ngnik/tn-acc-s-2s};{mali:malik/1v}{ga:gaq/2vv}{li:liq/1vv}{uq:uq/3vv}{ti:tiq/1vn}{nik:ngnik/tn-acc-s-2s};{mali:malik/1v}{ga:gaq/1vn}{li:lik/1nn}{uq:ut/2nn}{ti:&iq/1nn}{nik:ngnik/tn-acc-s-2s};{mali:malik/1v}{ga:gaq/1vn}{li:li/3nv}{uq:ut/1vn}{ti:&iq/1nn}{nik:ngnik/tn-acc-s-2s};{mali:malik/1v}{ga:gaq/2vv}{li:li/2vv}{uq:ut/1vn}{ti:&iq/1nn}{nik:ngnik/tn-acc-s-2s};{mali:malik/1v}{ga:gaq/1vn}{li:lik/2nv}{uq:ut/1vn}{ti:&iq/1nn}{nik:ngnik/tn-acc-s-2s};{mali:malik/1v}{ga:gaq/1vn}{li:lik/3nv}{uq:ut/1vn}{ti:&iq/1nn}{nik:ngnik/tn-acc-s-2s};{mali:malik/1v}{ga:gaq/1vn}{li:liq/3nv}{uq:ut/1vn}{ti:&iq/1nn}{nik:ngnik/tn-acc-s-2s};{mali:malik/1v}{ga:gaq/1vn}{li:liq/2nv}{uq:ut/1vn}{ti:&iq/1nn}{nik:ngnik/tn-acc-s-2s};{mali:malik/1v}{ga:gaq/2vv}{li:liq/1vv}{uq:ut/1vn}{ti:&iq/1nn}{nik:ngnik/tn-acc-s-2s};{mali:malik/1v}{ga:gaq/1vn}{li:liaq/2nv}{uq:ut/1vn}{ti:&iq/1nn}{nik:ngnik/tn-acc-s-2s};{mali:malik/1v}{ga:gaq/1vn}{li:li/3nv}{uq:uq/3vv}{ti:ji/1vn}{nik:ngnik/tn-acc-s-2s};{mali:malik/1v}{ga:gaq/2vv}{li:li/2vv}{uq:uq/3vv}{ti:ji/1vn}{nik:ngnik/tn-acc-s-2s};{mali:malik/1v}{ga:gaq/1vn}{li:lik/2nv}{uq:uq/3vv}{ti:ji/1vn}{nik:ngnik/tn-acc-s-2s};{mali:malik/1v}{ga:gaq/1vn}{li:lik/3nv}{uq:uq/3vv}{ti:ji/1vn}{nik:ngnik/tn-acc-s-2s};{mali:malik/1v}{ga:gaq/1vn}{li:liq/3nv}{uq:uq/3vv}{ti:ji/1vn}{nik:ngnik/tn-acc-s-2s};{mali:malik/1v}{ga:gaq/1vn}{li:liq/2nv}{uq:uq/3vv}{ti:ji/1vn}{nik:ngnik/tn-acc-s-2s};{mali:malik/1v}{ga:gaq/2vv}{li:liq/1vv}{uq:uq/3vv}{ti:ji/1vn}{nik:ngnik/tn-acc-s-2s};{mali:malik/1v}{ga:gaq/1vn}{li:li/3nv}{uq:uq/3vv}{ti:ji/1vn}{nik:ngnik/tn-acc-p-2s};{mali:malik/1v}{ga:gaq/2vv}{li:li/2vv}{uq:uq/3vv}{ti:ji/1vn}{nik:ngnik/tn-acc-p-2s};{mali:malik/1v}{ga:gaq/1vn}{li:lik/2nv}{uq:uq/3vv}{ti:ji/1vn}{nik:ngnik/tn-acc-p-2s};{mali:malik/1v}{ga:gaq/1vn}{li:lik/3nv}{uq:uq/3vv}{ti:ji/1vn}{nik:ngnik/tn-acc-p-2s};{mali:malik/1v}{ga:gaq/1vn}{li:liq/3nv}{uq:uq/3vv}{ti:ji/1vn}{nik:ngnik/tn-acc-p-2s};{mali:malik/1v}{ga:gaq/1vn}{li:liq/2nv}{uq:uq/3vv}{ti:ji/1vn}{nik:ngnik/tn-acc-p-2s};{mali:malik/1v}{ga:gaq/2vv}{li:liq/1vv}{uq:uq/3vv}{ti:ji/1vn}{nik:ngnik/tn-acc-p-2s};{mali:malik/1v}{ga:gaq/1vn}{li:li/3nv}{uq:uq/3vv}{ti:tiq/1vn}{nik:ngnik/tn-acc-p-2s};{mali:malik/1v}{ga:gaq/2vv}{li:li/2vv}{uq:uq/3vv}{ti:tiq/1vn}{nik:ngnik/tn-acc-p-2s};{mali:malik/1v}{ga:gaq/1vn}{li:lik/2nv}{uq:uq/3vv}{ti:tiq/1vn}{nik:ngnik/tn-acc-p-2s};{mali:malik/1v}{ga:gaq/1vn}{li:lik/3nv}{uq:uq/3vv}{ti:tiq/1vn}{nik:ngnik/tn-acc-p-2s};{mali:malik/1v}{ga:gaq/1vn}{li:liq/3nv}{uq:uq/3vv}{ti:tiq/1vn}{nik:ngnik/tn-acc-p-2s};{mali:malik/1v}{ga:gaq/1vn}{li:liq/2nv}{uq:uq/3vv}{ti:tiq/1vn}{nik:ngnik/tn-acc-p-2s};{mali:malik/1v}{ga:gaq/2vv}{li:liq/1vv}{uq:uq/3vv}{ti:tiq/1vn}{nik:ngnik/tn-acc-p-2s};{mali:malik/1v}{ga:gaq/1vn}{li:lik/1nn}{uq:ut/2nn}{ti:&iq/1nn}{nik:ngnik/tn-acc-p-2s};{mali:malik/1v}{ga:gaq/1vn}{li:li/3nv}{uq:ut/1vn}{ti:&iq/1nn}{nik:ngnik/tn-acc-p-2s};{mali:malik/1v}{ga:gaq/2vv}{li:li/2vv}{uq:ut/1vn}{ti:&iq/1nn}{nik:ngnik/tn-acc-p-2s};{mali:malik/1v}{ga:gaq/1vn}{li:lik/2nv}{uq:ut/1vn}{ti:&iq/1nn}{nik:ngnik/tn-acc-p-2s};{mali:malik/1v}{ga:gaq/1vn}{li:lik/3nv}{uq:ut/1vn}{ti:&iq/1nn}{nik:ngnik/tn-acc-p-2s};{mali:malik/1v}{ga:gaq/1vn}{li:liq/3nv}{uq:ut/1vn}{ti:&iq/1nn}{nik:ngnik/tn-acc-p-2s};{mali:malik/1v}{ga:gaq/1vn}{li:liq/2nv}{uq:ut/1vn}{ti:&iq/1nn}{nik:ngnik/tn-acc-p-2s};{mali:malik/1v}{ga:gaq/2vv}{li:liq/1vv}{uq:ut/1vn}{ti:&iq/1nn}{nik:ngnik/tn-acc-p-2s};{mali:malik/1v}{ga:gaq/1vn}{li:liaq/2nv}{uq:ut/1vn}{ti:&iq/1nn}{nik:ngnik/tn-acc-p-2s};{mali:malik/1v}{ga:gaq/1vn}{li:li/3nv}{uq:uq/3vv}{ti:ji/1vn}{nik:mnik/tn-acc-s-1s};{mali:malik/1v}{ga:gaq/2vv}{li:li/2vv}{uq:uq/3vv}{ti:ji/1vn}{nik:mnik/tn-acc-s-1s};{mali:malik/1v}{ga:gaq/1vn}{li:lik/2nv}{uq:uq/3vv}{ti:ji/1vn}{nik:mnik/tn-acc-s-1s};{mali:malik/1v}{ga:gaq/1vn}{li:lik/3nv}{uq:uq/3vv}{ti:ji/1vn}{nik:mnik/tn-acc-s-1s};{mali:malik/1v}{ga:gaq/1vn}{li:liq/3nv}{uq:uq/3vv}{ti:ji/1vn}{nik:mnik/tn-acc-s-1s};{mali:malik/1v}{ga:gaq/1vn}{li:liq/2nv}{uq:uq/3vv}{ti:ji/1vn}{nik:mnik/tn-acc-s-1s};{mali:malik/1v}{ga:gaq/2vv}{li:liq/1vv}{uq:uq/3vv}{ti:ji/1vn}{nik:mnik/tn-acc-s-1s};{mali:malik/1v}{ga:gaq/1vn}{li:li/3nv}{uq:uq/3vv}{ti:tiq/1vn}{nik:mnik/tn-acc-s-1s};{mali:malik/1v}{ga:gaq/2vv}{li:li/2vv}{uq:uq/3vv}{ti:tiq/1vn}{nik:mnik/tn-acc-s-1s};{mali:malik/1v}{ga:gaq/1vn}{li:lik/2nv}{uq:uq/3vv}{ti:tiq/1vn}{nik:mnik/tn-acc-s-1s};{mali:malik/1v}{ga:gaq/1vn}{li:lik/3nv}{uq:uq/3vv}{ti:tiq/1vn}{nik:mnik/tn-acc-s-1s};{mali:malik/1v}{ga:gaq/1vn}{li:liq/3nv}{uq:uq/3vv}{ti:tiq/1vn}{nik:mnik/tn-acc-s-1s};{mali:malik/1v}{ga:gaq/1vn}{li:liq/2nv}{uq:uq/3vv}{ti:tiq/1vn}{nik:mnik/tn-acc-s-1s};{mali:malik/1v}{ga:gaq/2vv}{li:liq/1vv}{uq:uq/3vv}{ti:tiq/1vn}{nik:mnik/tn-acc-s-1s};{mali:malik/1v}{ga:gaq/1vn}{li:lik/1nn}{uq:ut/2nn}{ti:&iq/1nn}{nik:mnik/tn-acc-s-1s};{mali:malik/1v}{ga:gaq/1vn}{li:li/3nv}{uq:ut/1vn}{ti:&iq/1nn}{nik:mnik/tn-acc-s-1s};{mali:malik/1v}{ga:gaq/2vv}{li:li/2vv}{uq:ut/1vn}{ti:&iq/1nn}{nik:mnik/tn-acc-s-1s};{mali:malik/1v}{ga:gaq/1vn}{li:lik/2nv}{uq:ut/1vn}{ti:&iq/1nn}{nik:mnik/tn-acc-s-1s};{mali:malik/1v}{ga:gaq/1vn}{li:lik/3nv}{uq:ut/1vn}{ti:&iq/1nn}{nik:mnik/tn-acc-s-1s};{mali:malik/1v}{ga:gaq/1vn}{li:liq/3nv}{uq:ut/1vn}{ti:&iq/1nn}{nik:mnik/tn-acc-s-1s};{mali:malik/1v}{ga:gaq/1vn}{li:liq/2nv}{uq:ut/1vn}{ti:&iq/1nn}{nik:mnik/tn-acc-s-1s};{mali:malik/1v}{ga:gaq/2vv}{li:liq/1vv}{uq:ut/1vn}{ti:&iq/1nn}{nik:mnik/tn-acc-s-1s};{mali:malik/1v}{ga:gaq/1vn}{li:liaq/2nv}{uq:ut/1vn}{ti:&iq/1nn}{nik:mnik/tn-acc-s-1s};{mali:malik/1v}{ga:gaq/1vn}{li:li/3nv}{uq:uq/3vv}{ti:ji/1vn}{nik:mnik/tn-acc-p-1s};{mali:malik/1v}{ga:gaq/2vv}{li:li/2vv}{uq:uq/3vv}{ti:ji/1vn}{nik:mnik/tn-acc-p-1s};{mali:malik/1v}{ga:gaq/1vn}{li:lik/2nv}{uq:uq/3vv}{ti:ji/1vn}{nik:mnik/tn-acc-p-1s};{mali:malik/1v}{ga:gaq/1vn}{li:lik/3nv}{uq:uq/3vv}{ti:ji/1vn}{nik:mnik/tn-acc-p-1s};{mali:malik/1v}{ga:gaq/1vn}{li:liq/3nv}{uq:uq/3vv}{ti:ji/1vn}{nik:mnik/tn-acc-p-1s};{mali:malik/1v}{ga:gaq/1vn}{li:liq/2nv}{uq:uq/3vv}{ti:ji/1vn}{nik:mnik/tn-acc-p-1s};{mali:malik/1v}{ga:gaq/2vv}{li:liq/1vv}{uq:uq/3vv}{ti:ji/1vn}{nik:mnik/tn-acc-p-1s};{mali:malik/1v}{ga:gaq/1vn}{li:li/3nv}{uq:uq/3vv}{ti:tiq/1vn}{nik:mnik/tn-acc-p-1s};{mali:malik/1v}{ga:gaq/2vv}{li:li/2vv}{uq:uq/3vv}{ti:tiq/1vn}{nik:mnik/tn-acc-p-1s};{mali:malik/1v}{ga:gaq/1vn}{li:lik/2nv}{uq:uq/3vv}{ti:tiq/1vn}{nik:mnik/tn-acc-p-1s};{mali:malik/1v}{ga:gaq/1vn}{li:lik/3nv}{uq:uq/3vv}{ti:tiq/1vn}{nik:mnik/tn-acc-p-1s};{mali:malik/1v}{ga:gaq/1vn}{li:liq/3nv}{uq:uq/3vv}{ti:tiq/1vn}{nik:mnik/tn-acc-p-1s};{mali:malik/1v}{ga:gaq/1vn}{li:liq/2nv}{uq:uq/3vv}{ti:tiq/1vn}{nik:mnik/tn-acc-p-1s};{mali:malik/1v}{ga:gaq/2vv}{li:liq/1vv}{uq:uq/3vv}{ti:tiq/1vn}{nik:mnik/tn-acc-p-1s};{mali:malik/1v}{ga:gaq/1vn}{li:lik/1nn}{uq:ut/2nn}{ti:&iq/1nn}{nik:mnik/tn-acc-p-1s};{mali:malik/1v}{ga:gaq/1vn}{li:li/3nv}{uq:ut/1vn}{ti:&iq/1nn}{nik:mnik/tn-acc-p-1s};{mali:malik/1v}{ga:gaq/2vv}{li:li/2vv}{uq:ut/1vn}{ti:&iq/1nn}{nik:mnik/tn-acc-p-1s};{mali:malik/1v}{ga:gaq/1vn}{li:lik/2nv}{uq:ut/1vn}{ti:&iq/1nn}{nik:mnik/tn-acc-p-1s};{mali:malik/1v}{ga:gaq/1vn}{li:lik/3nv}{uq:ut/1vn}{ti:&iq/1nn}{nik:mnik/tn-acc-p-1s};{mali:malik/1v}{ga:gaq/1vn}{li:liq/3nv}{uq:ut/1vn}{ti:&iq/1nn}{nik:mnik/tn-acc-p-1s};{mali:malik/1v}{ga:gaq/1vn}{li:liq/2nv}{uq:ut/1vn}{ti:&iq/1nn}{nik:mnik/tn-acc-p-1s};{mali:malik/1v}{ga:gaq/2vv}{li:liq/1vv}{uq:ut/1vn}{ti:&iq/1nn}{nik:mnik/tn-acc-p-1s};{mali:malik/1v}{ga:gaq/1vn}{li:liaq/2nv}{uq:ut/1vn}{ti:&iq/1nn}{nik:mnik/tn-acc-p-1s},False,False,False,False,False,
hansard,maligaliuqtinit,{mali:malik/1v}{ga:gaq/1vn}{liuq:liuq/1nv}{ti:ji/1vn}{nit:nit/tn-abl-p},False,{maliga:maligaq/1n}{liuq:liuq/1nv}{ti:ji/1vn}{nit:nit/tn-abl-p};{maliga:maligaq/1n}{liuq:liuq/1nv}{ti:tiq/1vn}{nit:nit/tn-abl-p};{maliga:maligaq/1n}{liuq:liuq/1nv}{ti:tiq/1vn}{nit:ngnit/tn-abl-s-2s};{maliga:maligaq/1n}{liuq:liuq/1nv}{ti:ji/1vn}{nit:ngnit/tn-abl-s-2s};{maliga:maligaq/1n}{liuq:liuq/1nv}{ti:ji/1vn}{nit:ngnit/tn-abl-p-2s};{maliga:maligaq/1n}{liuq:liuq/1nv}{ti:tiq/1vn}{nit:ngnit/tn-abl-p-2s};{maliga:maligaq/1n}{liuq:liuq/1nv}{ti:ji/1vn}{nit:mnit/tn-abl-s-1s};{maliga:maligaq/1n}{liuq:liuq/1nv}{ti:tiq/1vn}{nit:mnit/tn-abl-s-1s};{maliga:maligaq/1n}{liuq:liuq/1nv}{ti:ji/1vn}{nit:mnit/tn-abl-p-1s};{maliga:maligaq/1n}{liuq:liuq/1nv}{ti:tiq/1vn}{nit:mnit/tn-abl-p-1s};{maliga:maligaq/1n}{li:li/3nv}{uq:uq/3vv}{ti:ji/1vn}{nit:nit/tn-abl-p};{maliga:maligaq/1n}{li:lik/2nv}{uq:uq/3vv}{ti:ji/1vn}{nit:nit/tn-abl-p};{maliga:maligaq/1n}{li:lik/3nv}{uq:uq/3vv}{ti:ji/1vn}{nit:nit/tn-abl-p};{maliga:maligaq/1n}{li:liq/3nv}{uq:uq/3vv}{ti:ji/1vn}{nit:nit/tn-abl-p};{maliga:maligaq/1n}{li:liq/2nv}{uq:uq/3vv}{ti:ji/1vn}{nit:nit/tn-abl-p};{maliga:maligaq/1n}{li:li/3nv}{uq:uq/3vv}{ti:tiq/1vn}{nit:nit/tn-abl-p};{maliga:maligaq/1n}{li:lik/2nv}{uq:uq/3vv}{ti:tiq/1vn}{nit:nit/tn-abl-p};{maliga:maligaq/1n}{li:lik/3nv}{uq:uq/3vv}{ti:tiq/1vn}{nit:nit/tn-abl-p};{maliga:maligaq/1n}{li:liq/3nv}{uq:uq/3vv}{ti:tiq/1vn}{nit:nit/tn-abl-p};{maliga:maligaq/1n}{li:liq/2nv}{uq:uq/3vv}{ti:tiq/1vn}{nit:nit/tn-abl-p};{maliga:maligaq/1n}{li:lik/1nn}{uq:ut/2nn}{ti:&iq/1nn}{nit:nit/tn-abl-p};{maliga:maligaq/1n}{li:li/3nv}{uq:ut/1vn}{ti:&iq/1nn}{nit:nit/tn-abl-p};{maliga:maligaq/1n}{li:lik/2nv}{uq:ut/1vn}{ti:&iq/1nn}{nit:nit/tn-abl-p};{maliga:maligaq/1n}{li:lik/3nv}{uq:ut/1vn}{ti:&iq/1nn}{nit:nit/tn-abl-p};{maliga:maligaq/1n}{li:liq/3nv}{uq:ut/1vn}{ti:&iq/1nn}{nit:nit/tn-abl-p};{maliga:maligaq/1n}{li:liq/2nv}{uq:ut/1vn}{ti:&iq/1nn}{nit:nit/tn-abl-p};{maliga:maligaq/1n}{li:liaq/2nv}{uq:ut/1vn}{ti:&iq/1nn}{nit:nit/tn-abl-p};{maliga:maligaq/1n}{li:li/3nv}{uq:uq/3vv}{ti:tiq/1vn}{nit:ngnit/tn-abl-s-2s};{maliga:maligaq/1n}{li:lik/2nv}{uq:uq/3vv}{ti:tiq/1vn}{nit:ngnit/tn-abl-s-2s};{maliga:maligaq/1n}{li:lik/3nv}{uq:uq/3vv}{ti:tiq/1vn}{nit:ngnit/tn-abl-s-2s};{maliga:maligaq/1n}{li:liq/3nv}{uq:uq/3vv}{ti:tiq/1vn}{nit:ngnit/tn-abl-s-2s};{maliga:maligaq/1n}{li:liq/2nv}{uq:uq/3vv}{ti:tiq/1vn}{nit:ngnit/tn-abl-s-2s};{maliga:maligaq/1n}{li:lik/1nn}{uq:ut/2nn}{ti:&iq/1nn}{nit:ngnit/tn-abl-s-2s};{maliga:maligaq/1n}{li:li/3nv}{uq:ut/1vn}{ti:&iq/1nn}{nit:ngnit/tn-abl-s-2s};{maliga:maligaq/1n}{li:lik/2nv}{uq:ut/1vn}{ti:&iq/1nn}{nit:ngnit/tn-abl-s-2s};{maliga:maligaq/1n}{li:lik/3nv}{uq:ut/1vn}{ti:&iq/1nn}{nit:ngnit/tn-abl-s-2s};{maliga:maligaq/1n}{li:liq/3nv}{uq:ut/1vn}{ti:&iq/1nn}{nit:ngnit/tn-abl-s-2s};{maliga:maligaq/1n}{li:liq/2nv}{uq:ut/1vn}{ti:&iq/1nn}{nit:ngnit/tn-abl-s-2s};{maliga:maligaq/1n}{li:liaq/2nv}{uq:ut/1vn}{ti:&iq/1nn}{nit:ngnit/tn-abl-s-2s};{maliga:maligaq/1n}{li:li/3nv}{uq:uq/3vv}{ti:ji/1vn}{nit:ngnit/tn-abl-s-2s};{maliga:maligaq/1n}{li:lik/2nv}{uq:uq/3vv}{ti:ji/1vn}{nit:ngnit/tn-abl-s-2s};{maliga:maligaq/1n}{li:lik/3nv}{uq:uq/3vv}{ti:ji/1vn}{nit:ngnit/tn-abl-s-2s};{maliga:maligaq/1n}{li:liq/3nv}{uq:uq/3vv}{ti:ji/1vn}{nit:ngnit/tn-abl-s-2s};{maliga:maligaq/1n}{li:liq/2nv}{uq:uq/3vv}{ti:ji/1vn}{nit:ngnit/tn-abl-s-2s};{maliga:maligaq/1n}{li:li/3nv}{uq:uq/3vv}{ti:ji/1vn}{nit:ngnit/tn-abl-p-2s};{maliga:maligaq/1n}{li:lik/2nv}{uq:uq/3vv}{ti:ji/1vn}{nit:ngnit/tn-abl-p-2s};{maliga:maligaq/1n}{li:lik/3nv}{uq:uq/3vv}{ti:ji/1vn}{nit:ngnit/tn-abl-p-2s};{maliga:maligaq/1n}{li:liq/3nv}{uq:uq/3vv}{ti:ji/1vn}{nit:ngnit/tn-abl-p-2s};{maliga:maligaq/1n}{li:liq/2nv}{uq:uq/3vv}{ti:ji/1vn}{nit:ngnit/tn-abl-p-2s};{maliga:maligaq/1n}{li:li/3nv}{uq:uq/3vv}{ti:tiq/1vn}{nit:ngnit/tn-abl-p-2s};{maliga:maligaq/1n}{li:lik/2nv}{uq:uq/3vv}{ti:tiq/1vn}{nit:ngnit/tn-abl-p-2s};{maliga:maligaq/1n}{li:lik/3nv}{uq:uq/3vv}{ti:tiq/1vn}{nit:ngnit/tn-abl-p-2s};{maliga:maligaq/1n}{li:liq/3nv}{uq:uq/3vv}{ti:tiq/1vn}{nit:ngnit/tn-abl-p-2s};{maliga:maligaq/1n}{li:liq/2nv}{uq:uq/3vv}{ti:tiq/1vn}{nit:ngnit/tn-abl-p-2s};{maliga:maligaq/1n}{li:lik/1nn}{uq:ut/2nn}{ti:&iq/1nn}{nit:ngnit/tn-abl-p-2s};{maliga:maligaq/1n}{li:li/3nv}{uq:ut/1vn}{ti:&iq/1nn}{nit:ngnit/tn-abl-p-2s};{maliga:maligaq/1n}{li:lik/2nv}{uq:ut/1vn}{ti:&iq/1nn}{nit:ngnit/tn-abl-p-2s};{maliga:maligaq/1n}{li:lik/3nv}{uq:ut/1vn}{ti:&iq/1nn}{nit:ngnit/tn-abl-p-2s};{maliga:maligaq/1n}{li:liq/3nv}{uq:ut/1vn}{ti:&iq/1nn}{nit:ngnit/tn-abl-p-2s};{maliga:maligaq/1n}{li:liq/2nv}{uq:ut/1vn}{ti:&iq/1nn}{nit:ngnit/tn-abl-p-2s};{maliga:maligaq/1n}{li:liaq/2nv}{uq:ut/1vn}{ti:&iq/1nn}{nit:ngnit/tn-abl-p-2s};{maliga:maligaq/1n}{li:li/3nv}{uq:uq/3vv}{ti:ji/1vn}{nit:mnit/tn-abl-s-1s};{maliga:maligaq/1n}{li:lik/2nv}{uq:uq/3vv}{ti:ji/1vn}{nit:mnit/tn-abl-s-1s};{maliga:maligaq/1n}{li:lik/3nv}{uq:uq/3vv}{ti:ji/1vn}{nit:mnit/tn-abl-s-1s};{maliga:maligaq/1n}{li:liq/3nv}{uq:uq/3vv}{ti:ji/1vn}{nit:mnit/tn-abl-s-1s};{maliga:maligaq/1n}{li:liq/2nv}{uq:uq/3vv}{ti:ji/1vn}{nit:mnit/tn-abl-s-1s};{maliga:maligaq/1n}{li:li/3nv}{uq:uq/3vv}{ti:tiq/1vn}{nit:mnit/tn-abl-s-1s};{maliga:maligaq/1n}{li:lik/2nv}{uq:uq/3vv}{ti:tiq/1vn}{nit:mnit/tn-abl-s-1s};{maliga:maligaq/1n}{li:lik/3nv}{uq:uq/3vv}{ti:tiq/1vn}{nit:mnit/tn-abl-s-1s};{maliga:maligaq/1n}{li:liq/3nv}{uq:uq/3vv}{ti:tiq/1vn}{nit:mnit/tn-abl-s-1s};{maliga:maligaq/1n}{li:liq/2nv}{uq:uq/3vv}{ti:tiq/1vn}{nit:mnit/tn-abl-s-1s};{maliga:maligaq/1n}{li:lik/1nn}{uq:ut/2nn}{ti:&iq/1nn}{nit:mnit/tn-abl-s-1s};{maliga:maligaq/1n}{li:li/3nv}{uq:ut/1vn}{ti:&iq/1nn}{nit:mnit/tn-abl-s-1s};{maliga:maligaq/1n}{li:lik/2nv}{uq:ut/1vn}{ti:&iq/1nn}{nit:mnit/tn-abl-s-1s};{maliga:maligaq/1n}{li:lik/3nv}{uq:ut/1vn}{ti:&iq/1nn}{nit:mnit/tn-abl-s-1s};{maliga:maligaq/1n}{li:liq/3nv}{uq:ut/1vn}{ti:&iq/1nn}{nit:mnit/tn-abl-s-1s};{maliga:maligaq/1n}{li:liq/2nv}{uq:ut/1vn}{ti:&iq/1nn}{nit:mnit/tn-abl-s-1s};{maliga:maligaq/1n}{li:liaq/2nv}{uq:ut/1vn}{ti:&iq/1nn}{nit:mnit/tn-abl-s-1s};{maliga:maligaq/1n}{li:li/3nv}{uq:uq/3vv}{ti:ji/1vn}{nit:mnit/tn-abl-p-1s};{maliga:maligaq/1n}{li:lik/2nv}{uq:uq/3vv}{ti:ji/1vn}{nit:mnit/tn-abl-p-1s};{maliga:maligaq/1n}{li:lik/3nv}{uq:uq/3vv}{ti:ji/1vn}{nit:mnit/tn-abl-p-1s};{maliga:maligaq/1n}{li:liq/3nv}{uq:uq/3vv}{ti:ji/1vn}{nit:mnit/tn-abl-p-1s};{maliga:maligaq/1n}{li:liq/2nv}{uq:uq/3vv}{ti:ji/1vn}{nit:mnit/tn-abl-p-1s};{maliga:maligaq/1n}{li:li/3nv}{uq:uq/3vv}{ti:tiq/1vn}{nit:mnit/tn-abl-p-1s};{maliga:maligaq/1n}{li:lik/2nv}{uq:uq/3vv}{ti:tiq/1vn}{nit:mnit/tn-abl-p-1s};{maliga:maligaq/1n}{li:lik/3nv}{uq:uq/3vv}{ti:tiq/1vn}{nit:mnit/tn-abl-p-1s};{maliga:maligaq/1n}{li:liq/3nv}{uq:uq/3vv}{ti:tiq/1vn}{nit:mnit/tn-abl-p-1s};{maliga:maligaq/1n}{li:liq/2nv}{uq:uq/3vv}{ti:tiq/1vn}{nit:mnit/tn-abl-p-1s};{maliga:maligaq/1n}{li:lik/1nn}{uq:ut/2nn}{ti:&iq/1nn}{nit:mnit/tn-abl-p-1s};{maliga:maligaq/1n}{li:li/3nv}{uq:ut/1vn}{ti:&iq/1nn}{nit:mnit/tn-abl-p-1s};{maliga:maligaq/1n}{li:lik/2nv}{uq:ut/1vn}{ti:&iq/1nn}{nit:mnit/tn-abl-p-1s};{maliga:maligaq/1n}{li:lik/3nv}{uq:ut/1vn}{ti:&iq/1nn}{nit:mnit/tn-abl-p-1s};{maliga:maligaq/1n}{li:liq/3nv}{uq:ut/1vn}{ti:&iq/1nn}{nit:mnit/tn-abl-p-1s};{maliga:maligaq/1n}{li:liq/2nv}{uq:ut/1vn}{ti:&iq/1nn}{nit:mnit/tn-abl-p-1s};{maliga:maligaq/1n}{li:liaq/2nv}{uq:ut/1vn}{ti:&iq/1nn}{nit:mnit/tn-abl-p-1s};{mali:malik/1v}{ga:gaq/1vn}{liuq:liuq/1nv}{ti:ji/1vn}{nit:nit/tn-abl-p};{mali:malik/1v}{ga:gaq/1vn}{liuq:liuq/1nv}{ti:tiq/1vn}{nit:nit/tn-abl-p};{mali:malik/1v}{ga:gaq/1vn}{liuq:liuq/1nv}{ti:tiq/1vn}{nit:ngnit/tn-abl-s-2s};{mali:malik/1v}{ga:gaq/1vn}{liuq:liuq/1nv}{ti:ji/1vn}{nit:ngnit/tn-abl-s-2s};{mali:malik/1v}{ga:gaq/1vn}{liuq:liuq/1nv}{ti:ji/1vn}{nit:ngnit/tn-abl-p-2s};{mali:malik/1v}{ga:gaq/1vn}{liuq:liuq/1nv}{ti:tiq/1vn}{nit:ngnit/tn-abl-p-2s};{mali:malik/1v}{ga:gaq/1vn}{liuq:liuq/1nv}{ti:ji/1vn}{nit:mnit/tn-abl-s-1s};{mali:malik/1v}{ga:gaq/1vn}{liuq:liuq/1nv}{ti:tiq/1vn}{nit:mnit/tn-abl-s-1s};{mali:malik/1v}{ga:gaq/1vn}{liuq:liuq/1nv}{ti:ji/1vn}{nit:mnit/tn-abl-p-1s};{mali:malik/1v}{ga:gaq/1vn}{liuq:liuq/1nv}{ti:tiq/1vn}{nit:mnit/tn-abl-p-1s};{mali:malik/1v}{ga:gaq/1vn}{li:li/3nv}{uq:uq/3vv}{ti:ji/1vn}{nit:nit/tn-abl-p};{mali:malik/1v}{ga:gaq/2vv}{li:li/2vv}{uq:uq/3vv}{ti:ji/1vn}{nit:nit/tn-abl-p};{mali:malik/1v}{ga:gaq/1vn}{li:lik/2nv}{uq:uq/3vv}{ti:ji/1vn}{nit:nit/tn-abl-p};{mali:malik/1v}{ga:gaq/1vn}{li:lik/3nv}{uq:uq/3vv}{ti:ji/1vn}{nit:nit/tn-abl-p};{mali:malik/1v}{ga:gaq/1vn}{li:liq/3nv}{uq:uq/3vv}{ti:ji/1vn}{nit:nit/tn-abl-p};{mali:malik/1v}{ga:gaq/1vn}{li:liq/2nv}{uq:uq/3vv}{ti:ji/1vn}{nit:nit/tn-abl-p};{mali:malik/1v}{ga:gaq/2vv}{li:liq/1vv}{uq:uq/3vv}{ti:ji/1vn}{nit:nit/tn-abl-p};{mali:malik/1v}{ga:gaq/1vn}{li:li/3nv}{uq:uq/3vv}{ti:tiq/1vn}{nit:nit/tn-abl-p};{mali:malik/1v}{ga:gaq/2vv}{li:li/2vv}{uq:uq/3vv}{ti:tiq/1vn}{nit:nit/tn-abl-p};{mali:malik/1v}{ga:gaq/1vn}{li:lik/2nv}{uq:uq/3vv}{ti:tiq/1vn}{nit:nit/tn-abl-p};{mali:malik/1v}{ga:gaq/1vn}{li:lik/3nv}{uq:uq/3vv}{ti:tiq/1vn}{nit:nit/tn-abl-p};{mali:malik/1v}{ga:gaq/1vn}{li:liq/3nv}{uq:uq/3vv}{ti:tiq/1vn}{nit:nit/tn-abl-p};{mali:malik/1v}{ga:gaq/1vn}{li:liq/2nv}{uq:uq/3vv}{ti:tiq/1vn}{nit:nit/tn-abl-p};{mali:malik/1v}{ga:gaq/2vv}{li:liq/1vv}{uq:uq/3vv}{ti:tiq/1vn}{nit:nit/tn-abl-p};{mali:malik/1v}{ga:gaq/1vn}{li:lik/1nn}{uq:ut/2nn}{ti:&iq/1nn}{nit:nit/tn-abl-p};{mali:malik/1v}{ga:gaq/1vn}{li:li/3nv}{uq:ut/1vn}{ti:&iq/1nn}{nit:nit/tn-abl-p};{mali:malik/1v}{ga:gaq/2vv}{li:li/2vv}{uq:ut/1vn}{ti:&iq/1nn}{nit:nit/tn-abl-p};{mali:malik/1v}{ga:gaq/1vn}{li:lik/2nv}{uq:ut/1vn}{ti:&iq/1nn}{nit:nit/tn-abl-p};{mali:malik/1v}{ga:gaq/1vn}{li:lik/3nv}{uq:ut/1vn}{ti:&iq/1nn}{nit:nit/tn-abl-p};{mali:malik/1v}{ga:gaq/1vn}{li:liq/3nv}{uq:ut/1vn}{ti:&iq/1nn}{nit:nit/tn-abl-p};{mali:malik/1v}{ga:gaq/1vn}{li:liq/2nv}{uq:ut/1vn}{ti:&iq/1nn}{nit:nit/tn-abl-p};{mali:malik/1v}{ga:gaq/2vv}{li:liq/1vv}{uq:ut/1vn}{ti:&iq/1nn}{nit:nit/tn-abl-p};{mali:malik/1v}{ga:gaq/1vn}{li:liaq/2nv}{uq:ut/1vn}{ti:&iq/1nn}{nit:nit/tn-abl-p};{mali:malik/1v}{ga:gaq/1vn}{li:li/3nv}{uq:uq/3vv}{ti:tiq/1vn}{nit:ngnit/tn-abl-s-2s};{mali:malik/1v}{ga:gaq/2vv}{li:li/2vv}{uq:uq/3vv}{ti:tiq/1vn}{nit:ngnit/tn-abl-s-2s};{mali:malik/1v}{ga:gaq/1vn}{li:lik/2nv}{uq:uq/3vv}{ti:tiq/1vn}{nit:ngnit/tn-abl-s-2s};{mali:malik/1v}{ga:gaq/1vn}{li:lik/3nv}{uq:uq/3vv}{ti:tiq/1vn}{nit:ngnit/tn-abl-s-2s};{mali:malik/1v}{ga:gaq/1vn}{li:liq/3nv}{uq:uq/3vv}{ti:tiq/1vn}{nit:ngnit/tn-abl-s-2s};{mali:malik/1v}{ga:gaq/1vn}{li:liq/2nv}{uq:uq/3vv}{ti:tiq/1vn}{nit:ngnit/tn-abl-s-2s};{mali:malik/1v}{ga:gaq/2vv}{li:liq/1vv}{uq:uq/3vv}{ti:tiq/1vn}{nit:ngnit/tn-abl-s-2s};{mali:malik/1v}{ga:gaq/1vn}{li:lik/1nn}{uq:ut/2nn}{ti:&iq/1nn}{nit:ngnit/tn-abl-s-2s};{mali:malik/1v}{ga:gaq/1vn}{li:li/3nv}{uq:ut/1vn}{ti:&iq/1nn}{nit:ngnit/tn-abl-s-2s};{mali:malik/1v}{ga:gaq/2vv}{li:li/2vv}{uq:ut/1vn}{ti:&iq/1nn}{nit:ngnit/tn-abl-s-2s};{mali:malik/1v}{ga:gaq/1vn}{li:lik/2nv}{uq:ut/1vn}{ti:&iq/1nn}{nit:ngnit/tn-abl-s-2s};{mali:malik/1v}{ga:gaq/1vn}{li:lik/3nv}{uq:ut/1vn}{ti:&iq/1nn}{nit:ngnit/tn-abl-s-2s};{mali:malik/1v}{ga:gaq/1vn}{li:liq/3nv}{uq:ut/1vn}{ti:&iq/1nn}{nit:ngnit/tn-abl-s-2s};{mali:malik/1v}{ga:gaq/1vn}{li:liq/2nv}{uq:ut/1vn}{ti:&iq/1nn}{nit:ngnit/tn-abl-s-2s};{mali:malik/1v}{ga:gaq/2vv}{li:liq/1vv}{uq:ut/1vn}{ti:&iq/1nn}{nit:ngnit/tn-abl-s-2s};{mali:malik/1v}{ga:gaq/1vn}{li:liaq/2nv}{uq:ut/1vn}{ti:&iq/1nn}{nit:ngnit/tn-abl-s-2s};{mali:malik/1v}{ga:gaq/1vn}{li:li/3nv}{uq:uq/3vv}{ti:ji/1vn}{nit:ngnit/tn-abl-s-2s};{mali:malik/1v}{ga:gaq/2vv}{li:li/2vv}{uq:uq/3vv}{ti:ji/1vn}{nit:ngnit/tn-abl-s-2s};{mali:malik/1v}{ga:gaq/1vn}{li:lik/2nv}{uq:uq/3vv}{ti:ji/1vn}{nit:ngnit/tn-abl-s-2s};{mali:malik/1v}{ga:gaq/1vn}{li:lik/3nv}{uq:uq/3vv}{ti:ji/1vn}{nit:ngnit/tn-abl-s-2s};{mali:malik/1v}{ga:gaq/1vn}{li:liq/3nv}{uq:uq/3vv}{ti:ji/1vn}{nit:ngnit/tn-abl-s-2s};{mali:malik/1v}{ga:gaq/1vn}{li:liq/2nv}{uq:uq/3vv}{ti:ji/1vn}{nit:ngnit/tn-abl-s-2s};{mali:malik/1v}{ga:gaq/2vv}{li:liq/1vv}{uq:uq/3vv}{ti:ji/1vn}{nit:ngnit/tn-abl-s-2s};{mali:malik/1v}{ga:gaq/1vn}{li:li/3nv}{uq:uq/3vv}{ti:ji/1vn}{nit:ngnit/tn-abl-p-2s};{mali:malik/1v}{ga:gaq/2vv}{li:li/2vv}{uq:uq/3vv}{ti:ji/1vn}{nit:ngnit/tn-abl-p-2s};{mali:malik/1v}{ga:gaq/1vn}{li:lik/2nv}{uq:uq/3vv}{ti:ji/1vn}{nit:ngnit/tn-abl-p-2s};{mali:malik/1v}{ga:gaq/1vn}{li:lik/3nv}{uq:uq/3vv}{ti:ji/1vn}{nit:ngnit/tn-abl-p-2s};{mali:malik/1v}{ga:gaq/1vn}{li:liq/3nv}{uq:uq/3vv}{ti:ji/1vn}{nit:ngnit/tn-abl-p-2s};{mali:malik/1v}{ga:gaq/1vn}{li:liq/2nv}{uq:uq/3vv}{ti:ji/1vn}{nit:ngnit/tn-abl-p-2s};{mali:malik/1v}{ga:gaq/2vv}{li:liq/1vv}{uq:uq/3vv}{ti:ji/1vn}{nit:ngnit/tn-abl-p-2s};{mali:malik/1v}{ga:gaq/1vn}{li:li/3nv}{uq:uq/3vv}{ti:tiq/1vn}{nit:ngnit/tn-abl-p-2s};{mali:malik/1v}{ga:gaq/2vv}{li:li/2vv}{uq:uq/3vv}{ti:tiq/1vn}{nit:ngnit/tn-abl-p-2s};{mali:malik/1v}{ga:gaq/1vn}{li:lik/2nv}{uq:uq/3vv}{ti:tiq/1vn}{nit:ngnit/tn-abl-p-2s};{mali:malik/1v}{ga:gaq/1vn}{li:lik/3nv}{uq:uq/3vv}{ti:tiq/1vn}{nit:ngnit/tn-abl-p-2s};{mali:malik/1v}{ga:gaq/1vn}{li:liq/3nv}{uq:uq/3vv}{ti:tiq/1vn}{nit:ngnit/tn-abl-p-2s};{mali:malik/1v}{ga:gaq/1vn}{li:liq/2nv}{uq:uq/3vv}{ti:tiq/1vn}{nit:ngnit/tn-abl-p-2s};{mali:malik/1v}{ga:gaq/2vv}{li:liq/1vv}{uq:uq/3vv}{ti:tiq/1vn}{nit:ngnit/tn-abl-p-2s};{mali:malik/1v}{ga:gaq/1vn}{li:lik/1nn}{uq:ut/2nn}{ti:&iq/1nn}{nit:ngnit/tn-abl-p-2s};{mali:malik/1v}{ga:gaq/1vn}{li:li/3nv}{uq:ut/1vn}{ti:&iq/1nn}{nit:ngnit/tn-abl-p-2s};{mali:malik/1v}{ga:gaq/2vv}{li:li/2vv}{uq:ut/1vn}{ti:&iq/1nn}{nit:ngnit/tn-abl-p-2s};{mali:malik/1v}{ga:gaq/1vn}{li:lik/2nv}{uq:ut/1vn}{ti:&iq/1nn}{nit:ngnit/tn-abl-p-2s};{mali:malik/1v}{ga:gaq/1vn}{li:lik/3nv}{uq:ut/1vn}{ti:&iq/1nn}{nit:ngnit/tn-abl-p-2s};{mali:malik/1v}{ga:gaq/1vn}{li:liq/3nv}{uq:ut/1vn}{ti:&iq/1nn}{nit:ngnit/tn-abl-p-2s};{mali:malik/1v}{ga:gaq/1vn}{li:liq/2nv}{uq:ut/1vn}{ti:&iq/1nn}{nit:ngnit/tn-abl-p-2s};{mali:malik/1v}{ga:gaq/2vv}{li:liq/1vv}{uq:ut/1vn}{ti:&iq/1nn}{nit:ngnit/tn-abl-p-2s};{mali:malik/1v}{ga:gaq/1vn}{li:liaq/2nv}{uq:ut/1vn}{ti:&iq/1nn}{nit:ngnit/tn-abl-p-2s};{mali:malik/1v}{ga:gaq/1vn}{li:li/3nv}{uq:uq/3vv}{ti:ji/1vn}{nit:mnit/tn-abl-s-1s};{mali:malik/1v}{ga:gaq/2vv}{li:li/2vv}{uq:uq/3vv}{ti:ji/1vn}{nit:mnit/tn-abl-s-1s};{mali:malik/1v}{ga:gaq/1vn}{li:lik/2nv}{uq:uq/3vv}{ti:ji/1vn}{nit:mnit/tn-abl-s-1s};{mali:malik/1v}{ga:gaq/1vn}{li:lik/3nv}{uq:uq/3vv}{ti:ji/1vn}{nit:mnit/tn-abl-s-1s};{mali:malik/1v}{ga:gaq/1vn}{li:liq/3nv}{uq:uq/3vv}{ti:ji/1vn}{nit:mnit/tn-abl-s-1s};{mali:malik/1v}{ga:gaq/1vn}{li:liq/2nv}{uq:uq/3vv}{ti:ji/1vn}{nit:mnit/tn-abl-s-1s};{mali:malik/1v}{ga:gaq/2vv}{li:liq/1vv}{uq:uq/3vv}{ti:ji/1vn}{nit:mnit/tn-abl-s-1s};{mali:malik/1v}{ga:gaq/1vn}{li:li/3nv}{uq:uq/3vv}{ti:tiq/1vn}{nit:mnit/tn-abl-s-1s};{mali:malik/1v}{ga:gaq/2vv}{li:li/2vv}{uq:uq/3vv}{ti:tiq/1vn}{nit:mnit/tn-abl-s-1s};{mali:malik/1v}{ga:gaq/1vn}{li:lik/2nv}{uq:uq/3vv}{ti:tiq/1vn}{nit:mnit/tn-abl-s-1s};{mali:malik/1v}{ga:gaq/1vn}{li:lik/3nv}{uq:uq/3vv}{ti:tiq/1vn}{nit:mnit/tn-abl-s-1s};{mali:malik/1v}{ga:gaq/1vn}{li:liq/3nv}{uq:uq/3vv}{ti:tiq/1vn}{nit:mnit/tn-abl-s-1s};{mali:malik/1v}{ga:gaq/1vn}{li:liq/2nv}{uq:uq/3vv}{ti:tiq/1vn}{nit:mnit/tn-abl-s-1s};{mali:malik/1v}{ga:gaq/2vv}{li:liq/1vv}{uq:uq/3vv}{ti:tiq/1vn}{nit:mnit/tn-abl-s-1s};{mali:malik/1v}{ga:gaq/1vn}{li:lik/1nn}{uq:ut/2nn}{ti:&iq/1nn}{nit:mnit/tn-abl-s-1s};{mali:malik/1v}{ga:gaq/1vn}{li:li/3nv}{uq:ut/1vn}{ti:&iq/1nn}{nit:mnit/tn-abl-s-1s};{mali:malik/1v}{ga:gaq/2vv}{li:li/2vv}{uq:ut/1vn}{ti:&iq/1nn}{nit:mnit/tn-abl-s-1s};{mali:malik/1v}{ga:gaq/1vn}{li:lik/2nv}{uq:ut/1vn}{ti:&iq/1nn}{nit:mnit/tn-abl-s-1s};{mali:malik/1v}{ga:gaq/1vn}{li:lik/3nv}{uq:ut/1vn}{ti:&iq/1nn}{nit:mnit/tn-abl-s-1s};{mali:malik/1v}{ga:gaq/1vn}{li:liq/3nv}{uq:ut/1vn}{ti:&iq/1nn}{nit:mnit/tn-abl-s-1s};{mali:malik/1v}{ga:gaq/1vn}{li:liq/2nv}{uq:ut/1vn}{ti:&iq/1nn}{nit:mnit/tn-abl-s-1s};{mali:malik/1v}{ga:gaq/2vv}{li:liq/1vv}{uq:ut/1vn}{ti:&iq/1nn}{nit:mnit/tn-abl-s-1s};{mali:malik/1v}{ga:gaq/1vn}{li:liaq/2nv}{uq:ut/1vn}{ti:&iq/1nn}{nit:mnit/tn-abl-s-1s};{mali:malik/1v}{ga:gaq/1vn}{li:li/3nv}{uq:uq/3vv}{ti:ji/1vn}{nit:mnit/tn-abl-p-1s};{mali:malik/1v}{ga:gaq/2vv}{li:li/2vv}{uq:uq/3vv}{ti:ji/1vn}{nit:mnit/tn-abl-p-1s};{mali:malik/1v}{ga:gaq/1vn}{li:lik/2nv}{uq:uq/3vv}{ti:ji/1vn}{nit:mnit/tn-abl-p-1s};{mali:malik/1v}{ga:gaq/1vn}{li:lik/3nv}{uq:uq/3vv}{ti:ji/1vn}{nit:mnit/tn-abl-p-1s};{mali:malik/1v}{ga:gaq/1vn}{li:liq/3nv}{uq:uq/3vv}{ti:ji/1vn}{nit:mnit/tn-abl-p-1s};{mali:malik/1v}{ga:gaq/1vn}{li:liq/2nv}{uq:uq/3vv}{ti:ji/1vn}{nit:mnit/tn-abl-p-1s};{mali:malik/1v}{ga:gaq/2vv}{li:liq/1vv}{uq:uq/3vv}{ti:ji/1vn}{nit:mnit/tn-abl-p-1s};{mali:malik/1v}{ga:gaq/1vn}{li:li/3nv}{uq:uq/3vv}{ti:tiq/1vn}{nit:mnit/tn-abl-p-1s};{mali:malik/1v}{ga:gaq/2vv}{li:li/2vv}{uq:uq/3vv}{ti:tiq/1vn}{nit:mnit/tn-abl-p-1s};{mali:malik/1v}{ga:gaq/1vn}{li:lik/2nv}{uq:uq/3vv}{ti:tiq/1vn}{nit:mnit/tn-abl-p-1s};{mali:malik/1v}{ga:gaq/1vn}{li:lik/3nv}{uq:uq/3vv}{ti:tiq/1vn}{nit:mnit/tn-abl-p-1s};{mali:malik/1v}{ga:gaq/1vn}{li:liq/3nv}{uq:uq/3vv}{ti:tiq/1vn}{nit:mnit/tn-abl-p-1s};{mali:malik/1v}{ga:gaq/1vn}{li:liq/2nv}{uq:uq/3vv}{ti:tiq/1vn}{nit:mnit/tn-abl-p-1s};{mali:malik/1v}{ga:gaq/2vv}{li:liq/1vv}{uq:uq/3vv}{ti:tiq/1vn}{nit:mnit/tn-abl-p-1s};{mali:malik/1v}{ga:gaq/1vn}{li:lik/1nn}{uq:ut/2nn}{ti:&iq/1nn}{nit:mnit/tn-abl-p-1s};{mali:malik/1v}{ga:gaq/1vn}{li:li/3nv}{uq:ut/1vn}{ti:&iq/1nn}{nit:mnit/tn-abl-p-1s};{mali:malik/1v}{ga:gaq/2vv}{li:li/2vv}{uq:ut/1vn}{ti:&iq/1nn}{nit:mnit/tn-abl-p-1s};{mali:malik/1v}{ga:gaq/1vn}{li:lik/2nv}{uq:ut/1vn}{ti:&iq/1nn}{nit:mnit/tn-abl-p-1s};{mali:malik/1v}{ga:gaq/1vn}{li:lik/3nv}{uq:ut/1vn}{ti:&iq/1nn}{nit:mnit/tn-abl-p-1s};{mali:malik/1v}{ga:gaq/1vn}{li:liq/3nv}{uq:ut/1vn}{ti:&iq/1nn}{nit:mnit/tn-abl-p-1s};{mali:malik/1v}{ga:gaq/1vn}{li:liq/2nv}{uq:ut/1vn}{ti:&iq/1nn}{nit:mnit/tn-abl-p-1s};{mali:malik/1v}{ga:gaq/2vv}{li:liq/1vv}{uq:ut/1vn}{ti:&iq/1nn}{nit:mnit/tn-abl-p-1s};{mali:malik/1v}{ga:gaq/1vn}{li:liaq/2nv}{uq:ut/1vn}{ti:&iq/1nn}{nit:mnit/tn-abl-p-1s},False,False,False,False,False,
hansard,maligaliuqtinut,{mali:malik/1v}{ga:gaq/1vn}{liuq:liuq/1nv}{ti:ji/1vn}{nut:nut/tn-dat-p},False,{maliga:maligaq/1n}{liuq:liuq/1nv}{ti:ji/1vn}{nut:nut/tn-dat-p};{maliga:maligaq/1n}{liuq:liuq/1nv}{ti:tiq/1vn}{nut:nut/tn-dat-p};{maliga:maligaq/1n}{liuq:liuq/1nv}{ti:tiq/1vn}{nut:ngnut/tn-dat-s-2s};{maliga:maligaq/1n}{liuq:liuq/1nv}{ti:ji/1vn}{nut:ngnut/tn-dat-s-2s};{maliga:maligaq/1n}{liuq:liuq/1nv}{ti:ji/1vn}{nut:ngnut/tn-dat-p-2s};{maliga:maligaq/1n}{liuq:liuq/1nv}{ti:tiq/1vn}{nut:ngnut/tn-dat-p-2s};{maliga:maligaq/1n}{liuq:liuq/1nv}{ti:ji/1vn}{nut:mnut/tn-dat-s-1s};{maliga:maligaq/1n}{liuq:liuq/1nv}{ti:tiq/1vn}{nut:mnut/tn-dat-s-1s};{maliga:maligaq/1n}{liuq:liuq/1nv}{ti:ji/1vn}{nut:mnut/tn-dat-p-1s};{maliga:maligaq/1n}{liuq:liuq/1nv}{ti:tiq/1vn}{nut:mnut/tn-dat-p-1s};{maliga:maligaq/1n}{li:li/3nv}{uq:uq/3vv}{ti:ji/1vn}{nut:nut/tn-dat-p};{maliga:maligaq/1n}{li:lik/2nv}{uq:uq/3vv}{ti:ji/1vn}{nut:nut/tn-dat-p};{maliga:maligaq/1n}{li:lik/3nv}{uq:uq/3vv}{ti:ji/1vn}{nut:nut/tn-dat-p};{maliga:maligaq/1n}{li:liq/3nv}{uq:uq/3vv}{ti:ji/1vn}{nut:nut/tn-dat-p};{maliga:maligaq/1n}{li:liq/2nv}{uq:uq/3vv}{ti:ji/1vn}{nut:nut/tn-dat-p};{maliga:maligaq/1n}{li:li/3nv}{uq:uq/3vv}{ti:tiq/1vn}{nut:nut/tn-dat-p};{maliga:maligaq/1n}{li:lik/2nv}{uq:uq/3vv}{ti:tiq/1vn}{nut:nut/tn-dat-p};{maliga:maligaq/1n}{li:lik/3nv}{uq:uq/3vv}{ti:tiq/1vn}{nut:nut/tn-dat-p};{maliga:maligaq/1n}{li:liq/3nv}{uq:uq/3vv}{ti:tiq/1vn}{nut:nut/tn-dat-p};{maliga:maligaq/1n}{li:liq/2nv}{uq:uq/3vv}{ti:tiq/1vn}{nut:nut/tn-dat-p};{maliga:maligaq/1n}{li:lik/1nn}{uq:ut/2nn}{ti:&iq/1nn}{nut:nut/tn-dat-p};{maliga:maligaq/1n}{li:li/3nv}{uq:ut/1vn}{ti:&iq/1nn}{nut:nut/tn-dat-p};{maliga:maligaq/1n}{li:lik/2nv}{uq:ut/1vn}{ti:&iq/1nn}{nut:nut/tn-dat-p};{maliga:maligaq/1n}{li:lik/3nv}{uq:ut/1vn}{ti:&iq/1nn}{nut:nut/tn-dat-p};{maliga:maligaq/1n}{li:liq/3nv}{uq:ut/1vn}{ti:&iq/1nn}{nut:nut/tn-dat-p};{maliga:maligaq/1n}{li:liq/2nv}{uq:ut/1vn}{ti:&iq/1nn}{nut:nut/tn-dat-p};{maliga:maligaq/1n}{li:liaq/2nv}{uq:ut/1vn}{ti:&iq/1nn}{nut:nut/tn-dat-p};{maliga:maligaq/1n}{li:li/3nv}{uq:uq/3vv}{ti:tiq/1vn}{nut:ngnut/tn-dat-s-2s};{maliga:maligaq/1n}{li:lik/2nv}{uq:uq/3vv}{ti:tiq/1vn}{nut:ngnut/tn-dat-s-2s};{maliga:maligaq/1n}{li:lik/3nv}{uq:uq/3vv}{ti:tiq/1vn}{nut:ngnut/tn-dat-s-2s};{maliga:maligaq/1n}{li:liq/3nv}{uq:uq/3vv}{ti:tiq/1vn}{nut:ngnut/tn-dat-s-2s};{maliga:maligaq/1n}{li:liq/2nv}{uq:uq/3vv}{ti:tiq/1vn}{nut:ngnut/tn-dat-s-2s};{maliga:maligaq/1n}{li:lik/1nn}{uq:ut/2nn}{ti:&iq/1nn}{nut:ngnut/tn-dat-s-2s};{maliga:maligaq/1n}{li:li/3nv}{uq:ut/1vn}{ti:&iq/1nn}{nut:ngnut/tn-dat-s-2s};{maliga:maligaq/1n}{li:lik/2nv}{uq:ut/1vn}{ti:&iq/1nn}{nut:ngnut/tn-dat-s-2s};{maliga:maligaq/1n}{li:lik/3nv}{uq:ut/1vn}{ti:&iq/1nn}{nut:ngnut/tn-dat-s-2s};{maliga:maligaq/1n}{li:liq/3nv}{uq:ut/1vn}{ti:&iq/1nn}{nut:ngnut/tn-dat-s-2s};{maliga:maligaq/1n}{li:liq/2nv}{uq:ut/1vn}{ti:&iq/1nn}{nut:ngnut/tn-dat-s-2s};{maliga:maligaq/1n}{li:liaq/2nv}{uq:ut/1vn}{ti:&iq/1nn}{nut:ngnut/tn-dat-s-2s};{maliga:maligaq/1n}{li:li/3nv}{uq:uq/3vv}{ti:ji/1vn}{nut:ngnut/tn-dat-s-2s};{maliga:maligaq/1n}{li:lik/2nv}{uq:uq/3vv}{ti:ji/1vn}{nut:ngnut/tn-dat-s-2s};{maliga:maligaq/1n}{li:lik/3nv}{uq:uq/3vv}{ti:ji/1vn}{nut:ngnut/tn-dat-s-2s};{maliga:maligaq/1n}{li:liq/3nv}{uq:uq/3vv}{ti:ji/1vn}{nut:ngnut/tn-dat-s-2s};{maliga:maligaq/1n}{li:liq/2nv}{uq:uq/3vv}{ti:ji/1vn}{nut:ngnut/tn-dat-s-2s};{maliga:maligaq/1n}{li:li/3nv}{uq:uq/3vv}{ti:ji/1vn}{nut:ngnut/tn-dat-p-2s};{maliga:maligaq/1n}{li:lik/2nv}{uq:uq/3vv}{ti:ji/1vn}{nut:ngnut/tn-dat-p-2s};{maliga:maligaq/1n}{li:lik/3nv}{uq:uq/3vv}{ti:ji/1vn}{nut:ngnut/tn-dat-p-2s};{maliga:maligaq/1n}{li:liq/3nv}{uq:uq/3vv}{ti:ji/1vn}{nut:ngnut/tn-dat-p-2s};{maliga:maligaq/1n}{li:liq/2nv}{uq:uq/3vv}{ti:ji/1vn}{nut:ngnut/tn-dat-p-2s};{maliga:maligaq/1n}{li:li/3nv}{uq:uq/3vv}{ti:tiq/1vn}{nut:ngnut/tn-dat-p-2s};{maliga:maligaq/1n}{li:lik/2nv}{uq:uq/3vv}{ti:tiq/1vn}{nut:ngnut/tn-dat-p-2s};{maliga:maligaq/1n}{li:lik/3nv}{uq:uq/3vv}{ti:tiq/1vn}{nut:ngnut/tn-dat-p-2s};{maliga:maligaq/1n}{li:liq/3nv}{uq:uq/3vv}{ti:tiq/1vn}{nut:ngnut/tn-dat-p-2s};{maliga:maligaq/1n}{li:liq/2nv}{uq:uq/3vv}{ti:tiq/1vn}{nut:ngnut/tn-dat-p-2s};{maliga:maligaq/1n}{li:lik/1nn}{uq:ut/2nn}{ti:&iq/1nn}{nut:ngnut/tn-dat-p-2s};{maliga:maligaq/1n}{li:li/3nv}{uq:ut/1vn}{ti:&iq/1nn}{nut:ngnut/tn-dat-p-2s};{maliga:maligaq/1n}{li:lik/2nv}{uq:ut/1vn}{ti:&iq/1nn}{nut:ngnut/tn-dat-p-2s};{maliga:maligaq/1n}{li:lik/3nv}{uq:ut/1vn}{ti:&iq/1nn}{nut:ngnut/tn-dat-p-2s};{maliga:maligaq/1n}{li:liq/3nv}{uq:ut/1vn}{ti:&iq/1nn}{nut:ngnut/tn-dat-p-2s};{maliga:maligaq/1n}{li:liq/2nv}{uq:ut/1vn}{ti:&iq/1nn}{nut:ngnut/tn-dat-p-2s};{maliga:maligaq/1n}{li:liaq/2nv}{uq:ut/1vn}{ti:&iq/1nn}{nut:ngnut/tn-dat-p-2s};{maliga:maligaq/1n}{li:li/3nv}{uq:uq/3vv}{ti:ji/1vn}{nut:mnut/tn-dat-s-1s};{maliga:maligaq/1n}{li:lik/2nv}{uq:uq/3vv}{ti:ji/1vn}{nut:mnut/tn-dat-s-1s};{maliga:maligaq/1n}{li:lik/3nv}{uq:uq/3vv}{ti:ji/1vn}{nut:mnut/tn-dat-s-1s};{maliga:maligaq/1n}{li:liq/3nv}{uq:uq/3vv}{ti:ji/1vn}{nut:mnut/tn-dat-s-1s};{maliga:maligaq/1n}{li:liq/2nv}{uq:uq/3vv}{ti:ji/1vn}{nut:mnut/tn-dat-s-1s};{maliga:maligaq/1n}{li:li/3nv}{uq:uq/3vv}{ti:tiq/1vn}{nut:mnut/tn-dat-s-1s};{maliga:maligaq/1n}{li:lik/2nv}{uq:uq/3vv}{ti:tiq/1vn}{nut:mnut/tn-dat-s-1s};{maliga:maligaq/1n}{li:lik/3nv}{uq:uq/3vv}{ti:tiq/1vn}{nut:mnut/tn-dat-s-1s};{maliga:maligaq/1n}{li:liq/3nv}{uq:uq/3vv}{ti:tiq/1vn}{nut:mnut/tn-dat-s-1s};{maliga:maligaq/1n}{li:liq/2nv}{uq:uq/3vv}{ti:tiq/1vn}{nut:mnut/tn-dat-s-1s};{maliga:maligaq/1n}{li:lik/1nn}{uq:ut/2nn}{ti:&iq/1nn}{nut:mnut/tn-dat-s-1s};{maliga:maligaq/1n}{li:li/3nv}{uq:ut/1vn}{ti:&iq/1nn}{nut:mnut/tn-dat-s-1s};{maliga:maligaq/1n}{li:lik/2nv}{uq:ut/1vn}{ti:&iq/1nn}{nut:mnut/tn-dat-s-1s};{maliga:maligaq/1n}{li:lik/3nv}{uq:ut/1vn}{ti:&iq/1nn}{nut:mnut/tn-dat-s-1s};{maliga:maligaq/1n}{li:liq/3nv}{uq:ut/1vn}{ti:&iq/1nn}{nut:mnut/tn-dat-s-1s};{maliga:maligaq/1n}{li:liq/2nv}{uq:ut/1vn}{ti:&iq/1nn}{nut:mnut/tn-dat-s-1s};{maliga:maligaq/1n}{li:liaq/2nv}{uq:ut/1vn}{ti:&iq/1nn}{nut:mnut/tn-dat-s-1s};{maliga:maligaq/1n}{li:li/3nv}{uq:uq/3vv}{ti:ji/1vn}{nut:mnut/tn-dat-p-1s};{maliga:maligaq/1n}{li:lik/2nv}{uq:uq/3vv}{ti:ji/1vn}{nut:mnut/tn-dat-p-1s};{maliga:maligaq/1n}{li:lik/3nv}{uq:uq/3vv}{ti:ji/1vn}{nut:mnut/tn-dat-p-1s};{maliga:maligaq/1n}{li:liq/3nv}{uq:uq/3vv}{ti:ji/1vn}{nut:mnut/tn-dat-p-1s};{maliga:maligaq/1n}{li:liq/2nv}{uq:uq/3vv}{ti:ji/1vn}{nut:mnut/tn-dat-p-1s};{maliga:maligaq/1n}{li:li/3nv}{uq:uq/3vv}{ti:tiq/1vn}{nut:mnut/tn-dat-p-1s};{maliga:maligaq/1n}{li:lik/2nv}{uq:uq/3vv}{ti:tiq/1vn}{nut:mnut/tn-dat-p-1s};{maliga:maligaq/1n}{li:lik/3nv}{uq:uq/3vv}{ti:tiq/1vn}{nut:mnut/tn-dat-p-1s};{maliga:maligaq/1n}{li:liq/3nv}{uq:uq/3vv}{ti:tiq/1vn}{nut:mnut/tn-dat-p-1s};{maliga:maligaq/1n}{li:liq/2nv}{uq:uq/3vv}{ti:tiq/1vn}{nut:mnut/tn-dat-p-1s};{maliga:maligaq/1n}{li:lik/1nn}{uq:ut/2nn}{ti:&iq/1nn}{nut:mnut/tn-dat-p-1s};{maliga:maligaq/1n}{li:li/3nv}{uq:ut/1vn}{ti:&iq/1nn}{nut:mnut/tn-dat-p-1s};{maliga:maligaq/1n}{li:lik/2nv}{uq:ut/1vn}{ti:&iq/1nn}{nut:mnut/tn-dat-p-1s};{maliga:maligaq/1n}{li:lik/3nv}{uq:ut/1vn}{ti:&iq/1nn}{nut:mnut/tn-dat-p-1s};{maliga:maligaq/1n}{li:liq/3nv}{uq:ut/1vn}{ti:&iq/1nn}{nut:mnut/tn-dat-p-1s};{maliga:maligaq/1n}{li:liq/2nv}{uq:ut/1vn}{ti:&iq/1nn}{nut:mnut/tn-dat-p-1s};{maliga:maligaq/1n}{li:liaq/2nv}{uq:ut/1vn}{ti:&iq/1nn}{nut:mnut/tn-dat-p-1s};{mali:malik/1v}{ga:gaq/1vn}{liuq:liuq/1nv}{ti:ji/1vn}{nut:nut/tn-dat-p};{mali:malik/1v}{ga:gaq/1vn}{liuq:liuq/1nv}{ti:tiq/1vn}{nut:nut/tn-dat-p};{mali:malik/1v}{ga:gaq/1vn}{liuq:liuq/1nv}{ti:tiq/1vn}{nut:ngnut/tn-dat-s-2s};{mali:malik/1v}{ga:gaq/1vn}{liuq:liuq/1nv}{ti:ji/1vn}{nut:ngnut/tn-dat-s-2s};{mali:malik/1v}{ga:gaq/1vn}{liuq:liuq/1nv}{ti:ji/1vn}{nut:ngnut/tn-dat-p-2s};{mali:malik/1v}{ga:gaq/1vn}{liuq:liuq/1nv}{ti:tiq/1vn}{nut:ngnut/tn-dat-p-2s};{mali:malik/1v}{ga:gaq/1vn}{liuq:liuq/1nv}{ti:ji/1vn}{nut:mnut/tn-dat-s-1s};{mali:malik/1v}{ga:gaq/1vn}{liuq:liuq/1nv}{ti:tiq/1vn}{nut:mnut/tn-dat-s-1s};{mali:malik/1v}{ga:gaq/1vn}{liuq:liuq/1nv}{ti:ji/1vn}{nut:mnut/tn-dat-p-1s};{mali:malik/1v}{ga:gaq/1vn}{liuq:liuq/1nv}{ti:tiq/1vn}{nut:mnut/tn-dat-p-1s};{mali:malik/1v}{ga:gaq/1vn}{li:li/3nv}{uq:uq/3vv}{ti:ji/1vn}{nut:nut/tn-dat-p};{mali:malik/1v}{ga:gaq/2vv}{li:li/2vv}{uq:uq/3vv}{ti:ji/1vn}{nut:nut/tn-dat-p};{mali:malik/1v}{ga:gaq/1vn}{li:lik/2nv}{uq:uq/3vv}{ti:ji/1vn}{nut:nut/tn-dat-p};{mali:malik/1v}{ga:gaq/1vn}{li:lik/3nv}{uq:uq/3vv}{ti:ji/1vn}{nut:nut/tn-dat-p};{mali:malik/1v}{ga:gaq/1vn}{li:liq/3nv}{uq:uq/3vv}{ti:ji/1vn}{nut:nut/tn-dat-p};{mali:malik/1v}{ga:gaq/1vn}{li:liq/2nv}{uq:uq/3vv}{ti:ji/1vn}{nut:nut/tn-dat-p};{mali:malik/1v}{ga:gaq/2vv}{li:liq/1vv}{uq:uq/3vv}{ti:ji/1vn}{nut:nut/tn-dat-p};{mali:malik/1v}{ga:gaq/1vn}{li:li/3nv}{uq:uq/3vv}{ti:tiq/1vn}{nut:nut/tn-dat-p};{mali:malik/1v}{ga:gaq/2vv}{li:li/2vv}{uq:uq/3vv}{ti:tiq/1vn}{nut:nut/tn-dat-p};{mali:malik/1v}{ga:gaq/1vn}{li:lik/2nv}{uq:uq/3vv}{ti:tiq/1vn}{nut:nut/tn-dat-p};{mali:malik/1v}{ga:gaq/1vn}{li:lik/3nv}{uq:uq/3vv}{ti:tiq/1vn}{nut:nut/tn-dat-p};{mali:malik/1v}{ga:gaq/1vn}{li:liq/3nv}{uq:uq/3vv}{ti:tiq/1vn}{nut:nut/tn-dat-p};{mali:malik/1v}{ga:gaq/1vn}{li:liq/2nv}{uq:uq/3vv}{ti:tiq/1vn}{nut:nut/tn-dat-p};{mali:malik/1v}{ga:gaq/2vv}{li:liq/1vv}{uq:uq/3vv}{ti:tiq/1vn}{nut:nut/tn-dat-p};{mali:malik/1v}{ga:gaq/1vn}{li:lik/1nn}{uq:ut/2nn}{ti:&iq/1nn}{nut:nut/tn-dat-p};{mali:malik/1v}{ga:gaq/1vn}{li:li/3nv}{uq:ut/1vn}{ti:&iq/1nn}{nut:nut/tn-dat-p};{mali:malik/1v}{ga:gaq/2vv}{li:li/2vv}{uq:ut/1vn}{ti:&iq/1nn}{nut:nut/tn-dat-p};{mali:malik/1v}{ga:gaq/1vn}{li:lik/2nv}{uq:ut/1vn}{ti:&iq/1nn}{nut:nut/tn-dat-p};{mali:malik/1v}{ga:gaq/1vn}{li:lik/3nv}{uq:ut/1vn}{ti:&iq/1nn}{nut:nut/tn-dat-p};{mali:malik/1v}{ga:gaq/1vn}{li:liq/3nv}{uq:ut/1vn}{ti:&iq/1nn}{nut:nut/tn-dat-p};{mali:malik/1v}{ga:gaq/1vn}{li:liq/2nv}{uq:ut/1vn}{ti:&iq/1nn}{nut:nut/tn-dat-p};{mali:malik/1v}{ga:gaq/2vv}{li:liq/1vv}{uq:ut/1vn}{ti:&iq/1nn}{nut:nut/tn-dat-p};{mali:malik/1v}{ga:gaq/1vn}{li:liaq/2nv}{uq:ut/1vn}{ti:&iq/1nn}{nut:nut/tn-dat-p};{mali:malik/1v}{ga:gaq/1vn}{li:li/3nv}{uq:uq/3vv}{ti:tiq/1vn}{nut:ngnut/tn-dat-s-2s};{mali:malik/1v}{ga:gaq/2vv}{li:li/2vv}{uq:uq/3vv}{ti:tiq/1vn}{nut:ngnut/tn-dat-s-2s};{mali:malik/1v}{ga:gaq/1vn}{li:lik/2nv}{uq:uq/3vv}{ti:tiq/1vn}{nut:ngnut/tn-dat-s-2s};{mali:malik/1v}{ga:gaq/1vn}{li:lik/3nv}{uq:uq/3vv}{ti:tiq/1vn}{nut:ngnut/tn-dat-s-2s};{mali:malik/1v}{ga:gaq/1vn}{li:liq/3nv}{uq:uq/3vv}{ti:tiq/1vn}{nut:ngnut/tn-dat-s-2s};{mali:malik/1v}{ga:gaq/1vn}{li:liq/2nv}{uq:uq/3vv}{ti:tiq/1vn}{nut:ngnut/tn-dat-s-2s};{mali:malik/1v}{ga:gaq/2vv}{li:liq/1vv}{uq:uq/3vv}{ti:tiq/1vn}{nut:ngnut/tn-dat-s-2s};{mali:malik/1v}{ga:gaq/1vn}{li:lik/1nn}{uq:ut/2nn}{ti:&iq/1nn}{nut:ngnut/tn-dat-s-2s};{mali:malik/1v}{ga:gaq/1vn}{li:li/3nv}{uq:ut/1vn}{ti:&iq/1nn}{nut:ngnut/tn-dat-s-2s};{mali:malik/1v}{ga:gaq/2vv}{li:li/2vv}{uq:ut/1vn}{ti:&iq/1nn}{nut:ngnut/tn-dat-s-2s};{mali:malik/1v}{ga:gaq/1vn}{li:lik/2nv}{uq:ut/1vn}{ti:&iq/1nn}{nut:ngnut/tn-dat-s-2s};{mali:malik/1v}{ga:gaq/1vn}{li:lik/3nv}{uq:ut/1vn}{ti:&iq/1nn}{nut:ngnut/tn-dat-s-2s};{mali:malik/1v}{ga:gaq/1vn}{li:liq/3nv}{uq:ut/1vn}{ti:&iq/1nn}{nut:ngnut/tn-dat-s-2s};{mali:malik/1v}{ga:gaq/1vn}{li:liq/2nv}{uq:ut/1vn}{ti:&iq/1nn}{nut:ngnut/tn-dat-s-2s};{mali:malik/1v}{ga:gaq/2vv}{li:liq/1vv}{uq:ut/1vn}{ti:&iq/1nn}{nut:ngnut/tn-dat-s-2s};{mali:malik/1v}{ga:gaq/1vn}{li:liaq/2nv}{uq:ut/1vn}{ti:&iq/1nn}{nut:ngnut/tn-dat-s-2s};{mali:malik/1v}{ga:gaq/1vn}{li:li/3nv}{uq:uq/3vv}{ti:ji/1vn}{nut:ngnut/tn-dat-s-2s};{mali:malik/1v}{ga:gaq/2vv}{li:li/2vv}{uq:uq/3vv}{ti:ji/1vn}{nut:ngnut/tn-dat-s-2s};{mali:malik/1v}{ga:gaq/1vn}{li:lik/2nv}{uq:uq/3vv}{ti:ji/1vn}{nut:ngnut/tn-dat-s-2s};{mali:malik/1v}{ga:gaq/1vn}{li:lik/3nv}{uq:uq/3vv}{ti:ji/1vn}{nut:ngnut/tn-dat-s-2s};{mali:malik/1v}{ga:gaq/1vn}{li:liq/3nv}{uq:uq/3vv}{ti:ji/1vn}{nut:ngnut/tn-dat-s-2s};{mali:malik/1v}{ga:gaq/1vn}{li:liq/2nv}{uq:uq/3vv}{ti:ji/1vn}{nut:ngnut/tn-dat-s-2s};{mali:malik/1v}{ga:gaq/2vv}{li:liq/1vv}{uq:uq/3vv}{ti:ji/1vn}{nut:ngnut/tn-dat-s-2s};{mali:malik/1v}{ga:gaq/1vn}{li:li/3nv}{uq:uq/3vv}{ti:ji/1vn}{nut:ngnut/tn-dat-p-2s};{mali:malik/1v}{ga:gaq/2vv}{li:li/2vv}{uq:uq/3vv}{ti:ji/1vn}{nut:ngnut/tn-dat-p-2s};{mali:malik/1v}{ga:gaq/1vn}{li:lik/2nv}{uq:uq/3vv}{ti:ji/1vn}{nut:ngnut/tn-dat-p-2s};{mali:malik/1v}{ga:gaq/1vn}{li:lik/3nv}{uq:uq/3vv}{ti:ji/1vn}{nut:ngnut/tn-dat-p-2s};{mali:malik/1v}{ga:gaq/1vn}{li:liq/3nv}{uq:uq/3vv}{ti:ji/1vn}{nut:ngnut/tn-dat-p-2s};{mali:malik/1v}{ga:gaq/1vn}{li:liq/2nv}{uq:uq/3vv}{ti:ji/1vn}{nut:ngnut/tn-dat-p-2s};{mali:malik/1v}{ga:gaq/2vv}{li:liq/1vv}{uq:uq/3vv}{ti:ji/1vn}{nut:ngnut/tn-dat-p-2s};{mali:malik/1v}{ga:gaq/1vn}{li:li/3nv}{uq:uq/3vv}{ti:tiq/1vn}{nut:ngnut/tn-dat-p-2s};{mali:malik/1v}{ga:gaq/2vv}{li:li/2vv}{uq:uq/3vv}{ti:tiq/1vn}{nut:ngnut/tn-dat-p-2s};{mali:malik/1v}{ga:gaq/1vn}{li:lik/2nv}{uq:uq/3vv}{ti:tiq/1vn}{nut:ngnut/tn-dat-p-2s};{mali:malik/1v}{ga:gaq/1vn}{li:lik/3nv}{uq:uq/3vv}{ti:tiq/1vn}{nut:ngnut/tn-dat-p-2s};{mali:malik/1v}{ga:gaq/1vn}{li:liq/3nv}{uq:uq/3vv}{ti:tiq/1vn}{nut:ngnut/tn-dat-p-2s};{mali:malik/1v}{ga:gaq/1vn}{li:liq/2nv}{uq:uq/3vv}{ti:tiq/1vn}{nut:ngnut/tn-dat-p-2s};{mali:malik/1v}{ga:gaq/2vv}{li:liq/1vv}{uq:uq/3vv}{ti:tiq/1vn}{nut:ngnut/tn-dat-p-2s};{mali:malik/1v}{ga:gaq/1vn}{li:lik/1nn}{uq:ut/2nn}{ti:&iq/1nn}{nut:ngnut/tn-dat-p-2s};{mali:malik/1v}{ga:gaq/1vn}{li:li/3nv}{uq:ut/1vn}{ti:&iq/1nn}{nut:ngnut/tn-dat-p-2s};{mali:malik/1v}{ga:gaq/2vv}{li:li/2vv}{uq:ut/1vn}{ti:&iq/1nn}{nut:ngnut/tn-dat-p-2s};{mali:malik/1v}{ga:gaq/1vn}{li:lik/2nv}{uq:ut/1vn}{ti:&iq/1nn}{nut:ngnut/tn-dat-p-2s};{mali:malik/1v}{ga:gaq/1vn}{li:lik/3nv}{uq:ut/1vn}{ti:&iq/1nn}{nut:ngnut/tn-dat-p-2s};{mali:malik/1v}{ga:gaq/1vn}{li:liq/3nv}{uq:ut/1vn}{ti:&iq/1nn}{nut:ngnut/tn-dat-p-2s};{mali:malik/1v}{ga:gaq/1vn}{li:liq/2nv}{uq:ut/1vn}{ti:&iq/1nn}{nut:ngnut/tn-dat-p-2s};{mali:malik/1v}{ga:gaq/2vv}{li:liq/1vv}{uq:ut/1vn}{ti:&iq/1nn}{nut:ngnut/tn-dat-p-2s};{mali:malik/1v}{ga:gaq/1vn}{li:liaq/2nv}{uq:ut/1vn}{ti:&iq/1nn}{nut:ngnut/tn-dat-p-2s};{mali:malik/1v}{ga:gaq/1vn}{li:li/3nv}{uq:uq/3vv}{ti:ji/1vn}{nut:mnut/tn-dat-s-1s};{mali:malik/1v}{ga:gaq/2vv}{li:li/2vv}{uq:uq/3vv}{ti:ji/1vn}{nut:mnut/tn-dat-s-1s};{mali:malik/1v}{ga:gaq/1vn}{li:lik/2nv}{uq:uq/3vv}{ti:ji/1vn}{nut:mnut/tn-dat-s-1s};{mali:malik/1v}{ga:gaq/1vn}{li:lik/3nv}{uq:uq/3vv}{ti:ji/1vn}{nut:mnut/tn-dat-s-1s};{mali:malik/1v}{ga:gaq/1vn}{li:liq/3nv}{uq:uq/3vv}{ti:ji/1vn}{nut:mnut/tn-dat-s-1s};{mali:malik/1v}{ga:gaq/1vn}{li:liq/2nv}{uq:uq/3vv}{ti:ji/1vn}{nut:mnut/tn-dat-s-1s};{mali:malik/1v}{ga:gaq/2vv}{li:liq/1vv}{uq:uq/3vv}{ti:ji/1vn}{nut:mnut/tn-dat-s-1s};{mali:malik/1v}{ga:gaq/1vn}{li:li/3nv}{uq:uq/3vv}{ti:tiq/1vn}{nut:mnut/tn-dat-s-1s};{mali:malik/1v}{ga:gaq/2vv}{li:li/2vv}{uq:uq/3vv}{ti:tiq/1vn}{nut:mnut/tn-dat-s-1s};{mali:malik/1v}{ga:gaq/1vn}{li:lik/2nv}{uq:uq/3vv}{ti:tiq/1vn}{nut:mnut/tn-dat-s-1s};{mali:malik/1v}{ga:gaq/1vn}{li:lik/3nv}{uq:uq/3vv}{ti:tiq/1vn}{nut:mnut/tn-dat-s-1s};{mali:malik/1v}{ga:gaq/1vn}{li:liq/3nv}{uq:uq/3vv}{ti:tiq/1vn}{nut:mnut/tn-dat-s-1s};{mali:malik/1v}{ga:gaq/1vn}{li:liq/2nv}{uq:uq/3vv}{ti:tiq/1vn}{nut:mnut/tn-dat-s-1s};{mali:malik/1v}{ga:gaq/2vv}{li:liq/1vv}{uq:uq/3vv}{ti:tiq/1vn}{nut:mnut/tn-dat-s-1s};{mali:malik/1v}{ga:gaq/1vn}{li:lik/1nn}{uq:ut/2nn}{ti:&iq/1nn}{nut:mnut/tn-dat-s-1s};{mali:malik/1v}{ga:gaq/1vn}{li:li/3nv}{uq:ut/1vn}{ti:&iq/1nn}{nut:mnut/tn-dat-s-1s};{mali:malik/1v}{ga:gaq/2vv}{li:li/2vv}{uq:ut/1vn}{ti:&iq/1nn}{nut:mnut/tn-dat-s-1s};{mali:malik/1v}{ga:gaq/1vn}{li:lik/2nv}{uq:ut/1vn}{ti:&iq/1nn}{nut:mnut/tn-dat-s-1s};{mali:malik/1v}{ga:gaq/1vn}{li:lik/3nv}{uq:ut/1vn}{ti:&iq/1nn}{nut:mnut/tn-dat-s-1s};{mali:malik/1v}{ga:gaq/1vn}{li:liq/3nv}{uq:ut/1vn}{ti:&iq/1nn}{nut:mnut/tn-dat-s-1s};{mali:malik/1v}{ga:gaq/1vn}{li:liq/2nv}{uq:ut/1vn}{ti:&iq/1nn}{nut:mnut/tn-dat-s-1s};{mali:malik/1v}{ga:gaq/2vv}{li:liq/1vv}{uq:ut/1vn}{ti:&iq/1nn}{nut:mnut/tn-dat-s-1s};{mali:malik/1v}{ga:gaq/1vn}{li:liaq/2nv}{uq:ut/1vn}{ti:&iq/1nn}{nut:mnut/tn-dat-s-1s};{mali:malik/1v}{ga:gaq/1vn}{li:li/3nv}{uq:uq/3vv}{ti:ji/1vn}{nut:mnut/tn-dat-p-1s};{mali:malik/1v}{ga:gaq/2vv}{li:li/2vv}{uq:uq/3vv}{ti:ji/1vn}{nut:mnut/tn-dat-p-1s};{mali:malik/1v}{ga:gaq/1vn}{li:lik/2nv}{uq:uq/3vv}{ti:ji/1vn}{nut:mnut/tn-dat-p-1s};{mali:malik/1v}{ga:gaq/1vn}{li:lik/3nv}{uq:uq/3vv}{ti:ji/1vn}{nut:mnut/tn-dat-p-1s};{mali:malik/1v}{ga:gaq/1vn}{li:liq/3nv}{uq:uq/3vv}{ti:ji/1vn}{nut:mnut/tn-dat-p-1s};{mali:malik/1v}{ga:gaq/1vn}{li:liq/2nv}{uq:uq/3vv}{ti:ji/1vn}{nut:mnut/tn-dat-p-1s};{mali:malik/1v}{ga:gaq/2vv}{li:liq/1vv}{uq:uq/3vv}{ti:ji/1vn}{nut:mnut/tn-dat-p-1s};{mali:malik/1v}{ga:gaq/1vn}{li:li/3nv}{uq:uq/3vv}{ti:tiq/1vn}{nut:mnut/tn-dat-p-1s};{mali:malik/1v}{ga:gaq/2vv}{li:li/2vv}{uq:uq/3vv}{ti:tiq/1vn}{nut:mnut/tn-dat-p-1s};{mali:malik/1v}{ga:gaq/1vn}{li:lik/2nv}{uq:uq/3vv}{ti:tiq/1vn}{nut:mnut/tn-dat-p-1s};{mali:malik/1v}{ga:gaq/1vn}{li:lik/3nv}{uq:uq/3vv}{ti:tiq/1vn}{nut:mnut/tn-dat-p-1s};{mali:malik/1v}{ga:gaq/1vn}{li:liq/3nv}{uq:uq/3vv}{ti:tiq/1vn}{nut:mnut/tn-dat-p-1s};{mali:malik/1v}{ga:gaq/1vn}{li:liq/2nv}{uq:uq/3vv}{ti:tiq/1vn}{nut:mnut/tn-dat-p-1s};{mali:malik/1v}{ga:gaq/2vv}{li:liq/1vv}{uq:uq/3vv}{ti:tiq/1vn}{nut:mnut/tn-dat-p-1s};{mali:malik/1v}{ga:gaq/1vn}{li:lik/1nn}{uq:ut/2nn}{ti:&iq/1nn}{nut:mnut/tn-dat-p-1s};{mali:malik/1v}{ga:gaq/1vn}{li:li/3nv}{uq:ut/1vn}{ti:&iq/1nn}{nut:mnut/tn-dat-p-1s};{mali:malik/1v}{ga:gaq/2vv}{li:li/2vv}{uq:ut/1vn}{ti:&iq/1nn}{nut:mnut/tn-dat-p-1s};{mali:malik/1v}{ga:gaq/1vn}{li:lik/2nv}{uq:ut/1vn}{ti:&iq/1nn}{nut:mnut/tn-dat-p-1s};{mali:malik/1v}{ga:gaq/1vn}{li:lik/3nv}{uq:ut/1vn}{ti:&iq/1nn}{nut:mnut/tn-dat-p-1s};{mali:malik/1v}{ga:gaq/1vn}{li:liq/3nv}{uq:ut/1vn}{ti:&iq/1nn}{nut:mnut/tn-dat-p-1s};{mali:malik/1v}{ga:gaq/1vn}{li:liq/2nv}{uq:ut/1vn}{ti:&iq/1nn}{nut:mnut/tn-dat-p-1s};{mali:malik/1v}{ga:gaq/2vv}{li:liq/1vv}{uq:ut/1vn}{ti:&iq/1nn}{nut:mnut/tn-dat-p-1s};{mali:malik/1v}{ga:gaq/1vn}{li:liaq/2nv}{uq:ut/1vn}{ti:&iq/1nn}{nut:mnut/tn-dat-p-1s},False,False,False,False,False,
hansard,maligaliuqtit,{maliga:maligaq/1n}{liuq:liuq/1nv}{ti:ji/1vn}{t:it/tn-nom-p},False,,False,True,False,False,False,See comment for 'katimajit'
hansard,maligaliuqtiujuq,{mali:malik/1v}{ga:gaq/1vn}{liuq:liuq/1nv}{ti:ji/1vn}{u:u/1nv}{juq:juq/1vn},False,{maliga:maligaq/1n}{liuq:liuq/1nv}{ti:ji/1vn}{u:u/1nv}{juq:juq/1vn};{maliga:maligaq/1n}{liuq:liuq/1nv}{ti:tiq/1vn}{u:u/1nv}{juq:juq/1vn};{maliga:maligaq/1n}{liuq:liuq/1nv}{ti:ji/1vn}{u:u/1nv}{juq:juq/tv-ger-3s};{maliga:maligaq/1n}{liuq:liuq/1nv}{ti:tiq/1vn}{u:u/1nv}{juq:juq/tv-ger-3s};{maliga:maligaq/1n}{li:li/3nv}{uq:uq/3vv}{ti:ji/1vn}{u:u/1nv}{juq:juq/1vn};{maliga:maligaq/1n}{li:lik/2nv}{uq:uq/3vv}{ti:ji/1vn}{u:u/1nv}{juq:juq/1vn};{maliga:maligaq/1n}{li:lik/3nv}{uq:uq/3vv}{ti:ji/1vn}{u:u/1nv}{juq:juq/1vn};{maliga:maligaq/1n}{li:liq/3nv}{uq:uq/3vv}{ti:ji/1vn}{u:u/1nv}{juq:juq/1vn};{maliga:maligaq/1n}{li:liq/2nv}{uq:uq/3vv}{ti:ji/1vn}{u:u/1nv}{juq:juq/1vn};{maliga:maligaq/1n}{li:li/3nv}{uq:uq/3vv}{ti:tiq/1vn}{u:u/1nv}{juq:juq/1vn};{maliga:maligaq/1n}{li:lik/2nv}{uq:uq/3vv}{ti:tiq/1vn}{u:u/1nv}{juq:juq/1vn};{maliga:maligaq/1n}{li:lik/3nv}{uq:uq/3vv}{ti:tiq/1vn}{u:u/1nv}{juq:juq/1vn};{maliga:maligaq/1n}{li:liq/3nv}{uq:uq/3vv}{ti:tiq/1vn}{u:u/1nv}{juq:juq/1vn};{maliga:maligaq/1n}{li:liq/2nv}{uq:uq/3vv}{ti:tiq/1vn}{u:u/1nv}{juq:juq/1vn};{maliga:maligaq/1n}{li:lik/1nn}{uq:ut/2nn}{ti:&iq/1nn}{u:u/1nv}{juq:juq/1vn};{maliga:maligaq/1n}{li:li/3nv}{uq:ut/1vn}{ti:&iq/1nn}{u:u/1nv}{juq:juq/1vn};{maliga:maligaq/1n}{li:lik/2nv}{uq:ut/1vn}{ti:&iq/1nn}{u:u/1nv}{juq:juq/1vn};{maliga:maligaq/1n}{li:lik/3nv}{uq:ut/1vn}{ti:&iq/1nn}{u:u/1nv}{juq:juq/1vn};{maliga:maligaq/1n}{li:liq/3nv}{uq:ut/1vn}{ti:&iq/1nn}{u:u/1nv}{juq:juq/1vn};{maliga:maligaq/1n}{li:liq/2nv}{uq:ut/1vn}{ti:&iq/1nn}{u:u/1nv}{juq:juq/1vn};{maliga:maligaq/1n}{li:liaq/2nv}{uq:ut/1vn}{ti:&iq/1nn}{u:u/1nv}{juq:juq/1vn};{maliga:maligaq/1n}{li:li/3nv}{uq:uq/3vv}{ti:ji/1vn}{u:u/1nv}{juq:juq/tv-ger-3s};{maliga:maligaq/1n}{li:lik/2nv}{uq:uq/3vv}{ti:ji/1vn}{u:u/1nv}{juq:juq/tv-ger-3s};{maliga:maligaq/1n}{li:lik/3nv}{uq:uq/3vv}{ti:ji/1vn}{u:u/1nv}{juq:juq/tv-ger-3s};{maliga:maligaq/1n}{li:liq/3nv}{uq:uq/3vv}{ti:ji/1vn}{u:u/1nv}{juq:juq/tv-ger-3s};{maliga:maligaq/1n}{li:liq/2nv}{uq:uq/3vv}{ti:ji/1vn}{u:u/1nv}{juq:juq/tv-ger-3s};{maliga:maligaq/1n}{li:li/3nv}{uq:uq/3vv}{ti:tiq/1vn}{u:u/1nv}{juq:juq/tv-ger-3s};{maliga:maligaq/1n}{li:lik/2nv}{uq:uq/3vv}{ti:tiq/1vn}{u:u/1nv}{juq:juq/tv-ger-3s};{maliga:maligaq/1n}{li:lik/3nv}{uq:uq/3vv}{ti:tiq/1vn}{u:u/1nv}{juq:juq/tv-ger-3s};{maliga:maligaq/1n}{li:liq/3nv}{uq:uq/3vv}{ti:tiq/1vn}{u:u/1nv}{juq:juq/tv-ger-3s};{maliga:maligaq/1n}{li:liq/2nv}{uq:uq/3vv}{ti:tiq/1vn}{u:u/1nv}{juq:juq/tv-ger-3s};{maliga:maligaq/1n}{li:lik/1nn}{uq:ut/2nn}{ti:&iq/1nn}{u:u/1nv}{juq:juq/tv-ger-3s};{maliga:maligaq/1n}{li:li/3nv}{uq:ut/1vn}{ti:&iq/1nn}{u:u/1nv}{juq:juq/tv-ger-3s};{maliga:maligaq/1n}{li:lik/2nv}{uq:ut/1vn}{ti:&iq/1nn}{u:u/1nv}{juq:juq/tv-ger-3s};{maliga:maligaq/1n}{li:lik/3nv}{uq:ut/1vn}{ti:&iq/1nn}{u:u/1nv}{juq:juq/tv-ger-3s};{maliga:maligaq/1n}{li:liq/3nv}{uq:ut/1vn}{ti:&iq/1nn}{u:u/1nv}{juq:juq/tv-ger-3s};{maliga:maligaq/1n}{li:liq/2nv}{uq:ut/1vn}{ti:&iq/1nn}{u:u/1nv}{juq:juq/tv-ger-3s};{maliga:maligaq/1n}{li:liaq/2nv}{uq:ut/1vn}{ti:&iq/1nn}{u:u/1nv}{juq:juq/tv-ger-3s};{mali:malik/1v}{ga:gaq/1vn}{liuq:liuq/1nv}{ti:ji/1vn}{u:u/1nv}{juq:juq/1vn};{mali:malik/1v}{ga:gaq/1vn}{liuq:liuq/1nv}{ti:tiq/1vn}{u:u/1nv}{juq:juq/1vn};{mali:malik/1v}{ga:gaq/1vn}{liuq:liuq/1nv}{ti:ji/1vn}{u:u/1nv}{juq:juq/tv-ger-3s};{mali:malik/1v}{ga:gaq/1vn}{liuq:liuq/1nv}{ti:tiq/1vn}{u:u/1nv}{juq:juq/tv-ger-3s};{mali:malik/1v}{ga:gaq/1vn}{li:li/3nv}{uq:uq/3vv}{ti:ji/1vn}{u:u/1nv}{juq:juq/1vn};{mali:malik/1v}{ga:gaq/2vv}{li:li/2vv}{uq:uq/3vv}{ti:ji/1vn}{u:u/1nv}{juq:juq/1vn};{mali:malik/1v}{ga:gaq/1vn}{li:lik/2nv}{uq:uq/3vv}{ti:ji/1vn}{u:u/1nv}{juq:juq/1vn};{mali:malik/1v}{ga:gaq/1vn}{li:lik/3nv}{uq:uq/3vv}{ti:ji/1vn}{u:u/1nv}{juq:juq/1vn};{mali:malik/1v}{ga:gaq/1vn}{li:liq/3nv}{uq:uq/3vv}{ti:ji/1vn}{u:u/1nv}{juq:juq/1vn};{mali:malik/1v}{ga:gaq/1vn}{li:liq/2nv}{uq:uq/3vv}{ti:ji/1vn}{u:u/1nv}{juq:juq/1vn};{mali:malik/1v}{ga:gaq/2vv}{li:liq/1vv}{uq:uq/3vv}{ti:ji/1vn}{u:u/1nv}{juq:juq/1vn};{mali:malik/1v}{ga:gaq/1vn}{li:li/3nv}{uq:uq/3vv}{ti:tiq/1vn}{u:u/1nv}{juq:juq/1vn};{mali:malik/1v}{ga:gaq/2vv}{li:li/2vv}{uq:uq/3vv}{ti:tiq/1vn}{u:u/1nv}{juq:juq/1vn};{mali:malik/1v}{ga:gaq/1vn}{li:lik/2nv}{uq:uq/3vv}{ti:tiq/1vn}{u:u/1nv}{juq:juq/1vn};{mali:malik/1v}{ga:gaq/1vn}{li:lik/3nv}{uq:uq/3vv}{ti:tiq/1vn}{u:u/1nv}{juq:juq/1vn};{mali:malik/1v}{ga:gaq/1vn}{li:liq/3nv}{uq:uq/3vv}{ti:tiq/1vn}{u:u/1nv}{juq:juq/1vn};{mali:malik/1v}{ga:gaq/1vn}{li:liq/2nv}{uq:uq/3vv}{ti:tiq/1vn}{u:u/1nv}{juq:juq/1vn};{mali:malik/1v}{ga:gaq/2vv}{li:liq/1vv}{uq:uq/3vv}{ti:tiq/1vn}{u:u/1nv}{juq:juq/1vn};{mali:malik/1v}{ga:gaq/1vn}{li:lik/1nn}{uq:ut/2nn}{ti:&iq/1nn}{u:u/1nv}{juq:juq/1vn};{mali:malik/1v}{ga:gaq/1vn}{li:li/3nv}{uq:ut/1vn}{ti:&iq/1nn}{u:u/1nv}{juq:juq/1vn};{mali:malik/1v}{ga:gaq/2vv}{li:li/2vv}{uq:ut/1vn}{ti:&iq/1nn}{u:u/1nv}{juq:juq/1vn};{mali:malik/1v}{ga:gaq/1vn}{li:lik/2nv}{uq:ut/1vn}{ti:&iq/1nn}{u:u/1nv}{juq:juq/1vn};{mali:malik/1v}{ga:gaq/1vn}{li:lik/3nv}{uq:ut/1vn}{ti:&iq/1nn}{u:u/1nv}{juq:juq/1vn};{mali:malik/1v}{ga:gaq/1vn}{li:liq/3nv}{uq:ut/1vn}{ti:&iq/1nn}{u:u/1nv}{juq:juq/1vn};{mali:malik/1v}{ga:gaq/1vn}{li:liq/2nv}{uq:ut/1vn}{ti:&iq/1nn}{u:u/1nv}{juq:juq/1vn};{mali:malik/1v}{ga:gaq/2vv}{li:liq/1vv}{uq:ut/1vn}{ti:&iq/1nn}{u:u/1nv}{juq:juq/1vn};{mali:malik/1v}{ga:gaq/1vn}{li:liaq/2nv}{uq:ut/1vn}{ti:&iq/1nn}{u:u/1nv}{juq:juq/1vn};{mali:malik/1v}{ga:gaq/1vn}{li:li/3nv}{uq:uq/3vv}{ti:ji/1vn}{u:u/1nv}{juq:juq/tv-ger-3s};{mali:malik/1v}{ga:gaq/2vv}{li:li/2vv}{uq:uq/3vv}{ti:ji/1vn}{u:u/1nv}{juq:juq/tv-ger-3s};{mali:malik/1v}{ga:gaq/1vn}{li:lik/2nv}{uq:uq/3vv}{ti:ji/1vn}{u:u/1nv}{juq:juq/tv-ger-3s};{mali:malik/1v}{ga:gaq/1vn}{li:lik/3nv}{uq:uq/3vv}{ti:ji/1vn}{u:u/1nv}{juq:juq/tv-ger-3s};{mali:malik/1v}{ga:gaq/1vn}{li:liq/3nv}{uq:uq/3vv}{ti:ji/1vn}{u:u/1nv}{juq:juq/tv-ger-3s};{mali:malik/1v}{ga:gaq/1vn}{li:liq/2nv}{uq:uq/3vv}{ti:ji/1vn}{u:u/1nv}{juq:juq/tv-ger-3s};{mali:malik/1v}{ga:gaq/2vv}{li:liq/1vv}{uq:uq/3vv}{ti:ji/1vn}{u:u/1nv}{juq:juq/tv-ger-3s};{mali:malik/1v}{ga:gaq/1vn}{li:li/3nv}{uq:uq/3vv}{ti:tiq/1vn}{u:u/1nv}{juq:juq/tv-ger-3s};{mali:malik/1v}{ga:gaq/2vv}{li:li/2vv}{uq:uq/3vv}{ti:tiq/1vn}{u:u/1nv}{juq:juq/tv-ger-3s};{mali:malik/1v}{ga:gaq/1vn}{li:lik/2nv}{uq:uq/3vv}{ti:tiq/1vn}{u:u/1nv}{juq:juq/tv-ger-3s};{mali:malik/1v}{ga:gaq/1vn}{li:lik/3nv}{uq:uq/3vv}{ti:tiq/1vn}{u:u/1nv}{juq:juq/tv-ger-3s};{mali:malik/1v}{ga:gaq/1vn}{li:liq/3nv}{uq:uq/3vv}{ti:tiq/1vn}{u:u/1nv}{juq:juq/tv-ger-3s};{mali:malik/1v}{ga:gaq/1vn}{li:liq/2nv}{uq:uq/3vv}{ti:tiq/1vn}{u:u/1nv}{juq:juq/tv-ger-3s};{mali:malik/1v}{ga:gaq/2vv}{li:liq/1vv}{uq:uq/3vv}{ti:tiq/1vn}{u:u/1nv}{juq:juq/tv-ger-3s};{mali:malik/1v}{ga:gaq/1vn}{li:lik/1nn}{uq:ut/2nn}{ti:&iq/1nn}{u:u/1nv}{juq:juq/tv-ger-3s};{mali:malik/1v}{ga:gaq/1vn}{li:li/3nv}{uq:ut/1vn}{ti:&iq/1nn}{u:u/1nv}{juq:juq/tv-ger-3s};{mali:malik/1v}{ga:gaq/2vv}{li:li/2vv}{uq:ut/1vn}{ti:&iq/1nn}{u:u/1nv}{juq:juq/tv-ger-3s};{mali:malik/1v}{ga:gaq/1vn}{li:lik/2nv}{uq:ut/1vn}{ti:&iq/1nn}{u:u/1nv}{juq:juq/tv-ger-3s};{mali:malik/1v}{ga:gaq/1vn}{li:lik/3nv}{uq:ut/1vn}{ti:&iq/1nn}{u:u/1nv}{juq:juq/tv-ger-3s};{mali:malik/1v}{ga:gaq/1vn}{li:liq/3nv}{uq:ut/1vn}{ti:&iq/1nn}{u:u/1nv}{juq:juq/tv-ger-3s};{mali:malik/1v}{ga:gaq/1vn}{li:liq/2nv}{uq:ut/1vn}{ti:&iq/1nn}{u:u/1nv}{juq:juq/tv-ger-3s};{mali:malik/1v}{ga:gaq/2vv}{li:liq/1vv}{uq:ut/1vn}{ti:&iq/1nn}{u:u/1nv}{juq:juq/tv-ger-3s};{mali:malik/1v}{ga:gaq/1vn}{li:liaq/2nv}{uq:ut/1vn}{ti:&iq/1nn}{u:u/1nv}{juq:juq/tv-ger-3s},False,False,False,False,False,
hansard,maligaliuqtiujut,{mali:malik/1v}{ga:gaq/1vn}{liuq:liuq/1nv}{ti:ji/1vn}{u:u/1nv}{jut:jut/tv-ger-3p},False,{maliga:maligaq/1n}{liuq:liuq/1nv}{ti:ji/1vn}{u:u/1nv}{jut:jut/tv-ger-3p};{maliga:maligaq/1n}{liuq:liuq/1nv}{ti:tiq/1vn}{u:u/1nv}{jut:jut/tv-ger-3p};{maliga:maligaq/1n}{liuq:liuq/1nv}{ti:ji/1vn}{u:u/1nv}{jut:jjut/1vn};{maliga:maligaq/1n}{liuq:liuq/1nv}{ti:tiq/1vn}{u:u/1nv}{jut:jjut/1vn};{maliga:maligaq/1n}{liuq:liuq/1nv}{ti:ji/1vn}{u:u/1nv}{jut:ut/1vn};{maliga:maligaq/1n}{liuq:liuq/1nv}{ti:tiq/1vn}{u:u/1nv}{jut:ut/1vn};{maliga:maligaq/1n}{li:li/3nv}{uq:uq/3vv}{ti:ji/1vn}{u:u/1nv}{jut:jut/tv-ger-3p};{maliga:maligaq/1n}{li:lik/2nv}{uq:uq/3vv}{ti:ji/1vn}{u:u/1nv}{jut:jut/tv-ger-3p};{maliga:maligaq/1n}{li:lik/3nv}{uq:uq/3vv}{ti:ji/1vn}{u:u/1nv}{jut:jut/tv-ger-3p};{maliga:maligaq/1n}{li:liq/3nv}{uq:uq/3vv}{ti:ji/1vn}{u:u/1nv}{jut:jut/tv-ger-3p};{maliga:maligaq/1n}{li:liq/2nv}{uq:uq/3vv}{ti:ji/1vn}{u:u/1nv}{jut:jut/tv-ger-3p};{maliga:maligaq/1n}{li:li/3nv}{uq:uq/3vv}{ti:tiq/1vn}{u:u/1nv}{jut:jut/tv-ger-3p};{maliga:maligaq/1n}{li:lik/2nv}{uq:uq/3vv}{ti:tiq/1vn}{u:u/1nv}{jut:jut/tv-ger-3p};{maliga:maligaq/1n}{li:lik/3nv}{uq:uq/3vv}{ti:tiq/1vn}{u:u/1nv}{jut:jut/tv-ger-3p};{maliga:maligaq/1n}{li:liq/3nv}{uq:uq/3vv}{ti:tiq/1vn}{u:u/1nv}{jut:jut/tv-ger-3p};{maliga:maligaq/1n}{li:liq/2nv}{uq:uq/3vv}{ti:tiq/1vn}{u:u/1nv}{jut:jut/tv-ger-3p};{maliga:maligaq/1n}{li:lik/1nn}{uq:ut/2nn}{ti:&iq/1nn}{u:u/1nv}{jut:jut/tv-ger-3p};{maliga:maligaq/1n}{li:li/3nv}{uq:ut/1vn}{ti:&iq/1nn}{u:u/1nv}{jut:jut/tv-ger-3p};{maliga:maligaq/1n}{li:lik/2nv}{uq:ut/1vn}{ti:&iq/1nn}{u:u/1nv}{jut:jut/tv-ger-3p};{maliga:maligaq/1n}{li:lik/3nv}{uq:ut/1vn}{ti:&iq/1nn}{u:u/1nv}{jut:jut/tv-ger-3p};{maliga:maligaq/1n}{li:liq/3nv}{uq:ut/1vn}{ti:&iq/1nn}{u:u/1nv}{jut:jut/tv-ger-3p};{maliga:maligaq/1n}{li:liq/2nv}{uq:ut/1vn}{ti:&iq/1nn}{u:u/1nv}{jut:jut/tv-ger-3p};{maliga:maligaq/1n}{li:liaq/2nv}{uq:ut/1vn}{ti:&iq/1nn}{u:u/1nv}{jut:jut/tv-ger-3p};{maliga:maligaq/1n}{li:li/3nv}{uq:uq/3vv}{ti:ji/1vn}{u:u/1nv}{jut:jjut/1vn};{maliga:maligaq/1n}{li:lik/2nv}{uq:uq/3vv}{ti:ji/1vn}{u:u/1nv}{jut:jjut/1vn};{maliga:maligaq/1n}{li:lik/3nv}{uq:uq/3vv}{ti:ji/1vn}{u:u/1nv}{jut:jjut/1vn};{maliga:maligaq/1n}{li:liq/3nv}{uq:uq/3vv}{ti:ji/1vn}{u:u/1nv}{jut:jjut/1vn};{maliga:maligaq/1n}{li:liq/2nv}{uq:uq/3vv}{ti:ji/1vn}{u:u/1nv}{jut:jjut/1vn};{maliga:maligaq/1n}{li:li/3nv}{uq:uq/3vv}{ti:tiq/1vn}{u:u/1nv}{jut:jjut/1vn};{maliga:maligaq/1n}{li:lik/2nv}{uq:uq/3vv}{ti:tiq/1vn}{u:u/1nv}{jut:jjut/1vn};{maliga:maligaq/1n}{li:lik/3nv}{uq:uq/3vv}{ti:tiq/1vn}{u:u/1nv}{jut:jjut/1vn};{maliga:maligaq/1n}{li:liq/3nv}{uq:uq/3vv}{ti:tiq/1vn}{u:u/1nv}{jut:jjut/1vn};{maliga:maligaq/1n}{li:liq/2nv}{uq:uq/3vv}{ti:tiq/1vn}{u:u/1nv}{jut:jjut/1vn};{maliga:maligaq/1n}{li:lik/1nn}{uq:ut/2nn}{ti:&iq/1nn}{u:u/1nv}{jut:jjut/1vn};{maliga:maligaq/1n}{li:li/3nv}{uq:ut/1vn}{ti:&iq/1nn}{u:u/1nv}{jut:jjut/1vn};{maliga:maligaq/1n}{li:lik/2nv}{uq:ut/1vn}{ti:&iq/1nn}{u:u/1nv}{jut:jjut/1vn};{maliga:maligaq/1n}{li:lik/3nv}{uq:ut/1vn}{ti:&iq/1nn}{u:u/1nv}{jut:jjut/1vn};{maliga:maligaq/1n}{li:liq/3nv}{uq:ut/1vn}{ti:&iq/1nn}{u:u/1nv}{jut:jjut/1vn};{maliga:maligaq/1n}{li:liq/2nv}{uq:ut/1vn}{ti:&iq/1nn}{u:u/1nv}{jut:jjut/1vn};{maliga:maligaq/1n}{li:liaq/2nv}{uq:ut/1vn}{ti:&iq/1nn}{u:u/1nv}{jut:jjut/1vn};{maliga:maligaq/1n}{li:li/3nv}{uq:uq/3vv}{ti:ji/1vn}{u:u/1nv}{jut:ut/1vn};{maliga:maligaq/1n}{li:lik/2nv}{uq:uq/3vv}{ti:ji/1vn}{u:u/1nv}{jut:ut/1vn};{maliga:maligaq/1n}{li:lik/3nv}{uq:uq/3vv}{ti:ji/1vn}{u:u/1nv}{jut:ut/1vn};{maliga:maligaq/1n}{li:liq/3nv}{uq:uq/3vv}{ti:ji/1vn}{u:u/1nv}{jut:ut/1vn};{maliga:maligaq/1n}{li:liq/2nv}{uq:uq/3vv}{ti:ji/1vn}{u:u/1nv}{jut:ut/1vn};{maliga:maligaq/1n}{li:li/3nv}{uq:uq/3vv}{ti:tiq/1vn}{u:u/1nv}{jut:ut/1vn};{maliga:maligaq/1n}{li:lik/2nv}{uq:uq/3vv}{ti:tiq/1vn}{u:u/1nv}{jut:ut/1vn};{maliga:maligaq/1n}{li:lik/3nv}{uq:uq/3vv}{ti:tiq/1vn}{u:u/1nv}{jut:ut/1vn};{maliga:maligaq/1n}{li:liq/3nv}{uq:uq/3vv}{ti:tiq/1vn}{u:u/1nv}{jut:ut/1vn};{maliga:maligaq/1n}{li:liq/2nv}{uq:uq/3vv}{ti:tiq/1vn}{u:u/1nv}{jut:ut/1vn};{maliga:maligaq/1n}{li:lik/1nn}{uq:ut/2nn}{ti:&iq/1nn}{u:u/1nv}{jut:ut/1vn};{maliga:maligaq/1n}{li:li/3nv}{uq:ut/1vn}{ti:&iq/1nn}{u:u/1nv}{jut:ut/1vn};{maliga:maligaq/1n}{li:lik/2nv}{uq:ut/1vn}{ti:&iq/1nn}{u:u/1nv}{jut:ut/1vn};{maliga:maligaq/1n}{li:lik/3nv}{uq:ut/1vn}{ti:&iq/1nn}{u:u/1nv}{jut:ut/1vn};{maliga:maligaq/1n}{li:liq/3nv}{uq:ut/1vn}{ti:&iq/1nn}{u:u/1nv}{jut:ut/1vn};{maliga:maligaq/1n}{li:liq/2nv}{uq:ut/1vn}{ti:&iq/1nn}{u:u/1nv}{jut:ut/1vn};{maliga:maligaq/1n}{li:liaq/2nv}{uq:ut/1vn}{ti:&iq/1nn}{u:u/1nv}{jut:ut/1vn};{mali:malik/1v}{ga:gaq/1vn}{liuq:liuq/1nv}{ti:ji/1vn}{u:u/1nv}{jut:jut/tv-ger-3p};{mali:malik/1v}{ga:gaq/1vn}{liuq:liuq/1nv}{ti:tiq/1vn}{u:u/1nv}{jut:jut/tv-ger-3p};{mali:malik/1v}{ga:gaq/1vn}{liuq:liuq/1nv}{ti:ji/1vn}{u:u/1nv}{jut:jjut/1vn};{mali:malik/1v}{ga:gaq/1vn}{liuq:liuq/1nv}{ti:tiq/1vn}{u:u/1nv}{jut:jjut/1vn};{mali:malik/1v}{ga:gaq/1vn}{liuq:liuq/1nv}{ti:ji/1vn}{u:u/1nv}{jut:ut/1vn};{mali:malik/1v}{ga:gaq/1vn}{liuq:liuq/1nv}{ti:tiq/1vn}{u:u/1nv}{jut:ut/1vn};{mali:malik/1v}{ga:gaq/1vn}{li:li/3nv}{uq:uq/3vv}{ti:ji/1vn}{u:u/1nv}{jut:jut/tv-ger-3p};{mali:malik/1v}{ga:gaq/2vv}{li:li/2vv}{uq:uq/3vv}{ti:ji/1vn}{u:u/1nv}{jut:jut/tv-ger-3p};{mali:malik/1v}{ga:gaq/1vn}{li:lik/2nv}{uq:uq/3vv}{ti:ji/1vn}{u:u/1nv}{jut:jut/tv-ger-3p};{mali:malik/1v}{ga:gaq/1vn}{li:lik/3nv}{uq:uq/3vv}{ti:ji/1vn}{u:u/1nv}{jut:jut/tv-ger-3p};{mali:malik/1v}{ga:gaq/1vn}{li:liq/3nv}{uq:uq/3vv}{ti:ji/1vn}{u:u/1nv}{jut:jut/tv-ger-3p};{mali:malik/1v}{ga:gaq/1vn}{li:liq/2nv}{uq:uq/3vv}{ti:ji/1vn}{u:u/1nv}{jut:jut/tv-ger-3p};{mali:malik/1v}{ga:gaq/2vv}{li:liq/1vv}{uq:uq/3vv}{ti:ji/1vn}{u:u/1nv}{jut:jut/tv-ger-3p};{mali:malik/1v}{ga:gaq/1vn}{li:li/3nv}{uq:uq/3vv}{ti:tiq/1vn}{u:u/1nv}{jut:jut/tv-ger-3p};{mali:malik/1v}{ga:gaq/2vv}{li:li/2vv}{uq:uq/3vv}{ti:tiq/1vn}{u:u/1nv}{jut:jut/tv-ger-3p};{mali:malik/1v}{ga:gaq/1vn}{li:lik/2nv}{uq:uq/3vv}{ti:tiq/1vn}{u:u/1nv}{jut:jut/tv-ger-3p};{mali:malik/1v}{ga:gaq/1vn}{li:lik/3nv}{uq:uq/3vv}{ti:tiq/1vn}{u:u/1nv}{jut:jut/tv-ger-3p};{mali:malik/1v}{ga:gaq/1vn}{li:liq/3nv}{uq:uq/3vv}{ti:tiq/1vn}{u:u/1nv}{jut:jut/tv-ger-3p};{mali:malik/1v}{ga:gaq/1vn}{li:liq/2nv}{uq:uq/3vv}{ti:tiq/1vn}{u:u/1nv}{jut:jut/tv-ger-3p};{mali:malik/1v}{ga:gaq/2vv}{li:liq/1vv}{uq:uq/3vv}{ti:tiq/1vn}{u:u/1nv}{jut:jut/tv-ger-3p};{mali:malik/1v}{ga:gaq/1vn}{li:lik/1nn}{uq:ut/2nn}{ti:&iq/1nn}{u:u/1nv}{jut:jut/tv-ger-3p};{mali:malik/1v}{ga:gaq/1vn}{li:li/3nv}{uq:ut/1vn}{ti:&iq/1nn}{u:u/1nv}{jut:jut/tv-ger-3p};{mali:malik/1v}{ga:gaq/2vv}{li:li/2vv}{uq:ut/1vn}{ti:&iq/1nn}{u:u/1nv}{jut:jut/tv-ger-3p};{mali:malik/1v}{ga:gaq/1vn}{li:lik/2nv}{uq:ut/1vn}{ti:&iq/1nn}{u:u/1nv}{jut:jut/tv-ger-3p};{mali:malik/1v}{ga:gaq/1vn}{li:lik/3nv}{uq:ut/1vn}{ti:&iq/1nn}{u:u/1nv}{jut:jut/tv-ger-3p};{mali:malik/1v}{ga:gaq/1vn}{li:liq/3nv}{uq:ut/1vn}{ti:&iq/1nn}{u:u/1nv}{jut:jut/tv-ger-3p};{mali:malik/1v}{ga:gaq/1vn}{li:liq/2nv}{uq:ut/1vn}{ti:&iq/1nn}{u:u/1nv}{jut:jut/tv-ger-3p};{mali:malik/1v}{ga:gaq/2vv}{li:liq/1vv}{uq:ut/1vn}{ti:&iq/1nn}{u:u/1nv}{jut:jut/tv-ger-3p};{mali:malik/1v}{ga:gaq/1vn}{li:liaq/2nv}{uq:ut/1vn}{ti:&iq/1nn}{u:u/1nv}{jut:jut/tv-ger-3p};{mali:malik/1v}{ga:gaq/1vn}{li:li/3nv}{uq:uq/3vv}{ti:ji/1vn}{u:u/1nv}{jut:jjut/1vn};{mali:malik/1v}{ga:gaq/2vv}{li:li/2vv}{uq:uq/3vv}{ti:ji/1vn}{u:u/1nv}{jut:jjut/1vn};{mali:malik/1v}{ga:gaq/1vn}{li:lik/2nv}{uq:uq/3vv}{ti:ji/1vn}{u:u/1nv}{jut:jjut/1vn};{mali:malik/1v}{ga:gaq/1vn}{li:lik/3nv}{uq:uq/3vv}{ti:ji/1vn}{u:u/1nv}{jut:jjut/1vn};{mali:malik/1v}{ga:gaq/1vn}{li:liq/3nv}{uq:uq/3vv}{ti:ji/1vn}{u:u/1nv}{jut:jjut/1vn};{mali:malik/1v}{ga:gaq/1vn}{li:liq/2nv}{uq:uq/3vv}{ti:ji/1vn}{u:u/1nv}{jut:jjut/1vn};{mali:malik/1v}{ga:gaq/2vv}{li:liq/1vv}{uq:uq/3vv}{ti:ji/1vn}{u:u/1nv}{jut:jjut/1vn};{mali:malik/1v}{ga:gaq/1vn}{li:li/3nv}{uq:uq/3vv}{ti:tiq/1vn}{u:u/1nv}{jut:jjut/1vn};{mali:malik/1v}{ga:gaq/2vv}{li:li/2vv}{uq:uq/3vv}{ti:tiq/1vn}{u:u/1nv}{jut:jjut/1vn};{mali:malik/1v}{ga:gaq/1vn}{li:lik/2nv}{uq:uq/3vv}{ti:tiq/1vn}{u:u/1nv}{jut:jjut/1vn};{mali:malik/1v}{ga:gaq/1vn}{li:lik/3nv}{uq:uq/3vv}{ti:tiq/1vn}{u:u/1nv}{jut:jjut/1vn};{mali:malik/1v}{ga:gaq/1vn}{li:liq/3nv}{uq:uq/3vv}{ti:tiq/1vn}{u:u/1nv}{jut:jjut/1vn};{mali:malik/1v}{ga:gaq/1vn}{li:liq/2nv}{uq:uq/3vv}{ti:tiq/1vn}{u:u/1nv}{jut:jjut/1vn};{mali:malik/1v}{ga:gaq/2vv}{li:liq/1vv}{uq:uq/3vv}{ti:tiq/1vn}{u:u/1nv}{jut:jjut/1vn};{mali:malik/1v}{ga:gaq/1vn}{li:lik/1nn}{uq:ut/2nn}{ti:&iq/1nn}{u:u/1nv}{jut:jjut/1vn};{mali:malik/1v}{ga:gaq/1vn}{li:li/3nv}{uq:ut/1vn}{ti:&iq/1nn}{u:u/1nv}{jut:jjut/1vn};{mali:malik/1v}{ga:gaq/2vv}{li:li/2vv}{uq:ut/1vn}{ti:&iq/1nn}{u:u/1nv}{jut:jjut/1vn};{mali:malik/1v}{ga:gaq/1vn}{li:lik/2nv}{uq:ut/1vn}{ti:&iq/1nn}{u:u/1nv}{jut:jjut/1vn};{mali:malik/1v}{ga:gaq/1vn}{li:lik/3nv}{uq:ut/1vn}{ti:&iq/1nn}{u:u/1nv}{jut:jjut/1vn};{mali:malik/1v}{ga:gaq/1vn}{li:liq/3nv}{uq:ut/1vn}{ti:&iq/1nn}{u:u/1nv}{jut:jjut/1vn};{mali:malik/1v}{ga:gaq/1vn}{li:liq/2nv}{uq:ut/1vn}{ti:&iq/1nn}{u:u/1nv}{jut:jjut/1vn};{mali:malik/1v}{ga:gaq/2vv}{li:liq/1vv}{uq:ut/1vn}{ti:&iq/1nn}{u:u/1nv}{jut:jjut/1vn};{mali:malik/1v}{ga:gaq/1vn}{li:liaq/2nv}{uq:ut/1vn}{ti:&iq/1nn}{u:u/1nv}{jut:jjut/1vn};{mali:malik/1v}{ga:gaq/1vn}{li:li/3nv}{uq:uq/3vv}{ti:ji/1vn}{u:u/1nv}{jut:ut/1vn};{mali:malik/1v}{ga:gaq/2vv}{li:li/2vv}{uq:uq/3vv}{ti:ji/1vn}{u:u/1nv}{jut:ut/1vn};{mali:malik/1v}{ga:gaq/1vn}{li:lik/2nv}{uq:uq/3vv}{ti:ji/1vn}{u:u/1nv}{jut:ut/1vn};{mali:malik/1v}{ga:gaq/1vn}{li:lik/3nv}{uq:uq/3vv}{ti:ji/1vn}{u:u/1nv}{jut:ut/1vn};{mali:malik/1v}{ga:gaq/1vn}{li:liq/3nv}{uq:uq/3vv}{ti:ji/1vn}{u:u/1nv}{jut:ut/1vn};{mali:malik/1v}{ga:gaq/1vn}{li:liq/2nv}{uq:uq/3vv}{ti:ji/1vn}{u:u/1nv}{jut:ut/1vn};{mali:malik/1v}{ga:gaq/2vv}{li:liq/1vv}{uq:uq/3vv}{ti:ji/1vn}{u:u/1nv}{jut:ut/1vn};{mali:malik/1v}{ga:gaq/1vn}{li:li/3nv}{uq:uq/3vv}{ti:tiq/1vn}{u:u/1nv}{jut:ut/1vn};{mali:malik/1v}{ga:gaq/2vv}{li:li/2vv}{uq:uq/3vv}{ti:tiq/1vn}{u:u/1nv}{jut:ut/1vn};{mali:malik/1v}{ga:gaq/1vn}{li:lik/2nv}{uq:uq/3vv}{ti:tiq/1vn}{u:u/1nv}{jut:ut/1vn};{mali:malik/1v}{ga:gaq/1vn}{li:lik/3nv}{uq:uq/3vv}{ti:tiq/1vn}{u:u/1nv}{jut:ut/1vn};{mali:malik/1v}{ga:gaq/1vn}{li:liq/3nv}{uq:uq/3vv}{ti:tiq/1vn}{u:u/1nv}{jut:ut/1vn};{mali:malik/1v}{ga:gaq/1vn}{li:liq/2nv}{uq:uq/3vv}{ti:tiq/1vn}{u:u/1nv}{jut:ut/1vn};{mali:malik/1v}{ga:gaq/2vv}{li:liq/1vv}{uq:uq/3vv}{ti:tiq/1vn}{u:u/1nv}{jut:ut/1vn};{mali:malik/1v}{ga:gaq/1vn}{li:lik/1nn}{uq:ut/2nn}{ti:&iq/1nn}{u:u/1nv}{jut:ut/1vn};{mali:malik/1v}{ga:gaq/1vn}{li:li/3nv}{uq:ut/1vn}{ti:&iq/1nn}{u:u/1nv}{jut:ut/1vn};{mali:malik/1v}{ga:gaq/2vv}{li:li/2vv}{uq:ut/1vn}{ti:&iq/1nn}{u:u/1nv}{jut:ut/1vn};{mali:malik/1v}{ga:gaq/1vn}{li:lik/2nv}{uq:ut/1vn}{ti:&iq/1nn}{u:u/1nv}{jut:ut/1vn};{mali:malik/1v}{ga:gaq/1vn}{li:lik/3nv}{uq:ut/1vn}{ti:&iq/1nn}{u:u/1nv}{jut:ut/1vn};{mali:malik/1v}{ga:gaq/1vn}{li:liq/3nv}{uq:ut/1vn}{ti:&iq/1nn}{u:u/1nv}{jut:ut/1vn};{mali:malik/1v}{ga:gaq/1vn}{li:liq/2nv}{uq:ut/1vn}{ti:&iq/1nn}{u:u/1nv}{jut:ut/1vn};{mali:malik/1v}{ga:gaq/2vv}{li:liq/1vv}{uq:ut/1vn}{ti:&iq/1nn}{u:u/1nv}{jut:ut/1vn};{mali:malik/1v}{ga:gaq/1vn}{li:liaq/2nv}{uq:ut/1vn}{ti:&iq/1nn}{u:u/1nv}{jut:ut/1vn},False,False,False,False,False,
hansard,maligaliuqtiup,{mali:malik/1v}{ga:gaq/1vn}{liuq:liuq/1nv}{ti:ji/1vn}{up:up/tn-gen-s},False,{maliga:maligaq/1n}{liuq:liuq/1nv}{ti:ji/1vn}{up:up/tn-gen-s};{maliga:maligaq/1n}{liuq:liuq/1nv}{ti:tiq/1vn}{up:up/tn-gen-s};{maliga:maligaq/1n}{liuq:liuq/1nv}{ti:ji/1vn}{u:ut/2nn}{p:up/tn-gen-s};{maliga:maligaq/1n}{liuq:liuq/1nv}{ti:tiq/1vn}{u:ut/2nn}{p:up/tn-gen-s};{maliga:maligaq/1n}{liuq:liuq/1nv}{ti:tit/1vv}{u:ut/1vn}{p:up/tn-gen-s};{maliga:maligaq/1n}{li:li/3nv}{uq:uq/3vv}{ti:ji/1vn}{up:up/tn-gen-s};{maliga:maligaq/1n}{li:lik/2nv}{uq:uq/3vv}{ti:ji/1vn}{up:up/tn-gen-s};{maliga:maligaq/1n}{li:lik/3nv}{uq:uq/3vv}{ti:ji/1vn}{up:up/tn-gen-s};{maliga:maligaq/1n}{li:liq/3nv}{uq:uq/3vv}{ti:ji/1vn}{up:up/tn-gen-s};{maliga:maligaq/1n}{li:liq/2nv}{uq:uq/3vv}{ti:ji/1vn}{up:up/tn-gen-s};{maliga:maligaq/1n}{li:li/3nv}{uq:uq/3vv}{ti:tiq/1vn}{up:up/tn-gen-s};{maliga:maligaq/1n}{li:lik/2nv}{uq:uq/3vv}{ti:tiq/1vn}{up:up/tn-gen-s};{maliga:maligaq/1n}{li:lik/3nv}{uq:uq/3vv}{ti:tiq/1vn}{up:up/tn-gen-s};{maliga:maligaq/1n}{li:liq/3nv}{uq:uq/3vv}{ti:tiq/1vn}{up:up/tn-gen-s};{maliga:maligaq/1n}{li:liq/2nv}{uq:uq/3vv}{ti:tiq/1vn}{up:up/tn-gen-s};{maliga:maligaq/1n}{li:lik/1nn}{uq:ut/2nn}{ti:&iq/1nn}{up:up/tn-gen-s};{maliga:maligaq/1n}{li:li/3nv}{uq:ut/1vn}{ti:&iq/1nn}{up:up/tn-gen-s};{maliga:maligaq/1n}{li:lik/2nv}{uq:ut/1vn}{ti:&iq/1nn}{up:up/tn-gen-s};{maliga:maligaq/1n}{li:lik/3nv}{uq:ut/1vn}{ti:&iq/1nn}{up:up/tn-gen-s};{maliga:maligaq/1n}{li:liq/3nv}{uq:ut/1vn}{ti:&iq/1nn}{up:up/tn-gen-s};{maliga:maligaq/1n}{li:liq/2nv}{uq:ut/1vn}{ti:&iq/1nn}{up:up/tn-gen-s};{maliga:maligaq/1n}{li:liaq/2nv}{uq:ut/1vn}{ti:&iq/1nn}{up:up/tn-gen-s};{maliga:maligaq/1n}{li:li/3nv}{uq:uq/3vv}{ti:ji/1vn}{u:ut/2nn}{p:up/tn-gen-s};{maliga:maligaq/1n}{li:lik/2nv}{uq:uq/3vv}{ti:ji/1vn}{u:ut/2nn}{p:up/tn-gen-s};{maliga:maligaq/1n}{li:lik/3nv}{uq:uq/3vv}{ti:ji/1vn}{u:ut/2nn}{p:up/tn-gen-s};{maliga:maligaq/1n}{li:liq/3nv}{uq:uq/3vv}{ti:ji/1vn}{u:ut/2nn}{p:up/tn-gen-s};{maliga:maligaq/1n}{li:liq/2nv}{uq:uq/3vv}{ti:ji/1vn}{u:ut/2nn}{p:up/tn-gen-s};{maliga:maligaq/1n}{li:li/3nv}{uq:uq/3vv}{ti:tiq/1vn}{u:ut/2nn}{p:up/tn-gen-s};{maliga:maligaq/1n}{li:lik/2nv}{uq:uq/3vv}{ti:tiq/1vn}{u:ut/2nn}{p:up/tn-gen-s};{maliga:maligaq/1n}{li:lik/3nv}{uq:uq/3vv}{ti:tiq/1vn}{u:ut/2nn}{p:up/tn-gen-s};{maliga:maligaq/1n}{li:liq/3nv}{uq:uq/3vv}{ti:tiq/1vn}{u:ut/2nn}{p:up/tn-gen-s};{maliga:maligaq/1n}{li:liq/2nv}{uq:uq/3vv}{ti:tiq/1vn}{u:ut/2nn}{p:up/tn-gen-s};{maliga:maligaq/1n}{li:lik/1nn}{uq:ut/2nn}{ti:&iq/1nn}{u:ut/2nn}{p:up/tn-gen-s};{maliga:maligaq/1n}{li:li/3nv}{uq:ut/1vn}{ti:&iq/1nn}{u:ut/2nn}{p:up/tn-gen-s};{maliga:maligaq/1n}{li:lik/2nv}{uq:ut/1vn}{ti:&iq/1nn}{u:ut/2nn}{p:up/tn-gen-s};{maliga:maligaq/1n}{li:lik/3nv}{uq:ut/1vn}{ti:&iq/1nn}{u:ut/2nn}{p:up/tn-gen-s};{maliga:maligaq/1n}{li:liq/3nv}{uq:ut/1vn}{ti:&iq/1nn}{u:ut/2nn}{p:up/tn-gen-s};{maliga:maligaq/1n}{li:liq/2nv}{uq:ut/1vn}{ti:&iq/1nn}{u:ut/2nn}{p:up/tn-gen-s};{maliga:maligaq/1n}{li:liaq/2nv}{uq:ut/1vn}{ti:&iq/1nn}{u:ut/2nn}{p:up/tn-gen-s};{maliga:maligaq/1n}{li:li/3nv}{uq:uq/3vv}{ti:tit/1vv}{u:ut/1vn}{p:up/tn-gen-s};{maliga:maligaq/1n}{li:lik/2nv}{uq:uq/3vv}{ti:tit/1vv}{u:ut/1vn}{p:up/tn-gen-s};{maliga:maligaq/1n}{li:lik/3nv}{uq:uq/3vv}{ti:tit/1vv}{u:ut/1vn}{p:up/tn-gen-s};{maliga:maligaq/1n}{li:liq/3nv}{uq:uq/3vv}{ti:tit/1vv}{u:ut/1vn}{p:up/tn-gen-s};{maliga:maligaq/1n}{li:liq/2nv}{uq:uq/3vv}{ti:tit/1vv}{u:ut/1vn}{p:up/tn-gen-s};{mali:malik/1v}{ga:gaq/1vn}{liuq:liuq/1nv}{ti:ji/1vn}{up:up/tn-gen-s};{mali:malik/1v}{ga:gaq/1vn}{liuq:liuq/1nv}{ti:tiq/1vn}{up:up/tn-gen-s};{mali:malik/1v}{ga:gaq/1vn}{liuq:liuq/1nv}{ti:ji/1vn}{u:ut/2nn}{p:up/tn-gen-s};{mali:malik/1v}{ga:gaq/1vn}{liuq:liuq/1nv}{ti:tiq/1vn}{u:ut/2nn}{p:up/tn-gen-s};{mali:malik/1v}{ga:gaq/1vn}{liuq:liuq/1nv}{ti:tit/1vv}{u:ut/1vn}{p:up/tn-gen-s};{mali:malik/1v}{ga:gaq/1vn}{li:li/3nv}{uq:uq/3vv}{ti:ji/1vn}{up:up/tn-gen-s};{mali:malik/1v}{ga:gaq/2vv}{li:li/2vv}{uq:uq/3vv}{ti:ji/1vn}{up:up/tn-gen-s};{mali:malik/1v}{ga:gaq/1vn}{li:lik/2nv}{uq:uq/3vv}{ti:ji/1vn}{up:up/tn-gen-s};{mali:malik/1v}{ga:gaq/1vn}{li:lik/3nv}{uq:uq/3vv}{ti:ji/1vn}{up:up/tn-gen-s};{mali:malik/1v}{ga:gaq/1vn}{li:liq/3nv}{uq:uq/3vv}{ti:ji/1vn}{up:up/tn-gen-s};{mali:malik/1v}{ga:gaq/1vn}{li:liq/2nv}{uq:uq/3vv}{ti:ji/1vn}{up:up/tn-gen-s};{mali:malik/1v}{ga:gaq/2vv}{li:liq/1vv}{uq:uq/3vv}{ti:ji/1vn}{up:up/tn-gen-s};{mali:malik/1v}{ga:gaq/1vn}{li:li/3nv}{uq:uq/3vv}{ti:tiq/1vn}{up:up/tn-gen-s};{mali:malik/1v}{ga:gaq/2vv}{li:li/2vv}{uq:uq/3vv}{ti:tiq/1vn}{up:up/tn-gen-s};{mali:malik/1v}{ga:gaq/1vn}{li:lik/2nv}{uq:uq/3vv}{ti:tiq/1vn}{up:up/tn-gen-s};{mali:malik/1v}{ga:gaq/1vn}{li:lik/3nv}{uq:uq/3vv}{ti:tiq/1vn}{up:up/tn-gen-s};{mali:malik/1v}{ga:gaq/1vn}{li:liq/3nv}{uq:uq/3vv}{ti:tiq/1vn}{up:up/tn-gen-s};{mali:malik/1v}{ga:gaq/1vn}{li:liq/2nv}{uq:uq/3vv}{ti:tiq/1vn}{up:up/tn-gen-s};{mali:malik/1v}{ga:gaq/2vv}{li:liq/1vv}{uq:uq/3vv}{ti:tiq/1vn}{up:up/tn-gen-s};{mali:malik/1v}{ga:gaq/1vn}{li:lik/1nn}{uq:ut/2nn}{ti:&iq/1nn}{up:up/tn-gen-s};{mali:malik/1v}{ga:gaq/1vn}{li:li/3nv}{uq:ut/1vn}{ti:&iq/1nn}{up:up/tn-gen-s};{mali:malik/1v}{ga:gaq/2vv}{li:li/2vv}{uq:ut/1vn}{ti:&iq/1nn}{up:up/tn-gen-s};{mali:malik/1v}{ga:gaq/1vn}{li:lik/2nv}{uq:ut/1vn}{ti:&iq/1nn}{up:up/tn-gen-s};{mali:malik/1v}{ga:gaq/1vn}{li:lik/3nv}{uq:ut/1vn}{ti:&iq/1nn}{up:up/tn-gen-s};{mali:malik/1v}{ga:gaq/1vn}{li:liq/3nv}{uq:ut/1vn}{ti:&iq/1nn}{up:up/tn-gen-s};{mali:malik/1v}{ga:gaq/1vn}{li:liq/2nv}{uq:ut/1vn}{ti:&iq/1nn}{up:up/tn-gen-s};{mali:malik/1v}{ga:gaq/2vv}{li:liq/1vv}{uq:ut/1vn}{ti:&iq/1nn}{up:up/tn-gen-s};{mali:malik/1v}{ga:gaq/1vn}{li:liaq/2nv}{uq:ut/1vn}{ti:&iq/1nn}{up:up/tn-gen-s};{mali:malik/1v}{ga:gaq/1vn}{li:li/3nv}{uq:uq/3vv}{ti:ji/1vn}{u:ut/2nn}{p:up/tn-gen-s};{mali:malik/1v}{ga:gaq/2vv}{li:li/2vv}{uq:uq/3vv}{ti:ji/1vn}{u:ut/2nn}{p:up/tn-gen-s};{mali:malik/1v}{ga:gaq/1vn}{li:lik/2nv}{uq:uq/3vv}{ti:ji/1vn}{u:ut/2nn}{p:up/tn-gen-s};{mali:malik/1v}{ga:gaq/1vn}{li:lik/3nv}{uq:uq/3vv}{ti:ji/1vn}{u:ut/2nn}{p:up/tn-gen-s};{mali:malik/1v}{ga:gaq/1vn}{li:liq/3nv}{uq:uq/3vv}{ti:ji/1vn}{u:ut/2nn}{p:up/tn-gen-s};{mali:malik/1v}{ga:gaq/1vn}{li:liq/2nv}{uq:uq/3vv}{ti:ji/1vn}{u:ut/2nn}{p:up/tn-gen-s};{mali:malik/1v}{ga:gaq/2vv}{li:liq/1vv}{uq:uq/3vv}{ti:ji/1vn}{u:ut/2nn}{p:up/tn-gen-s};{mali:malik/1v}{ga:gaq/1vn}{li:li/3nv}{uq:uq/3vv}{ti:tiq/1vn}{u:ut/2nn}{p:up/tn-gen-s};{mali:malik/1v}{ga:gaq/2vv}{li:li/2vv}{uq:uq/3vv}{ti:tiq/1vn}{u:ut/2nn}{p:up/tn-gen-s};{mali:malik/1v}{ga:gaq/1vn}{li:lik/2nv}{uq:uq/3vv}{ti:tiq/1vn}{u:ut/2nn}{p:up/tn-gen-s};{mali:malik/1v}{ga:gaq/1vn}{li:lik/3nv}{uq:uq/3vv}{ti:tiq/1vn}{u:ut/2nn}{p:up/tn-gen-s};{mali:malik/1v}{ga:gaq/1vn}{li:liq/3nv}{uq:uq/3vv}{ti:tiq/1vn}{u:ut/2nn}{p:up/tn-gen-s};{mali:malik/1v}{ga:gaq/1vn}{li:liq/2nv}{uq:uq/3vv}{ti:tiq/1vn}{u:ut/2nn}{p:up/tn-gen-s};{mali:malik/1v}{ga:gaq/2vv}{li:liq/1vv}{uq:uq/3vv}{ti:tiq/1vn}{u:ut/2nn}{p:up/tn-gen-s};{mali:malik/1v}{ga:gaq/1vn}{li:lik/1nn}{uq:ut/2nn}{ti:&iq/1nn}{u:ut/2nn}{p:up/tn-gen-s};{mali:malik/1v}{ga:gaq/1vn}{li:li/3nv}{uq:ut/1vn}{ti:&iq/1nn}{u:ut/2nn}{p:up/tn-gen-s};{mali:malik/1v}{ga:gaq/2vv}{li:li/2vv}{uq:ut/1vn}{ti:&iq/1nn}{u:ut/2nn}{p:up/tn-gen-s};{mali:malik/1v}{ga:gaq/1vn}{li:lik/2nv}{uq:ut/1vn}{ti:&iq/1nn}{u:ut/2nn}{p:up/tn-gen-s};{mali:malik/1v}{ga:gaq/1vn}{li:lik/3nv}{uq:ut/1vn}{ti:&iq/1nn}{u:ut/2nn}{p:up/tn-gen-s};{mali:malik/1v}{ga:gaq/1vn}{li:liq/3nv}{uq:ut/1vn}{ti:&iq/1nn}{u:ut/2nn}{p:up/tn-gen-s};{mali:malik/1v}{ga:gaq/1vn}{li:liq/2nv}{uq:ut/1vn}{ti:&iq/1nn}{u:ut/2nn}{p:up/tn-gen-s};{mali:malik/1v}{ga:gaq/2vv}{li:liq/1vv}{uq:ut/1vn}{ti:&iq/1nn}{u:ut/2nn}{p:up/tn-gen-s};{mali:malik/1v}{ga:gaq/1vn}{li:liaq/2nv}{uq:ut/1vn}{ti:&iq/1nn}{u:ut/2nn}{p:up/tn-gen-s};{mali:malik/1v}{ga:gaq/1vn}{li:li/3nv}{uq:uq/3vv}{ti:tit/1vv}{u:ut/1vn}{p:up/tn-gen-s};{mali:malik/1v}{ga:gaq/2vv}{li:li/2vv}{uq:uq/3vv}{ti:tit/1vv}{u:ut/1vn}{p:up/tn-gen-s};{mali:malik/1v}{ga:gaq/1vn}{li:lik/2nv}{uq:uq/3vv}{ti:tit/1vv}{u:ut/1vn}{p:up/tn-gen-s};{mali:malik/1v}{ga:gaq/1vn}{li:lik/3nv}{uq:uq/3vv}{ti:tit/1vv}{u:ut/1vn}{p:up/tn-gen-s};{mali:malik/1v}{ga:gaq/1vn}{li:liq/3nv}{uq:uq/3vv}{ti:tit/1vv}{u:ut/1vn}{p:up/tn-gen-s};{mali:malik/1v}{ga:gaq/1vn}{li:liq/2nv}{uq:uq/3vv}{ti:tit/1vv}{u:ut/1vn}{p:up/tn-gen-s};{mali:malik/1v}{ga:gaq/2vv}{li:liq/1vv}{uq:uq/3vv}{ti:tit/1vv}{u:ut/1vn}{p:up/tn-gen-s},False,False,False,False,False,
hansard,maligaliuqtiuqatiga,{mali:malik/1v}{ga:gaq/1vn}{liuq:liuq/1nv}{ti:ji/1vn}{u:u/1nv}{qati:qati/1vn}{ga:ga/tn-nom-s-1s},False,{maliga:maligaq/1n}{liuq:liuq/1nv}{ti:ji/1vn}{u:ut/2nn}{qati:qati/1nn}{ga:ga/tn-nom-s-1s};{maliga:maligaq/1n}{liuq:liuq/1nv}{ti:tiq/1vn}{u:ut/2nn}{qati:qati/1nn}{ga:ga/tn-nom-s-1s};{maliga:maligaq/1n}{liuq:liuq/1nv}{ti:tit/1vv}{u:ut/1vn}{qati:qati/1nn}{ga:ga/tn-nom-s-1s};{maliga:maligaq/1n}{liuq:liuq/1nv}{ti:ji/1vn}{u:u/1nv}{qati:qati/1vn}{ga:ga/tn-nom-s-1s};{maliga:maligaq/1n}{liuq:liuq/1nv}{ti:tiq/1vn}{u:u/1nv}{qati:qati/1vn}{ga:ga/tn-nom-s-1s};{maliga:maligaq/1n}{liuq:liuq/1nv}{ti:tit/1vv}{u:uq/3vv}{qati:qati/1vn}{ga:ga/tn-nom-s-1s};{maliga:maligaq/1n}{li:lik/1nn}{uq:ut/2nn}{tiu:liuq/1nv}{qati:qati/1vn}{ga:ga/tn-nom-s-1s};{maliga:maligaq/1n}{li:li/3nv}{uq:ut/1vn}{tiu:liuq/1nv}{qati:qati/1vn}{ga:ga/tn-nom-s-1s};{maliga:maligaq/1n}{li:lik/2nv}{uq:ut/1vn}{tiu:liuq/1nv}{qati:qati/1vn}{ga:ga/tn-nom-s-1s};{maliga:maligaq/1n}{li:lik/3nv}{uq:ut/1vn}{tiu:liuq/1nv}{qati:qati/1vn}{ga:ga/tn-nom-s-1s};{maliga:maligaq/1n}{li:liq/3nv}{uq:ut/1vn}{tiu:liuq/1nv}{qati:qati/1vn}{ga:ga/tn-nom-s-1s};{maliga:maligaq/1n}{li:liq/2nv}{uq:ut/1vn}{tiu:liuq/1nv}{qati:qati/1vn}{ga:ga/tn-nom-s-1s};{maliga:maligaq/1n}{li:liaq/2nv}{uq:ut/1vn}{tiu:liuq/1nv}{qati:qati/1vn}{ga:ga/tn-nom-s-1s};{maliga:maligaq/1n}{li:li/3nv}{uq:uq/3vv}{ti:ji/1vn}{u:ut/2nn}{qati:qati/1nn}{ga:ga/tn-nom-s-1s};{maliga:maligaq/1n}{li:lik/2nv}{uq:uq/3vv}{ti:ji/1vn}{u:ut/2nn}{qati:qati/1nn}{ga:ga/tn-nom-s-1s};{maliga:maligaq/1n}{li:lik/3nv}{uq:uq/3vv}{ti:ji/1vn}{u:ut/2nn}{qati:qati/1nn}{ga:ga/tn-nom-s-1s};{maliga:maligaq/1n}{li:liq/3nv}{uq:uq/3vv}{ti:ji/1vn}{u:ut/2nn}{qati:qati/1nn}{ga:ga/tn-nom-s-1s};{maliga:maligaq/1n}{li:liq/2nv}{uq:uq/3vv}{ti:ji/1vn}{u:ut/2nn}{qati:qati/1nn}{ga:ga/tn-nom-s-1s};{maliga:maligaq/1n}{li:li/3nv}{uq:uq/3vv}{ti:tiq/1vn}{u:ut/2nn}{qati:qati/1nn}{ga:ga/tn-nom-s-1s};{maliga:maligaq/1n}{li:lik/2nv}{uq:uq/3vv}{ti:tiq/1vn}{u:ut/2nn}{qati:qati/1nn}{ga:ga/tn-nom-s-1s};{maliga:maligaq/1n}{li:lik/3nv}{uq:uq/3vv}{ti:tiq/1vn}{u:ut/2nn}{qati:qati/1nn}{ga:ga/tn-nom-s-1s};{maliga:maligaq/1n}{li:liq/3nv}{uq:uq/3vv}{ti:tiq/1vn}{u:ut/2nn}{qati:qati/1nn}{ga:ga/tn-nom-s-1s};{maliga:maligaq/1n}{li:liq/2nv}{uq:uq/3vv}{ti:tiq/1vn}{u:ut/2nn}{qati:qati/1nn}{ga:ga/tn-nom-s-1s};{maliga:maligaq/1n}{li:lik/1nn}{uq:ut/2nn}{ti:&iq/1nn}{u:ut/2nn}{qati:qati/1nn}{ga:ga/tn-nom-s-1s};{maliga:maligaq/1n}{li:li/3nv}{uq:ut/1vn}{ti:&iq/1nn}{u:ut/2nn}{qati:qati/1nn}{ga:ga/tn-nom-s-1s};{maliga:maligaq/1n}{li:lik/2nv}{uq:ut/1vn}{ti:&iq/1nn}{u:ut/2nn}{qati:qati/1nn}{ga:ga/tn-nom-s-1s};{maliga:maligaq/1n}{li:lik/3nv}{uq:ut/1vn}{ti:&iq/1nn}{u:ut/2nn}{qati:qati/1nn}{ga:ga/tn-nom-s-1s};{maliga:maligaq/1n}{li:liq/3nv}{uq:ut/1vn}{ti:&iq/1nn}{u:ut/2nn}{qati:qati/1nn}{ga:ga/tn-nom-s-1s};{maliga:maligaq/1n}{li:liq/2nv}{uq:ut/1vn}{ti:&iq/1nn}{u:ut/2nn}{qati:qati/1nn}{ga:ga/tn-nom-s-1s};{maliga:maligaq/1n}{li:liaq/2nv}{uq:ut/1vn}{ti:&iq/1nn}{u:ut/2nn}{qati:qati/1nn}{ga:ga/tn-nom-s-1s};{maliga:maligaq/1n}{li:li/3nv}{uq:uq/3vv}{ti:tit/1vv}{u:ut/1vn}{qati:qati/1nn}{ga:ga/tn-nom-s-1s};{maliga:maligaq/1n}{li:lik/2nv}{uq:uq/3vv}{ti:tit/1vv}{u:ut/1vn}{qati:qati/1nn}{ga:ga/tn-nom-s-1s};{maliga:maligaq/1n}{li:lik/3nv}{uq:uq/3vv}{ti:tit/1vv}{u:ut/1vn}{qati:qati/1nn}{ga:ga/tn-nom-s-1s};{maliga:maligaq/1n}{li:liq/3nv}{uq:uq/3vv}{ti:tit/1vv}{u:ut/1vn}{qati:qati/1nn}{ga:ga/tn-nom-s-1s};{maliga:maligaq/1n}{li:liq/2nv}{uq:uq/3vv}{ti:tit/1vv}{u:ut/1vn}{qati:qati/1nn}{ga:ga/tn-nom-s-1s};{maliga:maligaq/1n}{li:li/3nv}{uq:uq/3vv}{ti:ji/1vn}{u:u/1nv}{qati:qati/1vn}{ga:ga/tn-nom-s-1s};{maliga:maligaq/1n}{li:lik/2nv}{uq:uq/3vv}{ti:ji/1vn}{u:u/1nv}{qati:qati/1vn}{ga:ga/tn-nom-s-1s};{maliga:maligaq/1n}{li:lik/3nv}{uq:uq/3vv}{ti:ji/1vn}{u:u/1nv}{qati:qati/1vn}{ga:ga/tn-nom-s-1s};{maliga:maligaq/1n}{li:liq/3nv}{uq:uq/3vv}{ti:ji/1vn}{u:u/1nv}{qati:qati/1vn}{ga:ga/tn-nom-s-1s};{maliga:maligaq/1n}{li:liq/2nv}{uq:uq/3vv}{ti:ji/1vn}{u:u/1nv}{qati:qati/1vn}{ga:ga/tn-nom-s-1s};{maliga:maligaq/1n}{li:li/3nv}{uq:uq/3vv}{ti:tiq/1vn}{u:u/1nv}{qati:qati/1vn}{ga:ga/tn-nom-s-1s};{maliga:maligaq/1n}{li:lik/2nv}{uq:uq/3vv}{ti:tiq/1vn}{u:u/1nv}{qati:qati/1vn}{ga:ga/tn-nom-s-1s};{maliga:maligaq/1n}{li:lik/3nv}{uq:uq/3vv}{ti:tiq/1vn}{u:u/1nv}{qati:qati/1vn}{ga:ga/tn-nom-s-1s};{maliga:maligaq/1n}{li:liq/3nv}{uq:uq/3vv}{ti:tiq/1vn}{u:u/1nv}{qati:qati/1vn}{ga:ga/tn-nom-s-1s};{maliga:maligaq/1n}{li:liq/2nv}{uq:uq/3vv}{ti:tiq/1vn}{u:u/1nv}{qati:qati/1vn}{ga:ga/tn-nom-s-1s};{maliga:maligaq/1n}{li:lik/1nn}{uq:ut/2nn}{ti:&iq/1nn}{u:u/1nv}{qati:qati/1vn}{ga:ga/tn-nom-s-1s};{maliga:maligaq/1n}{li:li/3nv}{uq:ut/1vn}{ti:&iq/1nn}{u:u/1nv}{qati:qati/1vn}{ga:ga/tn-nom-s-1s};{maliga:maligaq/1n}{li:lik/2nv}{uq:ut/1vn}{ti:&iq/1nn}{u:u/1nv}{qati:qati/1vn}{ga:ga/tn-nom-s-1s};{maliga:maligaq/1n}{li:lik/3nv}{uq:ut/1vn}{ti:&iq/1nn}{u:u/1nv}{qati:qati/1vn}{ga:ga/tn-nom-s-1s};{maliga:maligaq/1n}{li:liq/3nv}{uq:ut/1vn}{ti:&iq/1nn}{u:u/1nv}{qati:qati/1vn}{ga:ga/tn-nom-s-1s};{maliga:maligaq/1n}{li:liq/2nv}{uq:ut/1vn}{ti:&iq/1nn}{u:u/1nv}{qati:qati/1vn}{ga:ga/tn-nom-s-1s};{maliga:maligaq/1n}{li:liaq/2nv}{uq:ut/1vn}{ti:&iq/1nn}{u:u/1nv}{qati:qati/1vn}{ga:ga/tn-nom-s-1s};{maliga:maligaq/1n}{li:li/3nv}{uq:uq/3vv}{ti:tit/1vv}{u:uq/3vv}{qati:qati/1vn}{ga:ga/tn-nom-s-1s};{maliga:maligaq/1n}{li:lik/2nv}{uq:uq/3vv}{ti:tit/1vv}{u:uq/3vv}{qati:qati/1vn}{ga:ga/tn-nom-s-1s};{maliga:maligaq/1n}{li:lik/3nv}{uq:uq/3vv}{ti:tit/1vv}{u:uq/3vv}{qati:qati/1vn}{ga:ga/tn-nom-s-1s};{maliga:maligaq/1n}{li:liq/3nv}{uq:uq/3vv}{ti:tit/1vv}{u:uq/3vv}{qati:qati/1vn}{ga:ga/tn-nom-s-1s};{maliga:maligaq/1n}{li:liq/2nv}{uq:uq/3vv}{ti:tit/1vv}{u:uq/3vv}{qati:qati/1vn}{ga:ga/tn-nom-s-1s};{mali:malik/1v}{ga:gaq/1vn}{liuq:liuq/1nv}{ti:ji/1vn}{u:ut/2nn}{qati:qati/1nn}{ga:ga/tn-nom-s-1s};{mali:malik/1v}{ga:gaq/1vn}{liuq:liuq/1nv}{ti:tiq/1vn}{u:ut/2nn}{qati:qati/1nn}{ga:ga/tn-nom-s-1s};{mali:malik/1v}{ga:gaq/1vn}{liuq:liuq/1nv}{ti:tit/1vv}{u:ut/1vn}{qati:qati/1nn}{ga:ga/tn-nom-s-1s};{mali:malik/1v}{ga:gaq/1vn}{liuq:liuq/1nv}{ti:ji/1vn}{u:u/1nv}{qati:qati/1vn}{ga:ga/tn-nom-s-1s};{mali:malik/1v}{ga:gaq/1vn}{liuq:liuq/1nv}{ti:tiq/1vn}{u:u/1nv}{qati:qati/1vn}{ga:ga/tn-nom-s-1s};{mali:malik/1v}{ga:gaq/1vn}{liuq:liuq/1nv}{ti:tit/1vv}{u:uq/3vv}{qati:qati/1vn}{ga:ga/tn-nom-s-1s};{mali:malik/1v}{ga:gaq/1vn}{li:lik/1nn}{uq:ut/2nn}{tiu:liuq/1nv}{qati:qati/1vn}{ga:ga/tn-nom-s-1s};{mali:malik/1v}{ga:gaq/1vn}{li:li/3nv}{uq:ut/1vn}{tiu:liuq/1nv}{qati:qati/1vn}{ga:ga/tn-nom-s-1s};{mali:malik/1v}{ga:gaq/2vv}{li:li/2vv}{uq:ut/1vn}{tiu:liuq/1nv}{qati:qati/1vn}{ga:ga/tn-nom-s-1s};{mali:malik/1v}{ga:gaq/1vn}{li:lik/2nv}{uq:ut/1vn}{tiu:liuq/1nv}{qati:qati/1vn}{ga:ga/tn-nom-s-1s};{mali:malik/1v}{ga:gaq/1vn}{li:lik/3nv}{uq:ut/1vn}{tiu:liuq/1nv}{qati:qati/1vn}{ga:ga/tn-nom-s-1s};{mali:malik/1v}{ga:gaq/1vn}{li:liq/3nv}{uq:ut/1vn}{tiu:liuq/1nv}{qati:qati/1vn}{ga:ga/tn-nom-s-1s};{mali:malik/1v}{ga:gaq/1vn}{li:liq/2nv}{uq:ut/1vn}{tiu:liuq/1nv}{qati:qati/1vn}{ga:ga/tn-nom-s-1s};{mali:malik/1v}{ga:gaq/2vv}{li:liq/1vv}{uq:ut/1vn}{tiu:liuq/1nv}{qati:qati/1vn}{ga:ga/tn-nom-s-1s};{mali:malik/1v}{ga:gaq/1vn}{li:liaq/2nv}{uq:ut/1vn}{tiu:liuq/1nv}{qati:qati/1vn}{ga:ga/tn-nom-s-1s};{mali:malik/1v}{ga:gaq/1vn}{li:li/3nv}{uq:uq/3vv}{ti:ji/1vn}{u:ut/2nn}{qati:qati/1nn}{ga:ga/tn-nom-s-1s};{mali:malik/1v}{ga:gaq/2vv}{li:li/2vv}{uq:uq/3vv}{ti:ji/1vn}{u:ut/2nn}{qati:qati/1nn}{ga:ga/tn-nom-s-1s};{mali:malik/1v}{ga:gaq/1vn}{li:lik/2nv}{uq:uq/3vv}{ti:ji/1vn}{u:ut/2nn}{qati:qati/1nn}{ga:ga/tn-nom-s-1s};{mali:malik/1v}{ga:gaq/1vn}{li:lik/3nv}{uq:uq/3vv}{ti:ji/1vn}{u:ut/2nn}{qati:qati/1nn}{ga:ga/tn-nom-s-1s};{mali:malik/1v}{ga:gaq/1vn}{li:liq/3nv}{uq:uq/3vv}{ti:ji/1vn}{u:ut/2nn}{qati:qati/1nn}{ga:ga/tn-nom-s-1s};{mali:malik/1v}{ga:gaq/1vn}{li:liq/2nv}{uq:uq/3vv}{ti:ji/1vn}{u:ut/2nn}{qati:qati/1nn}{ga:ga/tn-nom-s-1s};{mali:malik/1v}{ga:gaq/2vv}{li:liq/1vv}{uq:uq/3vv}{ti:ji/1vn}{u:ut/2nn}{qati:qati/1nn}{ga:ga/tn-nom-s-1s};{mali:malik/1v}{ga:gaq/1vn}{li:li/3nv}{uq:uq/3vv}{ti:tiq/1vn}{u:ut/2nn}{qati:qati/1nn}{ga:ga/tn-nom-s-1s};{mali:malik/1v}{ga:gaq/2vv}{li:li/2vv}{uq:uq/3vv}{ti:tiq/1vn}{u:ut/2nn}{qati:qati/1nn}{ga:ga/tn-nom-s-1s};{mali:malik/1v}{ga:gaq/1vn}{li:lik/2nv}{uq:uq/3vv}{ti:tiq/1vn}{u:ut/2nn}{qati:qati/1nn}{ga:ga/tn-nom-s-1s};{mali:malik/1v}{ga:gaq/1vn}{li:lik/3nv}{uq:uq/3vv}{ti:tiq/1vn}{u:ut/2nn}{qati:qati/1nn}{ga:ga/tn-nom-s-1s};{mali:malik/1v}{ga:gaq/1vn}{li:liq/3nv}{uq:uq/3vv}{ti:tiq/1vn}{u:ut/2nn}{qati:qati/1nn}{ga:ga/tn-nom-s-1s};{mali:malik/1v}{ga:gaq/1vn}{li:liq/2nv}{uq:uq/3vv}{ti:tiq/1vn}{u:ut/2nn}{qati:qati/1nn}{ga:ga/tn-nom-s-1s};{mali:malik/1v}{ga:gaq/2vv}{li:liq/1vv}{uq:uq/3vv}{ti:tiq/1vn}{u:ut/2nn}{qati:qati/1nn}{ga:ga/tn-nom-s-1s};{mali:malik/1v}{ga:gaq/1vn}{li:lik/1nn}{uq:ut/2nn}{ti:&iq/1nn}{u:ut/2nn}{qati:qati/1nn}{ga:ga/tn-nom-s-1s};{mali:malik/1v}{ga:gaq/1vn}{li:li/3nv}{uq:ut/1vn}{ti:&iq/1nn}{u:ut/2nn}{qati:qati/1nn}{ga:ga/tn-nom-s-1s};{mali:malik/1v}{ga:gaq/2vv}{li:li/2vv}{uq:ut/1vn}{ti:&iq/1nn}{u:ut/2nn}{qati:qati/1nn}{ga:ga/tn-nom-s-1s};{mali:malik/1v}{ga:gaq/1vn}{li:lik/2nv}{uq:ut/1vn}{ti:&iq/1nn}{u:ut/2nn}{qati:qati/1nn}{ga:ga/tn-nom-s-1s};{mali:malik/1v}{ga:gaq/1vn}{li:lik/3nv}{uq:ut/1vn}{ti:&iq/1nn}{u:ut/2nn}{qati:qati/1nn}{ga:ga/tn-nom-s-1s};{mali:malik/1v}{ga:gaq/1vn}{li:liq/3nv}{uq:ut/1vn}{ti:&iq/1nn}{u:ut/2nn}{qati:qati/1nn}{ga:ga/tn-nom-s-1s};{mali:malik/1v}{ga:gaq/1vn}{li:liq/2nv}{uq:ut/1vn}{ti:&iq/1nn}{u:ut/2nn}{qati:qati/1nn}{ga:ga/tn-nom-s-1s};{mali:malik/1v}{ga:gaq/2vv}{li:liq/1vv}{uq:ut/1vn}{ti:&iq/1nn}{u:ut/2nn}{qati:qati/1nn}{ga:ga/tn-nom-s-1s};{mali:malik/1v}{ga:gaq/1vn}{li:liaq/2nv}{uq:ut/1vn}{ti:&iq/1nn}{u:ut/2nn}{qati:qati/1nn}{ga:ga/tn-nom-s-1s};{mali:malik/1v}{ga:gaq/1vn}{li:li/3nv}{uq:uq/3vv}{ti:tit/1vv}{u:ut/1vn}{qati:qati/1nn}{ga:ga/tn-nom-s-1s};{mali:malik/1v}{ga:gaq/2vv}{li:li/2vv}{uq:uq/3vv}{ti:tit/1vv}{u:ut/1vn}{qati:qati/1nn}{ga:ga/tn-nom-s-1s};{mali:malik/1v}{ga:gaq/1vn}{li:lik/2nv}{uq:uq/3vv}{ti:tit/1vv}{u:ut/1vn}{qati:qati/1nn}{ga:ga/tn-nom-s-1s};{mali:malik/1v}{ga:gaq/1vn}{li:lik/3nv}{uq:uq/3vv}{ti:tit/1vv}{u:ut/1vn}{qati:qati/1nn}{ga:ga/tn-nom-s-1s};{mali:malik/1v}{ga:gaq/1vn}{li:liq/3nv}{uq:uq/3vv}{ti:tit/1vv}{u:ut/1vn}{qati:qati/1nn}{ga:ga/tn-nom-s-1s};{mali:malik/1v}{ga:gaq/1vn}{li:liq/2nv}{uq:uq/3vv}{ti:tit/1vv}{u:ut/1vn}{qati:qati/1nn}{ga:ga/tn-nom-s-1s};{mali:malik/1v}{ga:gaq/2vv}{li:liq/1vv}{uq:uq/3vv}{ti:tit/1vv}{u:ut/1vn}{qati:qati/1nn}{ga:ga/tn-nom-s-1s};{mali:malik/1v}{ga:gaq/1vn}{li:li/3nv}{uq:uq/3vv}{ti:ji/1vn}{u:u/1nv}{qati:qati/1vn}{ga:ga/tn-nom-s-1s};{mali:malik/1v}{ga:gaq/2vv}{li:li/2vv}{uq:uq/3vv}{ti:ji/1vn}{u:u/1nv}{qati:qati/1vn}{ga:ga/tn-nom-s-1s};{mali:malik/1v}{ga:gaq/1vn}{li:lik/2nv}{uq:uq/3vv}{ti:ji/1vn}{u:u/1nv}{qati:qati/1vn}{ga:ga/tn-nom-s-1s};{mali:malik/1v}{ga:gaq/1vn}{li:lik/3nv}{uq:uq/3vv}{ti:ji/1vn}{u:u/1nv}{qati:qati/1vn}{ga:ga/tn-nom-s-1s};{mali:malik/1v}{ga:gaq/1vn}{li:liq/3nv}{uq:uq/3vv}{ti:ji/1vn}{u:u/1nv}{qati:qati/1vn}{ga:ga/tn-nom-s-1s};{mali:malik/1v}{ga:gaq/1vn}{li:liq/2nv}{uq:uq/3vv}{ti:ji/1vn}{u:u/1nv}{qati:qati/1vn}{ga:ga/tn-nom-s-1s};{mali:malik/1v}{ga:gaq/2vv}{li:liq/1vv}{uq:uq/3vv}{ti:ji/1vn}{u:u/1nv}{qati:qati/1vn}{ga:ga/tn-nom-s-1s};{mali:malik/1v}{ga:gaq/1vn}{li:li/3nv}{uq:uq/3vv}{ti:tiq/1vn}{u:u/1nv}{qati:qati/1vn}{ga:ga/tn-nom-s-1s};{mali:malik/1v}{ga:gaq/2vv}{li:li/2vv}{uq:uq/3vv}{ti:tiq/1vn}{u:u/1nv}{qati:qati/1vn}{ga:ga/tn-nom-s-1s};{mali:malik/1v}{ga:gaq/1vn}{li:lik/2nv}{uq:uq/3vv}{ti:tiq/1vn}{u:u/1nv}{qati:qati/1vn}{ga:ga/tn-nom-s-1s};{mali:malik/1v}{ga:gaq/1vn}{li:lik/3nv}{uq:uq/3vv}{ti:tiq/1vn}{u:u/1nv}{qati:qati/1vn}{ga:ga/tn-nom-s-1s};{mali:malik/1v}{ga:gaq/1vn}{li:liq/3nv}{uq:uq/3vv}{ti:tiq/1vn}{u:u/1nv}{qati:qati/1vn}{ga:ga/tn-nom-s-1s};{mali:malik/1v}{ga:gaq/1vn}{li:liq/2nv}{uq:uq/3vv}{ti:tiq/1vn}{u:u/1nv}{qati:qati/1vn}{ga:ga/tn-nom-s-1s};{mali:malik/1v}{ga:gaq/2vv}{li:liq/1vv}{uq:uq/3vv}{ti:tiq/1vn}{u:u/1nv}{qati:qati/1vn}{ga:ga/tn-nom-s-1s};{mali:malik/1v}{ga:gaq/1vn}{li:lik/1nn}{uq:ut/2nn}{ti:&iq/1nn}{u:u/1nv}{qati:qati/1vn}{ga:ga/tn-nom-s-1s};{mali:malik/1v}{ga:gaq/1vn}{li:li/3nv}{uq:ut/1vn}{ti:&iq/1nn}{u:u/1nv}{qati:qati/1vn}{ga:ga/tn-nom-s-1s};{mali:malik/1v}{ga:gaq/2vv}{li:li/2vv}{uq:ut/1vn}{ti:&iq/1nn}{u:u/1nv}{qati:qati/1vn}{ga:ga/tn-nom-s-1s};{mali:malik/1v}{ga:gaq/1vn}{li:lik/2nv}{uq:ut/1vn}{ti:&iq/1nn}{u:u/1nv}{qati:qati/1vn}{ga:ga/tn-nom-s-1s};{mali:malik/1v}{ga:gaq/1vn}{li:lik/3nv}{uq:ut/1vn}{ti:&iq/1nn}{u:u/1nv}{qati:qati/1vn}{ga:ga/tn-nom-s-1s};{mali:malik/1v}{ga:gaq/1vn}{li:liq/3nv}{uq:ut/1vn}{ti:&iq/1nn}{u:u/1nv}{qati:qati/1vn}{ga:ga/tn-nom-s-1s};{mali:malik/1v}{ga:gaq/1vn}{li:liq/2nv}{uq:ut/1vn}{ti:&iq/1nn}{u:u/1nv}{qati:qati/1vn}{ga:ga/tn-nom-s-1s};{mali:malik/1v}{ga:gaq/2vv}{li:liq/1vv}{uq:ut/1vn}{ti:&iq/1nn}{u:u/1nv}{qati:qati/1vn}{ga:ga/tn-nom-s-1s};{mali:malik/1v}{ga:gaq/1vn}{li:liaq/2nv}{uq:ut/1vn}{ti:&iq/1nn}{u:u/1nv}{qati:qati/1vn}{ga:ga/tn-nom-s-1s};{mali:malik/1v}{ga:gaq/1vn}{li:li/3nv}{uq:uq/3vv}{ti:tit/1vv}{u:uq/3vv}{qati:qati/1vn}{ga:ga/tn-nom-s-1s};{mali:malik/1v}{ga:gaq/2vv}{li:li/2vv}{uq:uq/3vv}{ti:tit/1vv}{u:uq/3vv}{qati:qati/1vn}{ga:ga/tn-nom-s-1s};{mali:malik/1v}{ga:gaq/1vn}{li:lik/2nv}{uq:uq/3vv}{ti:tit/1vv}{u:uq/3vv}{qati:qati/1vn}{ga:ga/tn-nom-s-1s};{mali:malik/1v}{ga:gaq/1vn}{li:lik/3nv}{uq:uq/3vv}{ti:tit/1vv}{u:uq/3vv}{qati:qati/1vn}{ga:ga/tn-nom-s-1s};{mali:malik/1v}{ga:gaq/1vn}{li:liq/3nv}{uq:uq/3vv}{ti:tit/1vv}{u:uq/3vv}{qati:qati/1vn}{ga:ga/tn-nom-s-1s};{mali:malik/1v}{ga:gaq/1vn}{li:liq/2nv}{uq:uq/3vv}{ti:tit/1vv}{u:uq/3vv}{qati:qati/1vn}{ga:ga/tn-nom-s-1s};{mali:malik/1v}{ga:gaq/2vv}{li:liq/1vv}{uq:uq/3vv}{ti:tit/1vv}{u:uq/3vv}{qati:qati/1vn}{ga:ga/tn-nom-s-1s},False,False,False,False,False,
hansard,maligaliuqtiuqatikka,{mali:malik/1v}{ga:gaq/1vn}{liuq:liuq/1nv}{ti:ji/1vn}{u:u/1nv}{qati:qati/1vn}{kka:kka/tn-nom-p-1s},False,{maliga:maligaq/1n}{liuq:liuq/1nv}{ti:ji/1vn}{u:ut/2nn}{qati:qati/1nn}{kka:kka/tn-nom-p-1s};{maliga:maligaq/1n}{liuq:liuq/1nv}{ti:tiq/1vn}{u:ut/2nn}{qati:qati/1nn}{kka:kka/tn-nom-p-1s};{maliga:maligaq/1n}{liuq:liuq/1nv}{ti:tit/1vv}{u:ut/1vn}{qati:qati/1nn}{kka:kka/tn-nom-p-1s};{maliga:maligaq/1n}{liuq:liuq/1nv}{ti:ji/1vn}{u:u/1nv}{qati:qati/1vn}{kka:kka/tn-nom-p-1s};{maliga:maligaq/1n}{liuq:liuq/1nv}{ti:tiq/1vn}{u:u/1nv}{qati:qati/1vn}{kka:kka/tn-nom-p-1s};{maliga:maligaq/1n}{liuq:liuq/1nv}{ti:tit/1vv}{u:uq/3vv}{qati:qati/1vn}{kka:kka/tn-nom-p-1s};{maliga:maligaq/1n}{li:lik/1nn}{uq:ut/2nn}{tiu:liuq/1nv}{qati:qati/1vn}{kka:kka/tn-nom-p-1s};{maliga:maligaq/1n}{li:li/3nv}{uq:ut/1vn}{tiu:liuq/1nv}{qati:qati/1vn}{kka:kka/tn-nom-p-1s};{maliga:maligaq/1n}{li:lik/2nv}{uq:ut/1vn}{tiu:liuq/1nv}{qati:qati/1vn}{kka:kka/tn-nom-p-1s};{maliga:maligaq/1n}{li:lik/3nv}{uq:ut/1vn}{tiu:liuq/1nv}{qati:qati/1vn}{kka:kka/tn-nom-p-1s};{maliga:maligaq/1n}{li:liq/3nv}{uq:ut/1vn}{tiu:liuq/1nv}{qati:qati/1vn}{kka:kka/tn-nom-p-1s};{maliga:maligaq/1n}{li:liq/2nv}{uq:ut/1vn}{tiu:liuq/1nv}{qati:qati/1vn}{kka:kka/tn-nom-p-1s};{maliga:maligaq/1n}{li:liaq/2nv}{uq:ut/1vn}{tiu:liuq/1nv}{qati:qati/1vn}{kka:kka/tn-nom-p-1s};{maliga:maligaq/1n}{liuq:liuq/1nv}{ti:ji/1vn}{u:ut/2nn}{qati:qati/1nn}{kka:kka/tn-gen-p-1s};{maliga:maligaq/1n}{liuq:liuq/1nv}{ti:tiq/1vn}{u:ut/2nn}{qati:qati/1nn}{kka:kka/tn-gen-p-1s};{maliga:maligaq/1n}{liuq:liuq/1nv}{ti:tit/1vv}{u:ut/1vn}{qati:qati/1nn}{kka:kka/tn-gen-p-1s};{maliga:maligaq/1n}{liuq:liuq/1nv}{ti:ji/1vn}{u:u/1nv}{qati:qati/1vn}{kka:kka/tn-gen-p-1s};{maliga:maligaq/1n}{liuq:liuq/1nv}{ti:tiq/1vn}{u:u/1nv}{qati:qati/1vn}{kka:kka/tn-gen-p-1s};{maliga:maligaq/1n}{liuq:liuq/1nv}{ti:tit/1vv}{u:uq/3vv}{qati:qati/1vn}{kka:kka/tn-gen-p-1s};{maliga:maligaq/1n}{li:lik/1nn}{uq:ut/2nn}{tiu:liuq/1nv}{qati:qati/1vn}{kka:kka/tn-gen-p-1s};{maliga:maligaq/1n}{li:li/3nv}{uq:ut/1vn}{tiu:liuq/1nv}{qati:qati/1vn}{kka:kka/tn-gen-p-1s};{maliga:maligaq/1n}{li:lik/2nv}{uq:ut/1vn}{tiu:liuq/1nv}{qati:qati/1vn}{kka:kka/tn-gen-p-1s};{maliga:maligaq/1n}{li:lik/3nv}{uq:ut/1vn}{tiu:liuq/1nv}{qati:qati/1vn}{kka:kka/tn-gen-p-1s};{maliga:maligaq/1n}{li:liq/3nv}{uq:ut/1vn}{tiu:liuq/1nv}{qati:qati/1vn}{kka:kka/tn-gen-p-1s};{maliga:maligaq/1n}{li:liq/2nv}{uq:ut/1vn}{tiu:liuq/1nv}{qati:qati/1vn}{kka:kka/tn-gen-p-1s};{maliga:maligaq/1n}{li:liaq/2nv}{uq:ut/1vn}{tiu:liuq/1nv}{qati:qati/1vn}{kka:kka/tn-gen-p-1s};{maliga:maligaq/1n}{li:li/3nv}{uq:uq/3vv}{ti:ji/1vn}{u:ut/2nn}{qati:qati/1nn}{kka:kka/tn-nom-p-1s};{maliga:maligaq/1n}{li:lik/2nv}{uq:uq/3vv}{ti:ji/1vn}{u:ut/2nn}{qati:qati/1nn}{kka:kka/tn-nom-p-1s};{maliga:maligaq/1n}{li:lik/3nv}{uq:uq/3vv}{ti:ji/1vn}{u:ut/2nn}{qati:qati/1nn}{kka:kka/tn-nom-p-1s};{maliga:maligaq/1n}{li:liq/3nv}{uq:uq/3vv}{ti:ji/1vn}{u:ut/2nn}{qati:qati/1nn}{kka:kka/tn-nom-p-1s};{maliga:maligaq/1n}{li:liq/2nv}{uq:uq/3vv}{ti:ji/1vn}{u:ut/2nn}{qati:qati/1nn}{kka:kka/tn-nom-p-1s};{maliga:maligaq/1n}{li:li/3nv}{uq:uq/3vv}{ti:tiq/1vn}{u:ut/2nn}{qati:qati/1nn}{kka:kka/tn-nom-p-1s};{maliga:maligaq/1n}{li:lik/2nv}{uq:uq/3vv}{ti:tiq/1vn}{u:ut/2nn}{qati:qati/1nn}{kka:kka/tn-nom-p-1s};{maliga:maligaq/1n}{li:lik/3nv}{uq:uq/3vv}{ti:tiq/1vn}{u:ut/2nn}{qati:qati/1nn}{kka:kka/tn-nom-p-1s};{maliga:maligaq/1n}{li:liq/3nv}{uq:uq/3vv}{ti:tiq/1vn}{u:ut/2nn}{qati:qati/1nn}{kka:kka/tn-nom-p-1s};{maliga:maligaq/1n}{li:liq/2nv}{uq:uq/3vv}{ti:tiq/1vn}{u:ut/2nn}{qati:qati/1nn}{kka:kka/tn-nom-p-1s};{maliga:maligaq/1n}{li:lik/1nn}{uq:ut/2nn}{ti:&iq/1nn}{u:ut/2nn}{qati:qati/1nn}{kka:kka/tn-nom-p-1s};{maliga:maligaq/1n}{li:li/3nv}{uq:ut/1vn}{ti:&iq/1nn}{u:ut/2nn}{qati:qati/1nn}{kka:kka/tn-nom-p-1s};{maliga:maligaq/1n}{li:lik/2nv}{uq:ut/1vn}{ti:&iq/1nn}{u:ut/2nn}{qati:qati/1nn}{kka:kka/tn-nom-p-1s};{maliga:maligaq/1n}{li:lik/3nv}{uq:ut/1vn}{ti:&iq/1nn}{u:ut/2nn}{qati:qati/1nn}{kka:kka/tn-nom-p-1s};{maliga:maligaq/1n}{li:liq/3nv}{uq:ut/1vn}{ti:&iq/1nn}{u:ut/2nn}{qati:qati/1nn}{kka:kka/tn-nom-p-1s};{maliga:maligaq/1n}{li:liq/2nv}{uq:ut/1vn}{ti:&iq/1nn}{u:ut/2nn}{qati:qati/1nn}{kka:kka/tn-nom-p-1s};{maliga:maligaq/1n}{li:liaq/2nv}{uq:ut/1vn}{ti:&iq/1nn}{u:ut/2nn}{qati:qati/1nn}{kka:kka/tn-nom-p-1s};{maliga:maligaq/1n}{li:li/3nv}{uq:uq/3vv}{ti:tit/1vv}{u:ut/1vn}{qati:qati/1nn}{kka:kka/tn-nom-p-1s};{maliga:maligaq/1n}{li:lik/2nv}{uq:uq/3vv}{ti:tit/1vv}{u:ut/1vn}{qati:qati/1nn}{kka:kka/tn-nom-p-1s};{maliga:maligaq/1n}{li:lik/3nv}{uq:uq/3vv}{ti:tit/1vv}{u:ut/1vn}{qati:qati/1nn}{kka:kka/tn-nom-p-1s};{maliga:maligaq/1n}{li:liq/3nv}{uq:uq/3vv}{ti:tit/1vv}{u:ut/1vn}{qati:qati/1nn}{kka:kka/tn-nom-p-1s};{maliga:maligaq/1n}{li:liq/2nv}{uq:uq/3vv}{ti:tit/1vv}{u:ut/1vn}{qati:qati/1nn}{kka:kka/tn-nom-p-1s};{maliga:maligaq/1n}{li:li/3nv}{uq:uq/3vv}{ti:ji/1vn}{u:u/1nv}{qati:qati/1vn}{kka:kka/tn-nom-p-1s};{maliga:maligaq/1n}{li:lik/2nv}{uq:uq/3vv}{ti:ji/1vn}{u:u/1nv}{qati:qati/1vn}{kka:kka/tn-nom-p-1s};{maliga:maligaq/1n}{li:lik/3nv}{uq:uq/3vv}{ti:ji/1vn}{u:u/1nv}{qati:qati/1vn}{kka:kka/tn-nom-p-1s};{maliga:maligaq/1n}{li:liq/3nv}{uq:uq/3vv}{ti:ji/1vn}{u:u/1nv}{qati:qati/1vn}{kka:kka/tn-nom-p-1s};{maliga:maligaq/1n}{li:liq/2nv}{uq:uq/3vv}{ti:ji/1vn}{u:u/1nv}{qati:qati/1vn}{kka:kka/tn-nom-p-1s};{maliga:maligaq/1n}{li:li/3nv}{uq:uq/3vv}{ti:tiq/1vn}{u:u/1nv}{qati:qati/1vn}{kka:kka/tn-nom-p-1s};{maliga:maligaq/1n}{li:lik/2nv}{uq:uq/3vv}{ti:tiq/1vn}{u:u/1nv}{qati:qati/1vn}{kka:kka/tn-nom-p-1s};{maliga:maligaq/1n}{li:lik/3nv}{uq:uq/3vv}{ti:tiq/1vn}{u:u/1nv}{qati:qati/1vn}{kka:kka/tn-nom-p-1s};{maliga:maligaq/1n}{li:liq/3nv}{uq:uq/3vv}{ti:tiq/1vn}{u:u/1nv}{qati:qati/1vn}{kka:kka/tn-nom-p-1s};{maliga:maligaq/1n}{li:liq/2nv}{uq:uq/3vv}{ti:tiq/1vn}{u:u/1nv}{qati:qati/1vn}{kka:kka/tn-nom-p-1s};{maliga:maligaq/1n}{li:lik/1nn}{uq:ut/2nn}{ti:&iq/1nn}{u:u/1nv}{qati:qati/1vn}{kka:kka/tn-nom-p-1s};{maliga:maligaq/1n}{li:li/3nv}{uq:ut/1vn}{ti:&iq/1nn}{u:u/1nv}{qati:qati/1vn}{kka:kka/tn-nom-p-1s};{maliga:maligaq/1n}{li:lik/2nv}{uq:ut/1vn}{ti:&iq/1nn}{u:u/1nv}{qati:qati/1vn}{kka:kka/tn-nom-p-1s};{maliga:maligaq/1n}{li:lik/3nv}{uq:ut/1vn}{ti:&iq/1nn}{u:u/1nv}{qati:qati/1vn}{kka:kka/tn-nom-p-1s};{maliga:maligaq/1n}{li:liq/3nv}{uq:ut/1vn}{ti:&iq/1nn}{u:u/1nv}{qati:qati/1vn}{kka:kka/tn-nom-p-1s};{maliga:maligaq/1n}{li:liq/2nv}{uq:ut/1vn}{ti:&iq/1nn}{u:u/1nv}{qati:qati/1vn}{kka:kka/tn-nom-p-1s};{maliga:maligaq/1n}{li:liaq/2nv}{uq:ut/1vn}{ti:&iq/1nn}{u:u/1nv}{qati:qati/1vn}{kka:kka/tn-nom-p-1s};{maliga:maligaq/1n}{li:li/3nv}{uq:uq/3vv}{ti:tit/1vv}{u:uq/3vv}{qati:qati/1vn}{kka:kka/tn-nom-p-1s};{maliga:maligaq/1n}{li:lik/2nv}{uq:uq/3vv}{ti:tit/1vv}{u:uq/3vv}{qati:qati/1vn}{kka:kka/tn-nom-p-1s};{maliga:maligaq/1n}{li:lik/3nv}{uq:uq/3vv}{ti:tit/1vv}{u:uq/3vv}{qati:qati/1vn}{kka:kka/tn-nom-p-1s};{maliga:maligaq/1n}{li:liq/3nv}{uq:uq/3vv}{ti:tit/1vv}{u:uq/3vv}{qati:qati/1vn}{kka:kka/tn-nom-p-1s};{maliga:maligaq/1n}{li:liq/2nv}{uq:uq/3vv}{ti:tit/1vv}{u:uq/3vv}{qati:qati/1vn}{kka:kka/tn-nom-p-1s};{maliga:maligaq/1n}{li:li/3nv}{uq:uq/3vv}{ti:ji/1vn}{u:ut/2nn}{qati:qati/1nn}{kka:kka/tn-gen-p-1s};{maliga:maligaq/1n}{li:lik/2nv}{uq:uq/3vv}{ti:ji/1vn}{u:ut/2nn}{qati:qati/1nn}{kka:kka/tn-gen-p-1s};{maliga:maligaq/1n}{li:lik/3nv}{uq:uq/3vv}{ti:ji/1vn}{u:ut/2nn}{qati:qati/1nn}{kka:kka/tn-gen-p-1s};{maliga:maligaq/1n}{li:liq/3nv}{uq:uq/3vv}{ti:ji/1vn}{u:ut/2nn}{qati:qati/1nn}{kka:kka/tn-gen-p-1s};{maliga:maligaq/1n}{li:liq/2nv}{uq:uq/3vv}{ti:ji/1vn}{u:ut/2nn}{qati:qati/1nn}{kka:kka/tn-gen-p-1s};{maliga:maligaq/1n}{li:li/3nv}{uq:uq/3vv}{ti:tiq/1vn}{u:ut/2nn}{qati:qati/1nn}{kka:kka/tn-gen-p-1s};{maliga:maligaq/1n}{li:lik/2nv}{uq:uq/3vv}{ti:tiq/1vn}{u:ut/2nn}{qati:qati/1nn}{kka:kka/tn-gen-p-1s};{maliga:maligaq/1n}{li:lik/3nv}{uq:uq/3vv}{ti:tiq/1vn}{u:ut/2nn}{qati:qati/1nn}{kka:kka/tn-gen-p-1s};{maliga:maligaq/1n}{li:liq/3nv}{uq:uq/3vv}{ti:tiq/1vn}{u:ut/2nn}{qati:qati/1nn}{kka:kka/tn-gen-p-1s};{maliga:maligaq/1n}{li:liq/2nv}{uq:uq/3vv}{ti:tiq/1vn}{u:ut/2nn}{qati:qati/1nn}{kka:kka/tn-gen-p-1s};{maliga:maligaq/1n}{li:lik/1nn}{uq:ut/2nn}{ti:&iq/1nn}{u:ut/2nn}{qati:qati/1nn}{kka:kka/tn-gen-p-1s};{maliga:maligaq/1n}{li:li/3nv}{uq:ut/1vn}{ti:&iq/1nn}{u:ut/2nn}{qati:qati/1nn}{kka:kka/tn-gen-p-1s};{maliga:maligaq/1n}{li:lik/2nv}{uq:ut/1vn}{ti:&iq/1nn}{u:ut/2nn}{qati:qati/1nn}{kka:kka/tn-gen-p-1s};{maliga:maligaq/1n}{li:lik/3nv}{uq:ut/1vn}{ti:&iq/1nn}{u:ut/2nn}{qati:qati/1nn}{kka:kka/tn-gen-p-1s};{maliga:maligaq/1n}{li:liq/3nv}{uq:ut/1vn}{ti:&iq/1nn}{u:ut/2nn}{qati:qati/1nn}{kka:kka/tn-gen-p-1s};{maliga:maligaq/1n}{li:liq/2nv}{uq:ut/1vn}{ti:&iq/1nn}{u:ut/2nn}{qati:qati/1nn}{kka:kka/tn-gen-p-1s};{maliga:maligaq/1n}{li:liaq/2nv}{uq:ut/1vn}{ti:&iq/1nn}{u:ut/2nn}{qati:qati/1nn}{kka:kka/tn-gen-p-1s};{maliga:maligaq/1n}{li:li/3nv}{uq:uq/3vv}{ti:tit/1vv}{u:ut/1vn}{qati:qati/1nn}{kka:kka/tn-gen-p-1s};{maliga:maligaq/1n}{li:lik/2nv}{uq:uq/3vv}{ti:tit/1vv}{u:ut/1vn}{qati:qati/1nn}{kka:kka/tn-gen-p-1s};{maliga:maligaq/1n}{li:lik/3nv}{uq:uq/3vv}{ti:tit/1vv}{u:ut/1vn}{qati:qati/1nn}{kka:kka/tn-gen-p-1s};{maliga:maligaq/1n}{li:liq/3nv}{uq:uq/3vv}{ti:tit/1vv}{u:ut/1vn}{qati:qati/1nn}{kka:kka/tn-gen-p-1s};{maliga:maligaq/1n}{li:liq/2nv}{uq:uq/3vv}{ti:tit/1vv}{u:ut/1vn}{qati:qati/1nn}{kka:kka/tn-gen-p-1s};{maliga:maligaq/1n}{li:li/3nv}{uq:uq/3vv}{ti:ji/1vn}{u:u/1nv}{qati:qati/1vn}{kka:kka/tn-gen-p-1s};{maliga:maligaq/1n}{li:lik/2nv}{uq:uq/3vv}{ti:ji/1vn}{u:u/1nv}{qati:qati/1vn}{kka:kka/tn-gen-p-1s};{maliga:maligaq/1n}{li:lik/3nv}{uq:uq/3vv}{ti:ji/1vn}{u:u/1nv}{qati:qati/1vn}{kka:kka/tn-gen-p-1s};{maliga:maligaq/1n}{li:liq/3nv}{uq:uq/3vv}{ti:ji/1vn}{u:u/1nv}{qati:qati/1vn}{kka:kka/tn-gen-p-1s};{maliga:maligaq/1n}{li:liq/2nv}{uq:uq/3vv}{ti:ji/1vn}{u:u/1nv}{qati:qati/1vn}{kka:kka/tn-gen-p-1s};{maliga:maligaq/1n}{li:li/3nv}{uq:uq/3vv}{ti:tiq/1vn}{u:u/1nv}{qati:qati/1vn}{kka:kka/tn-gen-p-1s};{maliga:maligaq/1n}{li:lik/2nv}{uq:uq/3vv}{ti:tiq/1vn}{u:u/1nv}{qati:qati/1vn}{kka:kka/tn-gen-p-1s};{maliga:maligaq/1n}{li:lik/3nv}{uq:uq/3vv}{ti:tiq/1vn}{u:u/1nv}{qati:qati/1vn}{kka:kka/tn-gen-p-1s};{maliga:maligaq/1n}{li:liq/3nv}{uq:uq/3vv}{ti:tiq/1vn}{u:u/1nv}{qati:qati/1vn}{kka:kka/tn-gen-p-1s};{maliga:maligaq/1n}{li:liq/2nv}{uq:uq/3vv}{ti:tiq/1vn}{u:u/1nv}{qati:qati/1vn}{kka:kka/tn-gen-p-1s};{maliga:maligaq/1n}{li:lik/1nn}{uq:ut/2nn}{ti:&iq/1nn}{u:u/1nv}{qati:qati/1vn}{kka:kka/tn-gen-p-1s};{maliga:maligaq/1n}{li:li/3nv}{uq:ut/1vn}{ti:&iq/1nn}{u:u/1nv}{qati:qati/1vn}{kka:kka/tn-gen-p-1s};{maliga:maligaq/1n}{li:lik/2nv}{uq:ut/1vn}{ti:&iq/1nn}{u:u/1nv}{qati:qati/1vn}{kka:kka/tn-gen-p-1s};{maliga:maligaq/1n}{li:lik/3nv}{uq:ut/1vn}{ti:&iq/1nn}{u:u/1nv}{qati:qati/1vn}{kka:kka/tn-gen-p-1s};{maliga:maligaq/1n}{li:liq/3nv}{uq:ut/1vn}{ti:&iq/1nn}{u:u/1nv}{qati:qati/1vn}{kka:kka/tn-gen-p-1s};{maliga:maligaq/1n}{li:liq/2nv}{uq:ut/1vn}{ti:&iq/1nn}{u:u/1nv}{qati:qati/1vn}{kka:kka/tn-gen-p-1s};{maliga:maligaq/1n}{li:liaq/2nv}{uq:ut/1vn}{ti:&iq/1nn}{u:u/1nv}{qati:qati/1vn}{kka:kka/tn-gen-p-1s};{maliga:maligaq/1n}{li:li/3nv}{uq:uq/3vv}{ti:tit/1vv}{u:uq/3vv}{qati:qati/1vn}{kka:kka/tn-gen-p-1s};{maliga:maligaq/1n}{li:lik/2nv}{uq:uq/3vv}{ti:tit/1vv}{u:uq/3vv}{qati:qati/1vn}{kka:kka/tn-gen-p-1s};{maliga:maligaq/1n}{li:lik/3nv}{uq:uq/3vv}{ti:tit/1vv}{u:uq/3vv}{qati:qati/1vn}{kka:kka/tn-gen-p-1s};{maliga:maligaq/1n}{li:liq/3nv}{uq:uq/3vv}{ti:tit/1vv}{u:uq/3vv}{qati:qati/1vn}{kka:kka/tn-gen-p-1s};{maliga:maligaq/1n}{li:liq/2nv}{uq:uq/3vv}{ti:tit/1vv}{u:uq/3vv}{qati:qati/1vn}{kka:kka/tn-gen-p-1s};{mali:malik/1v}{ga:gaq/1vn}{liuq:liuq/1nv}{ti:ji/1vn}{u:ut/2nn}{qati:qati/1nn}{kka:kka/tn-nom-p-1s};{mali:malik/1v}{ga:gaq/1vn}{liuq:liuq/1nv}{ti:tiq/1vn}{u:ut/2nn}{qati:qati/1nn}{kka:kka/tn-nom-p-1s};{mali:malik/1v}{ga:gaq/1vn}{liuq:liuq/1nv}{ti:tit/1vv}{u:ut/1vn}{qati:qati/1nn}{kka:kka/tn-nom-p-1s};{mali:malik/1v}{ga:gaq/1vn}{liuq:liuq/1nv}{ti:ji/1vn}{u:u/1nv}{qati:qati/1vn}{kka:kka/tn-nom-p-1s};{mali:malik/1v}{ga:gaq/1vn}{liuq:liuq/1nv}{ti:tiq/1vn}{u:u/1nv}{qati:qati/1vn}{kka:kka/tn-nom-p-1s};{mali:malik/1v}{ga:gaq/1vn}{liuq:liuq/1nv}{ti:tit/1vv}{u:uq/3vv}{qati:qati/1vn}{kka:kka/tn-nom-p-1s};{mali:malik/1v}{ga:gaq/1vn}{li:lik/1nn}{uq:ut/2nn}{tiu:liuq/1nv}{qati:qati/1vn}{kka:kka/tn-nom-p-1s};{mali:malik/1v}{ga:gaq/1vn}{li:li/3nv}{uq:ut/1vn}{tiu:liuq/1nv}{qati:qati/1vn}{kka:kka/tn-nom-p-1s};{mali:malik/1v}{ga:gaq/2vv}{li:li/2vv}{uq:ut/1vn}{tiu:liuq/1nv}{qati:qati/1vn}{kka:kka/tn-nom-p-1s};{mali:malik/1v}{ga:gaq/1vn}{li:lik/2nv}{uq:ut/1vn}{tiu:liuq/1nv}{qati:qati/1vn}{kka:kka/tn-nom-p-1s};{mali:malik/1v}{ga:gaq/1vn}{li:lik/3nv}{uq:ut/1vn}{tiu:liuq/1nv}{qati:qati/1vn}{kka:kka/tn-nom-p-1s};{mali:malik/1v}{ga:gaq/1vn}{li:liq/3nv}{uq:ut/1vn}{tiu:liuq/1nv}{qati:qati/1vn}{kka:kka/tn-nom-p-1s};{mali:malik/1v}{ga:gaq/1vn}{li:liq/2nv}{uq:ut/1vn}{tiu:liuq/1nv}{qati:qati/1vn}{kka:kka/tn-nom-p-1s};{mali:malik/1v}{ga:gaq/2vv}{li:liq/1vv}{uq:ut/1vn}{tiu:liuq/1nv}{qati:qati/1vn}{kka:kka/tn-nom-p-1s};{mali:malik/1v}{ga:gaq/1vn}{li:liaq/2nv}{uq:ut/1vn}{tiu:liuq/1nv}{qati:qati/1vn}{kka:kka/tn-nom-p-1s};{mali:malik/1v}{ga:gaq/1vn}{liuq:liuq/1nv}{ti:ji/1vn}{u:ut/2nn}{qati:qati/1nn}{kka:kka/tn-gen-p-1s};{mali:malik/1v}{ga:gaq/1vn}{liuq:liuq/1nv}{ti:tiq/1vn}{u:ut/2nn}{qati:qati/1nn}{kka:kka/tn-gen-p-1s};{mali:malik/1v}{ga:gaq/1vn}{liuq:liuq/1nv}{ti:tit/1vv}{u:ut/1vn}{qati:qati/1nn}{kka:kka/tn-gen-p-1s};{mali:malik/1v}{ga:gaq/1vn}{liuq:liuq/1nv}{ti:ji/1vn}{u:u/1nv}{qati:qati/1vn}{kka:kka/tn-gen-p-1s};{mali:malik/1v}{ga:gaq/1vn}{liuq:liuq/1nv}{ti:tiq/1vn}{u:u/1nv}{qati:qati/1vn}{kka:kka/tn-gen-p-1s};{mali:malik/1v}{ga:gaq/1vn}{liuq:liuq/1nv}{ti:tit/1vv}{u:uq/3vv}{qati:qati/1vn}{kka:kka/tn-gen-p-1s};{mali:malik/1v}{ga:gaq/1vn}{li:lik/1nn}{uq:ut/2nn}{tiu:liuq/1nv}{qati:qati/1vn}{kka:kka/tn-gen-p-1s};{mali:malik/1v}{ga:gaq/1vn}{li:li/3nv}{uq:ut/1vn}{tiu:liuq/1nv}{qati:qati/1vn}{kka:kka/tn-gen-p-1s};{mali:malik/1v}{ga:gaq/2vv}{li:li/2vv}{uq:ut/1vn}{tiu:liuq/1nv}{qati:qati/1vn}{kka:kka/tn-gen-p-1s};{mali:malik/1v}{ga:gaq/1vn}{li:lik/2nv}{uq:ut/1vn}{tiu:liuq/1nv}{qati:qati/1vn}{kka:kka/tn-gen-p-1s};{mali:malik/1v}{ga:gaq/1vn}{li:lik/3nv}{uq:ut/1vn}{tiu:liuq/1nv}{qati:qati/1vn}{kka:kka/tn-gen-p-1s};{mali:malik/1v}{ga:gaq/1vn}{li:liq/3nv}{uq:ut/1vn}{tiu:liuq/1nv}{qati:qati/1vn}{kka:kka/tn-gen-p-1s};{mali:malik/1v}{ga:gaq/1vn}{li:liq/2nv}{uq:ut/1vn}{tiu:liuq/1nv}{qati:qati/1vn}{kka:kka/tn-gen-p-1s};{mali:malik/1v}{ga:gaq/2vv}{li:liq/1vv}{uq:ut/1vn}{tiu:liuq/1nv}{qati:qati/1vn}{kka:kka/tn-gen-p-1s};{mali:malik/1v}{ga:gaq/1vn}{li:liaq/2nv}{uq:ut/1vn}{tiu:liuq/1nv}{qati:qati/1vn}{kka:kka/tn-gen-p-1s};{mali:malik/1v}{ga:gaq/1vn}{li:li/3nv}{uq:uq/3vv}{ti:ji/1vn}{u:ut/2nn}{qati:qati/1nn}{kka:kka/tn-nom-p-1s};{mali:malik/1v}{ga:gaq/2vv}{li:li/2vv}{uq:uq/3vv}{ti:ji/1vn}{u:ut/2nn}{qati:qati/1nn}{kka:kka/tn-nom-p-1s};{mali:malik/1v}{ga:gaq/1vn}{li:lik/2nv}{uq:uq/3vv}{ti:ji/1vn}{u:ut/2nn}{qati:qati/1nn}{kka:kka/tn-nom-p-1s};{mali:malik/1v}{ga:gaq/1vn}{li:lik/3nv}{uq:uq/3vv}{ti:ji/1vn}{u:ut/2nn}{qati:qati/1nn}{kka:kka/tn-nom-p-1s};{mali:malik/1v}{ga:gaq/1vn}{li:liq/3nv}{uq:uq/3vv}{ti:ji/1vn}{u:ut/2nn}{qati:qati/1nn}{kka:kka/tn-nom-p-1s};{mali:malik/1v}{ga:gaq/1vn}{li:liq/2nv}{uq:uq/3vv}{ti:ji/1vn}{u:ut/2nn}{qati:qati/1nn}{kka:kka/tn-nom-p-1s};{mali:malik/1v}{ga:gaq/2vv}{li:liq/1vv}{uq:uq/3vv}{ti:ji/1vn}{u:ut/2nn}{qati:qati/1nn}{kka:kka/tn-nom-p-1s};{mali:malik/1v}{ga:gaq/1vn}{li:li/3nv}{uq:uq/3vv}{ti:tiq/1vn}{u:ut/2nn}{qati:qati/1nn}{kka:kka/tn-nom-p-1s};{mali:malik/1v}{ga:gaq/2vv}{li:li/2vv}{uq:uq/3vv}{ti:tiq/1vn}{u:ut/2nn}{qati:qati/1nn}{kka:kka/tn-nom-p-1s};{mali:malik/1v}{ga:gaq/1vn}{li:lik/2nv}{uq:uq/3vv}{ti:tiq/1vn}{u:ut/2nn}{qati:qati/1nn}{kka:kka/tn-nom-p-1s};{mali:malik/1v}{ga:gaq/1vn}{li:lik/3nv}{uq:uq/3vv}{ti:tiq/1vn}{u:ut/2nn}{qati:qati/1nn}{kka:kka/tn-nom-p-1s};{mali:malik/1v}{ga:gaq/1vn}{li:liq/3nv}{uq:uq/3vv}{ti:tiq/1vn}{u:ut/2nn}{qati:qati/1nn}{kka:kka/tn-nom-p-1s};{mali:malik/1v}{ga:gaq/1vn}{li:liq/2nv}{uq:uq/3vv}{ti:tiq/1vn}{u:ut/2nn}{qati:qati/1nn}{kka:kka/tn-nom-p-1s};{mali:malik/1v}{ga:gaq/2vv}{li:liq/1vv}{uq:uq/3vv}{ti:tiq/1vn}{u:ut/2nn}{qati:qati/1nn}{kka:kka/tn-nom-p-1s};{mali:malik/1v}{ga:gaq/1vn}{li:lik/1nn}{uq:ut/2nn}{ti:&iq/1nn}{u:ut/2nn}{qati:qati/1nn}{kka:kka/tn-nom-p-1s};{mali:malik/1v}{ga:gaq/1vn}{li:li/3nv}{uq:ut/1vn}{ti:&iq/1nn}{u:ut/2nn}{qati:qati/1nn}{kka:kka/tn-nom-p-1s};{mali:malik/1v}{ga:gaq/2vv}{li:li/2vv}{uq:ut/1vn}{ti:&iq/1nn}{u:ut/2nn}{qati:qati/1nn}{kka:kka/tn-nom-p-1s};{mali:malik/1v}{ga:gaq/1vn}{li:lik/2nv}{uq:ut/1vn}{ti:&iq/1nn}{u:ut/2nn}{qati:qati/1nn}{kka:kka/tn-nom-p-1s};{mali:malik/1v}{ga:gaq/1vn}{li:lik/3nv}{uq:ut/1vn}{ti:&iq/1nn}{u:ut/2nn}{qati:qati/1nn}{kka:kka/tn-nom-p-1s};{mali:malik/1v}{ga:gaq/1vn}{li:liq/3nv}{uq:ut/1vn}{ti:&iq/1nn}{u:ut/2nn}{qati:qati/1nn}{kka:kka/tn-nom-p-1s};{mali:malik/1v}{ga:gaq/1vn}{li:liq/2nv}{uq:ut/1vn}{ti:&iq/1nn}{u:ut/2nn}{qati:qati/1nn}{kka:kka/tn-nom-p-1s};{mali:malik/1v}{ga:gaq/2vv}{li:liq/1vv}{uq:ut/1vn}{ti:&iq/1nn}{u:ut/2nn}{qati:qati/1nn}{kka:kka/tn-nom-p-1s};{mali:malik/1v}{ga:gaq/1vn}{li:liaq/2nv}{uq:ut/1vn}{ti:&iq/1nn}{u:ut/2nn}{qati:qati/1nn}{kka:kka/tn-nom-p-1s};{mali:malik/1v}{ga:gaq/1vn}{li:li/3nv}{uq:uq/3vv}{ti:tit/1vv}{u:ut/1vn}{qati:qati/1nn}{kka:kka/tn-nom-p-1s};{mali:malik/1v}{ga:gaq/2vv}{li:li/2vv}{uq:uq/3vv}{ti:tit/1vv}{u:ut/1vn}{qati:qati/1nn}{kka:kka/tn-nom-p-1s};{mali:malik/1v}{ga:gaq/1vn}{li:lik/2nv}{uq:uq/3vv}{ti:tit/1vv}{u:ut/1vn}{qati:qati/1nn}{kka:kka/tn-nom-p-1s};{mali:malik/1v}{ga:gaq/1vn}{li:lik/3nv}{uq:uq/3vv}{ti:tit/1vv}{u:ut/1vn}{qati:qati/1nn}{kka:kka/tn-nom-p-1s};{mali:malik/1v}{ga:gaq/1vn}{li:liq/3nv}{uq:uq/3vv}{ti:tit/1vv}{u:ut/1vn}{qati:qati/1nn}{kka:kka/tn-nom-p-1s};{mali:malik/1v}{ga:gaq/1vn}{li:liq/2nv}{uq:uq/3vv}{ti:tit/1vv}{u:ut/1vn}{qati:qati/1nn}{kka:kka/tn-nom-p-1s};{mali:malik/1v}{ga:gaq/2vv}{li:liq/1vv}{uq:uq/3vv}{ti:tit/1vv}{u:ut/1vn}{qati:qati/1nn}{kka:kka/tn-nom-p-1s};{mali:malik/1v}{ga:gaq/1vn}{li:li/3nv}{uq:uq/3vv}{ti:ji/1vn}{u:u/1nv}{qati:qati/1vn}{kka:kka/tn-nom-p-1s};{mali:malik/1v}{ga:gaq/2vv}{li:li/2vv}{uq:uq/3vv}{ti:ji/1vn}{u:u/1nv}{qati:qati/1vn}{kka:kka/tn-nom-p-1s};{mali:malik/1v}{ga:gaq/1vn}{li:lik/2nv}{uq:uq/3vv}{ti:ji/1vn}{u:u/1nv}{qati:qati/1vn}{kka:kka/tn-nom-p-1s};{mali:malik/1v}{ga:gaq/1vn}{li:lik/3nv}{uq:uq/3vv}{ti:ji/1vn}{u:u/1nv}{qati:qati/1vn}{kka:kka/tn-nom-p-1s};{mali:malik/1v}{ga:gaq/1vn}{li:liq/3nv}{uq:uq/3vv}{ti:ji/1vn}{u:u/1nv}{qati:qati/1vn}{kka:kka/tn-nom-p-1s};{mali:malik/1v}{ga:gaq/1vn}{li:liq/2nv}{uq:uq/3vv}{ti:ji/1vn}{u:u/1nv}{qati:qati/1vn}{kka:kka/tn-nom-p-1s};{mali:malik/1v}{ga:gaq/2vv}{li:liq/1vv}{uq:uq/3vv}{ti:ji/1vn}{u:u/1nv}{qati:qati/1vn}{kka:kka/tn-nom-p-1s};{mali:malik/1v}{ga:gaq/1vn}{li:li/3nv}{uq:uq/3vv}{ti:tiq/1vn}{u:u/1nv}{qati:qati/1vn}{kka:kka/tn-nom-p-1s};{mali:malik/1v}{ga:gaq/2vv}{li:li/2vv}{uq:uq/3vv}{ti:tiq/1vn}{u:u/1nv}{qati:qati/1vn}{kka:kka/tn-nom-p-1s};{mali:malik/1v}{ga:gaq/1vn}{li:lik/2nv}{uq:uq/3vv}{ti:tiq/1vn}{u:u/1nv}{qati:qati/1vn}{kka:kka/tn-nom-p-1s};{mali:malik/1v}{ga:gaq/1vn}{li:lik/3nv}{uq:uq/3vv}{ti:tiq/1vn}{u:u/1nv}{qati:qati/1vn}{kka:kka/tn-nom-p-1s};{mali:malik/1v}{ga:gaq/1vn}{li:liq/3nv}{uq:uq/3vv}{ti:tiq/1vn}{u:u/1nv}{qati:qati/1vn}{kka:kka/tn-nom-p-1s};{mali:malik/1v}{ga:gaq/1vn}{li:liq/2nv}{uq:uq/3vv}{ti:tiq/1vn}{u:u/1nv}{qati:qati/1vn}{kka:kka/tn-nom-p-1s};{mali:malik/1v}{ga:gaq/2vv}{li:liq/1vv}{uq:uq/3vv}{ti:tiq/1vn}{u:u/1nv}{qati:qati/1vn}{kka:kka/tn-nom-p-1s};{mali:malik/1v}{ga:gaq/1vn}{li:lik/1nn}{uq:ut/2nn}{ti:&iq/1nn}{u:u/1nv}{qati:qati/1vn}{kka:kka/tn-nom-p-1s};{mali:malik/1v}{ga:gaq/1vn}{li:li/3nv}{uq:ut/1vn}{ti:&iq/1nn}{u:u/1nv}{qati:qati/1vn}{kka:kka/tn-nom-p-1s};{mali:malik/1v}{ga:gaq/2vv}{li:li/2vv}{uq:ut/1vn}{ti:&iq/1nn}{u:u/1nv}{qati:qati/1vn}{kka:kka/tn-nom-p-1s};{mali:malik/1v}{ga:gaq/1vn}{li:lik/2nv}{uq:ut/1vn}{ti:&iq/1nn}{u:u/1nv}{qati:qati/1vn}{kka:kka/tn-nom-p-1s};{mali:malik/1v}{ga:gaq/1vn}{li:lik/3nv}{uq:ut/1vn}{ti:&iq/1nn}{u:u/1nv}{qati:qati/1vn}{kka:kka/tn-nom-p-1s};{mali:malik/1v}{ga:gaq/1vn}{li:liq/3nv}{uq:ut/1vn}{ti:&iq/1nn}{u:u/1nv}{qati:qati/1vn}{kka:kka/tn-nom-p-1s};{mali:malik/1v}{ga:gaq/1vn}{li:liq/2nv}{uq:ut/1vn}{ti:&iq/1nn}{u:u/1nv}{qati:qati/1vn}{kka:kka/tn-nom-p-1s};{mali:malik/1v}{ga:gaq/2vv}{li:liq/1vv}{uq:ut/1vn}{ti:&iq/1nn}{u:u/1nv}{qati:qati/1vn}{kka:kka/tn-nom-p-1s};{mali:malik/1v}{ga:gaq/1vn}{li:liaq/2nv}{uq:ut/1vn}{ti:&iq/1nn}{u:u/1nv}{qati:qati/1vn}{kka:kka/tn-nom-p-1s};{mali:malik/1v}{ga:gaq/1vn}{li:li/3nv}{uq:uq/3vv}{ti:tit/1vv}{u:uq/3vv}{qati:qati/1vn}{kka:kka/tn-nom-p-1s};{mali:malik/1v}{ga:gaq/2vv}{li:li/2vv}{uq:uq/3vv}{ti:tit/1vv}{u:uq/3vv}{qati:qati/1vn}{kka:kka/tn-nom-p-1s};{mali:malik/1v}{ga:gaq/1vn}{li:lik/2nv}{uq:uq/3vv}{ti:tit/1vv}{u:uq/3vv}{qati:qati/1vn}{kka:kka/tn-nom-p-1s};{mali:malik/1v}{ga:gaq/1vn}{li:lik/3nv}{uq:uq/3vv}{ti:tit/1vv}{u:uq/3vv}{qati:qati/1vn}{kka:kka/tn-nom-p-1s};{mali:malik/1v}{ga:gaq/1vn}{li:liq/3nv}{uq:uq/3vv}{ti:tit/1vv}{u:uq/3vv}{qati:qati/1vn}{kka:kka/tn-nom-p-1s};{mali:malik/1v}{ga:gaq/1vn}{li:liq/2nv}{uq:uq/3vv}{ti:tit/1vv}{u:uq/3vv}{qati:qati/1vn}{kka:kka/tn-nom-p-1s};{mali:malik/1v}{ga:gaq/2vv}{li:liq/1vv}{uq:uq/3vv}{ti:tit/1vv}{u:uq/3vv}{qati:qati/1vn}{kka:kka/tn-nom-p-1s};{mali:malik/1v}{ga:gaq/1vn}{li:li/3nv}{uq:uq/3vv}{ti:ji/1vn}{u:ut/2nn}{qati:qati/1nn}{kka:kka/tn-gen-p-1s};{mali:malik/1v}{ga:gaq/2vv}{li:li/2vv}{uq:uq/3vv}{ti:ji/1vn}{u:ut/2nn}{qati:qati/1nn}{kka:kka/tn-gen-p-1s};{mali:malik/1v}{ga:gaq/1vn}{li:lik/2nv}{uq:uq/3vv}{ti:ji/1vn}{u:ut/2nn}{qati:qati/1nn}{kka:kka/tn-gen-p-1s};{mali:malik/1v}{ga:gaq/1vn}{li:lik/3nv}{uq:uq/3vv}{ti:ji/1vn}{u:ut/2nn}{qati:qati/1nn}{kka:kka/tn-gen-p-1s};{mali:malik/1v}{ga:gaq/1vn}{li:liq/3nv}{uq:uq/3vv}{ti:ji/1vn}{u:ut/2nn}{qati:qati/1nn}{kka:kka/tn-gen-p-1s};{mali:malik/1v}{ga:gaq/1vn}{li:liq/2nv}{uq:uq/3vv}{ti:ji/1vn}{u:ut/2nn}{qati:qati/1nn}{kka:kka/tn-gen-p-1s};{mali:malik/1v}{ga:gaq/2vv}{li:liq/1vv}{uq:uq/3vv}{ti:ji/1vn}{u:ut/2nn}{qati:qati/1nn}{kka:kka/tn-gen-p-1s};{mali:malik/1v}{ga:gaq/1vn}{li:li/3nv}{uq:uq/3vv}{ti:tiq/1vn}{u:ut/2nn}{qati:qati/1nn}{kka:kka/tn-gen-p-1s};{mali:malik/1v}{ga:gaq/2vv}{li:li/2vv}{uq:uq/3vv}{ti:tiq/1vn}{u:ut/2nn}{qati:qati/1nn}{kka:kka/tn-gen-p-1s};{mali:malik/1v}{ga:gaq/1vn}{li:lik/2nv}{uq:uq/3vv}{ti:tiq/1vn}{u:ut/2nn}{qati:qati/1nn}{kka:kka/tn-gen-p-1s};{mali:malik/1v}{ga:gaq/1vn}{li:lik/3nv}{uq:uq/3vv}{ti:tiq/1vn}{u:ut/2nn}{qati:qati/1nn}{kka:kka/tn-gen-p-1s};{mali:malik/1v}{ga:gaq/1vn}{li:liq/3nv}{uq:uq/3vv}{ti:tiq/1vn}{u:ut/2nn}{qati:qati/1nn}{kka:kka/tn-gen-p-1s};{mali:malik/1v}{ga:gaq/1vn}{li:liq/2nv}{uq:uq/3vv}{ti:tiq/1vn}{u:ut/2nn}{qati:qati/1nn}{kka:kka/tn-gen-p-1s};{mali:malik/1v}{ga:gaq/2vv}{li:liq/1vv}{uq:uq/3vv}{ti:tiq/1vn}{u:ut/2nn}{qati:qati/1nn}{kka:kka/tn-gen-p-1s};{mali:malik/1v}{ga:gaq/1vn}{li:lik/1nn}{uq:ut/2nn}{ti:&iq/1nn}{u:ut/2nn}{qati:qati/1nn}{kka:kka/tn-gen-p-1s};{mali:malik/1v}{ga:gaq/1vn}{li:li/3nv}{uq:ut/1vn}{ti:&iq/1nn}{u:ut/2nn}{qati:qati/1nn}{kka:kka/tn-gen-p-1s};{mali:malik/1v}{ga:gaq/2vv}{li:li/2vv}{uq:ut/1vn}{ti:&iq/1nn}{u:ut/2nn}{qati:qati/1nn}{kka:kka/tn-gen-p-1s};{mali:malik/1v}{ga:gaq/1vn}{li:lik/2nv}{uq:ut/1vn}{ti:&iq/1nn}{u:ut/2nn}{qati:qati/1nn}{kka:kka/tn-gen-p-1s};{mali:malik/1v}{ga:gaq/1vn}{li:lik/3nv}{uq:ut/1vn}{ti:&iq/1nn}{u:ut/2nn}{qati:qati/1nn}{kka:kka/tn-gen-p-1s};{mali:malik/1v}{ga:gaq/1vn}{li:liq/3nv}{uq:ut/1vn}{ti:&iq/1nn}{u:ut/2nn}{qati:qati/1nn}{kka:kka/tn-gen-p-1s};{mali:malik/1v}{ga:gaq/1vn}{li:liq/2nv}{uq:ut/1vn}{ti:&iq/1nn}{u:ut/2nn}{qati:qati/1nn}{kka:kka/tn-gen-p-1s};{mali:malik/1v}{ga:gaq/2vv}{li:liq/1vv}{uq:ut/1vn}{ti:&iq/1nn}{u:ut/2nn}{qati:qati/1nn}{kka:kka/tn-gen-p-1s};{mali:malik/1v}{ga:gaq/1vn}{li:liaq/2nv}{uq:ut/1vn}{ti:&iq/1nn}{u:ut/2nn}{qati:qati/1nn}{kka:kka/tn-gen-p-1s};{mali:malik/1v}{ga:gaq/1vn}{li:li/3nv}{uq:uq/3vv}{ti:tit/1vv}{u:ut/1vn}{qati:qati/1nn}{kka:kka/tn-gen-p-1s};{mali:malik/1v}{ga:gaq/2vv}{li:li/2vv}{uq:uq/3vv}{ti:tit/1vv}{u:ut/1vn}{qati:qati/1nn}{kka:kka/tn-gen-p-1s};{mali:malik/1v}{ga:gaq/1vn}{li:lik/2nv}{uq:uq/3vv}{ti:tit/1vv}{u:ut/1vn}{qati:qati/1nn}{kka:kka/tn-gen-p-1s};{mali:malik/1v}{ga:gaq/1vn}{li:lik/3nv}{uq:uq/3vv}{ti:tit/1vv}{u:ut/1vn}{qati:qati/1nn}{kka:kka/tn-gen-p-1s};{mali:malik/1v}{ga:gaq/1vn}{li:liq/3nv}{uq:uq/3vv}{ti:tit/1vv}{u:ut/1vn}{qati:qati/1nn}{kka:kka/tn-gen-p-1s};{mali:malik/1v}{ga:gaq/1vn}{li:liq/2nv}{uq:uq/3vv}{ti:tit/1vv}{u:ut/1vn}{qati:qati/1nn}{kka:kka/tn-gen-p-1s};{mali:malik/1v}{ga:gaq/2vv}{li:liq/1vv}{uq:uq/3vv}{ti:tit/1vv}{u:ut/1vn}{qati:qati/1nn}{kka:kka/tn-gen-p-1s};{mali:malik/1v}{ga:gaq/1vn}{li:li/3nv}{uq:uq/3vv}{ti:ji/1vn}{u:u/1nv}{qati:qati/1vn}{kka:kka/tn-gen-p-1s};{mali:malik/1v}{ga:gaq/2vv}{li:li/2vv}{uq:uq/3vv}{ti:ji/1vn}{u:u/1nv}{qati:qati/1vn}{kka:kka/tn-gen-p-1s};{mali:malik/1v}{ga:gaq/1vn}{li:lik/2nv}{uq:uq/3vv}{ti:ji/1vn}{u:u/1nv}{qati:qati/1vn}{kka:kka/tn-gen-p-1s};{mali:malik/1v}{ga:gaq/1vn}{li:lik/3nv}{uq:uq/3vv}{ti:ji/1vn}{u:u/1nv}{qati:qati/1vn}{kka:kka/tn-gen-p-1s};{mali:malik/1v}{ga:gaq/1vn}{li:liq/3nv}{uq:uq/3vv}{ti:ji/1vn}{u:u/1nv}{qati:qati/1vn}{kka:kka/tn-gen-p-1s};{mali:malik/1v}{ga:gaq/1vn}{li:liq/2nv}{uq:uq/3vv}{ti:ji/1vn}{u:u/1nv}{qati:qati/1vn}{kka:kka/tn-gen-p-1s};{mali:malik/1v}{ga:gaq/2vv}{li:liq/1vv}{uq:uq/3vv}{ti:ji/1vn}{u:u/1nv}{qati:qati/1vn}{kka:kka/tn-gen-p-1s};{mali:malik/1v}{ga:gaq/1vn}{li:li/3nv}{uq:uq/3vv}{ti:tiq/1vn}{u:u/1nv}{qati:qati/1vn}{kka:kka/tn-gen-p-1s};{mali:malik/1v}{ga:gaq/2vv}{li:li/2vv}{uq:uq/3vv}{ti:tiq/1vn}{u:u/1nv}{qati:qati/1vn}{kka:kka/tn-gen-p-1s};{mali:malik/1v}{ga:gaq/1vn}{li:lik/2nv}{uq:uq/3vv}{ti:tiq/1vn}{u:u/1nv}{qati:qati/1vn}{kka:kka/tn-gen-p-1s};{mali:malik/1v}{ga:gaq/1vn}{li:lik/3nv}{uq:uq/3vv}{ti:tiq/1vn}{u:u/1nv}{qati:qati/1vn}{kka:kka/tn-gen-p-1s};{mali:malik/1v}{ga:gaq/1vn}{li:liq/3nv}{uq:uq/3vv}{ti:tiq/1vn}{u:u/1nv}{qati:qati/1vn}{kka:kka/tn-gen-p-1s};{mali:malik/1v}{ga:gaq/1vn}{li:liq/2nv}{uq:uq/3vv}{ti:tiq/1vn}{u:u/1nv}{qati:qati/1vn}{kka:kka/tn-gen-p-1s};{mali:malik/1v}{ga:gaq/2vv}{li:liq/1vv}{uq:uq/3vv}{ti:tiq/1vn}{u:u/1nv}{qati:qati/1vn}{kka:kka/tn-gen-p-1s};{mali:malik/1v}{ga:gaq/1vn}{li:lik/1nn}{uq:ut/2nn}{ti:&iq/1nn}{u:u/1nv}{qati:qati/1vn}{kka:kka/tn-gen-p-1s};{mali:malik/1v}{ga:gaq/1vn}{li:li/3nv}{uq:ut/1vn}{ti:&iq/1nn}{u:u/1nv}{qati:qati/1vn}{kka:kka/tn-gen-p-1s};{mali:malik/1v}{ga:gaq/2vv}{li:li/2vv}{uq:ut/1vn}{ti:&iq/1nn}{u:u/1nv}{qati:qati/1vn}{kka:kka/tn-gen-p-1s};{mali:malik/1v}{ga:gaq/1vn}{li:lik/2nv}{uq:ut/1vn}{ti:&iq/1nn}{u:u/1nv}{qati:qati/1vn}{kka:kka/tn-gen-p-1s};{mali:malik/1v}{ga:gaq/1vn}{li:lik/3nv}{uq:ut/1vn}{ti:&iq/1nn}{u:u/1nv}{qati:qati/1vn}{kka:kka/tn-gen-p-1s};{mali:malik/1v}{ga:gaq/1vn}{li:liq/3nv}{uq:ut/1vn}{ti:&iq/1nn}{u:u/1nv}{qati:qati/1vn}{kka:kka/tn-gen-p-1s};{mali:malik/1v}{ga:gaq/1vn}{li:liq/2nv}{uq:ut/1vn}{ti:&iq/1nn}{u:u/1nv}{qati:qati/1vn}{kka:kka/tn-gen-p-1s};{mali:malik/1v}{ga:gaq/2vv}{li:liq/1vv}{uq:ut/1vn}{ti:&iq/1nn}{u:u/1nv}{qati:qati/1vn}{kka:kka/tn-gen-p-1s};{mali:malik/1v}{ga:gaq/1vn}{li:liaq/2nv}{uq:ut/1vn}{ti:&iq/1nn}{u:u/1nv}{qati:qati/1vn}{kka:kka/tn-gen-p-1s};{mali:malik/1v}{ga:gaq/1vn}{li:li/3nv}{uq:uq/3vv}{ti:tit/1vv}{u:uq/3vv}{qati:qati/1vn}{kka:kka/tn-gen-p-1s};{mali:malik/1v}{ga:gaq/2vv}{li:li/2vv}{uq:uq/3vv}{ti:tit/1vv}{u:uq/3vv}{qati:qati/1vn}{kka:kka/tn-gen-p-1s};{mali:malik/1v}{ga:gaq/1vn}{li:lik/2nv}{uq:uq/3vv}{ti:tit/1vv}{u:uq/3vv}{qati:qati/1vn}{kka:kka/tn-gen-p-1s};{mali:malik/1v}{ga:gaq/1vn}{li:lik/3nv}{uq:uq/3vv}{ti:tit/1vv}{u:uq/3vv}{qati:qati/1vn}{kka:kka/tn-gen-p-1s};{mali:malik/1v}{ga:gaq/1vn}{li:liq/3nv}{uq:uq/3vv}{ti:tit/1vv}{u:uq/3vv}{qati:qati/1vn}{kka:kka/tn-gen-p-1s};{mali:malik/1v}{ga:gaq/1vn}{li:liq/2nv}{uq:uq/3vv}{ti:tit/1vv}{u:uq/3vv}{qati:qati/1vn}{kka:kka/tn-gen-p-1s};{mali:malik/1v}{ga:gaq/2vv}{li:liq/1vv}{uq:uq/3vv}{ti:tit/1vv}{u:uq/3vv}{qati:qati/1vn}{kka:kka/tn-gen-p-1s},False,False,False,False,False,
hansard,maligaliurti,{mali:malik/1v}{ga:gaq/1vn}{liur:liuq/1nv}{ti:ji/1vn},False,{maliga:maligaq/1n}{liur:liuq/1nv}{ti:ji/1vn};{maliga:maligaq/1n}{li:li/3nv}{ur:uq/3vv}{ti:ji/1vn};{maliga:maligaq/1n}{li:lik/2nv}{ur:uq/3vv}{ti:ji/1vn};{maliga:maligaq/1n}{li:lik/3nv}{ur:uq/3vv}{ti:ji/1vn};{maliga:maligaq/1n}{li:liq/3nv}{ur:uq/3vv}{ti:ji/1vn};{maliga:maligaq/1n}{li:liq/2nv}{ur:uq/3vv}{ti:ji/1vn};{mali:malik/1v}{ga:gaq/1vn}{liur:liuq/1nv}{ti:ji/1vn};{mali:malik/1v}{ga:gaq/1vn}{li:li/3nv}{ur:uq/3vv}{ti:ji/1vn};{mali:malik/1v}{ga:gaq/2vv}{li:li/2vv}{ur:uq/3vv}{ti:ji/1vn};{mali:malik/1v}{ga:gaq/1vn}{li:lik/2nv}{ur:uq/3vv}{ti:ji/1vn};{mali:malik/1v}{ga:gaq/1vn}{li:lik/3nv}{ur:uq/3vv}{ti:ji/1vn};{mali:malik/1v}{ga:gaq/1vn}{li:liq/3nv}{ur:uq/3vv}{ti:ji/1vn};{mali:malik/1v}{ga:gaq/1vn}{li:liq/2nv}{ur:uq/3vv}{ti:ji/1vn};{mali:malik/1v}{ga:gaq/2vv}{li:liq/1vv}{ur:uq/3vv}{ti:ji/1vn};{maliga:maligaq/1n}{liur:liuq/1nv}{ti:tiq/1vn};{maliga:maligaq/1n}{li:li/3nv}{ur:uq/3vv}{ti:tiq/1vn};{maliga:maligaq/1n}{li:lik/2nv}{ur:uq/3vv}{ti:tiq/1vn};{maliga:maligaq/1n}{li:lik/3nv}{ur:uq/3vv}{ti:tiq/1vn};{maliga:maligaq/1n}{li:liq/3nv}{ur:uq/3vv}{ti:tiq/1vn};{maliga:maligaq/1n}{li:liq/2nv}{ur:uq/3vv}{ti:tiq/1vn};{mali:malik/1v}{ga:gaq/1vn}{liur:liuq/1nv}{ti:tiq/1vn};{mali:malik/1v}{ga:gaq/1vn}{li:li/3nv}{ur:uq/3vv}{ti:tiq/1vn};{mali:malik/1v}{ga:gaq/2vv}{li:li/2vv}{ur:uq/3vv}{ti:tiq/1vn};{mali:malik/1v}{ga:gaq/1vn}{li:lik/2nv}{ur:uq/3vv}{ti:tiq/1vn};{mali:malik/1v}{ga:gaq/1vn}{li:lik/3nv}{ur:uq/3vv}{ti:tiq/1vn};{mali:malik/1v}{ga:gaq/1vn}{li:liq/3nv}{ur:uq/3vv}{ti:tiq/1vn};{mali:malik/1v}{ga:gaq/1vn}{li:liq/2nv}{ur:uq/3vv}{ti:tiq/1vn};{mali:malik/1v}{ga:gaq/2vv}{li:liq/1vv}{ur:uq/3vv}{ti:tiq/1vn},False,False,False,False,False,
hansard,maligaliurtiit,{mali:malik/1v}{ga:gaq/1vn}{liur:liuq/1nv}{ti:ji/1vn}{it:it/tn-nom-p},False,{maliga:maligaq/1n}{liur:liuq/1nv}{ti:ji/1vn}{it:it/tn-nom-p};{maliga:maligaq/1n}{liur:liuq/1nv}{ti:tiq/1vn}{it:it/tn-nom-p};{maliga:maligaq/1n}{liur:liuq/1nv}{ti:ji/1vn}{it:it/tn-gen-p};{maliga:maligaq/1n}{liur:liuq/1nv}{ti:tiq/1vn}{it:it/tn-gen-p};{maliga:maligaq/1n}{liur:liuq/1nv}{ti:ji/1vn}{it:it/tn-nom-s-2s};{maliga:maligaq/1n}{liur:liuq/1nv}{ti:tiq/1vn}{it:it/tn-nom-s-2s};{maliga:maligaq/1n}{li:li/3nv}{ur:uq/3vv}{ti:ji/1vn}{it:it/tn-nom-p};{maliga:maligaq/1n}{li:lik/2nv}{ur:uq/3vv}{ti:ji/1vn}{it:it/tn-nom-p};{maliga:maligaq/1n}{li:lik/3nv}{ur:uq/3vv}{ti:ji/1vn}{it:it/tn-nom-p};{maliga:maligaq/1n}{li:liq/3nv}{ur:uq/3vv}{ti:ji/1vn}{it:it/tn-nom-p};{maliga:maligaq/1n}{li:liq/2nv}{ur:uq/3vv}{ti:ji/1vn}{it:it/tn-nom-p};{maliga:maligaq/1n}{li:li/3nv}{ur:uq/3vv}{ti:tiq/1vn}{it:it/tn-nom-p};{maliga:maligaq/1n}{li:lik/2nv}{ur:uq/3vv}{ti:tiq/1vn}{it:it/tn-nom-p};{maliga:maligaq/1n}{li:lik/3nv}{ur:uq/3vv}{ti:tiq/1vn}{it:it/tn-nom-p};{maliga:maligaq/1n}{li:liq/3nv}{ur:uq/3vv}{ti:tiq/1vn}{it:it/tn-nom-p};{maliga:maligaq/1n}{li:liq/2nv}{ur:uq/3vv}{ti:tiq/1vn}{it:it/tn-nom-p};{maliga:maligaq/1n}{li:li/3nv}{ur:uq/3vv}{ti:ji/1vn}{it:it/tn-gen-p};{maliga:maligaq/1n}{li:lik/2nv}{ur:uq/3vv}{ti:ji/1vn}{it:it/tn-gen-p};{maliga:maligaq/1n}{li:lik/3nv}{ur:uq/3vv}{ti:ji/1vn}{it:it/tn-gen-p};{maliga:maligaq/1n}{li:liq/3nv}{ur:uq/3vv}{ti:ji/1vn}{it:it/tn-gen-p};{maliga:maligaq/1n}{li:liq/2nv}{ur:uq/3vv}{ti:ji/1vn}{it:it/tn-gen-p};{maliga:maligaq/1n}{li:li/3nv}{ur:uq/3vv}{ti:tiq/1vn}{it:it/tn-gen-p};{maliga:maligaq/1n}{li:lik/2nv}{ur:uq/3vv}{ti:tiq/1vn}{it:it/tn-gen-p};{maliga:maligaq/1n}{li:lik/3nv}{ur:uq/3vv}{ti:tiq/1vn}{it:it/tn-gen-p};{maliga:maligaq/1n}{li:liq/3nv}{ur:uq/3vv}{ti:tiq/1vn}{it:it/tn-gen-p};{maliga:maligaq/1n}{li:liq/2nv}{ur:uq/3vv}{ti:tiq/1vn}{it:it/tn-gen-p};{maliga:maligaq/1n}{li:li/3nv}{ur:uq/3vv}{ti:ji/1vn}{it:it/tn-nom-s-2s};{maliga:maligaq/1n}{li:lik/2nv}{ur:uq/3vv}{ti:ji/1vn}{it:it/tn-nom-s-2s};{maliga:maligaq/1n}{li:lik/3nv}{ur:uq/3vv}{ti:ji/1vn}{it:it/tn-nom-s-2s};{maliga:maligaq/1n}{li:liq/3nv}{ur:uq/3vv}{ti:ji/1vn}{it:it/tn-nom-s-2s};{maliga:maligaq/1n}{li:liq/2nv}{ur:uq/3vv}{ti:ji/1vn}{it:it/tn-nom-s-2s};{maliga:maligaq/1n}{li:li/3nv}{ur:uq/3vv}{ti:tiq/1vn}{it:it/tn-nom-s-2s};{maliga:maligaq/1n}{li:lik/2nv}{ur:uq/3vv}{ti:tiq/1vn}{it:it/tn-nom-s-2s};{maliga:maligaq/1n}{li:lik/3nv}{ur:uq/3vv}{ti:tiq/1vn}{it:it/tn-nom-s-2s};{maliga:maligaq/1n}{li:liq/3nv}{ur:uq/3vv}{ti:tiq/1vn}{it:it/tn-nom-s-2s};{maliga:maligaq/1n}{li:liq/2nv}{ur:uq/3vv}{ti:tiq/1vn}{it:it/tn-nom-s-2s};{mali:malik/1v}{ga:gaq/1vn}{liur:liuq/1nv}{ti:ji/1vn}{it:it/tn-nom-p};{mali:malik/1v}{ga:gaq/1vn}{liur:liuq/1nv}{ti:tiq/1vn}{it:it/tn-nom-p};{mali:malik/1v}{ga:gaq/1vn}{liur:liuq/1nv}{ti:ji/1vn}{it:it/tn-gen-p};{mali:malik/1v}{ga:gaq/1vn}{liur:liuq/1nv}{ti:tiq/1vn}{it:it/tn-gen-p};{mali:malik/1v}{ga:gaq/1vn}{liur:liuq/1nv}{ti:ji/1vn}{it:it/tn-nom-s-2s};{mali:malik/1v}{ga:gaq/1vn}{liur:liuq/1nv}{ti:tiq/1vn}{it:it/tn-nom-s-2s};{mali:malik/1v}{ga:gaq/1vn}{li:li/3nv}{ur:uq/3vv}{ti:ji/1vn}{it:it/tn-nom-p};{mali:malik/1v}{ga:gaq/2vv}{li:li/2vv}{ur:uq/3vv}{ti:ji/1vn}{it:it/tn-nom-p};{mali:malik/1v}{ga:gaq/1vn}{li:lik/2nv}{ur:uq/3vv}{ti:ji/1vn}{it:it/tn-nom-p};{mali:malik/1v}{ga:gaq/1vn}{li:lik/3nv}{ur:uq/3vv}{ti:ji/1vn}{it:it/tn-nom-p};{mali:malik/1v}{ga:gaq/1vn}{li:liq/3nv}{ur:uq/3vv}{ti:ji/1vn}{it:it/tn-nom-p};{mali:malik/1v}{ga:gaq/1vn}{li:liq/2nv}{ur:uq/3vv}{ti:ji/1vn}{it:it/tn-nom-p};{mali:malik/1v}{ga:gaq/2vv}{li:liq/1vv}{ur:uq/3vv}{ti:ji/1vn}{it:it/tn-nom-p};{mali:malik/1v}{ga:gaq/1vn}{li:li/3nv}{ur:uq/3vv}{ti:tiq/1vn}{it:it/tn-nom-p};{mali:malik/1v}{ga:gaq/2vv}{li:li/2vv}{ur:uq/3vv}{ti:tiq/1vn}{it:it/tn-nom-p};{mali:malik/1v}{ga:gaq/1vn}{li:lik/2nv}{ur:uq/3vv}{ti:tiq/1vn}{it:it/tn-nom-p};{mali:malik/1v}{ga:gaq/1vn}{li:lik/3nv}{ur:uq/3vv}{ti:tiq/1vn}{it:it/tn-nom-p};{mali:malik/1v}{ga:gaq/1vn}{li:liq/3nv}{ur:uq/3vv}{ti:tiq/1vn}{it:it/tn-nom-p};{mali:malik/1v}{ga:gaq/1vn}{li:liq/2nv}{ur:uq/3vv}{ti:tiq/1vn}{it:it/tn-nom-p};{mali:malik/1v}{ga:gaq/2vv}{li:liq/1vv}{ur:uq/3vv}{ti:tiq/1vn}{it:it/tn-nom-p};{mali:malik/1v}{ga:gaq/1vn}{li:li/3nv}{ur:uq/3vv}{ti:ji/1vn}{it:it/tn-gen-p};{mali:malik/1v}{ga:gaq/2vv}{li:li/2vv}{ur:uq/3vv}{ti:ji/1vn}{it:it/tn-gen-p};{mali:malik/1v}{ga:gaq/1vn}{li:lik/2nv}{ur:uq/3vv}{ti:ji/1vn}{it:it/tn-gen-p};{mali:malik/1v}{ga:gaq/1vn}{li:lik/3nv}{ur:uq/3vv}{ti:ji/1vn}{it:it/tn-gen-p};{mali:malik/1v}{ga:gaq/1vn}{li:liq/3nv}{ur:uq/3vv}{ti:ji/1vn}{it:it/tn-gen-p};{mali:malik/1v}{ga:gaq/1vn}{li:liq/2nv}{ur:uq/3vv}{ti:ji/1vn}{it:it/tn-gen-p};{mali:malik/1v}{ga:gaq/2vv}{li:liq/1vv}{ur:uq/3vv}{ti:ji/1vn}{it:it/tn-gen-p};{mali:malik/1v}{ga:gaq/1vn}{li:li/3nv}{ur:uq/3vv}{ti:tiq/1vn}{it:it/tn-gen-p};{mali:malik/1v}{ga:gaq/2vv}{li:li/2vv}{ur:uq/3vv}{ti:tiq/1vn}{it:it/tn-gen-p};{mali:malik/1v}{ga:gaq/1vn}{li:lik/2nv}{ur:uq/3vv}{ti:tiq/1vn}{it:it/tn-gen-p};{mali:malik/1v}{ga:gaq/1vn}{li:lik/3nv}{ur:uq/3vv}{ti:tiq/1vn}{it:it/tn-gen-p};{mali:malik/1v}{ga:gaq/1vn}{li:liq/3nv}{ur:uq/3vv}{ti:tiq/1vn}{it:it/tn-gen-p};{mali:malik/1v}{ga:gaq/1vn}{li:liq/2nv}{ur:uq/3vv}{ti:tiq/1vn}{it:it/tn-gen-p};{mali:malik/1v}{ga:gaq/2vv}{li:liq/1vv}{ur:uq/3vv}{ti:tiq/1vn}{it:it/tn-gen-p};{mali:malik/1v}{ga:gaq/1vn}{li:li/3nv}{ur:uq/3vv}{ti:ji/1vn}{it:it/tn-nom-s-2s};{mali:malik/1v}{ga:gaq/2vv}{li:li/2vv}{ur:uq/3vv}{ti:ji/1vn}{it:it/tn-nom-s-2s};{mali:malik/1v}{ga:gaq/1vn}{li:lik/2nv}{ur:uq/3vv}{ti:ji/1vn}{it:it/tn-nom-s-2s};{mali:malik/1v}{ga:gaq/1vn}{li:lik/3nv}{ur:uq/3vv}{ti:ji/1vn}{it:it/tn-nom-s-2s};{mali:malik/1v}{ga:gaq/1vn}{li:liq/3nv}{ur:uq/3vv}{ti:ji/1vn}{it:it/tn-nom-s-2s};{mali:malik/1v}{ga:gaq/1vn}{li:liq/2nv}{ur:uq/3vv}{ti:ji/1vn}{it:it/tn-nom-s-2s};{mali:malik/1v}{ga:gaq/2vv}{li:liq/1vv}{ur:uq/3vv}{ti:ji/1vn}{it:it/tn-nom-s-2s};{mali:malik/1v}{ga:gaq/1vn}{li:li/3nv}{ur:uq/3vv}{ti:tiq/1vn}{it:it/tn-nom-s-2s};{mali:malik/1v}{ga:gaq/2vv}{li:li/2vv}{ur:uq/3vv}{ti:tiq/1vn}{it:it/tn-nom-s-2s};{mali:malik/1v}{ga:gaq/1vn}{li:lik/2nv}{ur:uq/3vv}{ti:tiq/1vn}{it:it/tn-nom-s-2s};{mali:malik/1v}{ga:gaq/1vn}{li:lik/3nv}{ur:uq/3vv}{ti:tiq/1vn}{it:it/tn-nom-s-2s};{mali:malik/1v}{ga:gaq/1vn}{li:liq/3nv}{ur:uq/3vv}{ti:tiq/1vn}{it:it/tn-nom-s-2s};{mali:malik/1v}{ga:gaq/1vn}{li:liq/2nv}{ur:uq/3vv}{ti:tiq/1vn}{it:it/tn-nom-s-2s};{mali:malik/1v}{ga:gaq/2vv}{li:liq/1vv}{ur:uq/3vv}{ti:tiq/1vn}{it:it/tn-nom-s-2s},False,False,False,False,False,
hansard,maligaliurtiup,{mali:malik/1v}{ga:gaq/1vn}{liur:liuq/1nv}{ti:ji/1vn}{up:up/tn-gen-s},False,{maliga:maligaq/1n}{liur:liuq/1nv}{ti:ji/1vn}{up:up/tn-gen-s};{maliga:maligaq/1n}{liur:liuq/1nv}{ti:tiq/1vn}{up:up/tn-gen-s};{maliga:maligaq/1n}{liur:liuq/1nv}{ti:ji/1vn}{u:ut/2nn}{p:up/tn-gen-s};{maliga:maligaq/1n}{liur:liuq/1nv}{ti:tiq/1vn}{u:ut/2nn}{p:up/tn-gen-s};{maliga:maligaq/1n}{liur:liuq/1nv}{ti:tit/1vv}{u:ut/1vn}{p:up/tn-gen-s};{maliga:maligaq/1n}{li:li/3nv}{ur:uq/3vv}{ti:ji/1vn}{up:up/tn-gen-s};{maliga:maligaq/1n}{li:lik/2nv}{ur:uq/3vv}{ti:ji/1vn}{up:up/tn-gen-s};{maliga:maligaq/1n}{li:lik/3nv}{ur:uq/3vv}{ti:ji/1vn}{up:up/tn-gen-s};{maliga:maligaq/1n}{li:liq/3nv}{ur:uq/3vv}{ti:ji/1vn}{up:up/tn-gen-s};{maliga:maligaq/1n}{li:liq/2nv}{ur:uq/3vv}{ti:ji/1vn}{up:up/tn-gen-s};{maliga:maligaq/1n}{li:li/3nv}{ur:uq/3vv}{ti:tiq/1vn}{up:up/tn-gen-s};{maliga:maligaq/1n}{li:lik/2nv}{ur:uq/3vv}{ti:tiq/1vn}{up:up/tn-gen-s};{maliga:maligaq/1n}{li:lik/3nv}{ur:uq/3vv}{ti:tiq/1vn}{up:up/tn-gen-s};{maliga:maligaq/1n}{li:liq/3nv}{ur:uq/3vv}{ti:tiq/1vn}{up:up/tn-gen-s};{maliga:maligaq/1n}{li:liq/2nv}{ur:uq/3vv}{ti:tiq/1vn}{up:up/tn-gen-s};{maliga:maligaq/1n}{li:li/3nv}{ur:uq/3vv}{ti:ji/1vn}{u:ut/2nn}{p:up/tn-gen-s};{maliga:maligaq/1n}{li:lik/2nv}{ur:uq/3vv}{ti:ji/1vn}{u:ut/2nn}{p:up/tn-gen-s};{maliga:maligaq/1n}{li:lik/3nv}{ur:uq/3vv}{ti:ji/1vn}{u:ut/2nn}{p:up/tn-gen-s};{maliga:maligaq/1n}{li:liq/3nv}{ur:uq/3vv}{ti:ji/1vn}{u:ut/2nn}{p:up/tn-gen-s};{maliga:maligaq/1n}{li:liq/2nv}{ur:uq/3vv}{ti:ji/1vn}{u:ut/2nn}{p:up/tn-gen-s};{maliga:maligaq/1n}{li:li/3nv}{ur:uq/3vv}{ti:tiq/1vn}{u:ut/2nn}{p:up/tn-gen-s};{maliga:maligaq/1n}{li:lik/2nv}{ur:uq/3vv}{ti:tiq/1vn}{u:ut/2nn}{p:up/tn-gen-s};{maliga:maligaq/1n}{li:lik/3nv}{ur:uq/3vv}{ti:tiq/1vn}{u:ut/2nn}{p:up/tn-gen-s};{maliga:maligaq/1n}{li:liq/3nv}{ur:uq/3vv}{ti:tiq/1vn}{u:ut/2nn}{p:up/tn-gen-s};{maliga:maligaq/1n}{li:liq/2nv}{ur:uq/3vv}{ti:tiq/1vn}{u:ut/2nn}{p:up/tn-gen-s};{maliga:maligaq/1n}{li:li/3nv}{ur:uq/3vv}{ti:tit/1vv}{u:ut/1vn}{p:up/tn-gen-s};{maliga:maligaq/1n}{li:lik/2nv}{ur:uq/3vv}{ti:tit/1vv}{u:ut/1vn}{p:up/tn-gen-s};{maliga:maligaq/1n}{li:lik/3nv}{ur:uq/3vv}{ti:tit/1vv}{u:ut/1vn}{p:up/tn-gen-s};{maliga:maligaq/1n}{li:liq/3nv}{ur:uq/3vv}{ti:tit/1vv}{u:ut/1vn}{p:up/tn-gen-s};{maliga:maligaq/1n}{li:liq/2nv}{ur:uq/3vv}{ti:tit/1vv}{u:ut/1vn}{p:up/tn-gen-s};{mali:malik/1v}{ga:gaq/1vn}{liur:liuq/1nv}{ti:ji/1vn}{up:up/tn-gen-s};{mali:malik/1v}{ga:gaq/1vn}{liur:liuq/1nv}{ti:tiq/1vn}{up:up/tn-gen-s};{mali:malik/1v}{ga:gaq/1vn}{liur:liuq/1nv}{ti:ji/1vn}{u:ut/2nn}{p:up/tn-gen-s};{mali:malik/1v}{ga:gaq/1vn}{liur:liuq/1nv}{ti:tiq/1vn}{u:ut/2nn}{p:up/tn-gen-s};{mali:malik/1v}{ga:gaq/1vn}{liur:liuq/1nv}{ti:tit/1vv}{u:ut/1vn}{p:up/tn-gen-s};{mali:malik/1v}{ga:gaq/1vn}{li:li/3nv}{ur:uq/3vv}{ti:ji/1vn}{up:up/tn-gen-s};{mali:malik/1v}{ga:gaq/2vv}{li:li/2vv}{ur:uq/3vv}{ti:ji/1vn}{up:up/tn-gen-s};{mali:malik/1v}{ga:gaq/1vn}{li:lik/2nv}{ur:uq/3vv}{ti:ji/1vn}{up:up/tn-gen-s};{mali:malik/1v}{ga:gaq/1vn}{li:lik/3nv}{ur:uq/3vv}{ti:ji/1vn}{up:up/tn-gen-s};{mali:malik/1v}{ga:gaq/1vn}{li:liq/3nv}{ur:uq/3vv}{ti:ji/1vn}{up:up/tn-gen-s};{mali:malik/1v}{ga:gaq/1vn}{li:liq/2nv}{ur:uq/3vv}{ti:ji/1vn}{up:up/tn-gen-s};{mali:malik/1v}{ga:gaq/2vv}{li:liq/1vv}{ur:uq/3vv}{ti:ji/1vn}{up:up/tn-gen-s};{mali:malik/1v}{ga:gaq/1vn}{li:li/3nv}{ur:uq/3vv}{ti:tiq/1vn}{up:up/tn-gen-s};{mali:malik/1v}{ga:gaq/2vv}{li:li/2vv}{ur:uq/3vv}{ti:tiq/1vn}{up:up/tn-gen-s};{mali:malik/1v}{ga:gaq/1vn}{li:lik/2nv}{ur:uq/3vv}{ti:tiq/1vn}{up:up/tn-gen-s};{mali:malik/1v}{ga:gaq/1vn}{li:lik/3nv}{ur:uq/3vv}{ti:tiq/1vn}{up:up/tn-gen-s};{mali:malik/1v}{ga:gaq/1vn}{li:liq/3nv}{ur:uq/3vv}{ti:tiq/1vn}{up:up/tn-gen-s};{mali:malik/1v}{ga:gaq/1vn}{li:liq/2nv}{ur:uq/3vv}{ti:tiq/1vn}{up:up/tn-gen-s};{mali:malik/1v}{ga:gaq/2vv}{li:liq/1vv}{ur:uq/3vv}{ti:tiq/1vn}{up:up/tn-gen-s};{mali:malik/1v}{ga:gaq/1vn}{li:li/3nv}{ur:uq/3vv}{ti:ji/1vn}{u:ut/2nn}{p:up/tn-gen-s};{mali:malik/1v}{ga:gaq/2vv}{li:li/2vv}{ur:uq/3vv}{ti:ji/1vn}{u:ut/2nn}{p:up/tn-gen-s};{mali:malik/1v}{ga:gaq/1vn}{li:lik/2nv}{ur:uq/3vv}{ti:ji/1vn}{u:ut/2nn}{p:up/tn-gen-s};{mali:malik/1v}{ga:gaq/1vn}{li:lik/3nv}{ur:uq/3vv}{ti:ji/1vn}{u:ut/2nn}{p:up/tn-gen-s};{mali:malik/1v}{ga:gaq/1vn}{li:liq/3nv}{ur:uq/3vv}{ti:ji/1vn}{u:ut/2nn}{p:up/tn-gen-s};{mali:malik/1v}{ga:gaq/1vn}{li:liq/2nv}{ur:uq/3vv}{ti:ji/1vn}{u:ut/2nn}{p:up/tn-gen-s};{mali:malik/1v}{ga:gaq/2vv}{li:liq/1vv}{ur:uq/3vv}{ti:ji/1vn}{u:ut/2nn}{p:up/tn-gen-s};{mali:malik/1v}{ga:gaq/1vn}{li:li/3nv}{ur:uq/3vv}{ti:tiq/1vn}{u:ut/2nn}{p:up/tn-gen-s};{mali:malik/1v}{ga:gaq/2vv}{li:li/2vv}{ur:uq/3vv}{ti:tiq/1vn}{u:ut/2nn}{p:up/tn-gen-s};{mali:malik/1v}{ga:gaq/1vn}{li:lik/2nv}{ur:uq/3vv}{ti:tiq/1vn}{u:ut/2nn}{p:up/tn-gen-s};{mali:malik/1v}{ga:gaq/1vn}{li:lik/3nv}{ur:uq/3vv}{ti:tiq/1vn}{u:ut/2nn}{p:up/tn-gen-s};{mali:malik/1v}{ga:gaq/1vn}{li:liq/3nv}{ur:uq/3vv}{ti:tiq/1vn}{u:ut/2nn}{p:up/tn-gen-s};{mali:malik/1v}{ga:gaq/1vn}{li:liq/2nv}{ur:uq/3vv}{ti:tiq/1vn}{u:ut/2nn}{p:up/tn-gen-s};{mali:malik/1v}{ga:gaq/2vv}{li:liq/1vv}{ur:uq/3vv}{ti:tiq/1vn}{u:ut/2nn}{p:up/tn-gen-s};{mali:malik/1v}{ga:gaq/1vn}{li:li/3nv}{ur:uq/3vv}{ti:tit/1vv}{u:ut/1vn}{p:up/tn-gen-s};{mali:malik/1v}{ga:gaq/2vv}{li:li/2vv}{ur:uq/3vv}{ti:tit/1vv}{u:ut/1vn}{p:up/tn-gen-s};{mali:malik/1v}{ga:gaq/1vn}{li:lik/2nv}{ur:uq/3vv}{ti:tit/1vv}{u:ut/1vn}{p:up/tn-gen-s};{mali:malik/1v}{ga:gaq/1vn}{li:lik/3nv}{ur:uq/3vv}{ti:tit/1vv}{u:ut/1vn}{p:up/tn-gen-s};{mali:malik/1v}{ga:gaq/1vn}{li:liq/3nv}{ur:uq/3vv}{ti:tit/1vv}{u:ut/1vn}{p:up/tn-gen-s};{mali:malik/1v}{ga:gaq/1vn}{li:liq/2nv}{ur:uq/3vv}{ti:tit/1vv}{u:ut/1vn}{p:up/tn-gen-s};{mali:malik/1v}{ga:gaq/2vv}{li:liq/1vv}{ur:uq/3vv}{ti:tit/1vv}{u:ut/1vn}{p:up/tn-gen-s},False,False,False,False,False,
hansard,maligaliurvik,{maligaliurvik:maligaliurvik/1n},False,{maligaliurvik:maligaliurvik/1n};{maliga:maligaq/1n}{liur:liuq/1nv}{vik:vik/3vn};{maliga:maligaq/1n}{li:li/3nv}{ur:uq/3vv}{vik:vik/3vn};{maliga:maligaq/1n}{li:lik/2nv}{ur:uq/3vv}{vik:vik/3vn};{maliga:maligaq/1n}{li:lik/3nv}{ur:uq/3vv}{vik:vik/3vn};{maliga:maligaq/1n}{li:liq/3nv}{ur:uq/3vv}{vik:vik/3vn};{maliga:maligaq/1n}{li:liq/2nv}{ur:uq/3vv}{vik:vik/3vn};{mali:malik/1v}{ga:gaq/1vn}{liur:liuq/1nv}{vik:vik/3vn};{mali:malik/1v}{ga:gaq/1vn}{li:li/3nv}{ur:uq/3vv}{vik:vik/3vn};{mali:malik/1v}{ga:gaq/2vv}{li:li/2vv}{ur:uq/3vv}{vik:vik/3vn};{mali:malik/1v}{ga:gaq/1vn}{li:lik/2nv}{ur:uq/3vv}{vik:vik/3vn};{mali:malik/1v}{ga:gaq/1vn}{li:lik/3nv}{ur:uq/3vv}{vik:vik/3vn};{mali:malik/1v}{ga:gaq/1vn}{li:liq/3nv}{ur:uq/3vv}{vik:vik/3vn};{mali:malik/1v}{ga:gaq/1vn}{li:liq/2nv}{ur:uq/3vv}{vik:vik/3vn};{mali:malik/1v}{ga:gaq/2vv}{li:liq/1vv}{ur:uq/3vv}{vik:vik/3vn},False,False,False,False,False,
hansard,maligaliurviliarsimajut,{maligaliurvi:maligaliurvik/1n}{liar:liaq/2nv}{sima:sima/1vv}{jut:jut/tv-ger-3p},False,{maligaliurvi:maligaliurvik/1n}{liar:liaq/2nv}{sima:sima/1vv}{jut:jut/tv-ger-3p};{maligaliurvi:maligaliurvik/1n}{liar:liaq/1nn}{si:si/4nv}{ma:ma/1vv}{jut:jut/tv-ger-3p};{maligaliurvi:maligaliurvik/1n}{liar:liaq/2nv}{si:si/2vv}{ma:ma/1vv}{jut:jut/tv-ger-3p};{maligaliurvi:maligaliurvik/1n}{liar:liaq/2nv}{si:siq/1vv}{ma:ma/1vv}{jut:jut/tv-ger-3p};{maligaliurvi:maligaliurvik/1n}{li:lik/1nn}{ar:aq/2nv}{sima:sima/1vv}{jut:jut/tv-ger-3p};{maligaliurvi:maligaliurvik/1n}{li:&iq/1nn}{ar:aq/2nv}{sima:sima/1vv}{jut:jut/tv-ger-3p};{maligaliurvi:maligaliurvik/1n}{li:lik/1nn}{ar:aq/2nv}{si:si/1vv}{ma:ma/1vv}{jut:jut/tv-ger-3p};{maligaliurvi:maligaliurvik/1n}{li:&iq/1nn}{ar:aq/2nv}{si:si/1vv}{ma:ma/1vv}{jut:jut/tv-ger-3p};{maligaliurvi:maligaliurvik/1n}{li:lik/1nn}{ar:aq/2nv}{si:si/2vv}{ma:ma/1vv}{jut:jut/tv-ger-3p};{maligaliurvi:maligaliurvik/1n}{li:&iq/1nn}{ar:aq/2nv}{si:si/2vv}{ma:ma/1vv}{jut:jut/tv-ger-3p};{maligaliurvi:maligaliurvik/1n}{li:lik/1nn}{ar:aq/2nv}{si:siq/1vv}{ma:ma/1vv}{jut:jut/tv-ger-3p};{maligaliurvi:maligaliurvik/1n}{li:&iq/1nn}{ar:aq/2nv}{si:siq/1vv}{ma:ma/1vv}{jut:jut/tv-ger-3p};{maliga:maligaq/1n}{liur:liuq/1nv}{vi:vik/3vn}{liar:liaq/2nv}{sima:sima/1vv}{jut:jut/tv-ger-3p};{maliga:maligaq/1n}{liur:liuq/1nv}{vi:vik/3vn}{liar:liaq/1nn}{si:si/4nv}{ma:ma/1vv}{jut:jut/tv-ger-3p};{maliga:maligaq/1n}{liur:liuq/1nv}{vi:vik/3vn}{liar:liaq/2nv}{si:si/2vv}{ma:ma/1vv}{jut:jut/tv-ger-3p};{maliga:maligaq/1n}{liur:liuq/1nv}{vi:vik/3vn}{liar:liaq/2nv}{si:siq/1vv}{ma:ma/1vv}{jut:jut/tv-ger-3p};{maliga:maligaq/1n}{liur:liuq/1nv}{vi:vik/3vn}{li:lik/1nn}{ar:aq/2nv}{sima:sima/1vv}{jut:jut/tv-ger-3p};{maliga:maligaq/1n}{liur:liuq/1nv}{vi:vik/3vn}{li:&iq/1nn}{ar:aq/2nv}{sima:sima/1vv}{jut:jut/tv-ger-3p};{maliga:maligaq/1n}{li:li/3nv}{ur:uq/3vv}{vi:vik/3vn}{liar:liaq/2nv}{sima:sima/1vv}{jut:jut/tv-ger-3p};{maliga:maligaq/1n}{li:lik/2nv}{ur:uq/3vv}{vi:vik/3vn}{liar:liaq/2nv}{sima:sima/1vv}{jut:jut/tv-ger-3p};{maliga:maligaq/1n}{li:lik/3nv}{ur:uq/3vv}{vi:vik/3vn}{liar:liaq/2nv}{sima:sima/1vv}{jut:jut/tv-ger-3p};{maliga:maligaq/1n}{li:liq/3nv}{ur:uq/3vv}{vi:vik/3vn}{liar:liaq/2nv}{sima:sima/1vv}{jut:jut/tv-ger-3p};{maliga:maligaq/1n}{li:liq/2nv}{ur:uq/3vv}{vi:vik/3vn}{liar:liaq/2nv}{sima:sima/1vv}{jut:jut/tv-ger-3p};{maliga:maligaq/1n}{li:li/3nv}{ur:uq/3vv}{vi:vik/3vn}{liar:liaq/1nn}{si:si/4nv}{ma:ma/1vv}{jut:jut/tv-ger-3p};{maliga:maligaq/1n}{li:lik/2nv}{ur:uq/3vv}{vi:vik/3vn}{liar:liaq/1nn}{si:si/4nv}{ma:ma/1vv}{jut:jut/tv-ger-3p};{maliga:maligaq/1n}{li:lik/3nv}{ur:uq/3vv}{vi:vik/3vn}{liar:liaq/1nn}{si:si/4nv}{ma:ma/1vv}{jut:jut/tv-ger-3p};{maliga:maligaq/1n}{li:liq/3nv}{ur:uq/3vv}{vi:vik/3vn}{liar:liaq/1nn}{si:si/4nv}{ma:ma/1vv}{jut:jut/tv-ger-3p};{maliga:maligaq/1n}{li:liq/2nv}{ur:uq/3vv}{vi:vik/3vn}{liar:liaq/1nn}{si:si/4nv}{ma:ma/1vv}{jut:jut/tv-ger-3p};{maliga:maligaq/1n}{liur:liuq/1nv}{vi:vik/3vn}{li:lik/1nn}{ar:aq/2nv}{si:si/1vv}{ma:ma/1vv}{jut:jut/tv-ger-3p};{maliga:maligaq/1n}{liur:liuq/1nv}{vi:vik/3vn}{li:&iq/1nn}{ar:aq/2nv}{si:si/1vv}{ma:ma/1vv}{jut:jut/tv-ger-3p};{maliga:maligaq/1n}{liur:liuq/1nv}{vi:vik/3vn}{li:lik/1nn}{ar:aq/2nv}{si:si/2vv}{ma:ma/1vv}{jut:jut/tv-ger-3p};{maliga:maligaq/1n}{liur:liuq/1nv}{vi:vik/3vn}{li:&iq/1nn}{ar:aq/2nv}{si:si/2vv}{ma:ma/1vv}{jut:jut/tv-ger-3p};{maliga:maligaq/1n}{li:li/3nv}{ur:uq/3vv}{vi:vik/3vn}{liar:liaq/2nv}{si:si/2vv}{ma:ma/1vv}{jut:jut/tv-ger-3p};{maliga:maligaq/1n}{li:lik/2nv}{ur:uq/3vv}{vi:vik/3vn}{liar:liaq/2nv}{si:si/2vv}{ma:ma/1vv}{jut:jut/tv-ger-3p};{maliga:maligaq/1n}{li:lik/3nv}{ur:uq/3vv}{vi:vik/3vn}{liar:liaq/2nv}{si:si/2vv}{ma:ma/1vv}{jut:jut/tv-ger-3p};{maliga:maligaq/1n}{li:liq/3nv}{ur:uq/3vv}{vi:vik/3vn}{liar:liaq/2nv}{si:si/2vv}{ma:ma/1vv}{jut:jut/tv-ger-3p};{maliga:maligaq/1n}{li:liq/2nv}{ur:uq/3vv}{vi:vik/3vn}{liar:liaq/2nv}{si:si/2vv}{ma:ma/1vv}{jut:jut/tv-ger-3p};{maliga:maligaq/1n}{liur:liuq/1nv}{vi:vik/3vn}{li:lik/1nn}{ar:aq/2nv}{si:siq/1vv}{ma:ma/1vv}{jut:jut/tv-ger-3p};{maliga:maligaq/1n}{liur:liuq/1nv}{vi:vik/3vn}{li:&iq/1nn}{ar:aq/2nv}{si:siq/1vv}{ma:ma/1vv}{jut:jut/tv-ger-3p};{maliga:maligaq/1n}{li:li/3nv}{ur:uq/3vv}{vi:vik/3vn}{liar:liaq/2nv}{si:siq/1vv}{ma:ma/1vv}{jut:jut/tv-ger-3p};{maliga:maligaq/1n}{li:lik/2nv}{ur:uq/3vv}{vi:vik/3vn}{liar:liaq/2nv}{si:siq/1vv}{ma:ma/1vv}{jut:jut/tv-ger-3p};{maliga:maligaq/1n}{li:lik/3nv}{ur:uq/3vv}{vi:vik/3vn}{liar:liaq/2nv}{si:siq/1vv}{ma:ma/1vv}{jut:jut/tv-ger-3p};{maliga:maligaq/1n}{li:liq/3nv}{ur:uq/3vv}{vi:vik/3vn}{liar:liaq/2nv}{si:siq/1vv}{ma:ma/1vv}{jut:jut/tv-ger-3p};{maliga:maligaq/1n}{li:liq/2nv}{ur:uq/3vv}{vi:vik/3vn}{liar:liaq/2nv}{si:siq/1vv}{ma:ma/1vv}{jut:jut/tv-ger-3p};{maliga:maligaq/1n}{li:li/3nv}{ur:uq/3vv}{vi:vik/3vn}{li:lik/1nn}{ar:aq/2nv}{sima:sima/1vv}{jut:jut/tv-ger-3p};{maliga:maligaq/1n}{li:lik/2nv}{ur:uq/3vv}{vi:vik/3vn}{li:lik/1nn}{ar:aq/2nv}{sima:sima/1vv}{jut:jut/tv-ger-3p};{maliga:maligaq/1n}{li:lik/3nv}{ur:uq/3vv}{vi:vik/3vn}{li:lik/1nn}{ar:aq/2nv}{sima:sima/1vv}{jut:jut/tv-ger-3p};{maliga:maligaq/1n}{li:liq/3nv}{ur:uq/3vv}{vi:vik/3vn}{li:lik/1nn}{ar:aq/2nv}{sima:sima/1vv}{jut:jut/tv-ger-3p};{maliga:maligaq/1n}{li:liq/2nv}{ur:uq/3vv}{vi:vik/3vn}{li:lik/1nn}{ar:aq/2nv}{sima:sima/1vv}{jut:jut/tv-ger-3p};{maliga:maligaq/1n}{li:li/3nv}{ur:uq/3vv}{vi:vik/3vn}{li:&iq/1nn}{ar:aq/2nv}{sima:sima/1vv}{jut:jut/tv-ger-3p};{maliga:maligaq/1n}{li:lik/2nv}{ur:uq/3vv}{vi:vik/3vn}{li:&iq/1nn}{ar:aq/2nv}{sima:sima/1vv}{jut:jut/tv-ger-3p};{maliga:maligaq/1n}{li:lik/3nv}{ur:uq/3vv}{vi:vik/3vn}{li:&iq/1nn}{ar:aq/2nv}{sima:sima/1vv}{jut:jut/tv-ger-3p};{maliga:maligaq/1n}{li:liq/3nv}{ur:uq/3vv}{vi:vik/3vn}{li:&iq/1nn}{ar:aq/2nv}{sima:sima/1vv}{jut:jut/tv-ger-3p};{maliga:maligaq/1n}{li:liq/2nv}{ur:uq/3vv}{vi:vik/3vn}{li:&iq/1nn}{ar:aq/2nv}{sima:sima/1vv}{jut:jut/tv-ger-3p};{maliga:maligaq/1n}{li:li/3nv}{ur:uq/3vv}{vi:vik/3vn}{li:lik/1nn}{ar:aq/2nv}{si:si/1vv}{ma:ma/1vv}{jut:jut/tv-ger-3p};{maliga:maligaq/1n}{li:lik/2nv}{ur:uq/3vv}{vi:vik/3vn}{li:lik/1nn}{ar:aq/2nv}{si:si/1vv}{ma:ma/1vv}{jut:jut/tv-ger-3p};{maliga:maligaq/1n}{li:lik/3nv}{ur:uq/3vv}{vi:vik/3vn}{li:lik/1nn}{ar:aq/2nv}{si:si/1vv}{ma:ma/1vv}{jut:jut/tv-ger-3p};{maliga:maligaq/1n}{li:liq/3nv}{ur:uq/3vv}{vi:vik/3vn}{li:lik/1nn}{ar:aq/2nv}{si:si/1vv}{ma:ma/1vv}{jut:jut/tv-ger-3p};{maliga:maligaq/1n}{li:liq/2nv}{ur:uq/3vv}{vi:vik/3vn}{li:lik/1nn}{ar:aq/2nv}{si:si/1vv}{ma:ma/1vv}{jut:jut/tv-ger-3p};{maliga:maligaq/1n}{li:li/3nv}{ur:uq/3vv}{vi:vik/3vn}{li:&iq/1nn}{ar:aq/2nv}{si:si/1vv}{ma:ma/1vv}{jut:jut/tv-ger-3p};{maliga:maligaq/1n}{li:lik/2nv}{ur:uq/3vv}{vi:vik/3vn}{li:&iq/1nn}{ar:aq/2nv}{si:si/1vv}{ma:ma/1vv}{jut:jut/tv-ger-3p};{maliga:maligaq/1n}{li:lik/3nv}{ur:uq/3vv}{vi:vik/3vn}{li:&iq/1nn}{ar:aq/2nv}{si:si/1vv}{ma:ma/1vv}{jut:jut/tv-ger-3p};{maliga:maligaq/1n}{li:liq/3nv}{ur:uq/3vv}{vi:vik/3vn}{li:&iq/1nn}{ar:aq/2nv}{si:si/1vv}{ma:ma/1vv}{jut:jut/tv-ger-3p};{maliga:maligaq/1n}{li:liq/2nv}{ur:uq/3vv}{vi:vik/3vn}{li:&iq/1nn}{ar:aq/2nv}{si:si/1vv}{ma:ma/1vv}{jut:jut/tv-ger-3p};{maliga:maligaq/1n}{li:li/3nv}{ur:uq/3vv}{vi:vik/3vn}{li:lik/1nn}{ar:aq/2nv}{si:si/2vv}{ma:ma/1vv}{jut:jut/tv-ger-3p};{maliga:maligaq/1n}{li:lik/2nv}{ur:uq/3vv}{vi:vik/3vn}{li:lik/1nn}{ar:aq/2nv}{si:si/2vv}{ma:ma/1vv}{jut:jut/tv-ger-3p};{maliga:maligaq/1n}{li:lik/3nv}{ur:uq/3vv}{vi:vik/3vn}{li:lik/1nn}{ar:aq/2nv}{si:si/2vv}{ma:ma/1vv}{jut:jut/tv-ger-3p};{maliga:maligaq/1n}{li:liq/3nv}{ur:uq/3vv}{vi:vik/3vn}{li:lik/1nn}{ar:aq/2nv}{si:si/2vv}{ma:ma/1vv}{jut:jut/tv-ger-3p};{maliga:maligaq/1n}{li:liq/2nv}{ur:uq/3vv}{vi:vik/3vn}{li:lik/1nn}{ar:aq/2nv}{si:si/2vv}{ma:ma/1vv}{jut:jut/tv-ger-3p};{maliga:maligaq/1n}{li:li/3nv}{ur:uq/3vv}{vi:vik/3vn}{li:&iq/1nn}{ar:aq/2nv}{si:si/2vv}{ma:ma/1vv}{jut:jut/tv-ger-3p};{maliga:maligaq/1n}{li:lik/2nv}{ur:uq/3vv}{vi:vik/3vn}{li:&iq/1nn}{ar:aq/2nv}{si:si/2vv}{ma:ma/1vv}{jut:jut/tv-ger-3p};{maliga:maligaq/1n}{li:lik/3nv}{ur:uq/3vv}{vi:vik/3vn}{li:&iq/1nn}{ar:aq/2nv}{si:si/2vv}{ma:ma/1vv}{jut:jut/tv-ger-3p};{maliga:maligaq/1n}{li:liq/3nv}{ur:uq/3vv}{vi:vik/3vn}{li:&iq/1nn}{ar:aq/2nv}{si:si/2vv}{ma:ma/1vv}{jut:jut/tv-ger-3p};{maliga:maligaq/1n}{li:liq/2nv}{ur:uq/3vv}{vi:vik/3vn}{li:&iq/1nn}{ar:aq/2nv}{si:si/2vv}{ma:ma/1vv}{jut:jut/tv-ger-3p};{maliga:maligaq/1n}{li:li/3nv}{ur:uq/3vv}{vi:vik/3vn}{li:lik/1nn}{ar:aq/2nv}{si:siq/1vv}{ma:ma/1vv}{jut:jut/tv-ger-3p};{maliga:maligaq/1n}{li:lik/2nv}{ur:uq/3vv}{vi:vik/3vn}{li:lik/1nn}{ar:aq/2nv}{si:siq/1vv}{ma:ma/1vv}{jut:jut/tv-ger-3p};{maliga:maligaq/1n}{li:lik/3nv}{ur:uq/3vv}{vi:vik/3vn}{li:lik/1nn}{ar:aq/2nv}{si:siq/1vv}{ma:ma/1vv}{jut:jut/tv-ger-3p};{maliga:maligaq/1n}{li:liq/3nv}{ur:uq/3vv}{vi:vik/3vn}{li:lik/1nn}{ar:aq/2nv}{si:siq/1vv}{ma:ma/1vv}{jut:jut/tv-ger-3p};{maliga:maligaq/1n}{li:liq/2nv}{ur:uq/3vv}{vi:vik/3vn}{li:lik/1nn}{ar:aq/2nv}{si:siq/1vv}{ma:ma/1vv}{jut:jut/tv-ger-3p};{maliga:maligaq/1n}{li:li/3nv}{ur:uq/3vv}{vi:vik/3vn}{li:&iq/1nn}{ar:aq/2nv}{si:siq/1vv}{ma:ma/1vv}{jut:jut/tv-ger-3p};{maliga:maligaq/1n}{li:lik/2nv}{ur:uq/3vv}{vi:vik/3vn}{li:&iq/1nn}{ar:aq/2nv}{si:siq/1vv}{ma:ma/1vv}{jut:jut/tv-ger-3p};{maliga:maligaq/1n}{li:lik/3nv}{ur:uq/3vv}{vi:vik/3vn}{li:&iq/1nn}{ar:aq/2nv}{si:siq/1vv}{ma:ma/1vv}{jut:jut/tv-ger-3p};{maliga:maligaq/1n}{li:liq/3nv}{ur:uq/3vv}{vi:vik/3vn}{li:&iq/1nn}{ar:aq/2nv}{si:siq/1vv}{ma:ma/1vv}{jut:jut/tv-ger-3p};{maliga:maligaq/1n}{li:liq/2nv}{ur:uq/3vv}{vi:vik/3vn}{li:&iq/1nn}{ar:aq/2nv}{si:siq/1vv}{ma:ma/1vv}{jut:jut/tv-ger-3p};{mali:malik/1v}{ga:gaq/1vn}{liur:liuq/1nv}{vi:vik/3vn}{liar:liaq/2nv}{sima:sima/1vv}{jut:jut/tv-ger-3p};{mali:malik/1v}{ga:gaq/1vn}{liur:liuq/1nv}{vi:vik/3vn}{liar:liaq/1nn}{si:si/4nv}{ma:ma/1vv}{jut:jut/tv-ger-3p};{mali:malik/1v}{ga:gaq/1vn}{liur:liuq/1nv}{vi:vik/3vn}{liar:liaq/2nv}{si:si/2vv}{ma:ma/1vv}{jut:jut/tv-ger-3p};{mali:malik/1v}{ga:gaq/1vn}{liur:liuq/1nv}{vi:vik/3vn}{liar:liaq/2nv}{si:siq/1vv}{ma:ma/1vv}{jut:jut/tv-ger-3p};{mali:malik/1v}{ga:gaq/1vn}{liur:liuq/1nv}{vi:vik/3vn}{li:lik/1nn}{ar:aq/2nv}{sima:sima/1vv}{jut:jut/tv-ger-3p};{mali:malik/1v}{ga:gaq/1vn}{liur:liuq/1nv}{vi:vik/3vn}{li:&iq/1nn}{ar:aq/2nv}{sima:sima/1vv}{jut:jut/tv-ger-3p};{mali:malik/1v}{ga:gaq/1vn}{li:li/3nv}{ur:uq/3vv}{vi:vik/3vn}{liar:liaq/2nv}{sima:sima/1vv}{jut:jut/tv-ger-3p};{mali:malik/1v}{ga:gaq/2vv}{li:li/2vv}{ur:uq/3vv}{vi:vik/3vn}{liar:liaq/2nv}{sima:sima/1vv}{jut:jut/tv-ger-3p};{mali:malik/1v}{ga:gaq/1vn}{li:lik/2nv}{ur:uq/3vv}{vi:vik/3vn}{liar:liaq/2nv}{sima:sima/1vv}{jut:jut/tv-ger-3p};{mali:malik/1v}{ga:gaq/1vn}{li:lik/3nv}{ur:uq/3vv}{vi:vik/3vn}{liar:liaq/2nv}{sima:sima/1vv}{jut:jut/tv-ger-3p};{mali:malik/1v}{ga:gaq/1vn}{li:liq/3nv}{ur:uq/3vv}{vi:vik/3vn}{liar:liaq/2nv}{sima:sima/1vv}{jut:jut/tv-ger-3p};{mali:malik/1v}{ga:gaq/1vn}{li:liq/2nv}{ur:uq/3vv}{vi:vik/3vn}{liar:liaq/2nv}{sima:sima/1vv}{jut:jut/tv-ger-3p};{mali:malik/1v}{ga:gaq/2vv}{li:liq/1vv}{ur:uq/3vv}{vi:vik/3vn}{liar:liaq/2nv}{sima:sima/1vv}{jut:jut/tv-ger-3p};{mali:malik/1v}{ga:gaq/1vn}{li:li/3nv}{ur:uq/3vv}{vi:vik/3vn}{liar:liaq/1nn}{si:si/4nv}{ma:ma/1vv}{jut:jut/tv-ger-3p};{mali:malik/1v}{ga:gaq/2vv}{li:li/2vv}{ur:uq/3vv}{vi:vik/3vn}{liar:liaq/1nn}{si:si/4nv}{ma:ma/1vv}{jut:jut/tv-ger-3p};{mali:malik/1v}{ga:gaq/1vn}{li:lik/2nv}{ur:uq/3vv}{vi:vik/3vn}{liar:liaq/1nn}{si:si/4nv}{ma:ma/1vv}{jut:jut/tv-ger-3p};{mali:malik/1v}{ga:gaq/1vn}{li:lik/3nv}{ur:uq/3vv}{vi:vik/3vn}{liar:liaq/1nn}{si:si/4nv}{ma:ma/1vv}{jut:jut/tv-ger-3p};{mali:malik/1v}{ga:gaq/1vn}{li:liq/3nv}{ur:uq/3vv}{vi:vik/3vn}{liar:liaq/1nn}{si:si/4nv}{ma:ma/1vv}{jut:jut/tv-ger-3p};{mali:malik/1v}{ga:gaq/1vn}{li:liq/2nv}{ur:uq/3vv}{vi:vik/3vn}{liar:liaq/1nn}{si:si/4nv}{ma:ma/1vv}{jut:jut/tv-ger-3p};{mali:malik/1v}{ga:gaq/2vv}{li:liq/1vv}{ur:uq/3vv}{vi:vik/3vn}{liar:liaq/1nn}{si:si/4nv}{ma:ma/1vv}{jut:jut/tv-ger-3p};{mali:malik/1v}{ga:gaq/1vn}{liur:liuq/1nv}{vi:vik/3vn}{li:lik/1nn}{ar:aq/2nv}{si:si/1vv}{ma:ma/1vv}{jut:jut/tv-ger-3p};{mali:malik/1v}{ga:gaq/1vn}{liur:liuq/1nv}{vi:vik/3vn}{li:&iq/1nn}{ar:aq/2nv}{si:si/1vv}{ma:ma/1vv}{jut:jut/tv-ger-3p};{mali:malik/1v}{ga:gaq/1vn}{liur:liuq/1nv}{vi:vik/3vn}{li:lik/1nn}{ar:aq/2nv}{si:si/2vv}{ma:ma/1vv}{jut:jut/tv-ger-3p};{mali:malik/1v}{ga:gaq/1vn}{liur:liuq/1nv}{vi:vik/3vn}{li:&iq/1nn}{ar:aq/2nv}{si:si/2vv}{ma:ma/1vv}{jut:jut/tv-ger-3p};{mali:malik/1v}{ga:gaq/1vn}{li:li/3nv}{ur:uq/3vv}{vi:vik/3vn}{liar:liaq/2nv}{si:si/2vv}{ma:ma/1vv}{jut:jut/tv-ger-3p};{mali:malik/1v}{ga:gaq/2vv}{li:li/2vv}{ur:uq/3vv}{vi:vik/3vn}{liar:liaq/2nv}{si:si/2vv}{ma:ma/1vv}{jut:jut/tv-ger-3p};{mali:malik/1v}{ga:gaq/1vn}{li:lik/2nv}{ur:uq/3vv}{vi:vik/3vn}{liar:liaq/2nv}{si:si/2vv}{ma:ma/1vv}{jut:jut/tv-ger-3p};{mali:malik/1v}{ga:gaq/1vn}{li:lik/3nv}{ur:uq/3vv}{vi:vik/3vn}{liar:liaq/2nv}{si:si/2vv}{ma:ma/1vv}{jut:jut/tv-ger-3p};{mali:malik/1v}{ga:gaq/1vn}{li:liq/3nv}{ur:uq/3vv}{vi:vik/3vn}{liar:liaq/2nv}{si:si/2vv}{ma:ma/1vv}{jut:jut/tv-ger-3p};{mali:malik/1v}{ga:gaq/1vn}{li:liq/2nv}{ur:uq/3vv}{vi:vik/3vn}{liar:liaq/2nv}{si:si/2vv}{ma:ma/1vv}{jut:jut/tv-ger-3p};{mali:malik/1v}{ga:gaq/2vv}{li:liq/1vv}{ur:uq/3vv}{vi:vik/3vn}{liar:liaq/2nv}{si:si/2vv}{ma:ma/1vv}{jut:jut/tv-ger-3p};{mali:malik/1v}{ga:gaq/1vn}{liur:liuq/1nv}{vi:vik/3vn}{li:lik/1nn}{ar:aq/2nv}{si:siq/1vv}{ma:ma/1vv}{jut:jut/tv-ger-3p};{mali:malik/1v}{ga:gaq/1vn}{liur:liuq/1nv}{vi:vik/3vn}{li:&iq/1nn}{ar:aq/2nv}{si:siq/1vv}{ma:ma/1vv}{jut:jut/tv-ger-3p};{mali:malik/1v}{ga:gaq/1vn}{li:li/3nv}{ur:uq/3vv}{vi:vik/3vn}{liar:liaq/2nv}{si:siq/1vv}{ma:ma/1vv}{jut:jut/tv-ger-3p};{mali:malik/1v}{ga:gaq/2vv}{li:li/2vv}{ur:uq/3vv}{vi:vik/3vn}{liar:liaq/2nv}{si:siq/1vv}{ma:ma/1vv}{jut:jut/tv-ger-3p};{mali:malik/1v}{ga:gaq/1vn}{li:lik/2nv}{ur:uq/3vv}{vi:vik/3vn}{liar:liaq/2nv}{si:siq/1vv}{ma:ma/1vv}{jut:jut/tv-ger-3p};{mali:malik/1v}{ga:gaq/1vn}{li:lik/3nv}{ur:uq/3vv}{vi:vik/3vn}{liar:liaq/2nv}{si:siq/1vv}{ma:ma/1vv}{jut:jut/tv-ger-3p};{mali:malik/1v}{ga:gaq/1vn}{li:liq/3nv}{ur:uq/3vv}{vi:vik/3vn}{liar:liaq/2nv}{si:siq/1vv}{ma:ma/1vv}{jut:jut/tv-ger-3p};{mali:malik/1v}{ga:gaq/1vn}{li:liq/2nv}{ur:uq/3vv}{vi:vik/3vn}{liar:liaq/2nv}{si:siq/1vv}{ma:ma/1vv}{jut:jut/tv-ger-3p};{mali:malik/1v}{ga:gaq/2vv}{li:liq/1vv}{ur:uq/3vv}{vi:vik/3vn}{liar:liaq/2nv}{si:siq/1vv}{ma:ma/1vv}{jut:jut/tv-ger-3p};{mali:malik/1v}{ga:gaq/1vn}{li:li/3nv}{ur:uq/3vv}{vi:vik/3vn}{li:lik/1nn}{ar:aq/2nv}{sima:sima/1vv}{jut:jut/tv-ger-3p};{mali:malik/1v}{ga:gaq/2vv}{li:li/2vv}{ur:uq/3vv}{vi:vik/3vn}{li:lik/1nn}{ar:aq/2nv}{sima:sima/1vv}{jut:jut/tv-ger-3p};{mali:malik/1v}{ga:gaq/1vn}{li:lik/2nv}{ur:uq/3vv}{vi:vik/3vn}{li:lik/1nn}{ar:aq/2nv}{sima:sima/1vv}{jut:jut/tv-ger-3p};{mali:malik/1v}{ga:gaq/1vn}{li:lik/3nv}{ur:uq/3vv}{vi:vik/3vn}{li:lik/1nn}{ar:aq/2nv}{sima:sima/1vv}{jut:jut/tv-ger-3p};{mali:malik/1v}{ga:gaq/1vn}{li:liq/3nv}{ur:uq/3vv}{vi:vik/3vn}{li:lik/1nn}{ar:aq/2nv}{sima:sima/1vv}{jut:jut/tv-ger-3p};{mali:malik/1v}{ga:gaq/1vn}{li:liq/2nv}{ur:uq/3vv}{vi:vik/3vn}{li:lik/1nn}{ar:aq/2nv}{sima:sima/1vv}{jut:jut/tv-ger-3p};{mali:malik/1v}{ga:gaq/2vv}{li:liq/1vv}{ur:uq/3vv}{vi:vik/3vn}{li:lik/1nn}{ar:aq/2nv}{sima:sima/1vv}{jut:jut/tv-ger-3p};{mali:malik/1v}{ga:gaq/1vn}{li:li/3nv}{ur:uq/3vv}{vi:vik/3vn}{li:&iq/1nn}{ar:aq/2nv}{sima:sima/1vv}{jut:jut/tv-ger-3p};{mali:malik/1v}{ga:gaq/2vv}{li:li/2vv}{ur:uq/3vv}{vi:vik/3vn}{li:&iq/1nn}{ar:aq/2nv}{sima:sima/1vv}{jut:jut/tv-ger-3p};{mali:malik/1v}{ga:gaq/1vn}{li:lik/2nv}{ur:uq/3vv}{vi:vik/3vn}{li:&iq/1nn}{ar:aq/2nv}{sima:sima/1vv}{jut:jut/tv-ger-3p};{mali:malik/1v}{ga:gaq/1vn}{li:lik/3nv}{ur:uq/3vv}{vi:vik/3vn}{li:&iq/1nn}{ar:aq/2nv}{sima:sima/1vv}{jut:jut/tv-ger-3p};{mali:malik/1v}{ga:gaq/1vn}{li:liq/3nv}{ur:uq/3vv}{vi:vik/3vn}{li:&iq/1nn}{ar:aq/2nv}{sima:sima/1vv}{jut:jut/tv-ger-3p};{mali:malik/1v}{ga:gaq/1vn}{li:liq/2nv}{ur:uq/3vv}{vi:vik/3vn}{li:&iq/1nn}{ar:aq/2nv}{sima:sima/1vv}{jut:jut/tv-ger-3p};{mali:malik/1v}{ga:gaq/2vv}{li:liq/1vv}{ur:uq/3vv}{vi:vik/3vn}{li:&iq/1nn}{ar:aq/2nv}{sima:sima/1vv}{jut:jut/tv-ger-3p};{mali:malik/1v}{ga:gaq/1vn}{li:li/3nv}{ur:uq/3vv}{vi:vik/3vn}{li:lik/1nn}{ar:aq/2nv}{si:si/1vv}{ma:ma/1vv}{jut:jut/tv-ger-3p};{mali:malik/1v}{ga:gaq/2vv}{li:li/2vv}{ur:uq/3vv}{vi:vik/3vn}{li:lik/1nn}{ar:aq/2nv}{si:si/1vv}{ma:ma/1vv}{jut:jut/tv-ger-3p};{mali:malik/1v}{ga:gaq/1vn}{li:lik/2nv}{ur:uq/3vv}{vi:vik/3vn}{li:lik/1nn}{ar:aq/2nv}{si:si/1vv}{ma:ma/1vv}{jut:jut/tv-ger-3p};{mali:malik/1v}{ga:gaq/1vn}{li:lik/3nv}{ur:uq/3vv}{vi:vik/3vn}{li:lik/1nn}{ar:aq/2nv}{si:si/1vv}{ma:ma/1vv}{jut:jut/tv-ger-3p};{mali:malik/1v}{ga:gaq/1vn}{li:liq/3nv}{ur:uq/3vv}{vi:vik/3vn}{li:lik/1nn}{ar:aq/2nv}{si:si/1vv}{ma:ma/1vv}{jut:jut/tv-ger-3p};{mali:malik/1v}{ga:gaq/1vn}{li:liq/2nv}{ur:uq/3vv}{vi:vik/3vn}{li:lik/1nn}{ar:aq/2nv}{si:si/1vv}{ma:ma/1vv}{jut:jut/tv-ger-3p};{mali:malik/1v}{ga:gaq/2vv}{li:liq/1vv}{ur:uq/3vv}{vi:vik/3vn}{li:lik/1nn}{ar:aq/2nv}{si:si/1vv}{ma:ma/1vv}{jut:jut/tv-ger-3p};{mali:malik/1v}{ga:gaq/1vn}{li:li/3nv}{ur:uq/3vv}{vi:vik/3vn}{li:&iq/1nn}{ar:aq/2nv}{si:si/1vv}{ma:ma/1vv}{jut:jut/tv-ger-3p};{mali:malik/1v}{ga:gaq/2vv}{li:li/2vv}{ur:uq/3vv}{vi:vik/3vn}{li:&iq/1nn}{ar:aq/2nv}{si:si/1vv}{ma:ma/1vv}{jut:jut/tv-ger-3p};{mali:malik/1v}{ga:gaq/1vn}{li:lik/2nv}{ur:uq/3vv}{vi:vik/3vn}{li:&iq/1nn}{ar:aq/2nv}{si:si/1vv}{ma:ma/1vv}{jut:jut/tv-ger-3p};{mali:malik/1v}{ga:gaq/1vn}{li:lik/3nv}{ur:uq/3vv}{vi:vik/3vn}{li:&iq/1nn}{ar:aq/2nv}{si:si/1vv}{ma:ma/1vv}{jut:jut/tv-ger-3p};{mali:malik/1v}{ga:gaq/1vn}{li:liq/3nv}{ur:uq/3vv}{vi:vik/3vn}{li:&iq/1nn}{ar:aq/2nv}{si:si/1vv}{ma:ma/1vv}{jut:jut/tv-ger-3p};{mali:malik/1v}{ga:gaq/1vn}{li:liq/2nv}{ur:uq/3vv}{vi:vik/3vn}{li:&iq/1nn}{ar:aq/2nv}{si:si/1vv}{ma:ma/1vv}{jut:jut/tv-ger-3p};{mali:malik/1v}{ga:gaq/2vv}{li:liq/1vv}{ur:uq/3vv}{vi:vik/3vn}{li:&iq/1nn}{ar:aq/2nv}{si:si/1vv}{ma:ma/1vv}{jut:jut/tv-ger-3p};{mali:malik/1v}{ga:gaq/1vn}{li:li/3nv}{ur:uq/3vv}{vi:vik/3vn}{li:lik/1nn}{ar:aq/2nv}{si:si/2vv}{ma:ma/1vv}{jut:jut/tv-ger-3p};{mali:malik/1v}{ga:gaq/2vv}{li:li/2vv}{ur:uq/3vv}{vi:vik/3vn}{li:lik/1nn}{ar:aq/2nv}{si:si/2vv}{ma:ma/1vv}{jut:jut/tv-ger-3p};{mali:malik/1v}{ga:gaq/1vn}{li:lik/2nv}{ur:uq/3vv}{vi:vik/3vn}{li:lik/1nn}{ar:aq/2nv}{si:si/2vv}{ma:ma/1vv}{jut:jut/tv-ger-3p};{mali:malik/1v}{ga:gaq/1vn}{li:lik/3nv}{ur:uq/3vv}{vi:vik/3vn}{li:lik/1nn}{ar:aq/2nv}{si:si/2vv}{ma:ma/1vv}{jut:jut/tv-ger-3p};{mali:malik/1v}{ga:gaq/1vn}{li:liq/3nv}{ur:uq/3vv}{vi:vik/3vn}{li:lik/1nn}{ar:aq/2nv}{si:si/2vv}{ma:ma/1vv}{jut:jut/tv-ger-3p};{mali:malik/1v}{ga:gaq/1vn}{li:liq/2nv}{ur:uq/3vv}{vi:vik/3vn}{li:lik/1nn}{ar:aq/2nv}{si:si/2vv}{ma:ma/1vv}{jut:jut/tv-ger-3p};{mali:malik/1v}{ga:gaq/2vv}{li:liq/1vv}{ur:uq/3vv}{vi:vik/3vn}{li:lik/1nn}{ar:aq/2nv}{si:si/2vv}{ma:ma/1vv}{jut:jut/tv-ger-3p};{mali:malik/1v}{ga:gaq/1vn}{li:li/3nv}{ur:uq/3vv}{vi:vik/3vn}{li:&iq/1nn}{ar:aq/2nv}{si:si/2vv}{ma:ma/1vv}{jut:jut/tv-ger-3p};{mali:malik/1v}{ga:gaq/2vv}{li:li/2vv}{ur:uq/3vv}{vi:vik/3vn}{li:&iq/1nn}{ar:aq/2nv}{si:si/2vv}{ma:ma/1vv}{jut:jut/tv-ger-3p};{mali:malik/1v}{ga:gaq/1vn}{li:lik/2nv}{ur:uq/3vv}{vi:vik/3vn}{li:&iq/1nn}{ar:aq/2nv}{si:si/2vv}{ma:ma/1vv}{jut:jut/tv-ger-3p};{mali:malik/1v}{ga:gaq/1vn}{li:lik/3nv}{ur:uq/3vv}{vi:vik/3vn}{li:&iq/1nn}{ar:aq/2nv}{si:si/2vv}{ma:ma/1vv}{jut:jut/tv-ger-3p};{mali:malik/1v}{ga:gaq/1vn}{li:liq/3nv}{ur:uq/3vv}{vi:vik/3vn}{li:&iq/1nn}{ar:aq/2nv}{si:si/2vv}{ma:ma/1vv}{jut:jut/tv-ger-3p};{mali:malik/1v}{ga:gaq/1vn}{li:liq/2nv}{ur:uq/3vv}{vi:vik/3vn}{li:&iq/1nn}{ar:aq/2nv}{si:si/2vv}{ma:ma/1vv}{jut:jut/tv-ger-3p};{mali:malik/1v}{ga:gaq/2vv}{li:liq/1vv}{ur:uq/3vv}{vi:vik/3vn}{li:&iq/1nn}{ar:aq/2nv}{si:si/2vv}{ma:ma/1vv}{jut:jut/tv-ger-3p};{mali:malik/1v}{ga:gaq/1vn}{li:li/3nv}{ur:uq/3vv}{vi:vik/3vn}{li:lik/1nn}{ar:aq/2nv}{si:siq/1vv}{ma:ma/1vv}{jut:jut/tv-ger-3p};{mali:malik/1v}{ga:gaq/2vv}{li:li/2vv}{ur:uq/3vv}{vi:vik/3vn}{li:lik/1nn}{ar:aq/2nv}{si:siq/1vv}{ma:ma/1vv}{jut:jut/tv-ger-3p};{mali:malik/1v}{ga:gaq/1vn}{li:lik/2nv}{ur:uq/3vv}{vi:vik/3vn}{li:lik/1nn}{ar:aq/2nv}{si:siq/1vv}{ma:ma/1vv}{jut:jut/tv-ger-3p};{mali:malik/1v}{ga:gaq/1vn}{li:lik/3nv}{ur:uq/3vv}{vi:vik/3vn}{li:lik/1nn}{ar:aq/2nv}{si:siq/1vv}{ma:ma/1vv}{jut:jut/tv-ger-3p};{mali:malik/1v}{ga:gaq/1vn}{li:liq/3nv}{ur:uq/3vv}{vi:vik/3vn}{li:lik/1nn}{ar:aq/2nv}{si:siq/1vv}{ma:ma/1vv}{jut:jut/tv-ger-3p};{mali:malik/1v}{ga:gaq/1vn}{li:liq/2nv}{ur:uq/3vv}{vi:vik/3vn}{li:lik/1nn}{ar:aq/2nv}{si:siq/1vv}{ma:ma/1vv}{jut:jut/tv-ger-3p};{mali:malik/1v}{ga:gaq/2vv}{li:liq/1vv}{ur:uq/3vv}{vi:vik/3vn}{li:lik/1nn}{ar:aq/2nv}{si:siq/1vv}{ma:ma/1vv}{jut:jut/tv-ger-3p};{mali:malik/1v}{ga:gaq/1vn}{li:li/3nv}{ur:uq/3vv}{vi:vik/3vn}{li:&iq/1nn}{ar:aq/2nv}{si:siq/1vv}{ma:ma/1vv}{jut:jut/tv-ger-3p};{mali:malik/1v}{ga:gaq/2vv}{li:li/2vv}{ur:uq/3vv}{vi:vik/3vn}{li:&iq/1nn}{ar:aq/2nv}{si:siq/1vv}{ma:ma/1vv}{jut:jut/tv-ger-3p};{mali:malik/1v}{ga:gaq/1vn}{li:lik/2nv}{ur:uq/3vv}{vi:vik/3vn}{li:&iq/1nn}{ar:aq/2nv}{si:siq/1vv}{ma:ma/1vv}{jut:jut/tv-ger-3p};{mali:malik/1v}{ga:gaq/1vn}{li:lik/3nv}{ur:uq/3vv}{vi:vik/3vn}{li:&iq/1nn}{ar:aq/2nv}{si:siq/1vv}{ma:ma/1vv}{jut:jut/tv-ger-3p};{mali:malik/1v}{ga:gaq/1vn}{li:liq/3nv}{ur:uq/3vv}{vi:vik/3vn}{li:&iq/1nn}{ar:aq/2nv}{si:siq/1vv}{ma:ma/1vv}{jut:jut/tv-ger-3p};{mali:malik/1v}{ga:gaq/1vn}{li:liq/2nv}{ur:uq/3vv}{vi:vik/3vn}{li:&iq/1nn}{ar:aq/2nv}{si:siq/1vv}{ma:ma/1vv}{jut:jut/tv-ger-3p};{mali:malik/1v}{ga:gaq/2vv}{li:liq/1vv}{ur:uq/3vv}{vi:vik/3vn}{li:&iq/1nn}{ar:aq/2nv}{si:siq/1vv}{ma:ma/1vv}{jut:jut/tv-ger-3p},False,False,False,False,False,
hansard,maligaliurvimmi,{maligaliurvim:maligaliurvik/1n}{mi:mi/tn-loc-s},False,{maligaliurvim:maligaliurvik/1n}{mi:mi/tn-loc-s};{maligaliurvim:maligaliurvik/1n}{mi:ni/tn-loc-p};{maligaliurvi:maligaliurvik/1n}{mmi:mi/tn-gen-s-3s};{maligaliurvi:maligaliurvik/1n}{mmi:mi/tn-gen-p-3s};{maliga:maligaq/1n}{liur:liuq/1nv}{vim:vik/3vn}{mi:mi/tn-loc-s};{maliga:maligaq/1n}{liur:liuq/1nv}{vim:vik/3vn}{mi:ni/tn-loc-p};{maliga:maligaq/1n}{liur:liuq/1nv}{vi:vik/3vn}{mmi:mi/tn-gen-s-3s};{maliga:maligaq/1n}{liur:liuq/1nv}{vi:vik/3vn}{mmi:mi/tn-gen-p-3s};{maliga:maligaq/1n}{li:li/3nv}{ur:uq/3vv}{vim:vik/3vn}{mi:mi/tn-loc-s};{maliga:maligaq/1n}{li:lik/2nv}{ur:uq/3vv}{vim:vik/3vn}{mi:mi/tn-loc-s};{maliga:maligaq/1n}{li:lik/3nv}{ur:uq/3vv}{vim:vik/3vn}{mi:mi/tn-loc-s};{maliga:maligaq/1n}{li:liq/3nv}{ur:uq/3vv}{vim:vik/3vn}{mi:mi/tn-loc-s};{maliga:maligaq/1n}{li:liq/2nv}{ur:uq/3vv}{vim:vik/3vn}{mi:mi/tn-loc-s};{maliga:maligaq/1n}{li:li/3nv}{ur:uq/3vv}{vim:vik/3vn}{mi:ni/tn-loc-p};{maliga:maligaq/1n}{li:lik/2nv}{ur:uq/3vv}{vim:vik/3vn}{mi:ni/tn-loc-p};{maliga:maligaq/1n}{li:lik/3nv}{ur:uq/3vv}{vim:vik/3vn}{mi:ni/tn-loc-p};{maliga:maligaq/1n}{li:liq/3nv}{ur:uq/3vv}{vim:vik/3vn}{mi:ni/tn-loc-p};{maliga:maligaq/1n}{li:liq/2nv}{ur:uq/3vv}{vim:vik/3vn}{mi:ni/tn-loc-p};{maliga:maligaq/1n}{li:li/3nv}{ur:uq/3vv}{vi:vik/3vn}{mmi:mi/tn-gen-s-3s};{maliga:maligaq/1n}{li:lik/2nv}{ur:uq/3vv}{vi:vik/3vn}{mmi:mi/tn-gen-s-3s};{maliga:maligaq/1n}{li:lik/3nv}{ur:uq/3vv}{vi:vik/3vn}{mmi:mi/tn-gen-s-3s};{maliga:maligaq/1n}{li:liq/3nv}{ur:uq/3vv}{vi:vik/3vn}{mmi:mi/tn-gen-s-3s};{maliga:maligaq/1n}{li:liq/2nv}{ur:uq/3vv}{vi:vik/3vn}{mmi:mi/tn-gen-s-3s};{maliga:maligaq/1n}{li:li/3nv}{ur:uq/3vv}{vi:vik/3vn}{mmi:mi/tn-gen-p-3s};{maliga:maligaq/1n}{li:lik/2nv}{ur:uq/3vv}{vi:vik/3vn}{mmi:mi/tn-gen-p-3s};{maliga:maligaq/1n}{li:lik/3nv}{ur:uq/3vv}{vi:vik/3vn}{mmi:mi/tn-gen-p-3s};{maliga:maligaq/1n}{li:liq/3nv}{ur:uq/3vv}{vi:vik/3vn}{mmi:mi/tn-gen-p-3s};{maliga:maligaq/1n}{li:liq/2nv}{ur:uq/3vv}{vi:vik/3vn}{mmi:mi/tn-gen-p-3s};{mali:malik/1v}{ga:gaq/1vn}{liur:liuq/1nv}{vim:vik/3vn}{mi:mi/tn-loc-s};{mali:malik/1v}{ga:gaq/1vn}{liur:liuq/1nv}{vim:vik/3vn}{mi:ni/tn-loc-p};{mali:malik/1v}{ga:gaq/1vn}{liur:liuq/1nv}{vi:vik/3vn}{mmi:mi/tn-gen-s-3s};{mali:malik/1v}{ga:gaq/1vn}{liur:liuq/1nv}{vi:vik/3vn}{mmi:mi/tn-gen-p-3s};{mali:malik/1v}{ga:gaq/1vn}{li:li/3nv}{ur:uq/3vv}{vim:vik/3vn}{mi:mi/tn-loc-s};{mali:malik/1v}{ga:gaq/2vv}{li:li/2vv}{ur:uq/3vv}{vim:vik/3vn}{mi:mi/tn-loc-s};{mali:malik/1v}{ga:gaq/1vn}{li:lik/2nv}{ur:uq/3vv}{vim:vik/3vn}{mi:mi/tn-loc-s};{mali:malik/1v}{ga:gaq/1vn}{li:lik/3nv}{ur:uq/3vv}{vim:vik/3vn}{mi:mi/tn-loc-s};{mali:malik/1v}{ga:gaq/1vn}{li:liq/3nv}{ur:uq/3vv}{vim:vik/3vn}{mi:mi/tn-loc-s};{mali:malik/1v}{ga:gaq/1vn}{li:liq/2nv}{ur:uq/3vv}{vim:vik/3vn}{mi:mi/tn-loc-s};{mali:malik/1v}{ga:gaq/2vv}{li:liq/1vv}{ur:uq/3vv}{vim:vik/3vn}{mi:mi/tn-loc-s};{mali:malik/1v}{ga:gaq/1vn}{li:li/3nv}{ur:uq/3vv}{vim:vik/3vn}{mi:ni/tn-loc-p};{mali:malik/1v}{ga:gaq/2vv}{li:li/2vv}{ur:uq/3vv}{vim:vik/3vn}{mi:ni/tn-loc-p};{mali:malik/1v}{ga:gaq/1vn}{li:lik/2nv}{ur:uq/3vv}{vim:vik/3vn}{mi:ni/tn-loc-p};{mali:malik/1v}{ga:gaq/1vn}{li:lik/3nv}{ur:uq/3vv}{vim:vik/3vn}{mi:ni/tn-loc-p};{mali:malik/1v}{ga:gaq/1vn}{li:liq/3nv}{ur:uq/3vv}{vim:vik/3vn}{mi:ni/tn-loc-p};{mali:malik/1v}{ga:gaq/1vn}{li:liq/2nv}{ur:uq/3vv}{vim:vik/3vn}{mi:ni/tn-loc-p};{mali:malik/1v}{ga:gaq/2vv}{li:liq/1vv}{ur:uq/3vv}{vim:vik/3vn}{mi:ni/tn-loc-p};{mali:malik/1v}{ga:gaq/1vn}{li:li/3nv}{ur:uq/3vv}{vi:vik/3vn}{mmi:mi/tn-gen-s-3s};{mali:malik/1v}{ga:gaq/2vv}{li:li/2vv}{ur:uq/3vv}{vi:vik/3vn}{mmi:mi/tn-gen-s-3s};{mali:malik/1v}{ga:gaq/1vn}{li:lik/2nv}{ur:uq/3vv}{vi:vik/3vn}{mmi:mi/tn-gen-s-3s};{mali:malik/1v}{ga:gaq/1vn}{li:lik/3nv}{ur:uq/3vv}{vi:vik/3vn}{mmi:mi/tn-gen-s-3s};{mali:malik/1v}{ga:gaq/1vn}{li:liq/3nv}{ur:uq/3vv}{vi:vik/3vn}{mmi:mi/tn-gen-s-3s};{mali:malik/1v}{ga:gaq/1vn}{li:liq/2nv}{ur:uq/3vv}{vi:vik/3vn}{mmi:mi/tn-gen-s-3s};{mali:malik/1v}{ga:gaq/2vv}{li:liq/1vv}{ur:uq/3vv}{vi:vik/3vn}{mmi:mi/tn-gen-s-3s};{mali:malik/1v}{ga:gaq/1vn}{li:li/3nv}{ur:uq/3vv}{vi:vik/3vn}{mmi:mi/tn-gen-p-3s};{mali:malik/1v}{ga:gaq/2vv}{li:li/2vv}{ur:uq/3vv}{vi:vik/3vn}{mmi:mi/tn-gen-p-3s};{mali:malik/1v}{ga:gaq/1vn}{li:lik/2nv}{ur:uq/3vv}{vi:vik/3vn}{mmi:mi/tn-gen-p-3s};{mali:malik/1v}{ga:gaq/1vn}{li:lik/3nv}{ur:uq/3vv}{vi:vik/3vn}{mmi:mi/tn-gen-p-3s};{mali:malik/1v}{ga:gaq/1vn}{li:liq/3nv}{ur:uq/3vv}{vi:vik/3vn}{mmi:mi/tn-gen-p-3s};{mali:malik/1v}{ga:gaq/1vn}{li:liq/2nv}{ur:uq/3vv}{vi:vik/3vn}{mmi:mi/tn-gen-p-3s};{mali:malik/1v}{ga:gaq/2vv}{li:liq/1vv}{ur:uq/3vv}{vi:vik/3vn}{mmi:mi/tn-gen-p-3s};{maligaliurvim:maligaliurvik/1n}{mi:mik/tn-acc-s};{maligaliurvim:maligaliurvik/1n}{mi:mit/tn-abl-s};{maligaliurvi:maligaliurvik/1n}{mmi:mik/tn-gen-s-3d};{maligaliurvi:maligaliurvik/1n}{mmi:mik/tn-gen-p-3d};{maligaliurvi:maligaliurvik/1n}{mmi:mik/tn-gen-s-3p};{maligaliurvi:maligaliurvik/1n}{mmi:mik/tn-gen-p-3p};{maliga:maligaq/1n}{liur:liuq/1nv}{vim:vik/3vn}{mi:mik/tn-acc-s};{maliga:maligaq/1n}{liur:liuq/1nv}{vim:vik/3vn}{mi:mit/tn-abl-s};{maliga:maligaq/1n}{liur:liuq/1nv}{vi:vik/3vn}{mmi:mik/tn-gen-s-3d};{maliga:maligaq/1n}{liur:liuq/1nv}{vi:vik/3vn}{mmi:mik/tn-gen-p-3d};{maliga:maligaq/1n}{liur:liuq/1nv}{vi:vik/3vn}{mmi:mik/tn-gen-s-3p};{maliga:maligaq/1n}{liur:liuq/1nv}{vi:vik/3vn}{mmi:mik/tn-gen-p-3p};{maliga:maligaq/1n}{li:li/3nv}{ur:uq/3vv}{vim:vik/3vn}{mi:mik/tn-acc-s};{maliga:maligaq/1n}{li:lik/2nv}{ur:uq/3vv}{vim:vik/3vn}{mi:mik/tn-acc-s};{maliga:maligaq/1n}{li:lik/3nv}{ur:uq/3vv}{vim:vik/3vn}{mi:mik/tn-acc-s};{maliga:maligaq/1n}{li:liq/3nv}{ur:uq/3vv}{vim:vik/3vn}{mi:mik/tn-acc-s};{maliga:maligaq/1n}{li:liq/2nv}{ur:uq/3vv}{vim:vik/3vn}{mi:mik/tn-acc-s};{maliga:maligaq/1n}{li:li/3nv}{ur:uq/3vv}{vim:vik/3vn}{mi:mit/tn-abl-s};{maliga:maligaq/1n}{li:lik/2nv}{ur:uq/3vv}{vim:vik/3vn}{mi:mit/tn-abl-s};{maliga:maligaq/1n}{li:lik/3nv}{ur:uq/3vv}{vim:vik/3vn}{mi:mit/tn-abl-s};{maliga:maligaq/1n}{li:liq/3nv}{ur:uq/3vv}{vim:vik/3vn}{mi:mit/tn-abl-s};{maliga:maligaq/1n}{li:liq/2nv}{ur:uq/3vv}{vim:vik/3vn}{mi:mit/tn-abl-s};{maliga:maligaq/1n}{li:li/3nv}{ur:uq/3vv}{vi:vik/3vn}{mmi:mik/tn-gen-s-3d};{maliga:maligaq/1n}{li:lik/2nv}{ur:uq/3vv}{vi:vik/3vn}{mmi:mik/tn-gen-s-3d};{maliga:maligaq/1n}{li:lik/3nv}{ur:uq/3vv}{vi:vik/3vn}{mmi:mik/tn-gen-s-3d};{maliga:maligaq/1n}{li:liq/3nv}{ur:uq/3vv}{vi:vik/3vn}{mmi:mik/tn-gen-s-3d};{maliga:maligaq/1n}{li:liq/2nv}{ur:uq/3vv}{vi:vik/3vn}{mmi:mik/tn-gen-s-3d};{maliga:maligaq/1n}{li:li/3nv}{ur:uq/3vv}{vi:vik/3vn}{mmi:mik/tn-gen-p-3d};{maliga:maligaq/1n}{li:lik/2nv}{ur:uq/3vv}{vi:vik/3vn}{mmi:mik/tn-gen-p-3d};{maliga:maligaq/1n}{li:lik/3nv}{ur:uq/3vv}{vi:vik/3vn}{mmi:mik/tn-gen-p-3d};{maliga:maligaq/1n}{li:liq/3nv}{ur:uq/3vv}{vi:vik/3vn}{mmi:mik/tn-gen-p-3d};{maliga:maligaq/1n}{li:liq/2nv}{ur:uq/3vv}{vi:vik/3vn}{mmi:mik/tn-gen-p-3d};{maliga:maligaq/1n}{li:li/3nv}{ur:uq/3vv}{vi:vik/3vn}{mmi:mik/tn-gen-s-3p};{maliga:maligaq/1n}{li:lik/2nv}{ur:uq/3vv}{vi:vik/3vn}{mmi:mik/tn-gen-s-3p};{maliga:maligaq/1n}{li:lik/3nv}{ur:uq/3vv}{vi:vik/3vn}{mmi:mik/tn-gen-s-3p};{maliga:maligaq/1n}{li:liq/3nv}{ur:uq/3vv}{vi:vik/3vn}{mmi:mik/tn-gen-s-3p};{maliga:maligaq/1n}{li:liq/2nv}{ur:uq/3vv}{vi:vik/3vn}{mmi:mik/tn-gen-s-3p};{maliga:maligaq/1n}{li:li/3nv}{ur:uq/3vv}{vi:vik/3vn}{mmi:mik/tn-gen-p-3p};{maliga:maligaq/1n}{li:lik/2nv}{ur:uq/3vv}{vi:vik/3vn}{mmi:mik/tn-gen-p-3p};{maliga:maligaq/1n}{li:lik/3nv}{ur:uq/3vv}{vi:vik/3vn}{mmi:mik/tn-gen-p-3p};{maliga:maligaq/1n}{li:liq/3nv}{ur:uq/3vv}{vi:vik/3vn}{mmi:mik/tn-gen-p-3p};{maliga:maligaq/1n}{li:liq/2nv}{ur:uq/3vv}{vi:vik/3vn}{mmi:mik/tn-gen-p-3p};{mali:malik/1v}{ga:gaq/1vn}{liur:liuq/1nv}{vim:vik/3vn}{mi:mik/tn-acc-s};{mali:malik/1v}{ga:gaq/1vn}{liur:liuq/1nv}{vim:vik/3vn}{mi:mit/tn-abl-s};{mali:malik/1v}{ga:gaq/1vn}{liur:liuq/1nv}{vi:vik/3vn}{mmi:mik/tn-gen-s-3d};{mali:malik/1v}{ga:gaq/1vn}{liur:liuq/1nv}{vi:vik/3vn}{mmi:mik/tn-gen-p-3d};{mali:malik/1v}{ga:gaq/1vn}{liur:liuq/1nv}{vi:vik/3vn}{mmi:mik/tn-gen-s-3p};{mali:malik/1v}{ga:gaq/1vn}{liur:liuq/1nv}{vi:vik/3vn}{mmi:mik/tn-gen-p-3p};{mali:malik/1v}{ga:gaq/1vn}{li:li/3nv}{ur:uq/3vv}{vim:vik/3vn}{mi:mik/tn-acc-s};{mali:malik/1v}{ga:gaq/2vv}{li:li/2vv}{ur:uq/3vv}{vim:vik/3vn}{mi:mik/tn-acc-s};{mali:malik/1v}{ga:gaq/1vn}{li:lik/2nv}{ur:uq/3vv}{vim:vik/3vn}{mi:mik/tn-acc-s};{mali:malik/1v}{ga:gaq/1vn}{li:lik/3nv}{ur:uq/3vv}{vim:vik/3vn}{mi:mik/tn-acc-s};{mali:malik/1v}{ga:gaq/1vn}{li:liq/3nv}{ur:uq/3vv}{vim:vik/3vn}{mi:mik/tn-acc-s};{mali:malik/1v}{ga:gaq/1vn}{li:liq/2nv}{ur:uq/3vv}{vim:vik/3vn}{mi:mik/tn-acc-s};{mali:malik/1v}{ga:gaq/2vv}{li:liq/1vv}{ur:uq/3vv}{vim:vik/3vn}{mi:mik/tn-acc-s};{mali:malik/1v}{ga:gaq/1vn}{li:li/3nv}{ur:uq/3vv}{vim:vik/3vn}{mi:mit/tn-abl-s};{mali:malik/1v}{ga:gaq/2vv}{li:li/2vv}{ur:uq/3vv}{vim:vik/3vn}{mi:mit/tn-abl-s};{mali:malik/1v}{ga:gaq/1vn}{li:lik/2nv}{ur:uq/3vv}{vim:vik/3vn}{mi:mit/tn-abl-s};{mali:malik/1v}{ga:gaq/1vn}{li:lik/3nv}{ur:uq/3vv}{vim:vik/3vn}{mi:mit/tn-abl-s};{mali:malik/1v}{ga:gaq/1vn}{li:liq/3nv}{ur:uq/3vv}{vim:vik/3vn}{mi:mit/tn-abl-s};{mali:malik/1v}{ga:gaq/1vn}{li:liq/2nv}{ur:uq/3vv}{vim:vik/3vn}{mi:mit/tn-abl-s};{mali:malik/1v}{ga:gaq/2vv}{li:liq/1vv}{ur:uq/3vv}{vim:vik/3vn}{mi:mit/tn-abl-s};{mali:malik/1v}{ga:gaq/1vn}{li:li/3nv}{ur:uq/3vv}{vi:vik/3vn}{mmi:mik/tn-gen-s-3d};{mali:malik/1v}{ga:gaq/2vv}{li:li/2vv}{ur:uq/3vv}{vi:vik/3vn}{mmi:mik/tn-gen-s-3d};{mali:malik/1v}{ga:gaq/1vn}{li:lik/2nv}{ur:uq/3vv}{vi:vik/3vn}{mmi:mik/tn-gen-s-3d};{mali:malik/1v}{ga:gaq/1vn}{li:lik/3nv}{ur:uq/3vv}{vi:vik/3vn}{mmi:mik/tn-gen-s-3d};{mali:malik/1v}{ga:gaq/1vn}{li:liq/3nv}{ur:uq/3vv}{vi:vik/3vn}{mmi:mik/tn-gen-s-3d};{mali:malik/1v}{ga:gaq/1vn}{li:liq/2nv}{ur:uq/3vv}{vi:vik/3vn}{mmi:mik/tn-gen-s-3d};{mali:malik/1v}{ga:gaq/2vv}{li:liq/1vv}{ur:uq/3vv}{vi:vik/3vn}{mmi:mik/tn-gen-s-3d};{mali:malik/1v}{ga:gaq/1vn}{li:li/3nv}{ur:uq/3vv}{vi:vik/3vn}{mmi:mik/tn-gen-p-3d};{mali:malik/1v}{ga:gaq/2vv}{li:li/2vv}{ur:uq/3vv}{vi:vik/3vn}{mmi:mik/tn-gen-p-3d};{mali:malik/1v}{ga:gaq/1vn}{li:lik/2nv}{ur:uq/3vv}{vi:vik/3vn}{mmi:mik/tn-gen-p-3d};{mali:malik/1v}{ga:gaq/1vn}{li:lik/3nv}{ur:uq/3vv}{vi:vik/3vn}{mmi:mik/tn-gen-p-3d};{mali:malik/1v}{ga:gaq/1vn}{li:liq/3nv}{ur:uq/3vv}{vi:vik/3vn}{mmi:mik/tn-gen-p-3d};{mali:malik/1v}{ga:gaq/1vn}{li:liq/2nv}{ur:uq/3vv}{vi:vik/3vn}{mmi:mik/tn-gen-p-3d};{mali:malik/1v}{ga:gaq/2vv}{li:liq/1vv}{ur:uq/3vv}{vi:vik/3vn}{mmi:mik/tn-gen-p-3d};{mali:malik/1v}{ga:gaq/1vn}{li:li/3nv}{ur:uq/3vv}{vi:vik/3vn}{mmi:mik/tn-gen-s-3p};{mali:malik/1v}{ga:gaq/2vv}{li:li/2vv}{ur:uq/3vv}{vi:vik/3vn}{mmi:mik/tn-gen-s-3p};{mali:malik/1v}{ga:gaq/1vn}{li:lik/2nv}{ur:uq/3vv}{vi:vik/3vn}{mmi:mik/tn-gen-s-3p};{mali:malik/1v}{ga:gaq/1vn}{li:lik/3nv}{ur:uq/3vv}{vi:vik/3vn}{mmi:mik/tn-gen-s-3p};{mali:malik/1v}{ga:gaq/1vn}{li:liq/3nv}{ur:uq/3vv}{vi:vik/3vn}{mmi:mik/tn-gen-s-3p};{mali:malik/1v}{ga:gaq/1vn}{li:liq/2nv}{ur:uq/3vv}{vi:vik/3vn}{mmi:mik/tn-gen-s-3p};{mali:malik/1v}{ga:gaq/2vv}{li:liq/1vv}{ur:uq/3vv}{vi:vik/3vn}{mmi:mik/tn-gen-s-3p};{mali:malik/1v}{ga:gaq/1vn}{li:li/3nv}{ur:uq/3vv}{vi:vik/3vn}{mmi:mik/tn-gen-p-3p};{mali:malik/1v}{ga:gaq/2vv}{li:li/2vv}{ur:uq/3vv}{vi:vik/3vn}{mmi:mik/tn-gen-p-3p};{mali:malik/1v}{ga:gaq/1vn}{li:lik/2nv}{ur:uq/3vv}{vi:vik/3vn}{mmi:mik/tn-gen-p-3p};{mali:malik/1v}{ga:gaq/1vn}{li:lik/3nv}{ur:uq/3vv}{vi:vik/3vn}{mmi:mik/tn-gen-p-3p};{mali:malik/1v}{ga:gaq/1vn}{li:liq/3nv}{ur:uq/3vv}{vi:vik/3vn}{mmi:mik/tn-gen-p-3p};{mali:malik/1v}{ga:gaq/1vn}{li:liq/2nv}{ur:uq/3vv}{vi:vik/3vn}{mmi:mik/tn-gen-p-3p};{mali:malik/1v}{ga:gaq/2vv}{li:liq/1vv}{ur:uq/3vv}{vi:vik/3vn}{mmi:mik/tn-gen-p-3p},False,False,False,False,False,
hansard,maligaliurvimmit,{maligaliurvim:maligaliurvik/1n}{mit:mit/tn-abl-s},False,{maligaliurvim:maligaliurvik/1n}{mit:mit/tn-abl-s};{maliga:maligaq/1n}{liur:liuq/1nv}{vim:vik/3vn}{mit:mit/tn-abl-s};{maliga:maligaq/1n}{li:li/3nv}{ur:uq/3vv}{vim:vik/3vn}{mit:mit/tn-abl-s};{maliga:maligaq/1n}{li:lik/2nv}{ur:uq/3vv}{vim:vik/3vn}{mit:mit/tn-abl-s};{maliga:maligaq/1n}{li:lik/3nv}{ur:uq/3vv}{vim:vik/3vn}{mit:mit/tn-abl-s};{maliga:maligaq/1n}{li:liq/3nv}{ur:uq/3vv}{vim:vik/3vn}{mit:mit/tn-abl-s};{maliga:maligaq/1n}{li:liq/2nv}{ur:uq/3vv}{vim:vik/3vn}{mit:mit/tn-abl-s};{mali:malik/1v}{ga:gaq/1vn}{liur:liuq/1nv}{vim:vik/3vn}{mit:mit/tn-abl-s};{mali:malik/1v}{ga:gaq/1vn}{li:li/3nv}{ur:uq/3vv}{vim:vik/3vn}{mit:mit/tn-abl-s};{mali:malik/1v}{ga:gaq/2vv}{li:li/2vv}{ur:uq/3vv}{vim:vik/3vn}{mit:mit/tn-abl-s};{mali:malik/1v}{ga:gaq/1vn}{li:lik/2nv}{ur:uq/3vv}{vim:vik/3vn}{mit:mit/tn-abl-s};{mali:malik/1v}{ga:gaq/1vn}{li:lik/3nv}{ur:uq/3vv}{vim:vik/3vn}{mit:mit/tn-abl-s};{mali:malik/1v}{ga:gaq/1vn}{li:liq/3nv}{ur:uq/3vv}{vim:vik/3vn}{mit:mit/tn-abl-s};{mali:malik/1v}{ga:gaq/1vn}{li:liq/2nv}{ur:uq/3vv}{vim:vik/3vn}{mit:mit/tn-abl-s};{mali:malik/1v}{ga:gaq/2vv}{li:liq/1vv}{ur:uq/3vv}{vim:vik/3vn}{mit:mit/tn-abl-s},False,False,False,False,False,
hansard,maligaliurvimmut,{maligaliurvim:maligaliurvik/1n}{mut:mut/tn-dat-s},False,{maligaliurvim:maligaliurvik/1n}{mut:mut/tn-dat-s};{maliga:maligaq/1n}{liur:liuq/1nv}{vim:vik/3vn}{mut:mut/tn-dat-s};{maliga:maligaq/1n}{li:li/3nv}{ur:uq/3vv}{vim:vik/3vn}{mut:mut/tn-dat-s};{maliga:maligaq/1n}{li:lik/2nv}{ur:uq/3vv}{vim:vik/3vn}{mut:mut/tn-dat-s};{maliga:maligaq/1n}{li:lik/3nv}{ur:uq/3vv}{vim:vik/3vn}{mut:mut/tn-dat-s};{maliga:maligaq/1n}{li:liq/3nv}{ur:uq/3vv}{vim:vik/3vn}{mut:mut/tn-dat-s};{maliga:maligaq/1n}{li:liq/2nv}{ur:uq/3vv}{vim:vik/3vn}{mut:mut/tn-dat-s};{mali:malik/1v}{ga:gaq/1vn}{liur:liuq/1nv}{vim:vik/3vn}{mut:mut/tn-dat-s};{mali:malik/1v}{ga:gaq/1vn}{li:li/3nv}{ur:uq/3vv}{vim:vik/3vn}{mut:mut/tn-dat-s};{mali:malik/1v}{ga:gaq/2vv}{li:li/2vv}{ur:uq/3vv}{vim:vik/3vn}{mut:mut/tn-dat-s};{mali:malik/1v}{ga:gaq/1vn}{li:lik/2nv}{ur:uq/3vv}{vim:vik/3vn}{mut:mut/tn-dat-s};{mali:malik/1v}{ga:gaq/1vn}{li:lik/3nv}{ur:uq/3vv}{vim:vik/3vn}{mut:mut/tn-dat-s};{mali:malik/1v}{ga:gaq/1vn}{li:liq/3nv}{ur:uq/3vv}{vim:vik/3vn}{mut:mut/tn-dat-s};{mali:malik/1v}{ga:gaq/1vn}{li:liq/2nv}{ur:uq/3vv}{vim:vik/3vn}{mut:mut/tn-dat-s};{mali:malik/1v}{ga:gaq/2vv}{li:liq/1vv}{ur:uq/3vv}{vim:vik/3vn}{mut:mut/tn-dat-s},False,False,False,False,False,
hansard,maligaliurvinga,{maligaliurvi:maligaliurvik/1n}{nga:nga/tn-nom-s-4s},False,{maligaliurvi:maligaliurvik/1n}{nga:nga/tn-nom-s-4s};{maliga:maligaq/1n}{liur:liuq/1nv}{vi:vik/3vn}{nga:nga/tn-nom-s-4s};{maliga:maligaq/1n}{li:li/3nv}{ur:uq/3vv}{vi:vik/3vn}{nga:nga/tn-nom-s-4s};{maliga:maligaq/1n}{li:lik/2nv}{ur:uq/3vv}{vi:vik/3vn}{nga:nga/tn-nom-s-4s};{maliga:maligaq/1n}{li:lik/3nv}{ur:uq/3vv}{vi:vik/3vn}{nga:nga/tn-nom-s-4s};{maliga:maligaq/1n}{li:liq/3nv}{ur:uq/3vv}{vi:vik/3vn}{nga:nga/tn-nom-s-4s};{maliga:maligaq/1n}{li:liq/2nv}{ur:uq/3vv}{vi:vik/3vn}{nga:nga/tn-nom-s-4s};{mali:malik/1v}{ga:gaq/1vn}{liur:liuq/1nv}{vi:vik/3vn}{nga:nga/tn-nom-s-4s};{mali:malik/1v}{ga:gaq/1vn}{li:li/3nv}{ur:uq/3vv}{vi:vik/3vn}{nga:nga/tn-nom-s-4s};{mali:malik/1v}{ga:gaq/2vv}{li:li/2vv}{ur:uq/3vv}{vi:vik/3vn}{nga:nga/tn-nom-s-4s};{mali:malik/1v}{ga:gaq/1vn}{li:lik/2nv}{ur:uq/3vv}{vi:vik/3vn}{nga:nga/tn-nom-s-4s};{mali:malik/1v}{ga:gaq/1vn}{li:lik/3nv}{ur:uq/3vv}{vi:vik/3vn}{nga:nga/tn-nom-s-4s};{mali:malik/1v}{ga:gaq/1vn}{li:liq/3nv}{ur:uq/3vv}{vi:vik/3vn}{nga:nga/tn-nom-s-4s};{mali:malik/1v}{ga:gaq/1vn}{li:liq/2nv}{ur:uq/3vv}{vi:vik/3vn}{nga:nga/tn-nom-s-4s};{mali:malik/1v}{ga:gaq/2vv}{li:liq/1vv}{ur:uq/3vv}{vi:vik/3vn}{nga:nga/tn-nom-s-4s};{maligaliurvi:maligaliurvik/1n}{nga:ngak/tn-nom-s-4d};{maligaliurvi:maligaliurvik/1n}{nga:ngat/tn-nom-s-4p};{maliga:maligaq/1n}{liur:liuq/1nv}{vi:vik/3vn}{nga:ngak/tn-nom-s-4d};{maliga:maligaq/1n}{liur:liuq/1nv}{vi:vik/3vn}{nga:ngat/tn-nom-s-4p};{maliga:maligaq/1n}{li:li/3nv}{ur:uq/3vv}{vi:vik/3vn}{nga:ngak/tn-nom-s-4d};{maliga:maligaq/1n}{li:lik/2nv}{ur:uq/3vv}{vi:vik/3vn}{nga:ngak/tn-nom-s-4d};{maliga:maligaq/1n}{li:lik/3nv}{ur:uq/3vv}{vi:vik/3vn}{nga:ngak/tn-nom-s-4d};{maliga:maligaq/1n}{li:liq/3nv}{ur:uq/3vv}{vi:vik/3vn}{nga:ngak/tn-nom-s-4d};{maliga:maligaq/1n}{li:liq/2nv}{ur:uq/3vv}{vi:vik/3vn}{nga:ngak/tn-nom-s-4d};{maliga:maligaq/1n}{li:li/3nv}{ur:uq/3vv}{vi:vik/3vn}{nga:ngat/tn-nom-s-4p};{maliga:maligaq/1n}{li:lik/2nv}{ur:uq/3vv}{vi:vik/3vn}{nga:ngat/tn-nom-s-4p};{maliga:maligaq/1n}{li:lik/3nv}{ur:uq/3vv}{vi:vik/3vn}{nga:ngat/tn-nom-s-4p};{maliga:maligaq/1n}{li:liq/3nv}{ur:uq/3vv}{vi:vik/3vn}{nga:ngat/tn-nom-s-4p};{maliga:maligaq/1n}{li:liq/2nv}{ur:uq/3vv}{vi:vik/3vn}{nga:ngat/tn-nom-s-4p};{mali:malik/1v}{ga:gaq/1vn}{liur:liuq/1nv}{vi:vik/3vn}{nga:ngak/tn-nom-s-4d};{mali:malik/1v}{ga:gaq/1vn}{liur:liuq/1nv}{vi:vik/3vn}{nga:ngat/tn-nom-s-4p};{mali:malik/1v}{ga:gaq/1vn}{li:li/3nv}{ur:uq/3vv}{vi:vik/3vn}{nga:ngak/tn-nom-s-4d};{mali:malik/1v}{ga:gaq/2vv}{li:li/2vv}{ur:uq/3vv}{vi:vik/3vn}{nga:ngak/tn-nom-s-4d};{mali:malik/1v}{ga:gaq/1vn}{li:lik/2nv}{ur:uq/3vv}{vi:vik/3vn}{nga:ngak/tn-nom-s-4d};{mali:malik/1v}{ga:gaq/1vn}{li:lik/3nv}{ur:uq/3vv}{vi:vik/3vn}{nga:ngak/tn-nom-s-4d};{mali:malik/1v}{ga:gaq/1vn}{li:liq/3nv}{ur:uq/3vv}{vi:vik/3vn}{nga:ngak/tn-nom-s-4d};{mali:malik/1v}{ga:gaq/1vn}{li:liq/2nv}{ur:uq/3vv}{vi:vik/3vn}{nga:ngak/tn-nom-s-4d};{mali:malik/1v}{ga:gaq/2vv}{li:liq/1vv}{ur:uq/3vv}{vi:vik/3vn}{nga:ngak/tn-nom-s-4d};{mali:malik/1v}{ga:gaq/1vn}{li:li/3nv}{ur:uq/3vv}{vi:vik/3vn}{nga:ngat/tn-nom-s-4p};{mali:malik/1v}{ga:gaq/2vv}{li:li/2vv}{ur:uq/3vv}{vi:vik/3vn}{nga:ngat/tn-nom-s-4p};{mali:malik/1v}{ga:gaq/1vn}{li:lik/2nv}{ur:uq/3vv}{vi:vik/3vn}{nga:ngat/tn-nom-s-4p};{mali:malik/1v}{ga:gaq/1vn}{li:lik/3nv}{ur:uq/3vv}{vi:vik/3vn}{nga:ngat/tn-nom-s-4p};{mali:malik/1v}{ga:gaq/1vn}{li:liq/3nv}{ur:uq/3vv}{vi:vik/3vn}{nga:ngat/tn-nom-s-4p};{mali:malik/1v}{ga:gaq/1vn}{li:liq/2nv}{ur:uq/3vv}{vi:vik/3vn}{nga:ngat/tn-nom-s-4p};{mali:malik/1v}{ga:gaq/2vv}{li:liq/1vv}{ur:uq/3vv}{vi:vik/3vn}{nga:ngat/tn-nom-s-4p},False,False,False,False,False,
hansard,maligaliurvingmi,{maligaliurving:maligaliurvik/1n}{mi:mi/tn-loc-s},False,{maligaliurving:maligaliurvik/1n}{mi:mi/tn-loc-s};{maligaliurvi:maligaliurvik/1n}{ngmi:mi/tn-gen-s-3s};{maligaliurvi:maligaliurvik/1n}{ngmi:mi/tn-gen-p-3s};{maliga:maligaq/1n}{liur:liuq/1nv}{ving:vik/3vn}{mi:mi/tn-loc-s};{maliga:maligaq/1n}{liur:liuq/1nv}{vi:vik/3vn}{ngmi:mi/tn-gen-s-3s};{maliga:maligaq/1n}{liur:liuq/1nv}{vi:vik/3vn}{ngmi:mi/tn-gen-p-3s};{maliga:maligaq/1n}{li:li/3nv}{ur:uq/3vv}{ving:vik/3vn}{mi:mi/tn-loc-s};{maliga:maligaq/1n}{li:lik/2nv}{ur:uq/3vv}{ving:vik/3vn}{mi:mi/tn-loc-s};{maliga:maligaq/1n}{li:lik/3nv}{ur:uq/3vv}{ving:vik/3vn}{mi:mi/tn-loc-s};{maliga:maligaq/1n}{li:liq/3nv}{ur:uq/3vv}{ving:vik/3vn}{mi:mi/tn-loc-s};{maliga:maligaq/1n}{li:liq/2nv}{ur:uq/3vv}{ving:vik/3vn}{mi:mi/tn-loc-s};{maliga:maligaq/1n}{li:li/3nv}{ur:uq/3vv}{vi:vik/3vn}{ngmi:mi/tn-gen-s-3s};{maliga:maligaq/1n}{li:lik/2nv}{ur:uq/3vv}{vi:vik/3vn}{ngmi:mi/tn-gen-s-3s};{maliga:maligaq/1n}{li:lik/3nv}{ur:uq/3vv}{vi:vik/3vn}{ngmi:mi/tn-gen-s-3s};{maliga:maligaq/1n}{li:liq/3nv}{ur:uq/3vv}{vi:vik/3vn}{ngmi:mi/tn-gen-s-3s};{maliga:maligaq/1n}{li:liq/2nv}{ur:uq/3vv}{vi:vik/3vn}{ngmi:mi/tn-gen-s-3s};{maliga:maligaq/1n}{li:li/3nv}{ur:uq/3vv}{vi:vik/3vn}{ngmi:mi/tn-gen-p-3s};{maliga:maligaq/1n}{li:lik/2nv}{ur:uq/3vv}{vi:vik/3vn}{ngmi:mi/tn-gen-p-3s};{maliga:maligaq/1n}{li:lik/3nv}{ur:uq/3vv}{vi:vik/3vn}{ngmi:mi/tn-gen-p-3s};{maliga:maligaq/1n}{li:liq/3nv}{ur:uq/3vv}{vi:vik/3vn}{ngmi:mi/tn-gen-p-3s};{maliga:maligaq/1n}{li:liq/2nv}{ur:uq/3vv}{vi:vik/3vn}{ngmi:mi/tn-gen-p-3s};{mali:malik/1v}{ga:gaq/1vn}{liur:liuq/1nv}{ving:vik/3vn}{mi:mi/tn-loc-s};{mali:malik/1v}{ga:gaq/1vn}{liur:liuq/1nv}{vi:vik/3vn}{ngmi:mi/tn-gen-s-3s};{mali:malik/1v}{ga:gaq/1vn}{liur:liuq/1nv}{vi:vik/3vn}{ngmi:mi/tn-gen-p-3s};{mali:malik/1v}{ga:gaq/1vn}{li:li/3nv}{ur:uq/3vv}{ving:vik/3vn}{mi:mi/tn-loc-s};{mali:malik/1v}{ga:gaq/2vv}{li:li/2vv}{ur:uq/3vv}{ving:vik/3vn}{mi:mi/tn-loc-s};{mali:malik/1v}{ga:gaq/1vn}{li:lik/2nv}{ur:uq/3vv}{ving:vik/3vn}{mi:mi/tn-loc-s};{mali:malik/1v}{ga:gaq/1vn}{li:lik/3nv}{ur:uq/3vv}{ving:vik/3vn}{mi:mi/tn-loc-s};{mali:malik/1v}{ga:gaq/1vn}{li:liq/3nv}{ur:uq/3vv}{ving:vik/3vn}{mi:mi/tn-loc-s};{mali:malik/1v}{ga:gaq/1vn}{li:liq/2nv}{ur:uq/3vv}{ving:vik/3vn}{mi:mi/tn-loc-s};{mali:malik/1v}{ga:gaq/2vv}{li:liq/1vv}{ur:uq/3vv}{ving:vik/3vn}{mi:mi/tn-loc-s};{mali:malik/1v}{ga:gaq/1vn}{li:li/3nv}{ur:uq/3vv}{vi:vik/3vn}{ngmi:mi/tn-gen-s-3s};{mali:malik/1v}{ga:gaq/2vv}{li:li/2vv}{ur:uq/3vv}{vi:vik/3vn}{ngmi:mi/tn-gen-s-3s};{mali:malik/1v}{ga:gaq/1vn}{li:lik/2nv}{ur:uq/3vv}{vi:vik/3vn}{ngmi:mi/tn-gen-s-3s};{mali:malik/1v}{ga:gaq/1vn}{li:lik/3nv}{ur:uq/3vv}{vi:vik/3vn}{ngmi:mi/tn-gen-s-3s};{mali:malik/1v}{ga:gaq/1vn}{li:liq/3nv}{ur:uq/3vv}{vi:vik/3vn}{ngmi:mi/tn-gen-s-3s};{mali:malik/1v}{ga:gaq/1vn}{li:liq/2nv}{ur:uq/3vv}{vi:vik/3vn}{ngmi:mi/tn-gen-s-3s};{mali:malik/1v}{ga:gaq/2vv}{li:liq/1vv}{ur:uq/3vv}{vi:vik/3vn}{ngmi:mi/tn-gen-s-3s};{mali:malik/1v}{ga:gaq/1vn}{li:li/3nv}{ur:uq/3vv}{vi:vik/3vn}{ngmi:mi/tn-gen-p-3s};{mali:malik/1v}{ga:gaq/2vv}{li:li/2vv}{ur:uq/3vv}{vi:vik/3vn}{ngmi:mi/tn-gen-p-3s};{mali:malik/1v}{ga:gaq/1vn}{li:lik/2nv}{ur:uq/3vv}{vi:vik/3vn}{ngmi:mi/tn-gen-p-3s};{mali:malik/1v}{ga:gaq/1vn}{li:lik/3nv}{ur:uq/3vv}{vi:vik/3vn}{ngmi:mi/tn-gen-p-3s};{mali:malik/1v}{ga:gaq/1vn}{li:liq/3nv}{ur:uq/3vv}{vi:vik/3vn}{ngmi:mi/tn-gen-p-3s};{mali:malik/1v}{ga:gaq/1vn}{li:liq/2nv}{ur:uq/3vv}{vi:vik/3vn}{ngmi:mi/tn-gen-p-3s};{mali:malik/1v}{ga:gaq/2vv}{li:liq/1vv}{ur:uq/3vv}{vi:vik/3vn}{ngmi:mi/tn-gen-p-3s};{maligaliurving:maligaliurvik/1n}{mi:mik/tn-acc-s};{maligaliurving:maligaliurvik/1n}{mi:mit/tn-abl-s};{maligaliurvi:maligaliurvik/1n}{ngmi:mik/tn-gen-s-3d};{maligaliurvi:maligaliurvik/1n}{ngmi:mik/tn-gen-p-3d};{maligaliurvi:maligaliurvik/1n}{ngmi:mik/tn-gen-s-3p};{maligaliurvi:maligaliurvik/1n}{ngmi:mik/tn-gen-p-3p};{maliga:maligaq/1n}{liur:liuq/1nv}{ving:vik/3vn}{mi:mik/tn-acc-s};{maliga:maligaq/1n}{liur:liuq/1nv}{ving:vik/3vn}{mi:mit/tn-abl-s};{maliga:maligaq/1n}{liur:liuq/1nv}{vi:vik/3vn}{ngmi:mik/tn-gen-s-3d};{maliga:maligaq/1n}{liur:liuq/1nv}{vi:vik/3vn}{ngmi:mik/tn-gen-p-3d};{maliga:maligaq/1n}{liur:liuq/1nv}{vi:vik/3vn}{ngmi:mik/tn-gen-s-3p};{maliga:maligaq/1n}{liur:liuq/1nv}{vi:vik/3vn}{ngmi:mik/tn-gen-p-3p};{maliga:maligaq/1n}{li:li/3nv}{ur:uq/3vv}{ving:vik/3vn}{mi:mik/tn-acc-s};{maliga:maligaq/1n}{li:lik/2nv}{ur:uq/3vv}{ving:vik/3vn}{mi:mik/tn-acc-s};{maliga:maligaq/1n}{li:lik/3nv}{ur:uq/3vv}{ving:vik/3vn}{mi:mik/tn-acc-s};{maliga:maligaq/1n}{li:liq/3nv}{ur:uq/3vv}{ving:vik/3vn}{mi:mik/tn-acc-s};{maliga:maligaq/1n}{li:liq/2nv}{ur:uq/3vv}{ving:vik/3vn}{mi:mik/tn-acc-s};{maliga:maligaq/1n}{li:li/3nv}{ur:uq/3vv}{ving:vik/3vn}{mi:mit/tn-abl-s};{maliga:maligaq/1n}{li:lik/2nv}{ur:uq/3vv}{ving:vik/3vn}{mi:mit/tn-abl-s};{maliga:maligaq/1n}{li:lik/3nv}{ur:uq/3vv}{ving:vik/3vn}{mi:mit/tn-abl-s};{maliga:maligaq/1n}{li:liq/3nv}{ur:uq/3vv}{ving:vik/3vn}{mi:mit/tn-abl-s};{maliga:maligaq/1n}{li:liq/2nv}{ur:uq/3vv}{ving:vik/3vn}{mi:mit/tn-abl-s};{maliga:maligaq/1n}{li:li/3nv}{ur:uq/3vv}{vi:vik/3vn}{ngmi:mik/tn-gen-s-3d};{maliga:maligaq/1n}{li:lik/2nv}{ur:uq/3vv}{vi:vik/3vn}{ngmi:mik/tn-gen-s-3d};{maliga:maligaq/1n}{li:lik/3nv}{ur:uq/3vv}{vi:vik/3vn}{ngmi:mik/tn-gen-s-3d};{maliga:maligaq/1n}{li:liq/3nv}{ur:uq/3vv}{vi:vik/3vn}{ngmi:mik/tn-gen-s-3d};{maliga:maligaq/1n}{li:liq/2nv}{ur:uq/3vv}{vi:vik/3vn}{ngmi:mik/tn-gen-s-3d};{maliga:maligaq/1n}{li:li/3nv}{ur:uq/3vv}{vi:vik/3vn}{ngmi:mik/tn-gen-p-3d};{maliga:maligaq/1n}{li:lik/2nv}{ur:uq/3vv}{vi:vik/3vn}{ngmi:mik/tn-gen-p-3d};{maliga:maligaq/1n}{li:lik/3nv}{ur:uq/3vv}{vi:vik/3vn}{ngmi:mik/tn-gen-p-3d};{maliga:maligaq/1n}{li:liq/3nv}{ur:uq/3vv}{vi:vik/3vn}{ngmi:mik/tn-gen-p-3d};{maliga:maligaq/1n}{li:liq/2nv}{ur:uq/3vv}{vi:vik/3vn}{ngmi:mik/tn-gen-p-3d};{maliga:maligaq/1n}{li:li/3nv}{ur:uq/3vv}{vi:vik/3vn}{ngmi:mik/tn-gen-s-3p};{maliga:maligaq/1n}{li:lik/2nv}{ur:uq/3vv}{vi:vik/3vn}{ngmi:mik/tn-gen-s-3p};{maliga:maligaq/1n}{li:lik/3nv}{ur:uq/3vv}{vi:vik/3vn}{ngmi:mik/tn-gen-s-3p};{maliga:maligaq/1n}{li:liq/3nv}{ur:uq/3vv}{vi:vik/3vn}{ngmi:mik/tn-gen-s-3p};{maliga:maligaq/1n}{li:liq/2nv}{ur:uq/3vv}{vi:vik/3vn}{ngmi:mik/tn-gen-s-3p};{maliga:maligaq/1n}{li:li/3nv}{ur:uq/3vv}{vi:vik/3vn}{ngmi:mik/tn-gen-p-3p};{maliga:maligaq/1n}{li:lik/2nv}{ur:uq/3vv}{vi:vik/3vn}{ngmi:mik/tn-gen-p-3p};{maliga:maligaq/1n}{li:lik/3nv}{ur:uq/3vv}{vi:vik/3vn}{ngmi:mik/tn-gen-p-3p};{maliga:maligaq/1n}{li:liq/3nv}{ur:uq/3vv}{vi:vik/3vn}{ngmi:mik/tn-gen-p-3p};{maliga:maligaq/1n}{li:liq/2nv}{ur:uq/3vv}{vi:vik/3vn}{ngmi:mik/tn-gen-p-3p};{mali:malik/1v}{ga:gaq/1vn}{liur:liuq/1nv}{ving:vik/3vn}{mi:mik/tn-acc-s};{mali:malik/1v}{ga:gaq/1vn}{liur:liuq/1nv}{ving:vik/3vn}{mi:mit/tn-abl-s};{mali:malik/1v}{ga:gaq/1vn}{liur:liuq/1nv}{vi:vik/3vn}{ngmi:mik/tn-gen-s-3d};{mali:malik/1v}{ga:gaq/1vn}{liur:liuq/1nv}{vi:vik/3vn}{ngmi:mik/tn-gen-p-3d};{mali:malik/1v}{ga:gaq/1vn}{liur:liuq/1nv}{vi:vik/3vn}{ngmi:mik/tn-gen-s-3p};{mali:malik/1v}{ga:gaq/1vn}{liur:liuq/1nv}{vi:vik/3vn}{ngmi:mik/tn-gen-p-3p};{mali:malik/1v}{ga:gaq/1vn}{li:li/3nv}{ur:uq/3vv}{ving:vik/3vn}{mi:mik/tn-acc-s};{mali:malik/1v}{ga:gaq/2vv}{li:li/2vv}{ur:uq/3vv}{ving:vik/3vn}{mi:mik/tn-acc-s};{mali:malik/1v}{ga:gaq/1vn}{li:lik/2nv}{ur:uq/3vv}{ving:vik/3vn}{mi:mik/tn-acc-s};{mali:malik/1v}{ga:gaq/1vn}{li:lik/3nv}{ur:uq/3vv}{ving:vik/3vn}{mi:mik/tn-acc-s};{mali:malik/1v}{ga:gaq/1vn}{li:liq/3nv}{ur:uq/3vv}{ving:vik/3vn}{mi:mik/tn-acc-s};{mali:malik/1v}{ga:gaq/1vn}{li:liq/2nv}{ur:uq/3vv}{ving:vik/3vn}{mi:mik/tn-acc-s};{mali:malik/1v}{ga:gaq/2vv}{li:liq/1vv}{ur:uq/3vv}{ving:vik/3vn}{mi:mik/tn-acc-s};{mali:malik/1v}{ga:gaq/1vn}{li:li/3nv}{ur:uq/3vv}{ving:vik/3vn}{mi:mit/tn-abl-s};{mali:malik/1v}{ga:gaq/2vv}{li:li/2vv}{ur:uq/3vv}{ving:vik/3vn}{mi:mit/tn-abl-s};{mali:malik/1v}{ga:gaq/1vn}{li:lik/2nv}{ur:uq/3vv}{ving:vik/3vn}{mi:mit/tn-abl-s};{mali:malik/1v}{ga:gaq/1vn}{li:lik/3nv}{ur:uq/3vv}{ving:vik/3vn}{mi:mit/tn-abl-s};{mali:malik/1v}{ga:gaq/1vn}{li:liq/3nv}{ur:uq/3vv}{ving:vik/3vn}{mi:mit/tn-abl-s};{mali:malik/1v}{ga:gaq/1vn}{li:liq/2nv}{ur:uq/3vv}{ving:vik/3vn}{mi:mit/tn-abl-s};{mali:malik/1v}{ga:gaq/2vv}{li:liq/1vv}{ur:uq/3vv}{ving:vik/3vn}{mi:mit/tn-abl-s};{mali:malik/1v}{ga:gaq/1vn}{li:li/3nv}{ur:uq/3vv}{vi:vik/3vn}{ngmi:mik/tn-gen-s-3d};{mali:malik/1v}{ga:gaq/2vv}{li:li/2vv}{ur:uq/3vv}{vi:vik/3vn}{ngmi:mik/tn-gen-s-3d};{mali:malik/1v}{ga:gaq/1vn}{li:lik/2nv}{ur:uq/3vv}{vi:vik/3vn}{ngmi:mik/tn-gen-s-3d};{mali:malik/1v}{ga:gaq/1vn}{li:lik/3nv}{ur:uq/3vv}{vi:vik/3vn}{ngmi:mik/tn-gen-s-3d};{mali:malik/1v}{ga:gaq/1vn}{li:liq/3nv}{ur:uq/3vv}{vi:vik/3vn}{ngmi:mik/tn-gen-s-3d};{mali:malik/1v}{ga:gaq/1vn}{li:liq/2nv}{ur:uq/3vv}{vi:vik/3vn}{ngmi:mik/tn-gen-s-3d};{mali:malik/1v}{ga:gaq/2vv}{li:liq/1vv}{ur:uq/3vv}{vi:vik/3vn}{ngmi:mik/tn-gen-s-3d};{mali:malik/1v}{ga:gaq/1vn}{li:li/3nv}{ur:uq/3vv}{vi:vik/3vn}{ngmi:mik/tn-gen-p-3d};{mali:malik/1v}{ga:gaq/2vv}{li:li/2vv}{ur:uq/3vv}{vi:vik/3vn}{ngmi:mik/tn-gen-p-3d};{mali:malik/1v}{ga:gaq/1vn}{li:lik/2nv}{ur:uq/3vv}{vi:vik/3vn}{ngmi:mik/tn-gen-p-3d};{mali:malik/1v}{ga:gaq/1vn}{li:lik/3nv}{ur:uq/3vv}{vi:vik/3vn}{ngmi:mik/tn-gen-p-3d};{mali:malik/1v}{ga:gaq/1vn}{li:liq/3nv}{ur:uq/3vv}{vi:vik/3vn}{ngmi:mik/tn-gen-p-3d};{mali:malik/1v}{ga:gaq/1vn}{li:liq/2nv}{ur:uq/3vv}{vi:vik/3vn}{ngmi:mik/tn-gen-p-3d};{mali:malik/1v}{ga:gaq/2vv}{li:liq/1vv}{ur:uq/3vv}{vi:vik/3vn}{ngmi:mik/tn-gen-p-3d};{mali:malik/1v}{ga:gaq/1vn}{li:li/3nv}{ur:uq/3vv}{vi:vik/3vn}{ngmi:mik/tn-gen-s-3p};{mali:malik/1v}{ga:gaq/2vv}{li:li/2vv}{ur:uq/3vv}{vi:vik/3vn}{ngmi:mik/tn-gen-s-3p};{mali:malik/1v}{ga:gaq/1vn}{li:lik/2nv}{ur:uq/3vv}{vi:vik/3vn}{ngmi:mik/tn-gen-s-3p};{mali:malik/1v}{ga:gaq/1vn}{li:lik/3nv}{ur:uq/3vv}{vi:vik/3vn}{ngmi:mik/tn-gen-s-3p};{mali:malik/1v}{ga:gaq/1vn}{li:liq/3nv}{ur:uq/3vv}{vi:vik/3vn}{ngmi:mik/tn-gen-s-3p};{mali:malik/1v}{ga:gaq/1vn}{li:liq/2nv}{ur:uq/3vv}{vi:vik/3vn}{ngmi:mik/tn-gen-s-3p};{mali:malik/1v}{ga:gaq/2vv}{li:liq/1vv}{ur:uq/3vv}{vi:vik/3vn}{ngmi:mik/tn-gen-s-3p};{mali:malik/1v}{ga:gaq/1vn}{li:li/3nv}{ur:uq/3vv}{vi:vik/3vn}{ngmi:mik/tn-gen-p-3p};{mali:malik/1v}{ga:gaq/2vv}{li:li/2vv}{ur:uq/3vv}{vi:vik/3vn}{ngmi:mik/tn-gen-p-3p};{mali:malik/1v}{ga:gaq/1vn}{li:lik/2nv}{ur:uq/3vv}{vi:vik/3vn}{ngmi:mik/tn-gen-p-3p};{mali:malik/1v}{ga:gaq/1vn}{li:lik/3nv}{ur:uq/3vv}{vi:vik/3vn}{ngmi:mik/tn-gen-p-3p};{mali:malik/1v}{ga:gaq/1vn}{li:liq/3nv}{ur:uq/3vv}{vi:vik/3vn}{ngmi:mik/tn-gen-p-3p};{mali:malik/1v}{ga:gaq/1vn}{li:liq/2nv}{ur:uq/3vv}{vi:vik/3vn}{ngmi:mik/tn-gen-p-3p};{mali:malik/1v}{ga:gaq/2vv}{li:liq/1vv}{ur:uq/3vv}{vi:vik/3vn}{ngmi:mik/tn-gen-p-3p},False,False,False,False,False,
hansard,maligaliurvingmut,{maligaliurving:maligaliurvik/1n}{mut:mut/tn-dat-s},False,{maligaliurving:maligaliurvik/1n}{mut:mut/tn-dat-s};{maliga:maligaq/1n}{liur:liuq/1nv}{ving:vik/3vn}{mut:mut/tn-dat-s};{maliga:maligaq/1n}{li:li/3nv}{ur:uq/3vv}{ving:vik/3vn}{mut:mut/tn-dat-s};{maliga:maligaq/1n}{li:lik/2nv}{ur:uq/3vv}{ving:vik/3vn}{mut:mut/tn-dat-s};{maliga:maligaq/1n}{li:lik/3nv}{ur:uq/3vv}{ving:vik/3vn}{mut:mut/tn-dat-s};{maliga:maligaq/1n}{li:liq/3nv}{ur:uq/3vv}{ving:vik/3vn}{mut:mut/tn-dat-s};{maliga:maligaq/1n}{li:liq/2nv}{ur:uq/3vv}{ving:vik/3vn}{mut:mut/tn-dat-s};{mali:malik/1v}{ga:gaq/1vn}{liur:liuq/1nv}{ving:vik/3vn}{mut:mut/tn-dat-s};{mali:malik/1v}{ga:gaq/1vn}{li:li/3nv}{ur:uq/3vv}{ving:vik/3vn}{mut:mut/tn-dat-s};{mali:malik/1v}{ga:gaq/2vv}{li:li/2vv}{ur:uq/3vv}{ving:vik/3vn}{mut:mut/tn-dat-s};{mali:malik/1v}{ga:gaq/1vn}{li:lik/2nv}{ur:uq/3vv}{ving:vik/3vn}{mut:mut/tn-dat-s};{mali:malik/1v}{ga:gaq/1vn}{li:lik/3nv}{ur:uq/3vv}{ving:vik/3vn}{mut:mut/tn-dat-s};{mali:malik/1v}{ga:gaq/1vn}{li:liq/3nv}{ur:uq/3vv}{ving:vik/3vn}{mut:mut/tn-dat-s};{mali:malik/1v}{ga:gaq/1vn}{li:liq/2nv}{ur:uq/3vv}{ving:vik/3vn}{mut:mut/tn-dat-s};{mali:malik/1v}{ga:gaq/2vv}{li:liq/1vv}{ur:uq/3vv}{ving:vik/3vn}{mut:mut/tn-dat-s},False,False,False,False,False,
hansard,maligaliurviup,{maligaliurvi:maligaliurvik/1n}{up:up/tn-gen-s},False,{maligaliurvi:maligaliurvik/1n}{up:up/tn-gen-s};{maligaliurvi:maligaliurvik/1n}{u:ut/2nn}{p:up/tn-gen-s};{maliga:maligaq/1n}{liur:liuq/1nv}{vi:vik/3vn}{up:up/tn-gen-s};{maliga:maligaq/1n}{liur:liuq/1nv}{vi:vik/3vn}{u:ut/2nn}{p:up/tn-gen-s};{maliga:maligaq/1n}{li:li/3nv}{ur:uq/3vv}{vi:vik/3vn}{up:up/tn-gen-s};{maliga:maligaq/1n}{li:lik/2nv}{ur:uq/3vv}{vi:vik/3vn}{up:up/tn-gen-s};{maliga:maligaq/1n}{li:lik/3nv}{ur:uq/3vv}{vi:vik/3vn}{up:up/tn-gen-s};{maliga:maligaq/1n}{li:liq/3nv}{ur:uq/3vv}{vi:vik/3vn}{up:up/tn-gen-s};{maliga:maligaq/1n}{li:liq/2nv}{ur:uq/3vv}{vi:vik/3vn}{up:up/tn-gen-s};{maliga:maligaq/1n}{li:li/3nv}{ur:uq/3vv}{vi:vik/3vn}{u:ut/2nn}{p:up/tn-gen-s};{maliga:maligaq/1n}{li:lik/2nv}{ur:uq/3vv}{vi:vik/3vn}{u:ut/2nn}{p:up/tn-gen-s};{maliga:maligaq/1n}{li:lik/3nv}{ur:uq/3vv}{vi:vik/3vn}{u:ut/2nn}{p:up/tn-gen-s};{maliga:maligaq/1n}{li:liq/3nv}{ur:uq/3vv}{vi:vik/3vn}{u:ut/2nn}{p:up/tn-gen-s};{maliga:maligaq/1n}{li:liq/2nv}{ur:uq/3vv}{vi:vik/3vn}{u:ut/2nn}{p:up/tn-gen-s};{mali:malik/1v}{ga:gaq/1vn}{liur:liuq/1nv}{vi:vik/3vn}{up:up/tn-gen-s};{mali:malik/1v}{ga:gaq/1vn}{liur:liuq/1nv}{vi:vik/3vn}{u:ut/2nn}{p:up/tn-gen-s};{mali:malik/1v}{ga:gaq/1vn}{li:li/3nv}{ur:uq/3vv}{vi:vik/3vn}{up:up/tn-gen-s};{mali:malik/1v}{ga:gaq/2vv}{li:li/2vv}{ur:uq/3vv}{vi:vik/3vn}{up:up/tn-gen-s};{mali:malik/1v}{ga:gaq/1vn}{li:lik/2nv}{ur:uq/3vv}{vi:vik/3vn}{up:up/tn-gen-s};{mali:malik/1v}{ga:gaq/1vn}{li:lik/3nv}{ur:uq/3vv}{vi:vik/3vn}{up:up/tn-gen-s};{mali:malik/1v}{ga:gaq/1vn}{li:liq/3nv}{ur:uq/3vv}{vi:vik/3vn}{up:up/tn-gen-s};{mali:malik/1v}{ga:gaq/1vn}{li:liq/2nv}{ur:uq/3vv}{vi:vik/3vn}{up:up/tn-gen-s};{mali:malik/1v}{ga:gaq/2vv}{li:liq/1vv}{ur:uq/3vv}{vi:vik/3vn}{up:up/tn-gen-s};{mali:malik/1v}{ga:gaq/1vn}{li:li/3nv}{ur:uq/3vv}{vi:vik/3vn}{u:ut/2nn}{p:up/tn-gen-s};{mali:malik/1v}{ga:gaq/2vv}{li:li/2vv}{ur:uq/3vv}{vi:vik/3vn}{u:ut/2nn}{p:up/tn-gen-s};{mali:malik/1v}{ga:gaq/1vn}{li:lik/2nv}{ur:uq/3vv}{vi:vik/3vn}{u:ut/2nn}{p:up/tn-gen-s};{mali:malik/1v}{ga:gaq/1vn}{li:lik/3nv}{ur:uq/3vv}{vi:vik/3vn}{u:ut/2nn}{p:up/tn-gen-s};{mali:malik/1v}{ga:gaq/1vn}{li:liq/3nv}{ur:uq/3vv}{vi:vik/3vn}{u:ut/2nn}{p:up/tn-gen-s};{mali:malik/1v}{ga:gaq/1vn}{li:liq/2nv}{ur:uq/3vv}{vi:vik/3vn}{u:ut/2nn}{p:up/tn-gen-s};{mali:malik/1v}{ga:gaq/2vv}{li:liq/1vv}{ur:uq/3vv}{vi:vik/3vn}{u:ut/2nn}{p:up/tn-gen-s},False,False,False,False,False,
hansard,maliganga,{mali:malik/1v}{ga:gaq/1vn}{nga:nga/tn-nom-s-4s},False,{maliga:maligaq/1n}{nga:nga/tn-nom-s-4s};{mali:malik/1v}{ga:gaq/1vn}{nga:nga/tn-nom-s-4s};{maliga:maligaq/1n}{nga:ngak/tn-nom-s-4d};{maliga:maligaq/1n}{nga:ngat/tn-nom-s-4p};{mali:malik/1v}{ga:gaq/1vn}{nga:ngak/tn-nom-s-4d};{mali:malik/1v}{ga:gaq/1vn}{nga:ngat/tn-nom-s-4p},False,False,False,False,False,
hansard,maligaq,{mali:malik/1v}{gaq:gaq/1vn},False,{maligaq:maligaq/1n};{mali:malik/1v}{gaq:gaq/1vn},False,False,False,False,False,
hansard,maligarmi,{mali:malik/1v}{gar:gaq/1vn}{mi:mi/tn-loc-s},False,{maligar:maligaq/1n}{mi:mi/tn-loc-s};{maligar:maligaq/1n}{mi:mi/tn-gen-s-3s};{maligar:maligaq/1n}{mi:mi/tn-gen-p-3s};{mali:malik/1v}{gar:gaq/2vv}{mi:miik/1vn};{mali:malik/1v}{gar:gaq/1vn}{mi:mi/tn-loc-s};{mali:malik/1v}{gar:gaq/1vn}{mi:mi/tn-gen-s-3s};{mali:malik/1v}{gar:gaq/1vn}{mi:mi/tn-gen-p-3s};{maligar:maligaq/1n}{mi:mik/tn-acc-s};{maligar:maligaq/1n}{mi:mik/tn-gen-s-3d};{maligar:maligaq/1n}{mi:mik/tn-gen-p-3d};{maligar:maligaq/1n}{mi:mik/tn-gen-s-3p};{maligar:maligaq/1n}{mi:mik/tn-gen-p-3p};{maligar:maligaq/1n}{mi:mit/tn-abl-s};{mali:malik/1v}{gar:gaq/1vn}{mi:mik/tn-acc-s};{mali:malik/1v}{gar:gaq/1vn}{mi:mik/tn-gen-s-3d};{mali:malik/1v}{gar:gaq/1vn}{mi:mik/tn-gen-p-3d};{mali:malik/1v}{gar:gaq/1vn}{mi:mik/tn-gen-s-3p};{mali:malik/1v}{gar:gaq/1vn}{mi:mik/tn-gen-p-3p};{mali:malik/1v}{gar:gaq/1vn}{mi:mit/tn-abl-s},False,False,False,False,False,
hansard,maligarmik,{mali:malik/1v}{gar:gaq/1vn}{mik:mik/tn-acc-s},False,{maligar:maligaq/1n}{mik:mik/tn-acc-s};{maligar:maligaq/1n}{mik:mik/tn-gen-s-3d};{maligar:maligaq/1n}{mik:mik/tn-gen-p-3d};{maligar:maligaq/1n}{mik:mik/tn-gen-s-3p};{maligar:maligaq/1n}{mik:mik/tn-gen-p-3p};{mali:malik/1v}{gar:gaq/1vn}{mik:mik/tn-acc-s};{mali:malik/1v}{gar:gaq/1vn}{mik:mik/tn-gen-s-3d};{mali:malik/1v}{gar:gaq/1vn}{mik:mik/tn-gen-p-3d};{mali:malik/1v}{gar:gaq/1vn}{mik:mik/tn-gen-s-3p};{mali:malik/1v}{gar:gaq/1vn}{mik:mik/tn-gen-p-3p},False,False,False,False,False,
hansard,maligarmut,{mali:malik/1v}{gar:gaq/1vn}{mut:mut/tn-dat-s},False,{maligar:maligaq/1n}{mut:mut/tn-dat-s};{mali:malik/1v}{gar:gaq/1vn}{mut:mut/tn-dat-s},False,False,False,False,False,
hansard,maligarnik,{mali:malik/1v}{gar:gaq/1vn}{nik:nik/tn-acc-p},False,{maligar:maligaq/1n}{nik:nik/tn-acc-p};{maligar:maligaq/1n}{nik:ngnik/tn-acc-s-2s};{mali:malik/1v}{gar:gaq/1vn}{nik:nik/tn-acc-p};{mali:malik/1v}{gar:gaq/1vn}{nik:ngnik/tn-acc-s-2s},False,False,False,False,False,
hansard,maligarnit,{mali:malik/1v}{gar:gaq/1vn}{nit:nit/tn-abl-p},False,{maligar:maligaq/1n}{nit:nit/tn-abl-p};{maligar:maligaq/1n}{nit:ngnit/tn-abl-s-2s};{mali:malik/1v}{gar:gaq/1vn}{nit:nit/tn-abl-p};{mali:malik/1v}{gar:gaq/1vn}{nit:ngnit/tn-abl-s-2s},False,False,False,False,False,
hansard,maligassait,{mali:malik/1v}{ga:gaq/1vn}{ssa:ksaq/1nn}{it:it/tn-nom-p},False,{maliga:maligaq/1n}{ssa:ksaq/1nn}{it:it/tn-nom-p};{maliga:maligaq/1n}{ssa:ksaq/1nn}{it:it/tn-gen-p};{maliga:maligaq/1n}{ssa:ksaq/1nn}{it:it/tn-nom-s-2s};{mali:malik/1v}{ga:gaq/1vn}{ssa:ksaq/1nn}{it:it/tn-nom-p};{mali:malik/1v}{ga:gaq/2vv}{ssa:ksaq/1vn}{it:it/tn-nom-p};{mali:malik/1v}{ga:gaq/1vn}{ssa:ksaq/1nn}{it:it/tn-gen-p};{mali:malik/1v}{ga:gaq/2vv}{ssa:ksaq/1vn}{it:it/tn-gen-p};{mali:malik/1v}{ga:gaq/1vn}{ssa:ksaq/1nn}{it:it/tn-nom-s-2s};{mali:malik/1v}{ga:gaq/2vv}{ssa:ksaq/1vn}{it:it/tn-nom-s-2s},False,False,False,False,False,
hansard,maligassaq,{mali:malik/1v}{ga:gaq/1vn}{ssaq:ksaq/1nn},False,{maliga:maligaq/1n}{ssaq:ksaq/1nn};{mali:malik/1v}{ga:gaq/1vn}{ssaq:ksaq/1nn};{mali:malik/1v}{ga:gaq/2vv}{ssaq:ksaq/1vn},False,False,False,False,False,
hansard,maligatigut,{maliga:maligaq/1n}{tigut:tigut/tn-via-p},False,,False,True,False,False,False,See comment for 'kiinaujatigut'
hansard,maligatsait,{mali:malik/1v}{ga:gaq/1vn}{tsa:ksaq/1nn}{it:it/tn-nom-p},False,{maliga:maligaq/1n}{tsa:ksaq/1nn}{it:it/tn-nom-p};{maliga:maligaq/1n}{tsa:ksaq/1nn}{it:it/tn-gen-p};{maliga:maligaq/1n}{tsa:ksaq/1nn}{it:it/tn-nom-s-2s};{mali:malik/1v}{ga:gaq/1vn}{tsa:ksaq/1nn}{it:it/tn-nom-p};{mali:malik/1v}{ga:gaq/2vv}{tsa:ksaq/1vn}{it:it/tn-nom-p};{mali:malik/1v}{ga:gaq/1vn}{tsa:ksaq/1nn}{it:it/tn-gen-p};{mali:malik/1v}{ga:gaq/2vv}{tsa:ksaq/1vn}{it:it/tn-gen-p};{mali:malik/1v}{ga:gaq/1vn}{tsa:ksaq/1nn}{it:it/tn-nom-s-2s};{mali:malik/1v}{ga:gaq/2vv}{tsa:ksaq/1vn}{it:it/tn-nom-s-2s},False,False,False,False,False,
hansard,maligatsaq,{mali:malik/1v}{ga:gaq/1vn}{tsaq:ksaq/1nn},False,{maliga:maligaq/1n}{tsaq:ksaq/1nn};{mali:malik/1v}{ga:gaq/1vn}{tsaq:ksaq/1nn};{mali:malik/1v}{ga:gaq/2vv}{tsaq:ksaq/1vn},False,False,False,False,False,
hansard,maligaujuq,{mali:malik/1v}{ga:gaq/1vn}{u:u/1nv}{juq:juq/1vn},False,{maliga:maligaq/1n}{u:u/1nv}{juq:juq/1vn};{maliga:maligaq/1n}{u:u/1nv}{juq:juq/tv-ger-3s};{mali:malik/1v}{ga:gaq/1vn}{u:u/1nv}{juq:juq/1vn};{mali:malik/1v}{ga:gaq/1vn}{u:u/1nv}{juq:juq/tv-ger-3s},False,False,False,False,False,
hansard,maligaup,{mali:malik/1v}{ga:gaq/1vn}{up:up/tn-gen-s},False,{maliga:maligaq/1n}{up:up/tn-gen-s};{maliga:maligaq/1n}{u:ut/2nn}{p:up/tn-gen-s};{mali:malik/1v}{ga:gaq/1vn}{up:up/tn-gen-s};{mali:malik/1v}{ga:gaq/1vn}{u:ut/2nn}{p:up/tn-gen-s};{mali:malik/1v}{ga:gaq/2vv}{u:ut/1vn}{p:up/tn-gen-s},False,False,False,False,False,
hansard,maliglugit,{malig:malik/1v}{lugit:lugit/tv-part-1s-3p-fut},False,{malig:malik/1v}{lugit:lugit/tv-part-1s-3p-fut};{malig:malik/1v}{lugit:lugit/tv-part-2s-3p-fut};{malig:malik/1v}{lugit:lugit/tv-part-4s-3p-fut};{malig:malik/1v}{lugit:lugit/tv-part-1d-3p-fut};{malig:malik/1v}{lugit:lugit/tv-part-2d-3p-fut};{malig:malik/1v}{lugit:lugit/tv-part-4d-3p-fut};{malig:malik/1v}{lugit:lugit/tv-part-1p-3p-fut};{malig:malik/1v}{lugit:lugit/tv-part-2p-3p-fut};{malig:malik/1v}{lugit:lugit/tv-part-4p-3p-fut},False,False,False,False,False,
hansard,maliktugit,{malik:malik/1v}{tugit:lugit/tv-part-1s-3p-prespas},False,{malik:malik/1v}{tugit:lugit/tv-part-1s-3p-prespas};{malik:malik/1v}{tugit:lugit/tv-part-2s-3p-prespas};{malik:malik/1v}{tugit:lugit/tv-part-4s-3p-prespas};{malik:malik/1v}{tugit:lugit/tv-part-1d-3p-prespas};{malik:malik/1v}{tugit:lugit/tv-part-2d-3p-prespas};{malik:malik/1v}{tugit:lugit/tv-part-4d-3p-prespas};{malik:malik/1v}{tugit:lugit/tv-part-1p-3p-prespas};{malik:malik/1v}{tugit:lugit/tv-part-2p-3p-prespas};{malik:malik/1v}{tugit:lugit/tv-part-4p-3p-prespas},False,False,False,False,False,
hansard,malillugit,{malil:malik/1v}{lugit:lugit/tv-part-1s-3p-fut},False,{malil:malik/1v}{lugit:lugit/tv-part-1s-3p-fut};{malil:malik/1v}{lugit:lugit/tv-part-2s-3p-fut};{malil:malik/1v}{lugit:lugit/tv-part-4s-3p-fut};{malil:malik/1v}{lugit:lugit/tv-part-1d-3p-fut};{malil:malik/1v}{lugit:lugit/tv-part-2d-3p-fut};{malil:malik/1v}{lugit:lugit/tv-part-4d-3p-fut};{malil:malik/1v}{lugit:lugit/tv-part-1p-3p-fut};{malil:malik/1v}{lugit:lugit/tv-part-2p-3p-fut};{malil:malik/1v}{lugit:lugit/tv-part-4p-3p-fut},False,False,False,False,False,
hansard,malillugu,{malil:malik/1v}{lugu:lugu/tv-part-1s-3s-fut},False,{malil:malik/1v}{lugu:lugu/tv-part-1s-3s-fut};{malil:malik/1v}{lugu:lugu/tv-part-2s-3s-fut};{malil:malik/1v}{lugu:lugu/tv-part-4s-3s-fut};{malil:malik/1v}{lugu:lugu/tv-part-1d-3s-fut};{malil:malik/1v}{lugu:lugu/tv-part-2d-3s-fut};{malil:malik/1v}{lugu:lugu/tv-part-4d-3s-fut};{malil:malik/1v}{lugu:lugu/tv-part-1p-3s-fut};{malil:malik/1v}{lugu:lugu/tv-part-2p-3s-fut};{malil:malik/1v}{lugu:lugu/tv-part-4p-3s-fut},False,False,False,False,False,
hansard,malittugit,{malit:malik/1v}{tugit:lugit/tv-part-1s-3p-prespas},False,{malit:malik/1v}{tugit:lugit/tv-part-1s-3p-prespas};{malit:malik/1v}{tugit:lugit/tv-part-2s-3p-prespas};{malit:malik/1v}{tugit:lugit/tv-part-4s-3p-prespas};{malit:malik/1v}{tugit:lugit/tv-part-1d-3p-prespas};{malit:malik/1v}{tugit:lugit/tv-part-2d-3p-prespas};{malit:malik/1v}{tugit:lugit/tv-part-4d-3p-prespas};{malit:malik/1v}{tugit:lugit/tv-part-1p-3p-prespas};{malit:malik/1v}{tugit:lugit/tv-part-2p-3p-prespas};{malit:malik/1v}{tugit:lugit/tv-part-4p-3p-prespas},False,False,False,False,False,
hansard,malittugu,{malit:malik/1v}{tugu:lugu/tv-part-1s-3s-prespas},False,{malit:malik/1v}{tugu:lugu/tv-part-1s-3s-prespas};{malit:malik/1v}{tugu:lugu/tv-part-2s-3s-prespas};{malit:malik/1v}{tugu:lugu/tv-part-4s-3s-prespas};{malit:malik/1v}{tugu:lugu/tv-part-1d-3s-prespas};{malit:malik/1v}{tugu:lugu/tv-part-2d-3s-prespas};{malit:malik/1v}{tugu:lugu/tv-part-4d-3s-prespas};{malit:malik/1v}{tugu:lugu/tv-part-1p-3s-prespas};{malit:malik/1v}{tugu:lugu/tv-part-2p-3s-prespas};{malit:malik/1v}{tugu:lugu/tv-part-4p-3s-prespas};{malit:malik/1v}{tugu:juguk/tv-ger-1d};{malit:malik/1v}{tugu:jugut/tv-ger-1p},False,False,False,False,False,
hansard,mamianaq,{mamia:mamiak/1v}{naq:naq/2vn},False,{mamia:mamiak/1v}{naq:naq/2vn};{mami:mamit/2v}{a:a/1vv}{naq:naq/2vn};{mami:mamik/1v}{a:a/1vv}{naq:naq/2vn},False,False,False,False,False,
hansard,mamiappunga,{mamiap:mamiak/1v}{punga:vunga/tv-dec-1s},False,{mamiap:mamiak/1v}{punga:vunga/tv-dec-1s};{mamiap:mamiak/1v}{punga:vunga/tv-int-1s};{mamia:mamiak/1v}{p:t/1vv}{punga:vunga/tv-dec-1s};{mamia:mamiak/1v}{p:t/1vv}{punga:vunga/tv-int-1s},False,False,False,False,False,
hansard,maniittuq,[decomposition:/maniittuq(maniittuq)/],False,,False,False,False,False,True,
hansard,manna,{manna:manna/pd-ml-s},False,{manna:manna/pd-ml-s},False,False,False,False,False,
hansard,mannaujuq,{manna:manna/pd-ml-s}{u:u/1nv}{juq:juq/1vn},False,{manna:manna/pd-ml-s}{u:u/1nv}{juq:juq/1vn};{manna:manna/pd-ml-s}{u:u/1nv}{juq:juq/tv-ger-3s},False,False,False,False,False,
hansard,mappigaq,{mappi:makpiq/1v}{gaq:gaq/1vn},False,{mappi:makpiq/1v}{gaq:gaq/1vn},False,False,False,False,False,
hansard,mappiqtugaq,{mappiq:makpiq/1v}{tu:tuq/1vv}{gaq:gaq/1vn},False,{mappiq:makpiq/1v}{tu:tuq/1vv}{gaq:gaq/1vn},False,False,False,False,False,
hansard,marrunnik,{marrun:marruuk/1n}{nik:nik/tn-acc-p},False,,True,False,False,False,False,
hansard,marruuk,{marruuk:marruuk/1n},False,{marruuk:marruuk/1n};{marruu:marruuk/1n}{k:k/tn-nom-d};{marruu:marruuk/1n}{k:k/tn-gen-d};{marru:marru/1n}{uk:k/tn-nom-d};{marru:marru/1n}{uk:k/tn-gen-d},False,False,False,False,False,
hansard,marruunni,{marruun:marruuk/1n}{ni:ni/tn-loc-p},False,{marruun:marruuk/1n}{ni:ni/tn-loc-p};{marruu:marruuk/1n}{nni:mni/tn-loc-s-1s};{marruu:marruuk/1n}{nni:mni/tn-loc-d-1s};{marruu:marruuk/1n}{nni:mni/tn-loc-p-1s};{marruu:marruuk/1n}{nni:ngni/tn-loc-d};{marruu:marruuk/1n}{nni:ngni/tn-loc-s-2s};{marruu:marruuk/1n}{nni:ngni/tn-loc-d-2s};{marruu:marruuk/1n}{nni:ngni/tn-loc-p-2s};{marruu:marruuk/1n}{nni:ngni/tn-nom-d-3s};{marru:marru/1n}{unni:mni/tn-loc-d-1s};{marru:marru/1n}{unni:ngni/tn-loc-d};{marru:marru/1n}{unni:ngni/tn-loc-d-2s};{marru:marru/1n}{unni:ngni/tn-nom-d-3s};{marru:marru/1n}{un:ut/2nn}{ni:ni/tn-loc-p};{marruun:marruuk/1n}{ni:nik/tn-acc-p};{marruun:marruuk/1n}{ni:nit/tn-abl-p};{marruu:marruuk/1n}{nni:mnik/tn-acc-s-1s};{marruu:marruuk/1n}{nni:mnik/tn-acc-d-1s};{marruu:marruuk/1n}{nni:mnik/tn-acc-p-1s};{marruu:marruuk/1n}{nni:mnit/tn-abl-s-1s};{marruu:marruuk/1n}{nni:mnit/tn-abl-d-1s};{marruu:marruuk/1n}{nni:mnit/tn-abl-p-1s};{marruu:marruuk/1n}{nni:ngnik/tn-acc-d};{marruu:marruuk/1n}{nni:ngnik/tn-acc-s-2s};{marruu:marruuk/1n}{nni:ngnik/tn-acc-d-2s};{marruu:marruuk/1n}{nni:ngnik/tn-acc-p-2s};{marruu:marruuk/1n}{nni:ngnit/tn-abl-d};{marruu:marruuk/1n}{nni:ngnit/tn-abl-s-2s};{marruu:marruuk/1n}{nni:ngnit/tn-abl-d-2s};{marruu:marruuk/1n}{nni:ngnit/tn-abl-p-2s};{marru:marru/1n}{unni:mnik/tn-acc-d-1s};{marru:marru/1n}{unni:mnit/tn-abl-d-1s};{marru:marru/1n}{unni:ngnik/tn-acc-d};{marru:marru/1n}{unni:ngnik/tn-acc-d-2s};{marru:marru/1n}{unni:ngnit/tn-abl-d};{marru:marru/1n}{unni:ngnit/tn-abl-d-2s};{marru:marru/1n}{un:ut/2nn}{ni:nik/tn-acc-p};{marru:marru/1n}{un:ut/2nn}{ni:nit/tn-abl-p},False,False,False,False,False,
hansard,marruunnik,{marruun:marruuk/1n}{nik:nik/tn-acc-p},False,{marruun:marruuk/1n}{nik:nik/tn-acc-p};{marruu:marruuk/1n}{nnik:mnik/tn-acc-s-1s};{marruu:marruuk/1n}{nnik:mnik/tn-acc-d-1s};{marruu:marruuk/1n}{nnik:mnik/tn-acc-p-1s};{marruu:marruuk/1n}{nnik:ngnik/tn-acc-d};{marruu:marruuk/1n}{nnik:ngnik/tn-acc-s-2s};{marruu:marruuk/1n}{nnik:ngnik/tn-acc-d-2s};{marruu:marruuk/1n}{nnik:ngnik/tn-acc-p-2s};{marru:marru/1n}{unnik:mnik/tn-acc-d-1s};{marru:marru/1n}{unnik:ngnik/tn-acc-d};{marru:marru/1n}{unnik:ngnik/tn-acc-d-2s};{marru:marru/1n}{un:ut/2nn}{nik:nik/tn-acc-p},False,False,False,False,False,
hansard,mataam,{mataam:mataam/1n},False,{mataam:mataam/1n},False,False,False,False,False,
hansard,matuiqsinirmut,{matu:matu/1n}{iq:iq/1nv}{si:si/1vv}{nir:niq/2vn}{mut:mut/tn-dat-s},False,{matu:matu/1n}{iq:iq/1nv}{si:si/1vv}{nir:niq/2vn}{mut:mut/tn-dat-s};{matu:matu/1n}{iq:iq/1nv}{si:si/2vv}{nir:niq/2vn}{mut:mut/tn-dat-s};{matu:matu/1n}{iq:iq/1nv}{si:siq/1vv}{nir:niq/2vn}{mut:mut/tn-dat-s},False,False,False,False,False,
hansard,matuiqtauninga,{matu:matu/1n}{iq:iq/1nv}{ta:jaq/1vn}{u:u/1nv}{ni:niq/2vn}{nga:nga/tn-nom-s-4s},False,{matu:matu/1n}{iq:it/2nv}{ta:jaq/1vn}{u:u/1nv}{ni:niq/2vn}{nga:nga/tn-nom-s-4s};{matu:matu/1n}{iq:iq/1nv}{ta:jaq/1vn}{u:u/1nv}{ni:niq/2vn}{nga:nga/tn-nom-s-4s};{matu:matu/1n}{iq:it/2nv}{ta:taq/1vv}{u:uq/3vv}{ni:niq/2vn}{nga:nga/tn-nom-s-4s};{matu:matu/1n}{iq:iq/1nv}{ta:taq/1vv}{u:uq/3vv}{ni:niq/2vn}{nga:nga/tn-nom-s-4s};{matu:matu/1n}{iq:it/2nv}{ta:jaq/1vn}{u:u/1nv}{ni:niq/2vn}{nga:ngak/tn-nom-s-4d};{matu:matu/1n}{iq:iq/1nv}{ta:jaq/1vn}{u:u/1nv}{ni:niq/2vn}{nga:ngak/tn-nom-s-4d};{matu:matu/1n}{iq:it/2nv}{ta:taq/1vv}{u:uq/3vv}{ni:niq/2vn}{nga:ngak/tn-nom-s-4d};{matu:matu/1n}{iq:iq/1nv}{ta:taq/1vv}{u:uq/3vv}{ni:niq/2vn}{nga:ngak/tn-nom-s-4d};{matu:matu/1n}{iq:it/2nv}{ta:jaq/1vn}{u:u/1nv}{ni:niq/2vn}{nga:ngat/tn-nom-s-4p};{matu:matu/1n}{iq:iq/1nv}{ta:jaq/1vn}{u:u/1nv}{ni:niq/2vn}{nga:ngat/tn-nom-s-4p};{matu:matu/1n}{iq:it/2nv}{ta:taq/1vv}{u:uq/3vv}{ni:niq/2vn}{nga:ngat/tn-nom-s-4p};{matu:matu/1n}{iq:iq/1nv}{ta:taq/1vv}{u:uq/3vv}{ni:niq/2vn}{nga:ngat/tn-nom-s-4p},False,False,False,False,False,
hansard,matuirutimut,{matu:matu/1n}{i:iq/1nv}{ruti:ut/1vn}{mut:mut/tn-dat-s},False,{matu:matu/1n}{i:iq/1nv}{ruti:jjut/1vn}{mut:mut/tn-dat-s};{matu:matu/1n}{i:iq/1nv}{ruti:ut/1vn}{mut:mut/tn-dat-s};{matu:matu/1n}{i:iq/1nv}{rut:jjut/1vn}{imut:mut/tn-dat-s};{matu:matu/1n}{i:iq/1nv}{rut:ut/1vn}{imut:mut/tn-dat-s},False,False,False,False,False,
hansard,miksaanut,{miksa:miksa/1n}{anut:nganut/tn-dat-s-4s},False,{miksa:miksa/1n}{anut:ngnut/tn-dat-d};{miksa:miksa/1n}{anut:ngnut/tn-dat-d-2s};{miksa:miksa/1n}{anut:mnut/tn-dat-d-1s};{miksa:miksa/1n}{anut:nganut/tn-dat-s-4s};{mi:mik/1v}{ksa:ksaq/1vn}{anut:ngnut/tn-dat-d};{mi:mik/1v}{ksa:ksaq/1vn}{anut:ngnut/tn-dat-d-2s};{mi:mik/1v}{ksa:ksaq/1vn}{anut:mnut/tn-dat-d-1s};{mi:mik/1v}{ksa:ksaq/1vn}{anut:nganut/tn-dat-s-4s},False,False,False,False,False,
hansard,milian,{milian:miliat/1n},False,,False,False,True,False,False,One of the many iu renderings for 'million'
hansard,milianik,{milia:milian/1n}{nik:nik/tn-acc-p},False,,False,False,True,False,False,One of the many iu renderings for 'million'
hansard,milianit,{milia:milian/1n}{nit:nit/tn-abl-p},False,,False,True,False,False,False,See comment for 'milianik'
hansard,minisitaujuq,{minisita:minista/1n}{u:u/1nv}{juq:juq/1vn},False,{minisita:minista/1n}{u:u/1nv}{juq:juq/1vn};{minisita:minista/1n}{u:u/1nv}{juq:juq/tv-ger-3s};{mini:minit/1n}{si:liq/2nv}{ta:jaq/1vn}{u:u/1nv}{juq:juq/1vn};{mini:minit/1n}{si:liq/2nv}{ta:jaq/1vn}{u:u/1nv}{juq:juq/tv-ger-3s};{mini:mini/1v}{si:siq/1vv}{ta:jaq/1vn}{u:u/1nv}{juq:juq/1vn};{mini:mini/1v}{si:siq/1vv}{ta:jaq/1vn}{u:u/1nv}{juq:juq/tv-ger-3s},False,False,False,False,False,
hansard,minista,{minista:minista/1n},False,{minista:minista/1n},False,False,False,False,False,
hansard,ministaa,{minista:minista/1n}{a:k/tn-nom-d},False,{minista:minista/1n}{a:nga/tn-nom-s-4s};{minista:minista/1n}{a:k/tn-nom-d};{minista:minista/1n}{a:k/tn-gen-d},False,False,False,False,False,
hansard,ministait,{minista:minista/1n}{it:it/tn-nom-p},False,{minista:minista/1n}{it:it/tn-nom-p};{minista:minista/1n}{it:it/tn-gen-p};{minista:minista/1n}{it:it/tn-nom-s-2s},False,False,False,False,False,
hansard,ministamik,{minista:minista/1n}{mik:mik/tn-acc-s},False,{minista:minista/1n}{mik:mik/tn-acc-s};{minista:minista/1n}{mik:mik/tn-gen-s-3d};{minista:minista/1n}{mik:mik/tn-gen-p-3d};{minista:minista/1n}{mik:mik/tn-gen-s-3p};{minista:minista/1n}{mik:mik/tn-gen-p-3p},False,False,False,False,False,
hansard,ministamut,{minista:minista/1n}{mut:mut/tn-dat-s},False,{minista:minista/1n}{mut:mut/tn-dat-s},False,False,False,False,False,
hansard,ministanga,{minista:minista/1n}{nga:nga/tn-nom-s-4s},False,{minista:minista/1n}{nga:nga/tn-nom-s-4s};{minista:minista/1n}{nga:ngak/tn-nom-s-4d};{minista:minista/1n}{nga:ngat/tn-nom-s-4p},False,False,False,False,False,
hansard,ministangannut,{minista:minista/1n}{ngannut:ngannut/tn-dat-s-4p},False,{minista:minista/1n}{ngannut:ngannut/tn-dat-s-4p};{minista:minista/1n}{ngannut:ngangnut/tn-dat-s-4d},False,False,False,False,False,
hansard,ministangat,{minista:minista/1n}{ngat:ngat/tn-nom-s-4p},False,{minista:minista/1n}{ngat:ngat/tn-nom-s-4p},False,False,False,False,False,
hansard,ministanut,{minista:minista/1n}{nut:nut/tn-dat-p},False,{minista:minista/1n}{nut:nut/tn-dat-p};{minista:minista/1n}{nut:ngnut/tn-dat-s-2s};{minista:minista/1n}{nut:ngnut/tn-dat-p-2s};{minista:minista/1n}{nut:mnut/tn-dat-s-1s};{minista:minista/1n}{nut:mnut/tn-dat-p-1s},False,False,False,False,False,
hansard,ministau,{minista:minista/1n}{u:up/tn-gen-s},False,{minista:minista/1n}{u:up/tn-gen-s};{minista:minista/1n}{u:ut/2nn};{minista:minista/1n}{u:ut/2nn}{:up/tn-gen-s},False,False,False,False,False,
hansard,ministaujuq,{minista:minista/1n}{u:u/1nv}{juq:juq/1vn},False,{minista:minista/1n}{u:u/1nv}{juq:juq/1vn};{minista:minista/1n}{u:u/1nv}{juq:juq/tv-ger-3s},False,False,False,False,False,
hansard,ministaujut,{minista:minista/1n}{u:u/1nv}{jut:jut/tv-ger-3p},False,{minista:minista/1n}{u:u/1nv}{jut:jut/tv-ger-3p};{minista:minista/1n}{u:u/1nv}{jut:jjut/1vn};{minista:minista/1n}{u:u/1nv}{jut:ut/1vn},False,False,False,False,False,
hansard,ministaullunga,{minista:minista/1n}{u:u/1nv}{llunga:lunga/tv-part-1s-prespas},False,{minista:minista/1n}{u:u/1nv}{llunga:lunga/tv-part-1s-prespas};{minista:minista/1n}{u:u/1nv}{llunga:lunga/tv-part-2s-1s-prespas};{minista:minista/1n}{u:u/1nv}{llunga:lunga/tv-part-4s-1s-prespas};{minista:minista/1n}{u:u/1nv}{llunga:lunga/tv-part-2d-1s-prespas};{minista:minista/1n}{u:u/1nv}{llunga:lunga/tv-part-4d-1s-prespas};{minista:minista/1n}{u:u/1nv}{llunga:lunga/tv-part-2p-1s-prespas};{minista:minista/1n}{u:u/1nv}{llunga:lunga/tv-part-4p-1s-prespas},False,False,False,False,False,
hansard,ministaup,{minista:minista/1n}{up:up/tn-gen-s},False,{minista:minista/1n}{up:up/tn-gen-s};{minista:minista/1n}{u:ut/2nn}{p:up/tn-gen-s},False,False,False,False,False,
hansard,mis,{mis:mis/1n},False,{mis:mis/1n},False,False,False,False,False,
hansard,missaanut,{missa:miksa/1n}{anut:nganut/tn-dat-s-4s},False,{missa:miksa/1n}{anut:ngnut/tn-dat-d};{missa:miksa/1n}{anut:ngnut/tn-dat-d-2s};{missa:miksa/1n}{anut:mnut/tn-dat-d-1s};{missa:miksa/1n}{anut:nganut/tn-dat-s-4s};{mi:mik/1v}{ssa:ksaq/1vn}{anut:ngnut/tn-dat-d};{mi:mik/1v}{ssa:ksaq/1vn}{anut:ngnut/tn-dat-d-2s};{mi:mik/1v}{ssa:ksaq/1vn}{anut:mnut/tn-dat-d-1s};{mi:mik/1v}{ssa:ksaq/1vn}{anut:nganut/tn-dat-s-4s},False,False,False,False,False,
hansard,mista,{mista:mista/1n},False,{mista:mista/1n},False,False,False,False,False,
hansard,mistu,{mistu:mista/1n},False,{mistu:mista/1n},False,False,False,False,False,
hansard,mitsaanut,{mitsa:miksa/1n}{anut:nganut/tn-dat-s-4s},False,{mitsa:miksa/1n}{anut:ngnut/tn-dat-d};{mitsa:miksa/1n}{anut:ngnut/tn-dat-d-2s};{mitsa:miksa/1n}{anut:mnut/tn-dat-d-1s};{mitsa:miksa/1n}{anut:nganut/tn-dat-s-4s};{mit:mik/1v}{sa:jaq/1vn}{anut:ngnut/tn-dat-d};{mi:mik/1v}{tsa:ksaq/1vn}{anut:ngnut/tn-dat-d};{mit:mik/1v}{sa:jaq/1vn}{anut:ngnut/tn-dat-d-2s};{mi:mik/1v}{tsa:ksaq/1vn}{anut:ngnut/tn-dat-d-2s};{mit:mik/1v}{sa:jaq/1vn}{anut:mnut/tn-dat-d-1s};{mi:mik/1v}{tsa:ksaq/1vn}{anut:mnut/tn-dat-d-1s};{mit:mik/1v}{sa:jaq/1vn}{anut:nganut/tn-dat-s-4s};{mi:mik/1v}{tsa:ksaq/1vn}{anut:nganut/tn-dat-s-4s},False,False,False,False,False,
hansard,mittimatalimmi,{mittimatalim:mittimatalik/1n}{mi:mi/tn-loc-s},False,{mittimatalim:mittimatalik/1n}{mi:mi/tn-loc-s};{mittimatalim:mittimatalik/1n}{mi:ni/tn-loc-p};{mittimatali:mittimatalik/1n}{mmi:mi/tn-gen-s-3s};{mittimatali:mittimatalik/1n}{mmi:mi/tn-gen-p-3s};{mittimatalim:mittimatalik/1n}{mi:mik/tn-acc-s};{mittimatalim:mittimatalik/1n}{mi:mit/tn-abl-s};{mittimatali:mittimatalik/1n}{mmi:mik/tn-gen-s-3d};{mittimatali:mittimatalik/1n}{mmi:mik/tn-gen-p-3d};{mittimatali:mittimatalik/1n}{mmi:mik/tn-gen-s-3p};{mittimatali:mittimatalik/1n}{mmi:mik/tn-gen-p-3p},False,False,False,False,False,
hansard,mittimatalingmi,{mittimataling:mittimatalik/1n}{mi:mi/tn-loc-s},False,{mittimataling:mittimatalik/1n}{mi:mi/tn-loc-s};{mittimatali:mittimatalik/1n}{ngmi:mi/tn-gen-s-3s};{mittimatali:mittimatalik/1n}{ngmi:mi/tn-gen-p-3s};{mittimataling:mittimatalik/1n}{mi:mik/tn-acc-s};{mittimataling:mittimatalik/1n}{mi:mit/tn-abl-s};{mittimatali:mittimatalik/1n}{ngmi:mik/tn-gen-s-3d};{mittimatali:mittimatalik/1n}{ngmi:mik/tn-gen-p-3d};{mittimatali:mittimatalik/1n}{ngmi:mik/tn-gen-s-3p};{mittimatali:mittimatalik/1n}{ngmi:mik/tn-gen-p-3p},False,False,False,False,False,
hansard,naalautikkut,{naala:naalak/1v}{uti:ut/1vn}{kkut:kkut/1nn},False,{naalauti:naalaut/1n}{kkut:kkut/1nn};{naalauti:naalaut/1n}{kkut:kkut/tn-via-s};{naalauti:naalaut/1n}{kkut:kkut/tn-via-s-2s};{naalauti:naalaut/1n}{kkut:pkut/tn-via-s-1s};{naalauti:naalaut/1n}{kkut:pkut/tn-via-p-1s};{naalaut:naalaut/1n}{ikkut:kkut/tn-via-s};{naalaut:naalaut/1n}{ikkut:kkut/tn-via-s-2s};{naalaut:naalaut/1n}{ikkut:pkut/tn-via-s-1s};{naalaut:naalaut/1n}{ikkut:pkut/tn-via-p-1s};{naala:naalak/1v}{uti:ut/1vn}{kkut:kkut/1nn};{naala:naalak/1v}{uti:ut/1vn}{kkut:kkut/tn-via-s};{naala:naalak/1v}{uti:ut/1vn}{kkut:kkut/tn-via-s-2s};{naala:naalak/1v}{uti:ut/1vn}{kkut:pkut/tn-via-s-1s};{naala:naalak/1v}{uti:ut/1vn}{kkut:pkut/tn-via-p-1s};{naala:naalak/1v}{ut:ut/1vn}{ikkut:kkut/tn-via-s};{naala:naalak/1v}{ut:ut/1vn}{ikkut:kkut/tn-via-s-2s};{naala:naalak/1v}{ut:ut/1vn}{ikkut:pkut/tn-via-s-1s};{naala:naalak/1v}{ut:ut/1vn}{ikkut:pkut/tn-via-p-1s};{naa:naat/1v}{la:laaq/2vv}{uti:ut/1vn}{kkut:kkut/1nn};{naa:naat/1v}{la:laaq/2vv}{uti:ut/1vn}{kkut:kkut/tn-via-s};{naa:naat/1v}{la:laaq/2vv}{uti:ut/1vn}{kkut:kkut/tn-via-s-2s};{naa:naat/1v}{la:laaq/2vv}{uti:ut/1vn}{kkut:pkut/tn-via-s-1s};{naa:naat/1v}{la:laaq/2vv}{uti:ut/1vn}{kkut:pkut/tn-via-p-1s};{naa:naat/1v}{la:laaq/2vv}{ut:ut/1vn}{ikkut:kkut/tn-via-s};{naa:naat/1v}{la:laaq/2vv}{ut:ut/1vn}{ikkut:kkut/tn-via-s-2s};{naa:naat/1v}{la:laaq/2vv}{ut:ut/1vn}{ikkut:pkut/tn-via-s-1s};{naa:naat/1v}{la:laaq/2vv}{ut:ut/1vn}{ikkut:pkut/tn-via-p-1s};{naa:naa/1v}{la:laaq/2vv}{uti:ut/1vn}{kkut:kkut/1nn};{naa:naa/1v}{la:laaq/2vv}{uti:ut/1vn}{kkut:kkut/tn-via-s};{naa:naa/1v}{la:laaq/2vv}{uti:ut/1vn}{kkut:kkut/tn-via-s-2s};{naa:naa/1v}{la:laaq/2vv}{uti:ut/1vn}{kkut:pkut/tn-via-s-1s};{naa:naa/1v}{la:laaq/2vv}{uti:ut/1vn}{kkut:pkut/tn-via-p-1s};{naa:naa/1v}{la:laaq/2vv}{ut:ut/1vn}{ikkut:kkut/tn-via-s};{naa:naa/1v}{la:laaq/2vv}{ut:ut/1vn}{ikkut:kkut/tn-via-s-2s};{naa:naa/1v}{la:laaq/2vv}{ut:ut/1vn}{ikkut:pkut/tn-via-s-1s};{naa:naa/1v}{la:laaq/2vv}{ut:ut/1vn}{ikkut:pkut/tn-via-p-1s},False,False,False,False,False,
hansard,naammappuq,{naammap:naamak/1v}{puq:vuq/tv-dec-3s},False,{naammap:naamak/1v}{puq:vuq/tv-dec-3s},False,False,False,False,False,
hansard,naammasaqtuit,{naamma:naamak/1v}{saq:ksaq/2vv}{tu:juq/1vn}{it:it/tn-nom-p},False,{naamma:naamak/1v}{saq:saq/1vv}{tu:juq/1vn}{it:it/tn-nom-p};{naamma:naamak/1v}{saq:ksaq/2vv}{tu:juq/1vn}{it:it/tn-nom-p};{naamma:naamak/1v}{saq:saq/1vv}{tu:juq/1vn}{it:it/tn-gen-p};{naamma:naamak/1v}{saq:ksaq/2vv}{tu:juq/1vn}{it:it/tn-gen-p};{naamma:naamak/1v}{saq:saq/1vv}{tu:juq/1vn}{it:it/tn-nom-s-2s};{naamma:naamak/1v}{saq:ksaq/2vv}{tu:juq/1vn}{it:it/tn-nom-s-2s},False,False,False,False,False,
hansard,naammasaqtut,{naamma:naamak/1v}{saq:ksaq/2vv}{tut:jut/tv-ger-3p},False,{naamma:naamak/1v}{saq:ksaq/1vn}{tut:tut/tn-sim-s};{naamma:naamak/1v}{saq:saq/1vv}{tut:jut/tv-ger-3p};{naamma:naamak/1v}{saq:ksaq/2vv}{tut:jut/tv-ger-3p},False,False,False,False,False,
hansard,naansi,[decomposition:/naansi(naansi)/],False,,False,False,False,False,True,
hansard,naasautaa,{naasa:naasaq/1v}{uta:ut/1vn}{a:nga/tn-nom-s-4s},False,{naasa:naasaq/1v}{uta:ut/1vn}{a:nga/tn-nom-s-4s};{naa:naat/1v}{sa:saq/1vv}{uta:ut/1vn}{a:nga/tn-nom-s-4s};{naa:naat/1v}{sa:saaq/1vv}{uta:ut/1vn}{a:nga/tn-nom-s-4s};{naa:naa/1v}{sa:saq/1vv}{uta:ut/1vn}{a:nga/tn-nom-s-4s};{naa:naa/1v}{sa:saaq/1vv}{uta:ut/1vn}{a:nga/tn-nom-s-4s};{naasa:naasaq/1v}{uta:ut/1vn}{a:k/tn-nom-d};{naasa:naasaq/1v}{uta:ut/1vn}{a:k/tn-gen-d};{naa:naat/1v}{sa:saq/1vv}{uta:ut/1vn}{a:k/tn-nom-d};{naa:naat/1v}{sa:saaq/1vv}{uta:ut/1vn}{a:k/tn-nom-d};{naa:naat/1v}{sa:saq/1vv}{uta:ut/1vn}{a:k/tn-gen-d};{naa:naat/1v}{sa:saaq/1vv}{uta:ut/1vn}{a:k/tn-gen-d};{naa:naa/1v}{sa:saq/1vv}{uta:ut/1vn}{a:k/tn-nom-d};{naa:naa/1v}{sa:saaq/1vv}{uta:ut/1vn}{a:k/tn-nom-d};{naa:naa/1v}{sa:saq/1vv}{uta:ut/1vn}{a:k/tn-gen-d};{naa:naa/1v}{sa:saaq/1vv}{uta:ut/1vn}{a:k/tn-gen-d},False,False,False,False,False,
hansard,naasautiit,{naasa:naasaq/1v}{uti:ut/1vn}{it:it/tn-nom-p},False,{naasa:naasaq/1v}{uti:ut/1vn}{it:it/tn-nom-p};{naasa:naasaq/1v}{uti:ut/1vn}{it:it/tn-gen-p};{naasa:naasaq/1v}{uti:ut/1vn}{it:it/tn-nom-s-2s};{naasa:naasaq/1v}{ut:ut/1vn}{iit:it/tn-nom-s-2s};{naa:naat/1v}{sa:saq/1vv}{uti:ut/1vn}{it:it/tn-nom-p};{naa:naat/1v}{sa:saaq/1vv}{uti:ut/1vn}{it:it/tn-nom-p};{naa:naat/1v}{sa:saq/1vv}{uti:ut/1vn}{it:it/tn-gen-p};{naa:naat/1v}{sa:saaq/1vv}{uti:ut/1vn}{it:it/tn-gen-p};{naa:naat/1v}{sa:saq/1vv}{uti:ut/1vn}{it:it/tn-nom-s-2s};{naa:naat/1v}{sa:saaq/1vv}{uti:ut/1vn}{it:it/tn-nom-s-2s};{naa:naat/1v}{sa:saq/1vv}{ut:ut/1vn}{iit:it/tn-nom-s-2s};{naa:naat/1v}{sa:saaq/1vv}{ut:ut/1vn}{iit:it/tn-nom-s-2s};{naa:naa/1v}{sa:saq/1vv}{uti:ut/1vn}{it:it/tn-nom-p};{naa:naa/1v}{sa:saaq/1vv}{uti:ut/1vn}{it:it/tn-nom-p};{naa:naa/1v}{sa:saq/1vv}{uti:ut/1vn}{it:it/tn-gen-p};{naa:naa/1v}{sa:saaq/1vv}{uti:ut/1vn}{it:it/tn-gen-p};{naa:naa/1v}{sa:saq/1vv}{uti:ut/1vn}{it:it/tn-nom-s-2s};{naa:naa/1v}{sa:saaq/1vv}{uti:ut/1vn}{it:it/tn-nom-s-2s};{naa:naa/1v}{sa:saq/1vv}{ut:ut/1vn}{iit:it/tn-nom-s-2s};{naa:naa/1v}{sa:saaq/1vv}{ut:ut/1vn}{iit:it/tn-nom-s-2s},False,False,False,False,False,
hansard,naasautik,{naasa:naasaq/1v}{utik:ut/1vn},False,{naasa:naasaq/1v}{utik:ut/1vn};{naa:naat/1v}{sa:saq/1vv}{utik:ut/1vn};{naa:naat/1v}{sa:saaq/1vv}{utik:ut/1vn};{naa:naa/1v}{sa:saq/1vv}{utik:ut/1vn};{naa:naa/1v}{sa:saaq/1vv}{utik:ut/1vn},False,False,False,False,False,
hansard,naasautilik,{naasa:naasaq/1v}{uti:ut/1vn}{lik:lik/1nn},False,{naasa:naasaq/1v}{uti:ut/1vn}{lik:lik/1nn};{naasa:naasaq/1v}{uti:uti/1vv}{lik:lik/tv-imp-3d};{naa:naat/1v}{sa:saq/1vv}{uti:ut/1vn}{lik:lik/1nn};{naa:naat/1v}{sa:saaq/1vv}{uti:ut/1vn}{lik:lik/1nn};{naa:naat/1v}{sa:saq/1vv}{uti:uti/1vv}{lik:lik/tv-imp-3d};{naa:naa/1v}{sa:saq/1vv}{uti:ut/1vn}{lik:lik/1nn};{naa:naa/1v}{sa:saaq/1vv}{uti:ut/1vn}{lik:lik/1nn};{naa:naa/1v}{sa:saq/1vv}{uti:uti/1vv}{lik:lik/tv-imp-3d},False,False,False,False,False,
hansard,nakit,{nakit:nakit/1a},False,{nakit:nakit/1a},False,False,False,False,False,
hansard,nakuqmi,{nakuq:nakuq/1v}{mi:miik/1vn},False,,True,False,False,False,False,Should be 'nakurmi'
hansard,nakuqmii,{nakuq:nakuq/1v}{mii:miik/1vn},False,,True,False,False,False,False,Should be 'nakurmii'
hansard,nakurmii,{nakur:nakuq/1v}{mii:miik/1vn},False,{nakur:nakuq/1v}{mii:miik/1vn};{nakur:nakuq/1v}{mi:miik/1vn}{i:k/tn-nom-d};{nakur:nakuq/1v}{mii:miik/1vn}{:k/tn-nom-d};{nakur:nakuq/1v}{mi:miik/1vn}{i:k/tn-gen-d};{nakur:nakuq/1v}{mii:miik/1vn}{:k/tn-gen-d};{nakur:nakuq/1v}{mii:miik/1vn}{:up/tn-gen-s};{nakur:nakuq/1v}{mii:miik/1vn}{:it/tn-nom-p};{nakur:nakuq/1v}{mii:miik/1vn}{:it/tn-gen-p};{nakur:nakuq/1v}{mii:miik/1vn}{:it/tn-nom-s-2s};{nakur:nakuq/1v}{mi:miik/1vn}{i:it/tn-nom-p};{nakur:nakuq/1v}{mi:miik/1vn}{i:it/tn-gen-p};{nakur:nakuq/1v}{mi:miik/1vn}{i:it/tn-nom-s-2s},False,False,False,False,False,
hansard,nakurmiik,{nakur:nakuq/1v}{miik:miik/1vn},False,{nakur:nakuq/1v}{miik:miik/1vn};{nakur:nakuq/1v}{mi:miik/1vn}{ik:k/tn-nom-d};{nakur:nakuq/1v}{mii:miik/1vn}{k:k/tn-nom-d};{nakur:nakuq/1v}{mi:miik/1vn}{ik:k/tn-gen-d};{nakur:nakuq/1v}{mii:miik/1vn}{k:k/tn-gen-d},False,False,False,False,False,
hansard,naliak,{naliak:naliak/1p},False,{naliak:naliak/1p};{nalia:naliak/1p}{k:k/tn-nom-d};{nalia:naliak/1p}{k:k/tn-gen-d},False,False,False,False,False,
hansard,naliqqangit,{naliqqa:naliqqaq/1n}{ngit:ngit/tn-nom-p-4s},False,,False,False,False,True,False,
hansard,nalliani,{nalli:nalliq/1p}{ani:ngani/tn-loc-s-4s},False,,False,False,False,True,False,"nalliani: Frequency: 132. 'any', 'some', ... The expected proposed decomposition contains the root nalliq/1p. This root, which would be a pronoun, does not exist in the database! Spalding presents it as an alternative to 'naliak', meaning 'which one?'. (2020-04, BF)"
hansard,nalunanngittuq,{naluna:nalunak/1v}{nngit:nngit/1vv}{tuq:juq/1vn},False,{naluna:nalunak/1v}{nngit:nngit/1vv}{tuq:juq/1vn};{naluna:nalunak/1v}{nngit:nngit/1vv}{tuq:juq/tv-ger-3s};{nalu:nalu/1v}{nanngit:nanngit/1vv}{tuq:juq/1vn};{nalu:nalu/1v}{nanngit:nanngit/1vv}{tuq:juq/tv-ger-3s};{nalu:nalu/1v}{na:naq/1vv}{nngit:nngit/1vv}{tuq:juq/1vn};{nalu:nalu/1v}{na:naq/1vv}{nngit:nngit/1vv}{tuq:juq/tv-ger-3s},False,False,False,False,False,
hansard,namminiq,{namminiq:nangminiq/1n},False,{namminiq:nangminiq/1n},False,False,False,False,False,
hansard,namminiqaqtunut,{nammini:nangminiq/1n}{qaq:qaq/1nv}{tu:juq/1vn}{nut:nut/tn-dat-p},False,{nammini:nangminiq/1n}{qaq:qaq/1nv}{tu:juq/1vn}{nut:nut/tn-dat-p};{nammini:nangminiq/1n}{qaq:qaq/1nv}{tu:juq/1vn}{nut:ngnut/tn-dat-s-2s};{nammini:nangminiq/1n}{qaq:qaq/1nv}{tu:juq/1vn}{nut:ngnut/tn-dat-p-2s};{nammini:nangminiq/1n}{qaq:qaq/1nv}{tu:juq/1vn}{nut:mnut/tn-dat-s-1s};{nammini:nangminiq/1n}{qaq:qaq/1nv}{tu:juq/1vn}{nut:mnut/tn-dat-p-1s},False,False,False,False,False,
hansard,nangiqsivunga,{nangiq:nangiq/1v}{si:si/2vv}{vunga:vunga/tv-dec-1s},False,{nangiq:nangiq/1v}{si:si/2vv}{vunga:vunga/tv-dec-1s};{nangiq:nangiq/1v}{si:si/2vv}{vunga:vunga/tv-int-1s},False,False,False,False,False,
hansard,nangminiq,{nangminiq:nangminiq/1n},False,{nangminiq:nangminiq/1n},False,False,False,False,False,
hansard,nanuit,{nanu:nanuq/1n}{it:it/tn-nom-p},False,{nanu:nanuq/1n}{it:it/tn-nom-p};{nanu:nanuq/1n}{it:it/tn-gen-p};{nanu:nanuq/1n}{it:it/tn-nom-s-2s},False,False,False,False,False,
hansard,nanulik,{nanu:nanuq/1n}{lik:lik/1nn},False,{nanulik:nanulik/1n};{nanu:nanuq/1n}{lik:lik/1nn},False,False,False,False,False,
hansard,natsilik,{natsilik:nattilik/1n},False,{natsilik:nattilik/1n};{natsi:nattiq/1n}{lik:lik/1nn};{natsi:napsik/1v}{lik:lik/tv-imp-3d};{natsi:naksaq/1v}{lik:lik/tv-imp-3d},False,False,False,False,False,
hansard,naujaani,{naujaa:naujaat/1n}{ni:ni/tn-loc-p},False,{naujaa:naujaat/1n}{ni:ni/tn-loc-p};{naujaa:naujaat/1n}{ni:ni/tn-nom-s-3s};{naujaa:naujaat/1n}{ni:ni/tn-nom-p-3s};{nauja:naujaat/1n}{ani:ngani/tn-loc-s-4s};{nauja:nauja/1n}{ani:ngani/tn-loc-s-4s};{naujaa:naujaat/1n}{ni:nik/tn-acc-p};{naujaa:naujaat/1n}{ni:nit/tn-abl-p};{nauja:naujaat/1n}{ani:nganik/tn-acc-s-4s};{nauja:naujaat/1n}{ani:nganit/tn-abl-s-4s};{nauja:nauja/1n}{ani:nganik/tn-acc-s-4s};{nauja:nauja/1n}{ani:nganit/tn-abl-s-4s},False,False,False,False,False,
hansard,naukkut,{nau:nauk/1a}{kkut:kkut/1nn},False,{naukkut:naukkut/1a};{nau:nauk/2a}{kkut:kkut/1nn};{nau:nauk/1a}{kkut:kkut/1nn};{nau:nauk/2a}{kkut:kkut/tn-via-s};{nau:nauk/1a}{kkut:kkut/tn-via-s},False,False,False,False,False,
hansard,nigiani,{nigi:niggig/1n}{ani:ngani/tn-loc-s-4s},False,,True,False,False,False,False,Should be 'niggiani'
hansard,nikuvippunga,{nikuvip:nikuvik/1v}{punga:vunga/tv-dec-1s},False,{nikuvip:nikuvik/1v}{punga:vunga/tv-dec-1s};{nikuvip:nikuvik/1v}{punga:vunga/tv-int-1s},False,False,False,False,False,
hansard,niqsunaqtuq,{niqsu:niqtuq/1v}{naq:naq/1vv}{tuq:juq/1vn},False,,False,True,False,False,False,"niqsunaqtuq: 'honourable', frequency: 584. Spalding has the root 'nirtur' = 'niqtuq'. The word 'niqtunaqtuq' is found 1679 times. Schneider also has the form 'niqtuq'. I don't know. I've often noticed confusion between 's' and 't' in Inuktitut, but I don't know what to do in this case -- hence the possiblyMisspelledWord(). (2020-04, BF)"
hansard,niqtunaqtuq,{niqtu:niqtuq/1v}{naq:naq/1vv}{tuq:juq/1vn},False,{niqtu:niqtuq/1v}{naq:naq/1vv}{tuq:juq/1vn};{niqtu:niqtuq/1v}{naq:naq/1vv}{tuq:juq/tv-ger-3s},False,False,False,False,False,
hansard,niriuppugut,{niriup:niriuk/1v}{pugut:vugut/tv-dec-1p},False,{niriup:niriuk/1v}{pugut:vugut/tv-dec-1p},False,False,False,False,False,
hansard,niriuppunga,{niriup:niriuk/1v}{punga:vunga/tv-dec-1s},False,{niriup:niriuk/1v}{punga:vunga/tv-dec-1s};{niriup:niriuk/1v}{punga:vunga/tv-int-1s},False,False,False,False,False,
hansard,nirtunartuq,{nirtu:niqtuq/1v}{nar:naq/1vv}{tuq:juq/1vn},False,{nirtu:niqtuq/1v}{nar:naq/1vv}{tuq:juq/1vn};{nirtu:niqtuq/1v}{nar:naq/1vv}{tuq:juq/tv-ger-3s},False,False,False,False,False,
hansard,niruaqtulirinirmut,{niruaq:niruaq/1v}{tu:juq/1vn}{liri:liri/1nv}{nir:niq/2vn}{mut:mut/tn-dat-s},False,{niruaq:niruaq/1v}{tu:juq/1vn}{liri:liri/1nv}{nir:niq/2vn}{mut:mut/tn-dat-s};{niruaq:niruaq/1v}{tu:juq/1vn}{li:&iq/1nn}{ri:gi/1nv}{nir:niq/2vn}{mut:mut/tn-dat-s};{niru:niru/1n}{aq:aq/2nv}{tu:juq/1vn}{liri:liri/1nv}{nir:niq/2vn}{mut:mut/tn-dat-s};{niru:niru/1n}{aq:aq/2nv}{tu:juq/1vn}{li:&iq/1nn}{ri:gi/1nv}{nir:niq/2vn}{mut:mut/tn-dat-s},False,False,False,False,False,
hansard,nunaliit,{nuna:nuna/1n}{li:lik/1nn}{it:it/tn-nom-p},False,{nunali:nunalik/1n}{it:it/tn-nom-p};{nunali:nunalik/1n}{it:it/tn-gen-p};{nunali:nunalik/1n}{it:it/tn-nom-s-2s};{nuna:nuna/1n}{li:lik/1nn}{it:it/tn-nom-p};{nuna:nuna/1n}{li:lik/1nn}{it:it/tn-gen-p};{nuna:nuna/1n}{li:lik/1nn}{it:it/tn-nom-s-2s},False,False,False,False,False,
hansard,nunalilimaat,{nuna:nuna/1n}{li:lik/1nn}{limaa:limaaq/1nn}{t:it/tn-nom-p},False,{nunali:nunalik/1n}{limaa:limaaq/1nn}{t:it/tn-nom-p};{nunali:nunalik/1n}{limaa:limaaq/1nn}{t:it/tn-gen-p};{nunali:nunalik/1n}{limaa:limaaq/1nn}{t:it/tn-nom-s-2s};{nuna:nuna/1n}{li:lik/1nn}{limaa:limaaq/1nn}{t:it/tn-nom-p};{nuna:nuna/1n}{li:lik/1nn}{limaa:limaaq/1nn}{t:it/tn-gen-p};{nuna:nuna/1n}{li:lik/1nn}{limaa:limaaq/1nn}{t:it/tn-nom-s-2s},False,False,False,False,False,
hansard,nunalinginni,{nuna:nuna/1n}{li:lik/1nn}{nginni:nginni/tn-loc-p-4s},False,{nunali:nunalik/1n}{nginni:nginni/tn-loc-p-4s};{nunali:nunalik/1n}{nginni:nginni/tn-loc-p-4p};{nunali:nunalik/1n}{nginni:ngingni/tn-loc-p-4d};{nuna:nuna/1n}{li:lik/1nn}{nginni:nginni/tn-loc-p-4s};{nuna:nuna/1n}{li:lik/1nn}{nginni:nginni/tn-loc-p-4p};{nuna:nuna/1n}{li:lik/1nn}{nginni:ngingni/tn-loc-p-4d};{nunali:nunalik/1n}{nginni:nginnik/tn-acc-p-4s};{nunali:nunalik/1n}{nginni:nginnik/tn-acc-p-4p};{nunali:nunalik/1n}{nginni:nginnit/tn-abl-p-4s};{nunali:nunalik/1n}{nginni:nginnit/tn-abl-p-4p};{nunali:nunalik/1n}{nginni:ngingnik/tn-acc-p-4d};{nunali:nunalik/1n}{nginni:ngingnit/tn-abl-p-4d};{nunali:nunalik/1n}{ngin:it/2nv}{ni:niq/2vn};{nuna:nuna/1n}{li:lik/1nn}{nginni:nginnik/tn-acc-p-4s};{nuna:nuna/1n}{li:lik/1nn}{nginni:nginnik/tn-acc-p-4p};{nuna:nuna/1n}{li:lik/1nn}{nginni:nginnit/tn-abl-p-4s};{nuna:nuna/1n}{li:lik/1nn}{nginni:nginnit/tn-abl-p-4p};{nuna:nuna/1n}{li:lik/1nn}{nginni:ngingnik/tn-acc-p-4d};{nuna:nuna/1n}{li:lik/1nn}{nginni:ngingnit/tn-abl-p-4d};{nuna:nuna/1n}{li:lik/1nn}{ngin:it/2nv}{ni:niq/2vn},False,False,False,False,False,
hansard,nunalingni,{nuna:nuna/1n}{ling:lik/1nn}{ni:ni/tn-loc-p},False,{nunaling:nunalik/1n}{ni:ni/tn-loc-p};{nunali:nunalik/1n}{ngni:ngni/tn-loc-s-2s};{nunali:nunalik/1n}{ngni:ngni/tn-loc-p-2s};{nuna:nuna/1n}{ling:lik/1nn}{ni:ni/tn-loc-p};{nuna:nuna/1n}{li:lik/1nn}{ngni:ngni/tn-loc-s-2s};{nuna:nuna/1n}{li:lik/1nn}{ngni:ngni/tn-loc-p-2s};{nunaling:nunalik/1n}{ni:nik/tn-acc-p};{nunaling:nunalik/1n}{ni:nit/tn-abl-p};{nunali:nunalik/1n}{ngni:ngnik/tn-acc-s-2s};{nunali:nunalik/1n}{ngni:ngnik/tn-acc-p-2s};{nunali:nunalik/1n}{ngni:ngnit/tn-abl-s-2s};{nunali:nunalik/1n}{ngni:ngnit/tn-abl-p-2s};{nuna:nuna/1n}{ling:lik/1nn}{ni:nik/tn-acc-p};{nuna:nuna/1n}{ling:lik/2nv}{ni:niq/2vn};{nuna:nuna/1n}{ling:lik/3nv}{ni:niq/2vn};{nuna:nuna/1n}{ling:lik/1nn}{ni:nit/tn-abl-p};{nuna:nuna/1n}{li:lik/1nn}{ngni:ngnik/tn-acc-s-2s};{nuna:nuna/1n}{li:lik/1nn}{ngni:ngnik/tn-acc-p-2s};{nuna:nuna/1n}{li:lik/1nn}{ngni:ngnit/tn-abl-s-2s};{nuna:nuna/1n}{li:lik/1nn}{ngni:ngnit/tn-abl-p-2s},False,False,False,False,False,
hansard,nunalingnit,{nuna:nuna/1n}{ling:lik/1nn}{nit:nit/tn-abl-p},False,{nunaling:nunalik/1n}{nit:nit/tn-abl-p};{nunali:nunalik/1n}{ngnit:ngnit/tn-abl-s-2s};{nunali:nunalik/1n}{ngnit:ngnit/tn-abl-p-2s};{nuna:nuna/1n}{ling:lik/1nn}{nit:nit/tn-abl-p};{nuna:nuna/1n}{li:lik/1nn}{ngnit:ngnit/tn-abl-s-2s};{nuna:nuna/1n}{li:lik/1nn}{ngnit:ngnit/tn-abl-p-2s},False,False,False,False,False,
hansard,nunalingnut,{nuna:nuna/1n}{ling:lik/1nn}{nut:nut/tn-dat-p},False,{nunaling:nunalik/1n}{nut:nut/tn-dat-p};{nunali:nunalik/1n}{ngnut:ngnut/tn-dat-s-2s};{nunali:nunalik/1n}{ngnut:ngnut/tn-dat-p-2s};{nuna:nuna/1n}{ling:lik/1nn}{nut:nut/tn-dat-p};{nuna:nuna/1n}{li:lik/1nn}{ngnut:ngnut/tn-dat-s-2s};{nuna:nuna/1n}{li:lik/1nn}{ngnut:ngnut/tn-dat-p-2s},False,False,False,False,False,
hansard,nunalinni,{nuna:nuna/1n}{lin:lik/1nn}{ni:ni/tn-loc-p},False,{nunalin:nunalik/1n}{ni:ni/tn-loc-p};{nunali:nunalik/1n}{nni:mni/tn-loc-s-1s};{nunali:nunalik/1n}{nni:mni/tn-loc-p-1s};{nunali:nunalik/1n}{nni:ngni/tn-loc-s-2s};{nunali:nunalik/1n}{nni:ngni/tn-loc-p-2s};{nuna:nuna/1n}{lin:lik/1nn}{ni:ni/tn-loc-p};{nuna:nuna/1n}{li:lik/1nn}{nni:mni/tn-loc-s-1s};{nuna:nuna/1n}{li:lik/1nn}{nni:mni/tn-loc-p-1s};{nuna:nuna/1n}{li:lik/1nn}{nni:ngni/tn-loc-s-2s};{nuna:nuna/1n}{li:lik/1nn}{nni:ngni/tn-loc-p-2s};{nunalin:nunalik/1n}{ni:nik/tn-acc-p};{nunalin:nunalik/1n}{ni:nit/tn-abl-p};{nunali:nunalik/1n}{nni:mnik/tn-acc-s-1s};{nunali:nunalik/1n}{nni:mnik/tn-acc-p-1s};{nunali:nunalik/1n}{nni:mnit/tn-abl-s-1s};{nunali:nunalik/1n}{nni:mnit/tn-abl-p-1s};{nunali:nunalik/1n}{nni:ngnik/tn-acc-s-2s};{nunali:nunalik/1n}{nni:ngnik/tn-acc-p-2s};{nunali:nunalik/1n}{nni:ngnit/tn-abl-s-2s};{nunali:nunalik/1n}{nni:ngnit/tn-abl-p-2s};{nuna:nuna/1n}{lin:lik/1nn}{ni:nik/tn-acc-p};{nuna:nuna/1n}{lin:lik/2nv}{ni:niq/2vn};{nuna:nuna/1n}{lin:lik/3nv}{ni:niq/2vn};{nuna:nuna/1n}{lin:lik/1nn}{ni:nit/tn-abl-p};{nuna:nuna/1n}{li:lik/1nn}{nni:mnik/tn-acc-s-1s};{nuna:nuna/1n}{li:lik/1nn}{nni:mnik/tn-acc-p-1s};{nuna:nuna/1n}{li:lik/1nn}{nni:mnit/tn-abl-s-1s};{nuna:nuna/1n}{li:lik/1nn}{nni:mnit/tn-abl-p-1s};{nuna:nuna/1n}{li:lik/1nn}{nni:ngnik/tn-acc-s-2s};{nuna:nuna/1n}{li:lik/1nn}{nni:ngnik/tn-acc-p-2s};{nuna:nuna/1n}{li:lik/1nn}{nni:ngnit/tn-abl-s-2s};{nuna:nuna/1n}{li:lik/1nn}{nni:ngnit/tn-abl-p-2s},False,False,False,False,False,
hansard,nunalinnik,{nuna:nuna/1n}{lin:lik/1nn}{nik:nik/tn-acc-p},False,{nunalin:nunalik/1n}{nik:nik/tn-acc-p};{nunali:nunalik/1n}{nnik:mnik/tn-acc-s-1s};{nunali:nunalik/1n}{nnik:mnik/tn-acc-p-1s};{nunali:nunalik/1n}{nnik:ngnik/tn-acc-s-2s};{nunali:nunalik/1n}{nnik:ngnik/tn-acc-p-2s};{nuna:nuna/1n}{lin:lik/1nn}{nik:nik/tn-acc-p};{nuna:nuna/1n}{li:lik/1nn}{nnik:mnik/tn-acc-s-1s};{nuna:nuna/1n}{li:lik/1nn}{nnik:mnik/tn-acc-p-1s};{nuna:nuna/1n}{li:lik/1nn}{nnik:ngnik/tn-acc-s-2s};{nuna:nuna/1n}{li:lik/1nn}{nnik:ngnik/tn-acc-p-2s},False,False,False,False,False,
hansard,nunalinnit,{nuna:nuna/1n}{lin:lik/1nn}{nit:nit/tn-abl-p},False,{nunalin:nunalik/1n}{nit:nit/tn-abl-p};{nunali:nunalik/1n}{nnit:mnit/tn-abl-s-1s};{nunali:nunalik/1n}{nnit:mnit/tn-abl-p-1s};{nunali:nunalik/1n}{nnit:ngnit/tn-abl-s-2s};{nunali:nunalik/1n}{nnit:ngnit/tn-abl-p-2s};{nuna:nuna/1n}{lin:lik/1nn}{nit:nit/tn-abl-p};{nuna:nuna/1n}{li:lik/1nn}{nnit:mnit/tn-abl-s-1s};{nuna:nuna/1n}{li:lik/1nn}{nnit:mnit/tn-abl-p-1s};{nuna:nuna/1n}{li:lik/1nn}{nnit:ngnit/tn-abl-s-2s};{nuna:nuna/1n}{li:lik/1nn}{nnit:ngnit/tn-abl-p-2s},False,False,False,False,False,
hansard,nunalinnu,{nuna:nuna/1n}{lin:lik/1nn}{nu:nut/tn-dat-p},False,{nunalin:nunalik/1n}{nu:nut/tn-dat-p};{nunali:nunalik/1n}{nnu:mnuk/tn-gen-s-1d};{nunali:nunalik/1n}{nnu:mnuk/tn-gen-p-1d};{nunali:nunalik/1n}{nnu:mnut/tn-dat-s-1s};{nunali:nunalik/1n}{nnu:mnut/tn-dat-p-1s};{nunali:nunalik/1n}{nnu:ngnut/tn-dat-s-2s};{nunali:nunalik/1n}{nnu:ngnut/tn-dat-p-2s};{nuna:nuna/1n}{lin:lik/1nn}{nu:nut/tn-dat-p};{nuna:nuna/1n}{li:lik/1nn}{nnu:mnuk/tn-gen-s-1d};{nuna:nuna/1n}{li:lik/1nn}{nnu:mnuk/tn-gen-p-1d};{nuna:nuna/1n}{li:lik/1nn}{nnu:mnut/tn-dat-s-1s};{nuna:nuna/1n}{li:lik/1nn}{nnu:mnut/tn-dat-p-1s};{nuna:nuna/1n}{li:lik/1nn}{nnu:ngnut/tn-dat-s-2s};{nuna:nuna/1n}{li:lik/1nn}{nnu:ngnut/tn-dat-p-2s},False,False,False,False,False,
hansard,nunalinnut,{nuna:nuna/1n}{lin:lik/1nn}{nut:nut/tn-dat-p},False,{nunalin:nunalik/1n}{nut:nut/tn-dat-p};{nunali:nunalik/1n}{nnut:mnut/tn-dat-s-1s};{nunali:nunalik/1n}{nnut:mnut/tn-dat-p-1s};{nunali:nunalik/1n}{nnut:ngnut/tn-dat-s-2s};{nunali:nunalik/1n}{nnut:ngnut/tn-dat-p-2s};{nuna:nuna/1n}{lin:lik/1nn}{nut:nut/tn-dat-p};{nuna:nuna/1n}{li:lik/1nn}{nnut:mnut/tn-dat-s-1s};{nuna:nuna/1n}{li:lik/1nn}{nnut:mnut/tn-dat-p-1s};{nuna:nuna/1n}{li:lik/1nn}{nnut:ngnut/tn-dat-s-2s};{nuna:nuna/1n}{li:lik/1nn}{nnut:ngnut/tn-dat-p-2s},False,False,False,False,False,
hansard,nunalittinni,{nuna:nuna/1n}{li:lik/1nn}{ttinni:ptingni/tn-loc-s-1d},False,{nunali:nunalik/1n}{ttinni:ptingni/tn-loc-s-1d};{nunali:nunalik/1n}{ttinni:ptingni/tn-loc-p-1d};{nunali:nunalik/1n}{ttinni:ptingni/tn-loc-s-1p};{nunali:nunalik/1n}{ttinni:ptingni/tn-loc-p-1p};{nunali:nunalik/1n}{ttinni:psingni/tn-loc-s-2d};{nunali:nunalik/1n}{ttinni:psingni/tn-loc-p-2d};{nunalit:nunalik/1n}{ti:&iq/1nn}{nni:mni/tn-loc-s-1s};{nunalit:nunalik/1n}{ti:&iq/1nn}{nni:mni/tn-loc-p-1s};{nunalit:nunalik/1n}{ti:&iq/1nn}{nni:ngni/tn-loc-s-2s};{nunalit:nunalik/1n}{ti:&iq/1nn}{nni:ngni/tn-loc-p-2s};{nuna:nuna/1n}{li:lik/1nn}{ttinni:ptingni/tn-loc-s-1d};{nuna:nuna/1n}{li:lik/1nn}{ttinni:ptingni/tn-loc-p-1d};{nuna:nuna/1n}{li:lik/1nn}{ttinni:ptingni/tn-loc-s-1p};{nuna:nuna/1n}{li:lik/1nn}{ttinni:ptingni/tn-loc-p-1p};{nuna:nuna/1n}{li:lik/1nn}{ttinni:psingni/tn-loc-s-2d};{nuna:nuna/1n}{li:lik/1nn}{ttinni:psingni/tn-loc-p-2d};{nuna:nuna/1n}{lit:lik/2nv}{ti:ji/1vn}{nni:mni/tn-loc-s-1s};{nuna:nuna/1n}{lit:lik/3nv}{ti:ji/1vn}{nni:mni/tn-loc-s-1s};{nuna:nuna/1n}{lit:liq/3nv}{ti:ji/1vn}{nni:mni/tn-loc-s-1s};{nuna:nuna/1n}{lit:liq/2nv}{ti:ji/1vn}{nni:mni/tn-loc-s-1s};{nuna:nuna/1n}{lit:lik/2nv}{ti:tiq/1vn}{nni:mni/tn-loc-s-1s};{nuna:nuna/1n}{lit:lik/3nv}{ti:tiq/1vn}{nni:mni/tn-loc-s-1s};{nuna:nuna/1n}{lit:liq/3nv}{ti:tiq/1vn}{nni:mni/tn-loc-s-1s};{nuna:nuna/1n}{lit:liq/2nv}{ti:tiq/1vn}{nni:mni/tn-loc-s-1s};{nuna:nuna/1n}{lit:lik/1nn}{ti:&iq/1nn}{nni:mni/tn-loc-s-1s};{nuna:nuna/1n}{lit:lik/2nv}{ti:ji/1vn}{nni:mni/tn-loc-p-1s};{nuna:nuna/1n}{lit:lik/3nv}{ti:ji/1vn}{nni:mni/tn-loc-p-1s};{nuna:nuna/1n}{lit:liq/3nv}{ti:ji/1vn}{nni:mni/tn-loc-p-1s};{nuna:nuna/1n}{lit:liq/2nv}{ti:ji/1vn}{nni:mni/tn-loc-p-1s};{nuna:nuna/1n}{lit:lik/2nv}{ti:tiq/1vn}{nni:mni/tn-loc-p-1s};{nuna:nuna/1n}{lit:lik/3nv}{ti:tiq/1vn}{nni:mni/tn-loc-p-1s};{nuna:nuna/1n}{lit:liq/3nv}{ti:tiq/1vn}{nni:mni/tn-loc-p-1s};{nuna:nuna/1n}{lit:liq/2nv}{ti:tiq/1vn}{nni:mni/tn-loc-p-1s};{nuna:nuna/1n}{lit:lik/1nn}{ti:&iq/1nn}{nni:mni/tn-loc-p-1s};{nuna:nuna/1n}{lit:lik/2nv}{ti:ji/1vn}{nni:ngni/tn-loc-s-2s};{nuna:nuna/1n}{lit:lik/3nv}{ti:ji/1vn}{nni:ngni/tn-loc-s-2s};{nuna:nuna/1n}{lit:liq/3nv}{ti:ji/1vn}{nni:ngni/tn-loc-s-2s};{nuna:nuna/1n}{lit:liq/2nv}{ti:ji/1vn}{nni:ngni/tn-loc-s-2s};{nuna:nuna/1n}{lit:lik/2nv}{ti:tiq/1vn}{nni:ngni/tn-loc-s-2s};{nuna:nuna/1n}{lit:lik/3nv}{ti:tiq/1vn}{nni:ngni/tn-loc-s-2s};{nuna:nuna/1n}{lit:liq/3nv}{ti:tiq/1vn}{nni:ngni/tn-loc-s-2s};{nuna:nuna/1n}{lit:liq/2nv}{ti:tiq/1vn}{nni:ngni/tn-loc-s-2s};{nuna:nuna/1n}{lit:lik/1nn}{ti:&iq/1nn}{nni:ngni/tn-loc-s-2s};{nuna:nuna/1n}{lit:lik/2nv}{ti:ji/1vn}{nni:ngni/tn-loc-p-2s};{nuna:nuna/1n}{lit:lik/3nv}{ti:ji/1vn}{nni:ngni/tn-loc-p-2s};{nuna:nuna/1n}{lit:liq/3nv}{ti:ji/1vn}{nni:ngni/tn-loc-p-2s};{nuna:nuna/1n}{lit:liq/2nv}{ti:ji/1vn}{nni:ngni/tn-loc-p-2s};{nuna:nuna/1n}{lit:lik/2nv}{ti:tiq/1vn}{nni:ngni/tn-loc-p-2s};{nuna:nuna/1n}{lit:lik/3nv}{ti:tiq/1vn}{nni:ngni/tn-loc-p-2s};{nuna:nuna/1n}{lit:liq/3nv}{ti:tiq/1vn}{nni:ngni/tn-loc-p-2s};{nuna:nuna/1n}{lit:liq/2nv}{ti:tiq/1vn}{nni:ngni/tn-loc-p-2s};{nuna:nuna/1n}{lit:lik/1nn}{ti:&iq/1nn}{nni:ngni/tn-loc-p-2s};{nunali:nunalik/1n}{ttinni:ptingnik/tn-acc-s-1d};{nunali:nunalik/1n}{ttinni:ptinnik/tn-acc-p-1d};{nunali:nunalik/1n}{ttinni:ptingnik/tn-acc-s-1p};{nunali:nunalik/1n}{ttinni:ptingnik/tn-acc-p-1p};{nunali:nunalik/1n}{ttinni:psingnik/tn-acc-s-2d};{nunali:nunalik/1n}{ttinni:psingnik/tn-acc-p-2d};{nunali:nunalik/1n}{ttinni:ptingnit/tn-abl-s-1d};{nunali:nunalik/1n}{ttinni:ptingnit/tn-abl-p-1d};{nunali:nunalik/1n}{ttinni:ptingnit/tn-abl-s-1p};{nunali:nunalik/1n}{ttinni:ptingnit/tn-abl-p-1p};{nunali:nunalik/1n}{ttinni:psingnit/tn-abl-s-2d};{nunali:nunalik/1n}{ttinni:psingnit/tn-abl-p-2d};{nunalit:nunalik/1n}{ti:&iq/1nn}{nni:mnik/tn-acc-s-1s};{nunalit:nunalik/1n}{ti:&iq/1nn}{nni:mnik/tn-acc-p-1s};{nunalit:nunalik/1n}{ti:&iq/1nn}{nni:mnit/tn-abl-s-1s};{nunalit:nunalik/1n}{ti:&iq/1nn}{nni:mnit/tn-abl-p-1s};{nunalit:nunalik/1n}{ti:&iq/1nn}{nni:ngnik/tn-acc-s-2s};{nunalit:nunalik/1n}{ti:&iq/1nn}{nni:ngnik/tn-acc-p-2s};{nunalit:nunalik/1n}{ti:&iq/1nn}{nni:ngnit/tn-abl-s-2s};{nunalit:nunalik/1n}{ti:&iq/1nn}{nni:ngnit/tn-abl-p-2s};{nuna:nuna/1n}{li:lik/1nn}{ttinni:ptingnik/tn-acc-s-1d};{nuna:nuna/1n}{li:lik/1nn}{ttinni:ptinnik/tn-acc-p-1d};{nuna:nuna/1n}{li:lik/1nn}{ttinni:ptingnik/tn-acc-s-1p};{nuna:nuna/1n}{li:lik/1nn}{ttinni:ptingnik/tn-acc-p-1p};{nuna:nuna/1n}{li:lik/1nn}{ttinni:psingnik/tn-acc-s-2d};{nuna:nuna/1n}{li:lik/1nn}{ttinni:psingnik/tn-acc-p-2d};{nuna:nuna/1n}{li:lik/1nn}{ttinni:ptingnit/tn-abl-s-1d};{nuna:nuna/1n}{li:lik/1nn}{ttinni:ptingnit/tn-abl-p-1d};{nuna:nuna/1n}{li:lik/1nn}{ttinni:ptingnit/tn-abl-s-1p};{nuna:nuna/1n}{li:lik/1nn}{ttinni:ptingnit/tn-abl-p-1p};{nuna:nuna/1n}{li:lik/1nn}{ttinni:psingnit/tn-abl-s-2d};{nuna:nuna/1n}{li:lik/1nn}{ttinni:psingnit/tn-abl-p-2d};{nuna:nuna/1n}{lit:lik/2nv}{tin:tit/1vv}{ni:niq/2vn};{nuna:nuna/1n}{lit:lik/3nv}{tin:tit/1vv}{ni:niq/2vn};{nuna:nuna/1n}{lit:liq/3nv}{tin:tit/1vv}{ni:niq/2vn};{nuna:nuna/1n}{lit:liq/2nv}{tin:tit/1vv}{ni:niq/2vn};{nuna:nuna/1n}{lit:lik/2nv}{ti:ji/1vn}{nni:mnik/tn-acc-s-1s};{nuna:nuna/1n}{lit:lik/3nv}{ti:ji/1vn}{nni:mnik/tn-acc-s-1s};{nuna:nuna/1n}{lit:liq/3nv}{ti:ji/1vn}{nni:mnik/tn-acc-s-1s};{nuna:nuna/1n}{lit:liq/2nv}{ti:ji/1vn}{nni:mnik/tn-acc-s-1s};{nuna:nuna/1n}{lit:lik/2nv}{ti:tiq/1vn}{nni:mnik/tn-acc-s-1s};{nuna:nuna/1n}{lit:lik/3nv}{ti:tiq/1vn}{nni:mnik/tn-acc-s-1s};{nuna:nuna/1n}{lit:liq/3nv}{ti:tiq/1vn}{nni:mnik/tn-acc-s-1s};{nuna:nuna/1n}{lit:liq/2nv}{ti:tiq/1vn}{nni:mnik/tn-acc-s-1s};{nuna:nuna/1n}{lit:lik/1nn}{ti:&iq/1nn}{nni:mnik/tn-acc-s-1s};{nuna:nuna/1n}{lit:lik/2nv}{ti:ji/1vn}{nni:mnik/tn-acc-p-1s};{nuna:nuna/1n}{lit:lik/3nv}{ti:ji/1vn}{nni:mnik/tn-acc-p-1s};{nuna:nuna/1n}{lit:liq/3nv}{ti:ji/1vn}{nni:mnik/tn-acc-p-1s};{nuna:nuna/1n}{lit:liq/2nv}{ti:ji/1vn}{nni:mnik/tn-acc-p-1s};{nuna:nuna/1n}{lit:lik/2nv}{ti:tiq/1vn}{nni:mnik/tn-acc-p-1s};{nuna:nuna/1n}{lit:lik/3nv}{ti:tiq/1vn}{nni:mnik/tn-acc-p-1s};{nuna:nuna/1n}{lit:liq/3nv}{ti:tiq/1vn}{nni:mnik/tn-acc-p-1s};{nuna:nuna/1n}{lit:liq/2nv}{ti:tiq/1vn}{nni:mnik/tn-acc-p-1s};{nuna:nuna/1n}{lit:lik/1nn}{ti:&iq/1nn}{nni:mnik/tn-acc-p-1s};{nuna:nuna/1n}{lit:lik/2nv}{ti:ji/1vn}{nni:mnit/tn-abl-s-1s};{nuna:nuna/1n}{lit:lik/3nv}{ti:ji/1vn}{nni:mnit/tn-abl-s-1s};{nuna:nuna/1n}{lit:liq/3nv}{ti:ji/1vn}{nni:mnit/tn-abl-s-1s};{nuna:nuna/1n}{lit:liq/2nv}{ti:ji/1vn}{nni:mnit/tn-abl-s-1s};{nuna:nuna/1n}{lit:lik/2nv}{ti:tiq/1vn}{nni:mnit/tn-abl-s-1s};{nuna:nuna/1n}{lit:lik/3nv}{ti:tiq/1vn}{nni:mnit/tn-abl-s-1s};{nuna:nuna/1n}{lit:liq/3nv}{ti:tiq/1vn}{nni:mnit/tn-abl-s-1s};{nuna:nuna/1n}{lit:liq/2nv}{ti:tiq/1vn}{nni:mnit/tn-abl-s-1s};{nuna:nuna/1n}{lit:lik/1nn}{ti:&iq/1nn}{nni:mnit/tn-abl-s-1s};{nuna:nuna/1n}{lit:lik/2nv}{ti:ji/1vn}{nni:mnit/tn-abl-p-1s};{nuna:nuna/1n}{lit:lik/3nv}{ti:ji/1vn}{nni:mnit/tn-abl-p-1s};{nuna:nuna/1n}{lit:liq/3nv}{ti:ji/1vn}{nni:mnit/tn-abl-p-1s};{nuna:nuna/1n}{lit:liq/2nv}{ti:ji/1vn}{nni:mnit/tn-abl-p-1s};{nuna:nuna/1n}{lit:lik/2nv}{ti:tiq/1vn}{nni:mnit/tn-abl-p-1s};{nuna:nuna/1n}{lit:lik/3nv}{ti:tiq/1vn}{nni:mnit/tn-abl-p-1s};{nuna:nuna/1n}{lit:liq/3nv}{ti:tiq/1vn}{nni:mnit/tn-abl-p-1s};{nuna:nuna/1n}{lit:liq/2nv}{ti:tiq/1vn}{nni:mnit/tn-abl-p-1s};{nuna:nuna/1n}{lit:lik/1nn}{ti:&iq/1nn}{nni:mnit/tn-abl-p-1s};{nuna:nuna/1n}{lit:lik/2nv}{ti:ji/1vn}{nni:ngnik/tn-acc-s-2s};{nuna:nuna/1n}{lit:lik/3nv}{ti:ji/1vn}{nni:ngnik/tn-acc-s-2s};{nuna:nuna/1n}{lit:liq/3nv}{ti:ji/1vn}{nni:ngnik/tn-acc-s-2s};{nuna:nuna/1n}{lit:liq/2nv}{ti:ji/1vn}{nni:ngnik/tn-acc-s-2s};{nuna:nuna/1n}{lit:lik/2nv}{ti:tiq/1vn}{nni:ngnik/tn-acc-s-2s};{nuna:nuna/1n}{lit:lik/3nv}{ti:tiq/1vn}{nni:ngnik/tn-acc-s-2s};{nuna:nuna/1n}{lit:liq/3nv}{ti:tiq/1vn}{nni:ngnik/tn-acc-s-2s};{nuna:nuna/1n}{lit:liq/2nv}{ti:tiq/1vn}{nni:ngnik/tn-acc-s-2s};{nuna:nuna/1n}{lit:lik/1nn}{ti:&iq/1nn}{nni:ngnik/tn-acc-s-2s};{nuna:nuna/1n}{lit:lik/2nv}{ti:ji/1vn}{nni:ngnik/tn-acc-p-2s};{nuna:nuna/1n}{lit:lik/3nv}{ti:ji/1vn}{nni:ngnik/tn-acc-p-2s};{nuna:nuna/1n}{lit:liq/3nv}{ti:ji/1vn}{nni:ngnik/tn-acc-p-2s};{nuna:nuna/1n}{lit:liq/2nv}{ti:ji/1vn}{nni:ngnik/tn-acc-p-2s};{nuna:nuna/1n}{lit:lik/2nv}{ti:tiq/1vn}{nni:ngnik/tn-acc-p-2s};{nuna:nuna/1n}{lit:lik/3nv}{ti:tiq/1vn}{nni:ngnik/tn-acc-p-2s};{nuna:nuna/1n}{lit:liq/3nv}{ti:tiq/1vn}{nni:ngnik/tn-acc-p-2s};{nuna:nuna/1n}{lit:liq/2nv}{ti:tiq/1vn}{nni:ngnik/tn-acc-p-2s};{nuna:nuna/1n}{lit:lik/1nn}{ti:&iq/1nn}{nni:ngnik/tn-acc-p-2s};{nuna:nuna/1n}{lit:lik/2nv}{ti:ji/1vn}{nni:ngnit/tn-abl-s-2s};{nuna:nuna/1n}{lit:lik/3nv}{ti:ji/1vn}{nni:ngnit/tn-abl-s-2s};{nuna:nuna/1n}{lit:liq/3nv}{ti:ji/1vn}{nni:ngnit/tn-abl-s-2s};{nuna:nuna/1n}{lit:liq/2nv}{ti:ji/1vn}{nni:ngnit/tn-abl-s-2s};{nuna:nuna/1n}{lit:lik/2nv}{ti:tiq/1vn}{nni:ngnit/tn-abl-s-2s};{nuna:nuna/1n}{lit:lik/3nv}{ti:tiq/1vn}{nni:ngnit/tn-abl-s-2s};{nuna:nuna/1n}{lit:liq/3nv}{ti:tiq/1vn}{nni:ngnit/tn-abl-s-2s};{nuna:nuna/1n}{lit:liq/2nv}{ti:tiq/1vn}{nni:ngnit/tn-abl-s-2s};{nuna:nuna/1n}{lit:lik/1nn}{ti:&iq/1nn}{nni:ngnit/tn-abl-s-2s};{nuna:nuna/1n}{lit:lik/2nv}{ti:ji/1vn}{nni:ngnit/tn-abl-p-2s};{nuna:nuna/1n}{lit:lik/3nv}{ti:ji/1vn}{nni:ngnit/tn-abl-p-2s};{nuna:nuna/1n}{lit:liq/3nv}{ti:ji/1vn}{nni:ngnit/tn-abl-p-2s};{nuna:nuna/1n}{lit:liq/2nv}{ti:ji/1vn}{nni:ngnit/tn-abl-p-2s};{nuna:nuna/1n}{lit:lik/2nv}{ti:tiq/1vn}{nni:ngnit/tn-abl-p-2s};{nuna:nuna/1n}{lit:lik/3nv}{ti:tiq/1vn}{nni:ngnit/tn-abl-p-2s};{nuna:nuna/1n}{lit:liq/3nv}{ti:tiq/1vn}{nni:ngnit/tn-abl-p-2s};{nuna:nuna/1n}{lit:liq/2nv}{ti:tiq/1vn}{nni:ngnit/tn-abl-p-2s};{nuna:nuna/1n}{lit:lik/1nn}{ti:&iq/1nn}{nni:ngnit/tn-abl-p-2s},False,False,False,False,False,
hansard,nunaliujuni,{nuna:nuna/1n}{li:lik/1nn}{u:u/1nv}{ju:juq/1vn}{ni:ni/tn-loc-p},False,{nunali:nunalik/1n}{u:u/1nv}{ju:juq/1vn}{ni:ni/tn-loc-p};{nunali:nunalik/1n}{u:u/1nv}{ju:juq/1vn}{ni:ni/tn-nom-s-3s};{nunali:nunalik/1n}{u:u/1nv}{ju:juq/1vn}{ni:ni/tn-nom-p-3s};{nuna:nuna/1n}{li:lik/1nn}{u:u/1nv}{ju:juq/1vn}{ni:ni/tn-loc-p};{nuna:nuna/1n}{li:lik/1nn}{u:u/1nv}{ju:juq/1vn}{ni:ni/tn-nom-s-3s};{nuna:nuna/1n}{li:lik/1nn}{u:u/1nv}{ju:juq/1vn}{ni:ni/tn-nom-p-3s};{nunali:nunalik/1n}{u:u/1nv}{ju:juq/1vn}{ni:nik/tn-acc-p};{nunali:nunalik/1n}{u:u/1nv}{ju:juq/1vn}{ni:nit/tn-abl-p};{nuna:nuna/1n}{li:lik/1nn}{u:u/1nv}{ju:juq/1vn}{ni:nik/tn-acc-p};{nuna:nuna/1n}{li:lik/1nn}{u:u/1nv}{ju:juq/1vn}{ni:nit/tn-abl-p},False,False,False,False,False,
hansard,nunaliujunik,{nuna:nuna/1n}{li:lik/1nn}{u:u/1nv}{ju:juq/1vn}{nik:nik/tn-acc-p},False,{nunali:nunalik/1n}{u:u/1nv}{ju:juq/1vn}{nik:nik/tn-acc-p};{nuna:nuna/1n}{li:lik/1nn}{u:u/1nv}{ju:juq/1vn}{nik:nik/tn-acc-p},False,False,False,False,False,
hansard,nunaliujunit,{nuna:nuna/1n}{li:lik/1nn}{u:u/1nv}{ju:juq/1vn}{nit:nit/tn-abl-p},False,{nunali:nunalik/1n}{u:u/1nv}{ju:juq/1vn}{nit:nit/tn-abl-p};{nuna:nuna/1n}{li:lik/1nn}{u:u/1nv}{ju:juq/1vn}{nit:nit/tn-abl-p},False,False,False,False,False,
hansard,nunaliujunut,{nuna:nuna/1n}{li:lik/1nn}{u:u/1nv}{ju:juq/1vn}{nut:nut/tn-dat-p},False,{nunali:nunalik/1n}{u:u/1nv}{ju:juq/1vn}{nut:nut/tn-dat-p};{nuna:nuna/1n}{li:lik/1nn}{u:u/1nv}{ju:juq/1vn}{nut:nut/tn-dat-p},False,False,False,False,False,
hansard,nunaliujuq,{nuna:nuna/1n}{li:lik/1nn}{u:u/1nv}{juq:juq/1vn},False,{nunali:nunalik/1n}{u:u/1nv}{juq:juq/1vn};{nunali:nunalik/1n}{u:u/1nv}{juq:juq/tv-ger-3s};{nuna:nuna/1n}{li:lik/1nn}{u:u/1nv}{juq:juq/1vn};{nuna:nuna/1n}{li:lik/1nn}{u:u/1nv}{juq:juq/tv-ger-3s},False,False,False,False,False,
hansard,nunaliujut,{nuna:nuna/1n}{li:lik/1nn}{u:u/1nv}{jut:jut/tv-ger-3p},False,{nunali:nunalik/1n}{u:u/1nv}{jut:jut/tv-ger-3p};{nuna:nuna/1n}{li:lik/1nn}{u:u/1nv}{jut:jut/tv-ger-3p},False,False,False,False,False,
hansard,nunami,{nuna:nuna/1n}{mi:mi/tn-loc-s},False,{nuna:nuna/1n}{mi:mi/tn-loc-s};{nuna:nuna/1n}{mi:mi/tn-gen-s-3s};{nuna:nuna/1n}{mi:mi/tn-gen-p-3s};{nuna:nuna/1n}{mi:mik/tn-acc-s};{nuna:nuna/1n}{mi:mik/tn-gen-s-3d};{nuna:nuna/1n}{mi:mik/tn-gen-p-3d};{nuna:nuna/1n}{mi:mik/tn-gen-s-3p};{nuna:nuna/1n}{mi:mik/tn-gen-p-3p};{nuna:nuna/1n}{mi:mit/tn-abl-s},False,False,False,False,False,
hansard,nunanganni,{nuna:nuna/1n}{nganni:nganni/tn-loc-s-4p},False,{nuna:nuna/1n}{nganni:nganni/tn-loc-s-4p};{nuna:nuna/1n}{nganni:ngangni/tn-loc-s-4d};{nuna:nuna/1n}{nganni:ngannik/tn-acc-s-4p};{nuna:nuna/1n}{nganni:ngannit/tn-abl-s-4p};{nuna:nuna/1n}{nganni:ngangnik/tn-acc-s-4d};{nuna:nuna/1n}{nganni:ngangnit/tn-abl-s-4d},False,False,False,False,False,
hansard,nunangannut,{nuna:nuna/1n}{ngannut:ngannut/tn-dat-s-4p},False,{nuna:nuna/1n}{ngannut:ngannut/tn-dat-s-4p};{nuna:nuna/1n}{ngannut:ngangnut/tn-dat-s-4d},False,False,False,False,False,
hansard,nunatsiap,{nunatsia:nunatsiaq/1n}{p:up/tn-gen-s},False,{nunatsia:nunatsiaq/1n}{p:up/tn-gen-s};{nuna:nuna/1n}{tsia:tsiaq/2nn}{p:up/tn-gen-s},False,False,False,False,False,
hansard,nunatsiarmi,{nunatsiar:nunatsiaq/1n}{mi:mi/tn-loc-s},False,{nunatsiar:nunatsiaq/1n}{mi:mi/tn-loc-s};{nunatsiar:nunatsiaq/1n}{mi:mi/tn-gen-s-3s};{nunatsiar:nunatsiaq/1n}{mi:mi/tn-gen-p-3s};{nuna:nuna/1n}{tsiar:tsiaq/2nn}{mi:mi/tn-loc-s};{nuna:nuna/1n}{tsiar:tsiaq/2nn}{mi:mi/tn-gen-s-3s};{nuna:nuna/1n}{tsiar:tsiaq/2nn}{mi:mi/tn-gen-p-3s};{nunatsiar:nunatsiaq/1n}{mi:mik/tn-acc-s};{nunatsiar:nunatsiaq/1n}{mi:mik/tn-gen-s-3d};{nunatsiar:nunatsiaq/1n}{mi:mik/tn-gen-p-3d};{nunatsiar:nunatsiaq/1n}{mi:mik/tn-gen-s-3p};{nunatsiar:nunatsiaq/1n}{mi:mik/tn-gen-p-3p};{nunatsiar:nunatsiaq/1n}{mi:mit/tn-abl-s};{nuna:nuna/1n}{tsiar:tsiaq/2nn}{mi:mik/tn-acc-s};{nuna:nuna/1n}{tsiar:tsiaq/2nn}{mi:mik/tn-gen-s-3d};{nuna:nuna/1n}{tsiar:tsiaq/2nn}{mi:mik/tn-gen-p-3d};{nuna:nuna/1n}{tsiar:tsiaq/2nn}{mi:mik/tn-gen-s-3p};{nuna:nuna/1n}{tsiar:tsiaq/2nn}{mi:mik/tn-gen-p-3p};{nuna:nuna/1n}{tsiar:tsiaq/2nn}{mi:mit/tn-abl-s},False,False,False,False,False,
hansard,nunattiap,{nunattia:nunatsiaq/1n}{p:up/tn-gen-s},False,{nunattia:nunatsiaq/1n}{p:up/tn-gen-s};{nuna:nuna/1n}{ttia:tsiaq/2nn}{p:up/tn-gen-s},False,False,False,False,False,
hansard,nunattinni,{nuna:nuna/1n}{ttinni:ptingni/tn-loc-s-1d},False,{nuna:nuna/1n}{ttinni:ptingni/tn-loc-s-1d};{nuna:nuna/1n}{ttinni:ptingni/tn-loc-p-1d};{nuna:nuna/1n}{ttinni:ptingni/tn-loc-s-1p};{nuna:nuna/1n}{ttinni:ptingni/tn-loc-p-1p};{nuna:nuna/1n}{ttinni:psingni/tn-loc-s-2d};{nuna:nuna/1n}{ttinni:psingni/tn-loc-p-2d};{nuna:nuna/1n}{ttinni:ptingnik/tn-acc-s-1d};{nuna:nuna/1n}{ttinni:ptinnik/tn-acc-p-1d};{nuna:nuna/1n}{ttinni:ptingnik/tn-acc-s-1p};{nuna:nuna/1n}{ttinni:ptingnik/tn-acc-p-1p};{nuna:nuna/1n}{ttinni:psingnik/tn-acc-s-2d};{nuna:nuna/1n}{ttinni:psingnik/tn-acc-p-2d};{nuna:nuna/1n}{ttinni:ptingnit/tn-abl-s-1d};{nuna:nuna/1n}{ttinni:ptingnit/tn-abl-p-1d};{nuna:nuna/1n}{ttinni:ptingnit/tn-abl-s-1p};{nuna:nuna/1n}{ttinni:ptingnit/tn-abl-p-1p};{nuna:nuna/1n}{ttinni:psingnit/tn-abl-s-2d};{nuna:nuna/1n}{ttinni:psingnit/tn-abl-p-2d},False,False,False,False,False,
hansard,nunavu,{nunavu:nunavut/1n},False,{nunavu:nunavut/1n};{nuna:nuna/1n}{vu:vuk/tn-nom-s-1d};{nuna:nuna/1n}{vu:vuk/tn-nom-p-1d};{nuna:nuna/1n}{vu:vut/tn-nom-s-1p};{nuna:nuna/1n}{vu:vut/tn-nom-p-1p},False,False,False,False,False,
hansard,nunavulimaami,{nunavu:nunavut/1n}{limaa:limaaq/1nn}{mi:mi/tn-loc-s},False,{nunavu:nunavut/1n}{limaa:limaaq/1nn}{mi:mi/tn-loc-s};{nunavu:nunavut/1n}{limaa:limaaq/1nn}{mi:mik/tn-acc-s};{nunavu:nunavut/1n}{limaa:limaaq/1nn}{mi:mit/tn-abl-s},False,False,False,False,False,
hansard,nunavumi,{nunavu:nunavut/1n}{mi:mi/tn-loc-s},False,,True,False,False,False,False,
hansard,nunavumiunut,{nunavu:nunavut/1n}{miu:miuq/1nn}{nut:nut/tn-dat-p},False,,True,False,False,False,False,
hansard,nunavumiut,{nunavu:nunavut/1n}{miu:miuq/1nn}{t:it/tn-nom-p},False,,True,False,False,False,False,
hansard,nunavummi,{nunavum:nunavut/1n}{mi:mi/tn-loc-s},False,{nunavum:nunavut/1n}{mi:mi/tn-loc-s};{nunavum:nunavut/1n}{mi:mik/tn-acc-s};{nunavum:nunavut/1n}{mi:mit/tn-abl-s},False,False,False,False,False,
hansard,nunavummiunut,{nunavum:nunavut/1n}{miu:miuq/1nn}{nut:nut/tn-dat-p},False,{nunavum:nunavut/1n}{miu:miuq/1nn}{nut:nut/tn-dat-p};{nunavum:nunavut/1n}{miu:miuq/1nn}{nut:ngnut/tn-dat-s-2s};{nunavum:nunavut/1n}{miu:miuq/1nn}{nut:ngnut/tn-dat-d};{nunavum:nunavut/1n}{miu:miuq/1nn}{nut:ngnut/tn-dat-d-2s};{nunavum:nunavut/1n}{miu:miuq/1nn}{nut:ngnut/tn-dat-p-2s};{nunavum:nunavut/1n}{miu:miuq/1nn}{nut:mnut/tn-dat-s-1s};{nunavum:nunavut/1n}{miu:miuq/1nn}{nut:mnut/tn-dat-d-1s};{nunavum:nunavut/1n}{miu:miuq/1nn}{nut:mnut/tn-dat-p-1s},False,False,False,False,False,
hansard,nunavummiut,{nunavum:nunavut/1n}{miu:miuq/1nn}{t:it/tn-nom-p},False,{nunavum:nunavut/1n}{miu:miuq/1nn}{t:it/tn-nom-p};{nunavum:nunavut/1n}{miu:miuq/1nn}{t:it/tn-gen-p};{nunavum:nunavut/1n}{miu:miuq/1nn}{t:it/tn-nom-s-2s},False,False,False,False,False,
hansard,nunavummut,{nunavum:nunavut/1n}{mut:mut/tn-dat-s},False,{nunavum:nunavut/1n}{mut:mut/tn-dat-s},False,False,False,False,False,
hansard,nunavumut,{nunavu:nunavut/1n}{mut:mut/tn-dat-s},False,,True,False,False,False,False,
hansard,nunavungmi,{nunavung:nunavut/1n}{mi:mi/tn-loc-s},False,,True,False,False,False,False,
hansard,nunavut,{nunavut:nunavut/1n},False,{nunavut:nunavut/1n};{nuna:nuna/1n}{vut:vut/tn-nom-s-1p};{nuna:nuna/1n}{vut:vut/tn-nom-p-1p},False,False,False,False,False,
hansard,nunavutmi,{nunavut:nunavut/1n}{mi:mi/tn-loc-s},False,,True,False,False,False,False,
hansard,nunavuumi,{nunavuu:nunavut/1n}{mi:mi/tn-loc-s},False,,True,False,False,False,False,
hansard,nunavuumik,{nunavum:nunavut/1n}{mik:mik/tn-acc-s},False,,True,False,False,False,False,
hansard,nunavuumit,{nunavum:nunavut/1n}{mit:mit/tn-abl-s},False,,True,False,False,False,False,
hansard,nunavuumut,{nunavum:nunavut/1n}{mut:mut/tn-dat-s},False,,True,False,False,False,False,
hansard,nunavuup,{nunavu:nunavut/1n}{up:up/tn-gen-s},False,{nunavu:nunavut/1n}{up:up/tn-gen-s};{nunavu:nunavut/1n}{u:ut/2nn}{p:up/tn-gen-s},False,False,False,False,False,
hansard,nunavuut,{nunavu:nunavut/1n}{ut:up/tn-gen-s},False,,True,False,False,False,False,
hansard,nunnguani,{nunngu:nunnguq/1n}{ani:ngani/tn-loc-s-4s},False,,False,False,False,True,False,"nunnguani: 'its end'. Spalding has the verbal root 'nungut' meaning 'to be used up, consumed, worn away, erased', which has a tenuous but plausible link to 'end'. But 'ani' is a nominal ending, and there is no pronoun 'nungu...' or 'nunngu...' in either Spalding or Schneider. So I don't know what to do with this, hence the correctDecompUnknown() (2020-04, BF)"
hansard,nuqqaqpuq,{nuqqaq:nuqqaq/1v}{puq:vuq/tv-dec-3s},False,{nuqqaq:nuqqaq/1v}{puq:vuq/tv-dec-3s},False,False,False,False,False,
hansard,nutaami,{nutaa:nutaaq/1n}{mi:mi/tn-loc-s},False,{nutaa:nutaaq/1n}{mi:mi/tn-loc-s};{nu:niu/2n}{taa:taaq/1nv}{mi:miik/1vn};{nu:niu/2n}{taa:taaq/2nn}{mi:mi/tn-loc-s};{nutaa:nutaaq/1n}{mi:mik/tn-acc-s};{nutaa:nutaaq/1n}{mi:mit/tn-abl-s};{nu:niu/2n}{taa:taaq/2nn}{mi:mik/tn-acc-s};{nu:niu/2n}{taa:taaq/2nn}{mi:mit/tn-abl-s},False,False,False,False,False,
hansard,nutaamik,{nutaa:nutaaq/1n}{mik:mik/tn-acc-s},False,{nutaa:nutaaq/1n}{mik:mik/tn-acc-s};{nu:niu/2n}{taa:taaq/2nn}{mik:mik/tn-acc-s},False,False,False,False,False,
hansard,nutaamut,{nutaa:nutaaq/1n}{mut:mut/tn-dat-s},False,{nutaa:nutaaq/1n}{mut:mut/tn-dat-s};{nu:niu/2n}{taa:taaq/2nn}{mut:mut/tn-dat-s},False,False,False,False,False,
hansard,nutaanik,{nutaa:nutaaq/1n}{nik:nik/tn-acc-p},False,{nutaa:nutaaq/1n}{nik:nik/tn-acc-p};{nuta:nutaaq/1n}{anik:nganik/tn-acc-s-4s};{nu:niu/2n}{taa:taaq/2nn}{nik:nik/tn-acc-p};{nu:niu/2n}{ta:taaq/2nn}{anik:nganik/tn-acc-s-4s},False,False,False,False,False,
hansard,nutaanit,{nutaa:nutaaq/1n}{nit:nit/tn-abl-p},False,{nutaa:nutaaq/1n}{nit:nit/tn-abl-p};{nuta:nutaaq/1n}{anit:nganit/tn-abl-s-4s};{nu:niu/2n}{taa:taaq/2nn}{nit:nit/tn-abl-p};{nu:niu/2n}{ta:taaq/2nn}{anit:nganit/tn-abl-s-4s},False,False,False,False,False,
hansard,nutaanut,{nutaa:nutaaq/1n}{nut:nut/tn-dat-p},False,{nutaa:nutaaq/1n}{nut:nut/tn-dat-p};{nuta:nutaaq/1n}{anut:nganut/tn-dat-s-4s};{nu:niu/2n}{taa:taaq/2nn}{nut:nut/tn-dat-p};{nu:niu/2n}{ta:taaq/2nn}{anut:nganut/tn-dat-s-4s},False,False,False,False,False,
hansard,nutaaq,{nutaaq:nutaaq/1n},False,{nutaaq:nutaaq/1n};{nu:niu/2n}{taaq:taaq/2nn},False,False,False,False,False,
hansard,nutaat,{nutaa:nutaaq/1n}{t:it/tn-nom-p},False,{nutaa:nutaaq/1n}{t:it/tn-nom-p};{nutaa:nutaaq/1n}{t:it/tn-gen-p};{nutaa:nutaaq/1n}{t:it/tn-nom-s-2s};{nu:niu/2n}{taa:taaq/2nn}{t:it/tn-nom-p};{nu:niu/2n}{taa:taaq/2nn}{t:it/tn-gen-p};{nu:niu/2n}{taa:taaq/2nn}{t:it/tn-nom-s-2s},False,False,False,False,False,
hansard,nutarak,[decomposition:/nutarak(nutarak)/],False,,False,False,False,False,True,
hansard,nutaraq,[decomposition:/nutaraq(nutaraq)/],False,,False,False,False,False,True,
hansard,pa,[decomposition:/pa(pa)/],False,,False,False,False,False,True,
hansard,paal,[decomposition:/paal(paal)/],False,,False,False,False,False,True,
hansard,paanapaasi,,True,,False,False,False,False,True,Barnabas
hansard,paanapas,,True,,False,False,False,False,True,Barnabas
hansard,paktaqtuqtut,{paktak:paktak/1v}{tuq:tuq/1vv}{tut:jut/tv-ger-3p},False,,False,False,False,True,False,"paktaqtuqtut: 'Applause', frequency: 179. Spalding has no verbal root 'paktak'. It does have a root 'patik' which, with the frequentative suffix 'taq' added, means 'to clap hands together in ovation or approval' -- which is indeed applause. Schneider also has 'patik' with the same meaning, as well as 'pattak' ('to slap with the palm of one's hand'). Adding the frequentative 'tuq' (another form of the frequentative, equivalent to 'taq') could explain the word 'paktaqtuqtut'. But the word has 'paktaQ' and not 'paktaK'. So I don't currently know what to do with this. (2020-04, BF)"
hansard,paliisikkut,{paliisi:paliisi/1n}{kkut:kkut/1nn},False,{paliisi:paliisi/1n}{kkut:kkut/1nn};{paliisi:paliisi/1n}{kkut:kkut/tn-via-s};{paliisi:paliisi/1n}{kkut:kkut/tn-via-s-2s};{paliisi:paliisi/1n}{kkut:pkut/tn-via-s-1s};{paliisi:paliisi/1n}{kkut:pkut/tn-via-p-1s};{pali:paliaq/1n}{i:it/2nv}{si:siq/2vn}{kkut:kkut/1nn};{pali:paliaq/1n}{i:it/2nv}{si:siq/2vn}{kkut:kkut/tn-via-s};{pali:paliaq/1n}{i:it/2nv}{si:siq/2vn}{kkut:kkut/tn-via-s-2s};{pali:paliaq/1n}{i:it/2nv}{si:siq/2vn}{kkut:pkut/tn-via-s-1s};{pali:paliaq/1n}{i:it/2nv}{si:siq/2vn}{kkut:pkut/tn-via-p-1s};{pali:paliq/1v}{i:iq/2vv}{si:siq/2vn}{kkut:kkut/1nn};{pali:paliq/1v}{i:iq/2vv}{si:siq/2vn}{kkut:kkut/tn-via-s};{pali:paliq/1v}{i:iq/2vv}{si:siq/2vn}{kkut:kkut/tn-via-s-2s};{pali:paliq/1v}{i:iq/2vv}{si:siq/2vn}{kkut:pkut/tn-via-s-1s};{pali:paliq/1v}{i:iq/2vv}{si:siq/2vn}{kkut:pkut/tn-via-p-1s},False,False,False,False,False,
hansard,panniqtuumi,{panniqtuu:pangnirtuuq/1n}{mi:mi/tn-loc-s},False,{panniqtuu:pangnirtuuq/1n}{mi:mi/tn-loc-s};{panniqtuu:pangnirtuuq/1n}{mi:mi/tn-gen-s-3s};{panniqtuu:pangnirtuuq/1n}{mi:mi/tn-gen-p-3s};{panniqtuu:pangnirtuuq/1n}{mi:ngmi/tn-gen-d-3s};{panniq:pangniq/1n}{tuu:tuuq/1nn}{mi:mi/tn-loc-s};{panniq:pangniq/1n}{tuu:tuuq/1nn}{mi:mi/tn-gen-s-3s};{panniq:pangniq/1n}{tuu:tuuq/1nn}{mi:mi/tn-gen-p-3s};{panniq:pangniq/1n}{tuu:tuuq/1nn}{mi:ngmi/tn-gen-d-3s};{panniq:pangniq/1n}{tu:tut/tn-sim-s}{u:uq/2nv}{mi:miik/1vn};{panniq:pangniq/1n}{tu:tuq/1nv}{u:uq/3vv}{mi:miik/1vn};{panni:pangniq/1n}{qtu:ttuq/1nv}{u:uq/3vv}{mi:miik/1vn};{panniq:pangniq/1n}{tu:tuq/1nv}{u:ut/1vn}{mi:mi/tn-loc-s};{panni:pangniq/1n}{qtu:ttuq/1nv}{u:ut/1vn}{mi:mi/tn-loc-s};{panniqtuu:pangnirtuuq/1n}{mi:mik/tn-acc-s};{panniqtuu:pangnirtuuq/1n}{mi:mik/tn-gen-s-3d};{panniqtuu:pangnirtuuq/1n}{mi:mik/tn-gen-p-3d};{panniqtuu:pangnirtuuq/1n}{mi:mik/tn-gen-s-3p};{panniqtuu:pangnirtuuq/1n}{mi:mik/tn-gen-p-3p};{panniqtuu:pangnirtuuq/1n}{mi:mit/tn-abl-s};{panniqtuu:pangnirtuuq/1n}{mi:nmik/tn-gen-d-3d};{panniqtuu:pangnirtuuq/1n}{mi:ngmik/tn-gen-d-3p};{panniq:pangniq/1n}{tuu:tuuq/1nn}{mi:mik/tn-acc-s};{panniq:pangniq/1n}{tuu:tuuq/1nn}{mi:mik/tn-gen-s-3d};{panniq:pangniq/1n}{tuu:tuuq/1nn}{mi:mik/tn-gen-p-3d};{panniq:pangniq/1n}{tuu:tuuq/1nn}{mi:mik/tn-gen-s-3p};{panniq:pangniq/1n}{tuu:tuuq/1nn}{mi:mik/tn-gen-p-3p};{panniq:pangniq/1n}{tuu:tuuq/1nn}{mi:mit/tn-abl-s};{panniq:pangniq/1n}{tuu:tuuq/1nn}{mi:nmik/tn-gen-d-3d};{panniq:pangniq/1n}{tuu:tuuq/1nn}{mi:ngmik/tn-gen-d-3p};{panniq:pangniq/1n}{tu:tuq/1nv}{u:ut/1vn}{mi:mik/tn-acc-s};{panni:pangniq/1n}{qtu:ttuq/1nv}{u:ut/1vn}{mi:mik/tn-acc-s};{panniq:pangniq/1n}{tu:tuq/1nv}{u:ut/1vn}{mi:mit/tn-abl-s};{panni:pangniq/1n}{qtu:ttuq/1nv}{u:ut/1vn}{mi:mit/tn-abl-s},False,False,False,False,False,
hansard,panniqtuuq,{panniqtuuq:pangnirtuuq/1n},False,{panniqtuuq:pangnirtuuq/1n};{panniq:pangniq/1n}{tuuq:tuuq/1nn},False,False,False,False,False,
hansard,parnaut,{parna:parnaq/1v}{ut:ut/1vn},False,{parna:parnaq/1v}{ut:ut/1vn},False,False,False,False,False,
hansard,parnautiit,{parna:parnaq/1v}{uti:ut/1vn}{it:it/tn-nom-p},False,{parna:parnaq/1v}{uti:ut/1vn}{it:it/tn-nom-p};{parna:parnaq/1v}{uti:ut/1vn}{it:it/tn-gen-p};{parna:parnaq/1v}{uti:ut/1vn}{it:it/tn-nom-s-2s};{parna:parnaq/1v}{ut:ut/1vn}{iit:it/tn-nom-s-2s};{parna:parnaq/1v}{u:uq/3vv}{ti:ji/1vn}{it:it/tn-nom-p};{parna:parnaq/1v}{u:uq/3vv}{ti:tiq/1vn}{it:it/tn-nom-p};{parna:parnaq/1v}{u:uq/3vv}{ti:ji/1vn}{it:it/tn-gen-p};{parna:parnaq/1v}{u:uq/3vv}{ti:tiq/1vn}{it:it/tn-gen-p};{parna:parnaq/1v}{u:uq/3vv}{ti:ji/1vn}{it:it/tn-nom-s-2s};{parna:parnaq/1v}{u:uq/3vv}{ti:tiq/1vn}{it:it/tn-nom-s-2s},False,False,False,False,False,
hansard,parnautinik,{parna:parnaq/1v}{uti:ut/1vn}{nik:nik/tn-acc-p},False,{parna:parnaq/1v}{uti:ut/1vn}{nik:nik/tn-acc-p};{parna:parnaq/1v}{ut:ut/1vn}{inik:nik/tn-acc-p};{parna:parnaq/1v}{u:uq/3vv}{ti:ji/1vn}{nik:nik/tn-acc-p},False,False,False,False,False,
hansard,pattatuqtut,{patta:paktak/1v}{tuq:tuq/1vv}{tut:jut/tv-ger-3p},False,{patta:paktak/1v}{tuq:juq/1vn}{tut:tut/tn-sim-s};{patta:paktak/1n}{tuq:tuq/1nv}{tut:jut/tv-ger-3p};{patta:paktak/1v}{tuq:tuq/1vv}{tut:jut/tv-ger-3p};{patta:paktak/1n}{tuq:ttuq/1nv}{tut:jut/tv-ger-3p},False,False,False,False,False,
hansard,paul,[decomposition:/paul(paul)/],False,,False,False,False,False,True,
hansard,paulusi,[decomposition:/paulusi(paulusi)/],False,,False,False,False,False,True,
hansard,pi,[decomposition:/pi(pi)/],False,,False,False,False,False,True,
hansard,pigiaqtitait,{pi:pi/1v}{giaq:giaq/1vv}{ti:tit/1vv}{ta:jaq/1vn}{it:it/tn-nom-p},False,{pi:pi/1v}{giaq:giaq/1vv}{ti:tit/1vv}{tait:jait/tv-ger-2s-3s};{pi:pi/1v}{giaq:giaq/1vv}{ti:tit/1vv}{tait:jangit/tv-ger-3p-3p};{pi:pi/1v}{giaq:giaq/1vv}{ti:tit/1vv}{ta:jaq/1vn}{it:it/tn-nom-p};{pi:pi/1v}{giaq:giaq/1vv}{ti:tit/1vv}{ta:jaq/1vn}{it:it/tn-gen-p};{pi:pi/1v}{giaq:giaq/1vv}{ti:tit/1vv}{ta:jaq/1vn}{it:it/tn-nom-s-2s},False,False,False,False,False,
hansard,pigiaqtitamut,{pi:pi/1v}{giaq:giaq/1vv}{ti:tit/1vv}{ta:jaq/1vn}{mut:mut/tn-dat-s},False,{pi:pi/1v}{giaq:giaq/1vv}{ti:tit/1vv}{ta:jaq/1vn}{mut:mut/tn-dat-s},False,False,False,False,False,
hansard,pigiaqtitaq,{pi:pi/1v}{giaq:giaq/1vv}{ti:tit/1vv}{taq:jaq/1vn},False,{pi:pi/1v}{giaq:giaq/1vv}{ti:tit/1vv}{taq:jaq/1vn},False,False,False,False,False,
hansard,pigiaqtitat,{pi:pi/1v}{giaq:giaq/1vv}{ti:tit/1vv}{ta:jaq/1vn}{t:it/tn-nom-p},False,,False,True,False,False,False,See comment for 'katimajit'
hansard,pigiaqtitaujuq,{pi:pi/1v}{giaq:giaq/1vv}{ti:tit/1vv}{ta:jaq/1vn}{u:u/1nv}{juq:juq/1vn},False,{pi:pi/1v}{giaq:giaq/1vv}{ti:tit/1vv}{ta:jaq/1vn}{u:u/1nv}{juq:juq/1vn};{pi:pi/1v}{giaq:giaq/1vv}{ti:tit/1vv}{ta:jaq/1vn}{u:u/1nv}{juq:juq/tv-ger-3s},False,False,False,False,False,
hansard,pigiarutiksanit,{pi:pi/1v}{gia:giaq/1vv}{ruti:ut/1vn}{ksa:ksaq/1nn}{nit:nit/tn-abl-p},False,{pi:pi/1v}{gia:giaq/1vv}{ruti:jjut/1vn}{ksa:ksaq/1nn}{nit:nit/tn-abl-p};{pi:pi/1v}{gia:giaq/1vv}{ruti:ut/1vn}{ksa:ksaq/1nn}{nit:nit/tn-abl-p};{pi:pi/1v}{giar:giaq/1vv}{uti:uti/1vv}{ksa:ksaq/1vn}{nit:nit/tn-abl-p};{pi:pi/1v}{gia:giaq/1vv}{ruti:jjut/1vn}{ksa:ksaq/1nn}{nit:ngnit/tn-abl-s-2s};{pi:pi/1v}{gia:giaq/1vv}{ruti:ut/1vn}{ksa:ksaq/1nn}{nit:ngnit/tn-abl-s-2s};{pi:pi/1v}{giar:giaq/1vv}{uti:uti/1vv}{ksa:ksaq/1vn}{nit:ngnit/tn-abl-s-2s};{pi:pi/1v}{gia:giaq/1vv}{ruti:jjut/1vn}{ksa:ksaq/1nn}{nit:ngnit/tn-abl-p-2s};{pi:pi/1v}{gia:giaq/1vv}{ruti:ut/1vn}{ksa:ksaq/1nn}{nit:ngnit/tn-abl-p-2s};{pi:pi/1v}{giar:giaq/1vv}{uti:uti/1vv}{ksa:ksaq/1vn}{nit:ngnit/tn-abl-p-2s};{pi:pi/1v}{gia:giaq/1vv}{ruti:jjut/1vn}{ksa:ksaq/1nn}{nit:mnit/tn-abl-s-1s};{pi:pi/1v}{gia:giaq/1vv}{ruti:ut/1vn}{ksa:ksaq/1nn}{nit:mnit/tn-abl-s-1s};{pi:pi/1v}{giar:giaq/1vv}{uti:uti/1vv}{ksa:ksaq/1vn}{nit:mnit/tn-abl-s-1s};{pi:pi/1v}{gia:giaq/1vv}{ruti:jjut/1vn}{ksa:ksaq/1nn}{nit:mnit/tn-abl-p-1s};{pi:pi/1v}{gia:giaq/1vv}{ruti:ut/1vn}{ksa:ksaq/1nn}{nit:mnit/tn-abl-p-1s};{pi:pi/1v}{giar:giaq/1vv}{uti:uti/1vv}{ksa:ksaq/1vn}{nit:mnit/tn-abl-p-1s},False,False,False,False,False,
hansard,piiku,,True,,False,False,False,False,True,Picco
hansard,piikuu,,True,,False,False,False,False,True,Picco
hansard,piita,,True,,False,False,False,False,True,Peter
hansard,pijjutigillugit,{pi:pi/1v}{jjuti:jjut/1vn}{gi:gi/1nv}{llugit:lugit/tv-part-1s-3p-prespas},False,{pijju:pigjuq/1v}{tigi:tigi/1vv}{llugit:lugit/tv-part-1s-3p-prespas};{pijju:pigjuq/1v}{tigi:tigi/1vv}{llugit:lugit/tv-part-2s-3p-prespas};{pijju:pigjuq/1v}{tigi:tigi/1vv}{llugit:lugit/tv-part-4s-3p-prespas};{pijju:pigjuq/1v}{tigi:tigi/1vv}{llugit:lugit/tv-part-1d-3p-prespas};{pijju:pigjuq/1v}{tigi:tigi/1vv}{llugit:lugit/tv-part-2d-3p-prespas};{pijju:pigjuq/1v}{tigi:tigi/1vv}{llugit:lugit/tv-part-4d-3p-prespas};{pijju:pigjuq/1v}{tigi:tigi/1vv}{llugit:lugit/tv-part-1p-3p-prespas};{pijju:pigjuq/1v}{tigi:tigi/1vv}{llugit:lugit/tv-part-2p-3p-prespas};{pijju:pigjuq/1v}{tigi:tigi/1vv}{llugit:lugit/tv-part-4p-3p-prespas};{pijju:pigjuq/1v}{ti:ji/1vn}{gil:gik/1nv}{lugit:lugit/tv-part-1s-3p-fut};{pijju:pigjuq/1v}{ti:ji/1vn}{gil:gik/1nv}{lugit:lugit/tv-part-2s-3p-fut};{pijju:pigjuq/1v}{ti:ji/1vn}{gil:gik/1nv}{lugit:lugit/tv-part-4s-3p-fut};{pijju:pigjuq/1v}{ti:ji/1vn}{gil:gik/1nv}{lugit:lugit/tv-part-1d-3p-fut};{pijju:pigjuq/1v}{ti:ji/1vn}{gil:gik/1nv}{lugit:lugit/tv-part-2d-3p-fut};{pijju:pigjuq/1v}{ti:ji/1vn}{gil:gik/1nv}{lugit:lugit/tv-part-4d-3p-fut};{pijju:pigjuq/1v}{ti:ji/1vn}{gil:gik/1nv}{lugit:lugit/tv-part-1p-3p-fut};{pijju:pigjuq/1v}{ti:ji/1vn}{gil:gik/1nv}{lugit:lugit/tv-part-2p-3p-fut};{pijju:pigjuq/1v}{ti:ji/1vn}{gil:gik/1nv}{lugit:lugit/tv-part-4p-3p-fut};{pijju:pigjuq/1v}{ti:ji/1vn}{gi:gi/1nv}{llugit:lugit/tv-part-1s-3p-prespas};{pijju:pigjuq/1v}{ti:ji/1vn}{gi:gi/1nv}{llugit:lugit/tv-part-2s-3p-prespas};{pijju:pigjuq/1v}{ti:ji/1vn}{gi:gi/1nv}{llugit:lugit/tv-part-4s-3p-prespas};{pijju:pigjuq/1v}{ti:ji/1vn}{gi:gi/1nv}{llugit:lugit/tv-part-1d-3p-prespas};{pijju:pigjuq/1v}{ti:ji/1vn}{gi:gi/1nv}{llugit:lugit/tv-part-2d-3p-prespas};{pijju:pigjuq/1v}{ti:ji/1vn}{gi:gi/1nv}{llugit:lugit/tv-part-4d-3p-prespas};{pijju:pigjuq/1v}{ti:ji/1vn}{gi:gi/1nv}{llugit:lugit/tv-part-1p-3p-prespas};{pijju:pigjuq/1v}{ti:ji/1vn}{gi:gi/1nv}{llugit:lugit/tv-part-2p-3p-prespas};{pijju:pigjuq/1v}{ti:ji/1vn}{gi:gi/1nv}{llugit:lugit/tv-part-4p-3p-prespas};{pi:pi/1v}{jjuti:jjut/1vn}{gil:gik/1nv}{lugit:lugit/tv-part-1s-3p-fut};{pi:pi/1v}{jjuti:ut/1vn}{gil:gik/1nv}{lugit:lugit/tv-part-1s-3p-fut};{pi:pi/1v}{jjuti:jjut/1vn}{gil:gik/1nv}{lugit:lugit/tv-part-2s-3p-fut};{pi:pi/1v}{jjuti:ut/1vn}{gil:gik/1nv}{lugit:lugit/tv-part-2s-3p-fut};{pi:pi/1v}{jjuti:jjut/1vn}{gil:gik/1nv}{lugit:lugit/tv-part-4s-3p-fut};{pi:pi/1v}{jjuti:ut/1vn}{gil:gik/1nv}{lugit:lugit/tv-part-4s-3p-fut};{pi:pi/1v}{jjuti:jjut/1vn}{gil:gik/1nv}{lugit:lugit/tv-part-1d-3p-fut};{pi:pi/1v}{jjuti:ut/1vn}{gil:gik/1nv}{lugit:lugit/tv-part-1d-3p-fut};{pi:pi/1v}{jjuti:jjut/1vn}{gil:gik/1nv}{lugit:lugit/tv-part-2d-3p-fut};{pi:pi/1v}{jjuti:ut/1vn}{gil:gik/1nv}{lugit:lugit/tv-part-2d-3p-fut};{pi:pi/1v}{jjuti:jjut/1vn}{gil:gik/1nv}{lugit:lugit/tv-part-4d-3p-fut};{pi:pi/1v}{jjuti:ut/1vn}{gil:gik/1nv}{lugit:lugit/tv-part-4d-3p-fut};{pi:pi/1v}{jjuti:jjut/1vn}{gil:gik/1nv}{lugit:lugit/tv-part-1p-3p-fut};{pi:pi/1v}{jjuti:ut/1vn}{gil:gik/1nv}{lugit:lugit/tv-part-1p-3p-fut};{pi:pi/1v}{jjuti:jjut/1vn}{gil:gik/1nv}{lugit:lugit/tv-part-2p-3p-fut};{pi:pi/1v}{jjuti:ut/1vn}{gil:gik/1nv}{lugit:lugit/tv-part-2p-3p-fut};{pi:pi/1v}{jjuti:jjut/1vn}{gil:gik/1nv}{lugit:lugit/tv-part-4p-3p-fut};{pi:pi/1v}{jjuti:ut/1vn}{gil:gik/1nv}{lugit:lugit/tv-part-4p-3p-fut};{pi:pi/1v}{jjuti:jjut/1vn}{gi:gi/1nv}{llugit:lugit/tv-part-1s-3p-prespas};{pi:pi/1v}{jjuti:ut/1vn}{gi:gi/1nv}{llugit:lugit/tv-part-1s-3p-prespas};{pi:pi/1v}{jjut:jjut/1vn}{igi:gi/1nv}{llugit:lugit/tv-part-1s-3p-prespas};{pi:pi/1v}{jjut:ut/1vn}{igi:gi/1nv}{llugit:lugit/tv-part-1s-3p-prespas};{pi:pi/1v}{jjuti:jjut/1vn}{gi:gi/1nv}{llugit:lugit/tv-part-2s-3p-prespas};{pi:pi/1v}{jjuti:ut/1vn}{gi:gi/1nv}{llugit:lugit/tv-part-2s-3p-prespas};{pi:pi/1v}{jjut:jjut/1vn}{igi:gi/1nv}{llugit:lugit/tv-part-2s-3p-prespas};{pi:pi/1v}{jjut:ut/1vn}{igi:gi/1nv}{llugit:lugit/tv-part-2s-3p-prespas};{pi:pi/1v}{jjuti:jjut/1vn}{gi:gi/1nv}{llugit:lugit/tv-part-4s-3p-prespas};{pi:pi/1v}{jjuti:ut/1vn}{gi:gi/1nv}{llugit:lugit/tv-part-4s-3p-prespas};{pi:pi/1v}{jjut:jjut/1vn}{igi:gi/1nv}{llugit:lugit/tv-part-4s-3p-prespas};{pi:pi/1v}{jjut:ut/1vn}{igi:gi/1nv}{llugit:lugit/tv-part-4s-3p-prespas};{pi:pi/1v}{jjuti:jjut/1vn}{gi:gi/1nv}{llugit:lugit/tv-part-1d-3p-prespas};{pi:pi/1v}{jjuti:ut/1vn}{gi:gi/1nv}{llugit:lugit/tv-part-1d-3p-prespas};{pi:pi/1v}{jjut:jjut/1vn}{igi:gi/1nv}{llugit:lugit/tv-part-1d-3p-prespas};{pi:pi/1v}{jjut:ut/1vn}{igi:gi/1nv}{llugit:lugit/tv-part-1d-3p-prespas};{pi:pi/1v}{jjuti:jjut/1vn}{gi:gi/1nv}{llugit:lugit/tv-part-2d-3p-prespas};{pi:pi/1v}{jjuti:ut/1vn}{gi:gi/1nv}{llugit:lugit/tv-part-2d-3p-prespas};{pi:pi/1v}{jjut:jjut/1vn}{igi:gi/1nv}{llugit:lugit/tv-part-2d-3p-prespas};{pi:pi/1v}{jjut:ut/1vn}{igi:gi/1nv}{llugit:lugit/tv-part-2d-3p-prespas};{pi:pi/1v}{jjuti:jjut/1vn}{gi:gi/1nv}{llugit:lugit/tv-part-4d-3p-prespas};{pi:pi/1v}{jjuti:ut/1vn}{gi:gi/1nv}{llugit:lugit/tv-part-4d-3p-prespas};{pi:pi/1v}{jjut:jjut/1vn}{igi:gi/1nv}{llugit:lugit/tv-part-4d-3p-prespas};{pi:pi/1v}{jjut:ut/1vn}{igi:gi/1nv}{llugit:lugit/tv-part-4d-3p-prespas};{pi:pi/1v}{jjuti:jjut/1vn}{gi:gi/1nv}{llugit:lugit/tv-part-1p-3p-prespas};{pi:pi/1v}{jjuti:ut/1vn}{gi:gi/1nv}{llugit:lugit/tv-part-1p-3p-prespas};{pi:pi/1v}{jjut:jjut/1vn}{igi:gi/1nv}{llugit:lugit/tv-part-1p-3p-prespas};{pi:pi/1v}{jjut:ut/1vn}{igi:gi/1nv}{llugit:lugit/tv-part-1p-3p-prespas};{pi:pi/1v}{jjuti:jjut/1vn}{gi:gi/1nv}{llugit:lugit/tv-part-2p-3p-prespas};{pi:pi/1v}{jjuti:ut/1vn}{gi:gi/1nv}{llugit:lugit/tv-part-2p-3p-prespas};{pi:pi/1v}{jjut:jjut/1vn}{igi:gi/1nv}{llugit:lugit/tv-part-2p-3p-prespas};{pi:pi/1v}{jjut:ut/1vn}{igi:gi/1nv}{llugit:lugit/tv-part-2p-3p-prespas};{pi:pi/1v}{jjuti:jjut/1vn}{gi:gi/1nv}{llugit:lugit/tv-part-4p-3p-prespas};{pi:pi/1v}{jjuti:ut/1vn}{gi:gi/1nv}{llugit:lugit/tv-part-4p-3p-prespas};{pi:pi/1v}{jjut:jjut/1vn}{igi:gi/1nv}{llugit:lugit/tv-part-4p-3p-prespas};{pi:pi/1v}{jjut:ut/1vn}{igi:gi/1nv}{llugit:lugit/tv-part-4p-3p-prespas},False,False,False,False,False,
hansard,pijjutigillugu,{pi:pi/1v}{jjuti:jjut/1vn}{gi:gi/1nv}{llugu:lugu/tv-part-1s-3s-prespas},False,{pijju:pigjuq/1v}{tigi:tigi/1vv}{llugu:lugu/tv-part-1s-3s-prespas};{pijju:pigjuq/1v}{tigi:tigi/1vv}{llugu:lugu/tv-part-2s-3s-prespas};{pijju:pigjuq/1v}{tigi:tigi/1vv}{llugu:lugu/tv-part-4s-3s-prespas};{pijju:pigjuq/1v}{tigi:tigi/1vv}{llugu:lugu/tv-part-1d-3s-prespas};{pijju:pigjuq/1v}{tigi:tigi/1vv}{llugu:lugu/tv-part-2d-3s-prespas};{pijju:pigjuq/1v}{tigi:tigi/1vv}{llugu:lugu/tv-part-4d-3s-prespas};{pijju:pigjuq/1v}{tigi:tigi/1vv}{llugu:lugu/tv-part-1p-3s-prespas};{pijju:pigjuq/1v}{tigi:tigi/1vv}{llugu:lugu/tv-part-2p-3s-prespas};{pijju:pigjuq/1v}{tigi:tigi/1vv}{llugu:lugu/tv-part-4p-3s-prespas};{pijju:pigjuq/1v}{ti:ji/1vn}{gil:gik/1nv}{lugu:lugu/tv-part-1s-3s-fut};{pijju:pigjuq/1v}{ti:ji/1vn}{gil:gik/1nv}{lugu:lugu/tv-part-2s-3s-fut};{pijju:pigjuq/1v}{ti:ji/1vn}{gil:gik/1nv}{lugu:lugu/tv-part-4s-3s-fut};{pijju:pigjuq/1v}{ti:ji/1vn}{gil:gik/1nv}{lugu:lugu/tv-part-1d-3s-fut};{pijju:pigjuq/1v}{ti:ji/1vn}{gil:gik/1nv}{lugu:lugu/tv-part-2d-3s-fut};{pijju:pigjuq/1v}{ti:ji/1vn}{gil:gik/1nv}{lugu:lugu/tv-part-4d-3s-fut};{pijju:pigjuq/1v}{ti:ji/1vn}{gil:gik/1nv}{lugu:lugu/tv-part-1p-3s-fut};{pijju:pigjuq/1v}{ti:ji/1vn}{gil:gik/1nv}{lugu:lugu/tv-part-2p-3s-fut};{pijju:pigjuq/1v}{ti:ji/1vn}{gil:gik/1nv}{lugu:lugu/tv-part-4p-3s-fut};{pijju:pigjuq/1v}{ti:ji/1vn}{gi:gi/1nv}{llugu:lugu/tv-part-1s-3s-prespas};{pijju:pigjuq/1v}{ti:ji/1vn}{gi:gi/1nv}{llugu:lugu/tv-part-2s-3s-prespas};{pijju:pigjuq/1v}{ti:ji/1vn}{gi:gi/1nv}{llugu:lugu/tv-part-4s-3s-prespas};{pijju:pigjuq/1v}{ti:ji/1vn}{gi:gi/1nv}{llugu:lugu/tv-part-1d-3s-prespas};{pijju:pigjuq/1v}{ti:ji/1vn}{gi:gi/1nv}{llugu:lugu/tv-part-2d-3s-prespas};{pijju:pigjuq/1v}{ti:ji/1vn}{gi:gi/1nv}{llugu:lugu/tv-part-4d-3s-prespas};{pijju:pigjuq/1v}{ti:ji/1vn}{gi:gi/1nv}{llugu:lugu/tv-part-1p-3s-prespas};{pijju:pigjuq/1v}{ti:ji/1vn}{gi:gi/1nv}{llugu:lugu/tv-part-2p-3s-prespas};{pijju:pigjuq/1v}{ti:ji/1vn}{gi:gi/1nv}{llugu:lugu/tv-part-4p-3s-prespas};{pi:pi/1v}{jjuti:jjut/1vn}{gil:gik/1nv}{lugu:lugu/tv-part-1s-3s-fut};{pi:pi/1v}{jjuti:ut/1vn}{gil:gik/1nv}{lugu:lugu/tv-part-1s-3s-fut};{pi:pi/1v}{jjuti:jjut/1vn}{gil:gik/1nv}{lugu:lugu/tv-part-2s-3s-fut};{pi:pi/1v}{jjuti:ut/1vn}{gil:gik/1nv}{lugu:lugu/tv-part-2s-3s-fut};{pi:pi/1v}{jjuti:jjut/1vn}{gil:gik/1nv}{lugu:lugu/tv-part-4s-3s-fut};{pi:pi/1v}{jjuti:ut/1vn}{gil:gik/1nv}{lugu:lugu/tv-part-4s-3s-fut};{pi:pi/1v}{jjuti:jjut/1vn}{gil:gik/1nv}{lugu:lugu/tv-part-1d-3s-fut};{pi:pi/1v}{jjuti:ut/1vn}{gil:gik/1nv}{lugu:lugu/tv-part-1d-3s-fut};{pi:pi/1v}{jjuti:jjut/1vn}{gil:gik/1nv}{lugu:lugu/tv-part-2d-3s-fut};{pi:pi/1v}{jjuti:ut/1vn}{gil:gik/1nv}{lugu:lugu/tv-part-2d-3s-fut};{pi:pi/1v}{jjuti:jjut/1vn}{gil:gik/1nv}{lugu:lugu/tv-part-4d-3s-fut};{pi:pi/1v}{jjuti:ut/1vn}{gil:gik/1nv}{lugu:lugu/tv-part-4d-3s-fut};{pi:pi/1v}{jjuti:jjut/1vn}{gil:gik/1nv}{lugu:lugu/tv-part-1p-3s-fut};{pi:pi/1v}{jjuti:ut/1vn}{gil:gik/1nv}{lugu:lugu/tv-part-1p-3s-fut};{pi:pi/1v}{jjuti:jjut/1vn}{gil:gik/1nv}{lugu:lugu/tv-part-2p-3s-fut};{pi:pi/1v}{jjuti:ut/1vn}{gil:gik/1nv}{lugu:lugu/tv-part-2p-3s-fut};{pi:pi/1v}{jjuti:jjut/1vn}{gil:gik/1nv}{lugu:lugu/tv-part-4p-3s-fut};{pi:pi/1v}{jjuti:ut/1vn}{gil:gik/1nv}{lugu:lugu/tv-part-4p-3s-fut};{pi:pi/1v}{jjuti:jjut/1vn}{gi:gi/1nv}{llugu:lugu/tv-part-1s-3s-prespas};{pi:pi/1v}{jjuti:ut/1vn}{gi:gi/1nv}{llugu:lugu/tv-part-1s-3s-prespas};{pi:pi/1v}{jjut:jjut/1vn}{igi:gi/1nv}{llugu:lugu/tv-part-1s-3s-prespas};{pi:pi/1v}{jjut:ut/1vn}{igi:gi/1nv}{llugu:lugu/tv-part-1s-3s-prespas};{pi:pi/1v}{jjuti:jjut/1vn}{gi:gi/1nv}{llugu:lugu/tv-part-2s-3s-prespas};{pi:pi/1v}{jjuti:ut/1vn}{gi:gi/1nv}{llugu:lugu/tv-part-2s-3s-prespas};{pi:pi/1v}{jjut:jjut/1vn}{igi:gi/1nv}{llugu:lugu/tv-part-2s-3s-prespas};{pi:pi/1v}{jjut:ut/1vn}{igi:gi/1nv}{llugu:lugu/tv-part-2s-3s-prespas};{pi:pi/1v}{jjuti:jjut/1vn}{gi:gi/1nv}{llugu:lugu/tv-part-4s-3s-prespas};{pi:pi/1v}{jjuti:ut/1vn}{gi:gi/1nv}{llugu:lugu/tv-part-4s-3s-prespas};{pi:pi/1v}{jjut:jjut/1vn}{igi:gi/1nv}{llugu:lugu/tv-part-4s-3s-prespas};{pi:pi/1v}{jjut:ut/1vn}{igi:gi/1nv}{llugu:lugu/tv-part-4s-3s-prespas};{pi:pi/1v}{jjuti:jjut/1vn}{gi:gi/1nv}{llugu:lugu/tv-part-1d-3s-prespas};{pi:pi/1v}{jjuti:ut/1vn}{gi:gi/1nv}{llugu:lugu/tv-part-1d-3s-prespas};{pi:pi/1v}{jjut:jjut/1vn}{igi:gi/1nv}{llugu:lugu/tv-part-1d-3s-prespas};{pi:pi/1v}{jjut:ut/1vn}{igi:gi/1nv}{llugu:lugu/tv-part-1d-3s-prespas};{pi:pi/1v}{jjuti:jjut/1vn}{gi:gi/1nv}{llugu:lugu/tv-part-2d-3s-prespas};{pi:pi/1v}{jjuti:ut/1vn}{gi:gi/1nv}{llugu:lugu/tv-part-2d-3s-prespas};{pi:pi/1v}{jjut:jjut/1vn}{igi:gi/1nv}{llugu:lugu/tv-part-2d-3s-prespas};{pi:pi/1v}{jjut:ut/1vn}{igi:gi/1nv}{llugu:lugu/tv-part-2d-3s-prespas};{pi:pi/1v}{jjuti:jjut/1vn}{gi:gi/1nv}{llugu:lugu/tv-part-4d-3s-prespas};{pi:pi/1v}{jjuti:ut/1vn}{gi:gi/1nv}{llugu:lugu/tv-part-4d-3s-prespas};{pi:pi/1v}{jjut:jjut/1vn}{igi:gi/1nv}{llugu:lugu/tv-part-4d-3s-prespas};{pi:pi/1v}{jjut:ut/1vn}{igi:gi/1nv}{llugu:lugu/tv-part-4d-3s-prespas};{pi:pi/1v}{jjuti:jjut/1vn}{gi:gi/1nv}{llugu:lugu/tv-part-1p-3s-prespas};{pi:pi/1v}{jjuti:ut/1vn}{gi:gi/1nv}{llugu:lugu/tv-part-1p-3s-prespas};{pi:pi/1v}{jjut:jjut/1vn}{igi:gi/1nv}{llugu:lugu/tv-part-1p-3s-prespas};{pi:pi/1v}{jjut:ut/1vn}{igi:gi/1nv}{llugu:lugu/tv-part-1p-3s-prespas};{pi:pi/1v}{jjuti:jjut/1vn}{gi:gi/1nv}{llugu:lugu/tv-part-2p-3s-prespas};{pi:pi/1v}{jjuti:ut/1vn}{gi:gi/1nv}{llugu:lugu/tv-part-2p-3s-prespas};{pi:pi/1v}{jjut:jjut/1vn}{igi:gi/1nv}{llugu:lugu/tv-part-2p-3s-prespas};{pi:pi/1v}{jjut:ut/1vn}{igi:gi/1nv}{llugu:lugu/tv-part-2p-3s-prespas};{pi:pi/1v}{jjuti:jjut/1vn}{gi:gi/1nv}{llugu:lugu/tv-part-4p-3s-prespas};{pi:pi/1v}{jjuti:ut/1vn}{gi:gi/1nv}{llugu:lugu/tv-part-4p-3s-prespas};{pi:pi/1v}{jjut:jjut/1vn}{igi:gi/1nv}{llugu:lugu/tv-part-4p-3s-prespas};{pi:pi/1v}{jjut:ut/1vn}{igi:gi/1nv}{llugu:lugu/tv-part-4p-3s-prespas},False,False,False,False,False,
hansard,pijjutilik,{pi:pi/1v}{jjuti:jjut/1vn}{lik:lik/1nn},False,{pijju:pigjuq/1v}{ti:ji/1vn}{lik:lik/1nn};{pijju:pigjuq/1v}{ti:tiq/1vn}{lik:lik/1nn};{pi:pi/1v}{jjuti:jjut/1vn}{lik:lik/1nn};{pi:pi/1v}{jjuti:ut/1vn}{lik:lik/1nn};{pi:pi/1v}{jjuti:uti/1vv}{lik:lik/tv-imp-3d},False,False,False,False,False,
hansard,pijjutiqaqtunik,{pi:pi/1v}{jjuti:jjut/1vn}{qaq:qaq/1nv}{tu:juq/1vn}{nik:nik/tn-acc-p},False,{pijju:pigjuq/1v}{ti:ji/1vn}{qaq:qaq/1nv}{tu:juq/1vn}{nik:nik/tn-acc-p};{pijju:pigjuq/1v}{ti:tiq/1vn}{qaq:qaq/1nv}{tu:juq/1vn}{nik:nik/tn-acc-p};{pijju:pigjuq/1v}{ti:ji/1vn}{qaq:qaq/1nv}{tu:juq/1vn}{nik:ngnik/tn-acc-s-2s};{pijju:pigjuq/1v}{ti:tiq/1vn}{qaq:qaq/1nv}{tu:juq/1vn}{nik:ngnik/tn-acc-s-2s};{pijju:pigjuq/1v}{ti:ji/1vn}{qaq:qaq/1nv}{tu:juq/1vn}{nik:ngnik/tn-acc-p-2s};{pijju:pigjuq/1v}{ti:tiq/1vn}{qaq:qaq/1nv}{tu:juq/1vn}{nik:ngnik/tn-acc-p-2s};{pijju:pigjuq/1v}{ti:ji/1vn}{qaq:qaq/1nv}{tu:juq/1vn}{nik:mnik/tn-acc-s-1s};{pijju:pigjuq/1v}{ti:tiq/1vn}{qaq:qaq/1nv}{tu:juq/1vn}{nik:mnik/tn-acc-s-1s};{pijju:pigjuq/1v}{ti:ji/1vn}{qaq:qaq/1nv}{tu:juq/1vn}{nik:mnik/tn-acc-p-1s};{pijju:pigjuq/1v}{ti:tiq/1vn}{qaq:qaq/1nv}{tu:juq/1vn}{nik:mnik/tn-acc-p-1s};{pi:pi/1v}{jjuti:jjut/1vn}{qaq:qaq/1nv}{tu:juq/1vn}{nik:nik/tn-acc-p};{pi:pi/1v}{jjuti:ut/1vn}{qaq:qaq/1nv}{tu:juq/1vn}{nik:nik/tn-acc-p};{pi:pi/1v}{jjuti:jjut/1vn}{qaq:qaq/1nv}{tu:juq/1vn}{nik:ngnik/tn-acc-s-2s};{pi:pi/1v}{jjuti:ut/1vn}{qaq:qaq/1nv}{tu:juq/1vn}{nik:ngnik/tn-acc-s-2s};{pi:pi/1v}{jjuti:jjut/1vn}{qaq:qaq/1nv}{tu:juq/1vn}{nik:ngnik/tn-acc-p-2s};{pi:pi/1v}{jjuti:ut/1vn}{qaq:qaq/1nv}{tu:juq/1vn}{nik:ngnik/tn-acc-p-2s};{pi:pi/1v}{jjuti:jjut/1vn}{qaq:qaq/1nv}{tu:juq/1vn}{nik:mnik/tn-acc-s-1s};{pi:pi/1v}{jjuti:ut/1vn}{qaq:qaq/1nv}{tu:juq/1vn}{nik:mnik/tn-acc-s-1s};{pi:pi/1v}{jjuti:jjut/1vn}{qaq:qaq/1nv}{tu:juq/1vn}{nik:mnik/tn-acc-p-1s};{pi:pi/1v}{jjuti:ut/1vn}{qaq:qaq/1nv}{tu:juq/1vn}{nik:mnik/tn-acc-p-1s},False,False,False,False,False,
hansard,pijjutiqaqtuq,{pi:pi/1v}{jjuti:jjut/1vn}{qaq:qaq/1nv}{tuq:juq/1vn},False,{pijju:pigjuq/1v}{ti:ji/1vn}{qaq:qaq/1nv}{tuq:juq/1vn};{pijju:pigjuq/1v}{ti:tiq/1vn}{qaq:qaq/1nv}{tuq:juq/1vn};{pijju:pigjuq/1v}{ti:ji/1vn}{qaq:qaq/1nv}{tuq:juq/tv-ger-3s};{pijju:pigjuq/1v}{ti:tiq/1vn}{qaq:qaq/1nv}{tuq:juq/tv-ger-3s};{pi:pi/1v}{jjuti:jjut/1vn}{qaq:qaq/1nv}{tuq:juq/1vn};{pi:pi/1v}{jjuti:ut/1vn}{qaq:qaq/1nv}{tuq:juq/1vn};{pi:pi/1v}{jjuti:jjut/1vn}{qaq:qaq/1nv}{tuq:juq/tv-ger-3s};{pi:pi/1v}{jjuti:ut/1vn}{qaq:qaq/1nv}{tuq:juq/tv-ger-3s},False,False,False,False,False,
hansard,pijjutiqaqtut,{pi:pi/1v}{jjuti:jjut/1vn}{qaq:qaq/1nv}{tut:jut/tv-ger-3p},False,{pijju:pigjuq/1v}{ti:ji/1vn}{qaq:qaq/1nv}{tut:jut/tv-ger-3p};{pijju:pigjuq/1v}{ti:tiq/1vn}{qaq:qaq/1nv}{tut:jut/tv-ger-3p};{pi:pi/1v}{jjuti:jjut/1vn}{qaq:qaq/1nv}{tut:jut/tv-ger-3p};{pi:pi/1v}{jjuti:ut/1vn}{qaq:qaq/1nv}{tut:jut/tv-ger-3p},False,False,False,False,False,
hansard,piku,,True,,False,False,False,False,True,Picco
hansard,piliriaksat,{piliria:piliriaq/1n}{ksa:ksaq/1nn}{t:it/tn-nom-p},False,,False,True,False,False,False,See comment for 'katimajit'
hansard,piliriamik,{piliria:piliriaq/1n}{mik:mik/tn-acc-s},False,{piliria:piliriaq/1n}{mik:mik/tn-acc-s};{pi:pi/1n}{li:liq/3nv}{ria:giaq/2vn}{mik:mik/tn-acc-s};{pi:pi/1n}{li:liq/2nv}{ria:giaq/2vn}{mik:mik/tn-acc-s};{pi:pi/1v}{li:liq/1vv}{ria:giaq/2vn}{mik:mik/tn-acc-s};{pi:pi/1n}{li:liq/3nv}{ria:giaq/3vn}{mik:mik/tn-acc-s};{pi:pi/1n}{li:liq/2nv}{ria:giaq/3vn}{mik:mik/tn-acc-s};{pi:pi/1v}{li:liq/1vv}{ria:giaq/3vn}{mik:mik/tn-acc-s},False,False,False,False,False,
hansard,piliriamut,{piliria:piliriaq/1n}{mut:mut/tn-dat-s},False,{piliria:piliriaq/1n}{mut:mut/tn-dat-s};{pi:pi/1n}{li:liq/3nv}{ria:giaq/2vn}{mut:mut/tn-dat-s};{pi:pi/1n}{li:liq/2nv}{ria:giaq/2vn}{mut:mut/tn-dat-s};{pi:pi/1v}{li:liq/1vv}{ria:giaq/2vn}{mut:mut/tn-dat-s};{pi:pi/1n}{li:liq/3nv}{ria:giaq/3vn}{mut:mut/tn-dat-s};{pi:pi/1n}{li:liq/2nv}{ria:giaq/3vn}{mut:mut/tn-dat-s};{pi:pi/1v}{li:liq/1vv}{ria:giaq/3vn}{mut:mut/tn-dat-s},False,False,False,False,False,
hansard,piliriangujuq,{piliria:piliriaq/1n}{ngu:u/1nv}{juq:juq/1vn},False,{piliria:piliriaq/1n}{ngu:u/1nv}{juq:juq/1vn};{piliria:piliriaq/1n}{ngu:ngu/1nv}{juq:juq/1vn};{piliria:piliriaq/1n}{ngu:u/1nv}{juq:juq/tv-ger-3s};{piliria:piliriaq/1n}{ngu:ngu/1nv}{juq:juq/tv-ger-3s};{pi:pi/1n}{li:liq/3nv}{ria:giaq/2vn}{ngu:u/1nv}{juq:juq/1vn};{pi:pi/1n}{li:liq/2nv}{ria:giaq/2vn}{ngu:u/1nv}{juq:juq/1vn};{pi:pi/1v}{li:liq/1vv}{ria:giaq/2vn}{ngu:u/1nv}{juq:juq/1vn};{pi:pi/1n}{li:liq/3nv}{ria:giaq/3vn}{ngu:u/1nv}{juq:juq/1vn};{pi:pi/1n}{li:liq/2nv}{ria:giaq/3vn}{ngu:u/1nv}{juq:juq/1vn};{pi:pi/1v}{li:liq/1vv}{ria:giaq/3vn}{ngu:u/1nv}{juq:juq/1vn};{pi:pi/1n}{li:liq/3nv}{ria:giaq/2vn}{ngu:ngu/1nv}{juq:juq/1vn};{pi:pi/1n}{li:liq/2nv}{ria:giaq/2vn}{ngu:ngu/1nv}{juq:juq/1vn};{pi:pi/1v}{li:liq/1vv}{ria:giaq/2vn}{ngu:ngu/1nv}{juq:juq/1vn};{pi:pi/1n}{li:liq/3nv}{ria:giaq/3vn}{ngu:ngu/1nv}{juq:juq/1vn};{pi:pi/1n}{li:liq/2nv}{ria:giaq/3vn}{ngu:ngu/1nv}{juq:juq/1vn};{pi:pi/1v}{li:liq/1vv}{ria:giaq/3vn}{ngu:ngu/1nv}{juq:juq/1vn};{pi:pi/1n}{li:liq/3nv}{ria:giaq/2vn}{ngu:u/1nv}{juq:juq/tv-ger-3s};{pi:pi/1n}{li:liq/2nv}{ria:giaq/2vn}{ngu:u/1nv}{juq:juq/tv-ger-3s};{pi:pi/1v}{li:liq/1vv}{ria:giaq/2vn}{ngu:u/1nv}{juq:juq/tv-ger-3s};{pi:pi/1n}{li:liq/3nv}{ria:giaq/3vn}{ngu:u/1nv}{juq:juq/tv-ger-3s};{pi:pi/1n}{li:liq/2nv}{ria:giaq/3vn}{ngu:u/1nv}{juq:juq/tv-ger-3s};{pi:pi/1v}{li:liq/1vv}{ria:giaq/3vn}{ngu:u/1nv}{juq:juq/tv-ger-3s};{pi:pi/1n}{li:liq/3nv}{ria:giaq/2vn}{ngu:ngu/1nv}{juq:juq/tv-ger-3s};{pi:pi/1n}{li:liq/2nv}{ria:giaq/2vn}{ngu:ngu/1nv}{juq:juq/tv-ger-3s};{pi:pi/1v}{li:liq/1vv}{ria:giaq/2vn}{ngu:ngu/1nv}{juq:juq/tv-ger-3s};{pi:pi/1n}{li:liq/3nv}{ria:giaq/3vn}{ngu:ngu/1nv}{juq:juq/tv-ger-3s};{pi:pi/1n}{li:liq/2nv}{ria:giaq/3vn}{ngu:ngu/1nv}{juq:juq/tv-ger-3s};{pi:pi/1v}{li:liq/1vv}{ria:giaq/3vn}{ngu:ngu/1nv}{juq:juq/tv-ger-3s},False,False,False,False,False,
hansard,piliriangujut,{piliria:piliriaq/1n}{ngu:u/1nv}{jut:jut/tv-ger-3p},False,{piliria:piliriaq/1n}{ngu:u/1nv}{jut:jut/tv-ger-3p};{piliria:piliriaq/1n}{ngu:ngu/1nv}{jut:jut/tv-ger-3p};{pi:pi/1n}{li:liq/3nv}{ria:giaq/2vn}{ngu:u/1nv}{jut:jut/tv-ger-3p};{pi:pi/1n}{li:liq/2nv}{ria:giaq/2vn}{ngu:u/1nv}{jut:jut/tv-ger-3p};{pi:pi/1v}{li:liq/1vv}{ria:giaq/2vn}{ngu:u/1nv}{jut:jut/tv-ger-3p};{pi:pi/1n}{li:liq/3nv}{ria:giaq/3vn}{ngu:u/1nv}{jut:jut/tv-ger-3p};{pi:pi/1n}{li:liq/2nv}{ria:giaq/3vn}{ngu:u/1nv}{jut:jut/tv-ger-3p};{pi:pi/1v}{li:liq/1vv}{ria:giaq/3vn}{ngu:u/1nv}{jut:jut/tv-ger-3p};{pi:pi/1n}{li:liq/3nv}{ria:giaq/2vn}{ngu:ngu/1nv}{jut:jut/tv-ger-3p};{pi:pi/1n}{li:liq/2nv}{ria:giaq/2vn}{ngu:ngu/1nv}{jut:jut/tv-ger-3p};{pi:pi/1v}{li:liq/1vv}{ria:giaq/2vn}{ngu:ngu/1nv}{jut:jut/tv-ger-3p};{pi:pi/1n}{li:liq/3nv}{ria:giaq/3vn}{ngu:ngu/1nv}{jut:jut/tv-ger-3p};{pi:pi/1n}{li:liq/2nv}{ria:giaq/3vn}{ngu:ngu/1nv}{jut:jut/tv-ger-3p};{pi:pi/1v}{li:liq/1vv}{ria:giaq/3vn}{ngu:ngu/1nv}{jut:jut/tv-ger-3p},False,False,False,False,False,
hansard,pilirianik,{piliria:piliriaq/1n}{nik:nik/tn-acc-p},False,{piliria:piliriaq/1n}{nik:nik/tn-acc-p};{piliri:piliriaq/1n}{anik:nganik/tn-acc-s-4s};{pi:pi/1n}{li:liq/3nv}{ria:giaq/2vn}{nik:nik/tn-acc-p};{pi:pi/1n}{li:liq/2nv}{ria:giaq/2vn}{nik:nik/tn-acc-p};{pi:pi/1v}{li:liq/1vv}{ria:giaq/2vn}{nik:nik/tn-acc-p};{pi:pi/1n}{li:liq/3nv}{ria:giaq/3vn}{nik:nik/tn-acc-p};{pi:pi/1n}{li:liq/2nv}{ria:giaq/3vn}{nik:nik/tn-acc-p};{pi:pi/1v}{li:liq/1vv}{ria:giaq/3vn}{nik:nik/tn-acc-p};{pi:pi/1n}{li:liq/3nv}{ri:giaq/2vn}{anik:nganik/tn-acc-s-4s};{pi:pi/1n}{li:liq/2nv}{ri:giaq/2vn}{anik:nganik/tn-acc-s-4s};{pi:pi/1v}{li:liq/1vv}{ri:giaq/2vn}{anik:nganik/tn-acc-s-4s};{pi:pi/1n}{li:liq/3nv}{ri:giaq/3vn}{anik:nganik/tn-acc-s-4s};{pi:pi/1n}{li:liq/2nv}{ri:giaq/3vn}{anik:nganik/tn-acc-s-4s};{pi:pi/1v}{li:liq/1vv}{ri:giaq/3vn}{anik:nganik/tn-acc-s-4s},False,False,False,False,False,
hansard,pilirianut,{piliria:piliriaq/1n}{nut:nut/tn-dat-p},False,{piliria:piliriaq/1n}{nut:nut/tn-dat-p};{piliri:piliriaq/1n}{anut:nganut/tn-dat-s-4s};{pi:pi/1n}{li:liq/3nv}{ria:giaq/2vn}{nut:nut/tn-dat-p};{pi:pi/1n}{li:liq/2nv}{ria:giaq/2vn}{nut:nut/tn-dat-p};{pi:pi/1v}{li:liq/1vv}{ria:giaq/2vn}{nut:nut/tn-dat-p};{pi:pi/1n}{li:liq/3nv}{ria:giaq/3vn}{nut:nut/tn-dat-p};{pi:pi/1n}{li:liq/2nv}{ria:giaq/3vn}{nut:nut/tn-dat-p};{pi:pi/1v}{li:liq/1vv}{ria:giaq/3vn}{nut:nut/tn-dat-p};{pi:pi/1n}{li:liq/3nv}{ri:giaq/2vn}{anut:nganut/tn-dat-s-4s};{pi:pi/1n}{li:liq/2nv}{ri:giaq/2vn}{anut:nganut/tn-dat-s-4s};{pi:pi/1v}{li:liq/1vv}{ri:giaq/2vn}{anut:nganut/tn-dat-s-4s};{pi:pi/1n}{li:liq/3nv}{ri:giaq/3vn}{anut:nganut/tn-dat-s-4s};{pi:pi/1n}{li:liq/2nv}{ri:giaq/3vn}{anut:nganut/tn-dat-s-4s};{pi:pi/1v}{li:liq/1vv}{ri:giaq/3vn}{anut:nganut/tn-dat-s-4s},False,False,False,False,False,
hansard,piliriaq,{piliriaq:piliriaq/1n},False,{piliriaq:piliriaq/1n};{pi:pi/1n}{li:liq/3nv}{riaq:giaq/2vn};{pi:pi/1n}{li:liq/2nv}{riaq:giaq/2vn};{pi:pi/1v}{li:liq/1vv}{riaq:giaq/2vn};{pi:pi/1n}{li:liq/3nv}{riaq:giaq/3vn};{pi:pi/1n}{li:liq/2nv}{riaq:giaq/3vn};{pi:pi/1v}{li:liq/1vv}{riaq:giaq/3vn};{pi:pi/1n}{li:liq/3nv}{riaq:jariaq/1vn};{pi:pi/1n}{li:liq/2nv}{riaq:jariaq/1vn};{pi:pi/1v}{li:liq/1vv}{riaq:jariaq/1vn},False,False,False,False,False,
hansard,piliriat,{piliria:piliriaq/1n}{t:it/tn-nom-p},False,{piliria:piliriaq/1n}{t:it/tn-nom-p};{piliria:piliriaq/1n}{t:it/tn-gen-p};{piliria:piliriaq/1n}{t:it/tn-nom-s-2s};{pi:pi/1n}{li:liq/3nv}{ria:giaq/2vn}{t:it/tn-nom-p};{pi:pi/1n}{li:liq/2nv}{ria:giaq/2vn}{t:it/tn-nom-p};{pi:pi/1v}{li:liq/1vv}{ria:giaq/2vn}{t:it/tn-nom-p};{pi:pi/1n}{li:liq/3nv}{ria:giaq/3vn}{t:it/tn-nom-p};{pi:pi/1n}{li:liq/2nv}{ria:giaq/3vn}{t:it/tn-nom-p};{pi:pi/1v}{li:liq/1vv}{ria:giaq/3vn}{t:it/tn-nom-p};{pi:pi/1n}{li:liq/3nv}{ria:giaq/2vn}{t:it/tn-gen-p};{pi:pi/1n}{li:liq/2nv}{ria:giaq/2vn}{t:it/tn-gen-p};{pi:pi/1v}{li:liq/1vv}{ria:giaq/2vn}{t:it/tn-gen-p};{pi:pi/1n}{li:liq/3nv}{ria:giaq/3vn}{t:it/tn-gen-p};{pi:pi/1n}{li:liq/2nv}{ria:giaq/3vn}{t:it/tn-gen-p};{pi:pi/1v}{li:liq/1vv}{ria:giaq/3vn}{t:it/tn-gen-p};{pi:pi/1n}{li:liq/3nv}{ria:giaq/2vn}{t:it/tn-nom-s-2s};{pi:pi/1n}{li:liq/2nv}{ria:giaq/2vn}{t:it/tn-nom-s-2s};{pi:pi/1v}{li:liq/1vv}{ria:giaq/2vn}{t:it/tn-nom-s-2s};{pi:pi/1n}{li:liq/3nv}{ria:giaq/3vn}{t:it/tn-nom-s-2s};{pi:pi/1n}{li:liq/2nv}{ria:giaq/3vn}{t:it/tn-nom-s-2s};{pi:pi/1v}{li:liq/1vv}{ria:giaq/3vn}{t:it/tn-nom-s-2s},False,False,False,False,False,
hansard,piliriatsaq,{piliria:piliriaq/1n}{tsaq:ksaq/1nn},False,{piliria:piliriaq/1n}{tsaq:ksaq/1nn};{pi:pi/1n}{li:liq/3nv}{riatsaq:jariaksaq/2vn};{pi:pi/1n}{li:liq/2nv}{riatsaq:jariaksaq/2vn};{pi:pi/1v}{li:liq/1vv}{riatsaq:jariaksaq/2vn};{pi:pi/1n}{li:liq/3nv}{ria:giaq/2vn}{tsaq:ksaq/1nn};{pi:pi/1n}{li:liq/2nv}{ria:giaq/2vn}{tsaq:ksaq/1nn};{pi:pi/1v}{li:liq/1vv}{ria:giaq/2vn}{tsaq:ksaq/1nn};{pi:pi/1n}{li:liq/3nv}{ria:giaq/3vn}{tsaq:ksaq/1nn};{pi:pi/1n}{li:liq/2nv}{ria:giaq/3vn}{tsaq:ksaq/1nn};{pi:pi/1v}{li:liq/1vv}{ria:giaq/3vn}{tsaq:ksaq/1nn};{pi:pi/1n}{li:liq/3nv}{ria:giaq/1vv}{tsaq:ksaq/1vn};{pi:pi/1n}{li:liq/2nv}{ria:giaq/1vv}{tsaq:ksaq/1vn};{pi:pi/1v}{li:liq/1vv}{ria:giaq/1vv}{tsaq:ksaq/1vn},False,False,False,False,False,
hansard,piliriviit,{pi:pi/1n}{liri:liri/1nv}{vi:vik/3vn}{it:it/tn-nom-p},False,{pi:pi/1n}{liri:liri/1nv}{viit:viit/tv-int-2s};{pi:pi/1n}{liri:liri/1nv}{vi:vik/3vn}{it:it/tn-nom-p};{pi:pi/1n}{liri:liri/1nv}{vi:vik/3vn}{it:it/tn-gen-p};{pi:pi/1n}{liri:liri/1nv}{vi:vik/3vn}{it:it/tn-nom-s-2s};{pi:pi/1n}{li:liq/3nv}{ri:gi/2vv}{viit:viit/tv-int-2s};{pi:pi/1n}{li:liq/2nv}{ri:gi/2vv}{viit:viit/tv-int-2s};{pi:pi/1v}{li:liq/1vv}{ri:gi/2vv}{viit:viit/tv-int-2s},False,False,False,False,False,
hansard,pilirivik,{pi:pi/1n}{liri:liri/1nv}{vik:vik/3vn},False,{pi:pi/1n}{liri:liri/1nv}{vik:vik/3vn},False,False,False,False,False,
hansard,pilirivinga,{pi:pi/1n}{liri:liri/1nv}{vi:vik/3vn}{nga:nga/tn-nom-s-4s},False,{pi:pi/1n}{liri:liri/1nv}{vinga:vinga/tv-int-2s-1s};{pi:pi/1n}{liri:liri/1nv}{vi:vik/3vn}{nga:nga/tn-nom-s-4s};{pi:pi/1n}{li:liq/3nv}{ri:gi/2vv}{vinga:vinga/tv-int-2s-1s};{pi:pi/1n}{li:liq/2nv}{ri:gi/2vv}{vinga:vinga/tv-int-2s-1s};{pi:pi/1v}{li:liq/1vv}{ri:gi/2vv}{vinga:vinga/tv-int-2s-1s};{pi:pi/1n}{liri:liri/1nv}{vi:vik/3vn}{nga:ngak/tn-nom-s-4d};{pi:pi/1n}{liri:liri/1nv}{vi:vik/3vn}{nga:ngat/tn-nom-s-4p},False,False,False,False,False,
hansard,piliriviujunut,{pi:pi/1n}{liri:liri/1nv}{vi:vik/3vn}{u:u/1nv}{ju:juq/1vn}{nut:nut/tn-dat-p},False,{pi:pi/1n}{liri:liri/1nv}{vi:vik/3vn}{u:u/1nv}{ju:juq/1vn}{nut:nut/tn-dat-p},False,False,False,False,False,
hansard,piliriviujuq,{pi:pi/1n}{liri:liri/1nv}{vi:vik/3vn}{u:u/1nv}{juq:juq/1vn},False,{pi:pi/1n}{liri:liri/1nv}{vi:vik/3vn}{u:u/1nv}{juq:juq/1vn};{pi:pi/1n}{liri:liri/1nv}{vi:vik/3vn}{u:u/1nv}{juq:juq/tv-ger-3s},False,False,False,False,False,
hansard,piliriviujut,{pi:pi/1n}{liri:liri/1nv}{vi:vik/3vn}{u:u/1nv}{jut:jut/tv-ger-3p},False,{pi:pi/1n}{liri:liri/1nv}{vi:vik/3vn}{u:u/1nv}{jut:jut/tv-ger-3p},False,False,False,False,False,
hansard,piliriviup,{pi:pi/1n}{liri:liri/1nv}{vi:vik/3vn}{up:up/tn-gen-s},False,{pi:pi/1n}{liri:liri/1nv}{vi:vik/3vn}{up:up/tn-gen-s};{pi:pi/1n}{liri:liri/1nv}{vi:vik/3vn}{u:ut/2nn}{p:up/tn-gen-s};{pi:pi/1n}{liri:liri/1nv}{vi:vik/2vv}{u:ut/1vn}{p:up/tn-gen-s},False,False,False,False,False,
hansard,pilirivviit,{pi:pi/1n}{liri:liri/1nv}{vvi:vik/3vn}{it:it/tn-nom-p},False,{pi:pi/1n}{liri:liri/1nv}{vvi:vik/3vn}{it:it/tn-nom-p};{pi:pi/1n}{liri:liri/1nv}{vvi:vik/3vn}{it:it/tn-gen-p};{pi:pi/1n}{liri:liri/1nv}{vvi:vik/3vn}{it:it/tn-nom-s-2s},False,False,False,False,False,
hansard,pilirivvik,{pi:pi/1n}{liri:liri/1nv}{vvik:vik/3vn},False,{pi:pi/1n}{liri:liri/1nv}{vvik:vik/3vn},False,False,False,False,False,
hansard,pilirivvinga,{pi:pi/1n}{liri:liri/1nv}{vvi:vik/3vn}{nga:nga/tn-nom-s-4s},False,{pi:pi/1n}{liri:liri/1nv}{vvi:vik/3vn}{nga:nga/tn-nom-s-4s};{pi:pi/1n}{liri:liri/1nv}{vvi:vik/3vn}{nga:ngak/tn-nom-s-4d};{pi:pi/1n}{liri:liri/1nv}{vvi:vik/3vn}{nga:ngat/tn-nom-s-4p},False,False,False,False,False,
hansard,pillugit,{pi:pi/1v}{llugit:lugit/tv-part-1s-3p-prespas},False,{pillu:pilluk/1v}{git:git/tv-imp-2s};{pi:pi/1v}{llugit:lugit/tv-part-1s-3p-prespas};{pi:pi/1v}{llugit:lugit/tv-part-2s-3p-prespas};{pi:pi/1v}{llugit:lugit/tv-part-4s-3p-prespas};{pi:pi/1v}{llugit:lugit/tv-part-1d-3p-prespas};{pi:pi/1v}{llugit:lugit/tv-part-2d-3p-prespas};{pi:pi/1v}{llugit:lugit/tv-part-4d-3p-prespas};{pi:pi/1v}{llugit:lugit/tv-part-1p-3p-prespas};{pi:pi/1v}{llugit:lugit/tv-part-2p-3p-prespas};{pi:pi/1v}{llugit:lugit/tv-part-4p-3p-prespas};{pi:pi/1v}{l:t/1vv}{lugit:lugit/tv-part-1s-3p-fut};{pi:pi/1v}{l:t/1vv}{lugit:lugit/tv-part-2s-3p-fut};{pi:pi/1v}{l:t/1vv}{lugit:lugit/tv-part-4s-3p-fut};{pi:pi/1v}{l:t/1vv}{lugit:lugit/tv-part-1d-3p-fut};{pi:pi/1v}{l:t/1vv}{lugit:lugit/tv-part-2d-3p-fut};{pi:pi/1v}{l:t/1vv}{lugit:lugit/tv-part-4d-3p-fut};{pi:pi/1v}{l:t/1vv}{lugit:lugit/tv-part-1p-3p-fut};{pi:pi/1v}{l:t/1vv}{lugit:lugit/tv-part-2p-3p-fut};{pi:pi/1v}{l:t/1vv}{lugit:lugit/tv-part-4p-3p-fut},False,False,False,False,False,
hansard,pillugu,{pi:pi/1v}{llugu:lugu/tv-part-1s-3s-prespas},False,{pi:pi/1v}{llugu:lugu/tv-part-1s-3s-prespas};{pi:pi/1v}{llugu:lugu/tv-part-2s-3s-prespas};{pi:pi/1v}{llugu:lugu/tv-part-4s-3s-prespas};{pi:pi/1v}{llugu:lugu/tv-part-1d-3s-prespas};{pi:pi/1v}{llugu:lugu/tv-part-2d-3s-prespas};{pi:pi/1v}{llugu:lugu/tv-part-4d-3s-prespas};{pi:pi/1v}{llugu:lugu/tv-part-1p-3s-prespas};{pi:pi/1v}{llugu:lugu/tv-part-2p-3s-prespas};{pi:pi/1v}{llugu:lugu/tv-part-4p-3s-prespas};{pi:pi/1v}{l:t/1vv}{lugu:lugu/tv-part-1s-3s-fut};{pi:pi/1v}{l:t/1vv}{lugu:lugu/tv-part-2s-3s-fut};{pi:pi/1v}{l:t/1vv}{lugu:lugu/tv-part-4s-3s-fut};{pi:pi/1v}{l:t/1vv}{lugu:lugu/tv-part-1d-3s-fut};{pi:pi/1v}{l:t/1vv}{lugu:lugu/tv-part-2d-3s-fut};{pi:pi/1v}{l:t/1vv}{lugu:lugu/tv-part-4d-3s-fut};{pi:pi/1v}{l:t/1vv}{lugu:lugu/tv-part-1p-3s-fut};{pi:pi/1v}{l:t/1vv}{lugu:lugu/tv-part-2p-3s-fut};{pi:pi/1v}{l:t/1vv}{lugu:lugu/tv-part-4p-3s-fut};{pillu:pilluk/1v}{gu:guk/tv-imp-2s-3s},False,False,False,False,False,
hansard,piluaqtumi,{pi:pi/1v}{luaq:luaq/1vv}{tu:juq/1vn}{mi:mi/tn-loc-s},False,{pilu:piluq/1n}{aq:aq/2nv}{tu:tuq/1vv}{mi:miik/1vn};{pilu:piluq/1n}{aq:aq/2nv}{tu:juq/1vn}{mi:mi/tn-loc-s};{pilu:piluq/1n}{aq:aq/2nv}{tu:juq/1vn}{mi:mi/tn-gen-s-3s};{pilu:piluq/1n}{aq:aq/2nv}{tu:juq/1vn}{mi:mi/tn-gen-p-3s};{pi:pi/1n}{luaq:luaq/2nn}{tu:tuq/1nv}{mi:miik/1vn};{pi:pi/1v}{luaq:luaq/1vv}{tu:tuq/1vv}{mi:miik/1vn};{pi:pi/1n}{lua:luaq/2nn}{qtu:ttuq/1nv}{mi:miik/1vn};{pi:pi/1v}{luaq:luaq/1vv}{tu:juq/1vn}{mi:mi/tn-loc-s};{pi:pi/1v}{luaq:luaq/1vv}{tu:juq/1vn}{mi:mi/tn-gen-s-3s};{pi:pi/1v}{luaq:luaq/1vv}{tu:juq/1vn}{mi:mi/tn-gen-p-3s};{pi:pi/1n}{lu:luk/2nn}{aq:aq/2nv}{tu:tuq/1vv}{mi:miik/1vn};{pi:pi/1n}{lu:luk/2nn}{aq:aq/2nv}{tu:juq/1vn}{mi:mi/tn-loc-s};{pi:pi/1n}{lu:luk/2nn}{aq:aq/2nv}{tu:juq/1vn}{mi:mi/tn-gen-s-3s};{pi:pi/1n}{lu:luk/2nn}{aq:aq/2nv}{tu:juq/1vn}{mi:mi/tn-gen-p-3s};{pilu:piluq/1n}{aq:aq/2nv}{tu:juq/1vn}{mi:mik/tn-acc-s};{pilu:piluq/1n}{aq:aq/2nv}{tu:juq/1vn}{mi:mik/tn-gen-s-3d};{pilu:piluq/1n}{aq:aq/2nv}{tu:juq/1vn}{mi:mik/tn-gen-p-3d};{pilu:piluq/1n}{aq:aq/2nv}{tu:juq/1vn}{mi:mik/tn-gen-s-3p};{pilu:piluq/1n}{aq:aq/2nv}{tu:juq/1vn}{mi:mik/tn-gen-p-3p};{pilu:piluq/1n}{aq:aq/2nv}{tu:juq/1vn}{mi:mit/tn-abl-s};{pi:pi/1v}{luaq:luaq/1vv}{tu:juq/1vn}{mi:mik/tn-acc-s};{pi:pi/1v}{luaq:luaq/1vv}{tu:juq/1vn}{mi:mik/tn-gen-s-3d};{pi:pi/1v}{luaq:luaq/1vv}{tu:juq/1vn}{mi:mik/tn-gen-p-3d};{pi:pi/1v}{luaq:luaq/1vv}{tu:juq/1vn}{mi:mik/tn-gen-s-3p};{pi:pi/1v}{luaq:luaq/1vv}{tu:juq/1vn}{mi:mik/tn-gen-p-3p};{pi:pi/1v}{luaq:luaq/1vv}{tu:juq/1vn}{mi:mit/tn-abl-s};{pi:pi/1n}{lu:luk/2nn}{aq:aq/2nv}{tu:juq/1vn}{mi:mik/tn-acc-s};{pi:pi/1n}{lu:luk/2nn}{aq:aq/2nv}{tu:juq/1vn}{mi:mik/tn-gen-s-3d};{pi:pi/1n}{lu:luk/2nn}{aq:aq/2nv}{tu:juq/1vn}{mi:mik/tn-gen-p-3d};{pi:pi/1n}{lu:luk/2nn}{aq:aq/2nv}{tu:juq/1vn}{mi:mik/tn-gen-s-3p};{pi:pi/1n}{lu:luk/2nn}{aq:aq/2nv}{tu:juq/1vn}{mi:mik/tn-gen-p-3p};{pi:pi/1n}{lu:luk/2nn}{aq:aq/2nv}{tu:juq/1vn}{mi:mit/tn-abl-s},False,False,False,False,False,
hansard,piluaqtumik,{pi:pi/1v}{luaq:luaq/1vv}{tu:juq/1vn}{mik:mik/tn-acc-s},False,{pilu:piluq/1n}{aq:aq/2nv}{tu:juq/1vn}{mik:mik/tn-acc-s};{pilu:piluq/1n}{aq:aq/2nv}{tu:juq/1vn}{mik:mik/tn-gen-s-3d};{pilu:piluq/1n}{aq:aq/2nv}{tu:juq/1vn}{mik:mik/tn-gen-p-3d};{pilu:piluq/1n}{aq:aq/2nv}{tu:juq/1vn}{mik:mik/tn-gen-s-3p};{pilu:piluq/1n}{aq:aq/2nv}{tu:juq/1vn}{mik:mik/tn-gen-p-3p};{pi:pi/1v}{luaq:luaq/1vv}{tu:juq/1vn}{mik:mik/tn-acc-s};{pi:pi/1v}{luaq:luaq/1vv}{tu:juq/1vn}{mik:mik/tn-gen-s-3d};{pi:pi/1v}{luaq:luaq/1vv}{tu:juq/1vn}{mik:mik/tn-gen-p-3d};{pi:pi/1v}{luaq:luaq/1vv}{tu:juq/1vn}{mik:mik/tn-gen-s-3p};{pi:pi/1v}{luaq:luaq/1vv}{tu:juq/1vn}{mik:mik/tn-gen-p-3p};{pi:pi/1n}{lu:luk/2nn}{aq:aq/2nv}{tu:juq/1vn}{mik:mik/tn-acc-s};{pi:pi/1n}{lu:luk/2nn}{aq:aq/2nv}{tu:juq/1vn}{mik:mik/tn-gen-s-3d};{pi:pi/1n}{lu:luk/2nn}{aq:aq/2nv}{tu:juq/1vn}{mik:mik/tn-gen-p-3d};{pi:pi/1n}{lu:luk/2nn}{aq:aq/2nv}{tu:juq/1vn}{mik:mik/tn-gen-s-3p};{pi:pi/1n}{lu:luk/2nn}{aq:aq/2nv}{tu:juq/1vn}{mik:mik/tn-gen-p-3p},False,False,False,False,False,
hansard,piluaqtumit,{pi:pi/1v}{luaq:luaq/1vv}{tu:juq/1vn}{mit:mit/tn-abl-s},False,{pilu:piluq/1n}{aq:aq/2nv}{tu:juq/1vn}{mit:mit/tn-abl-s};{pi:pi/1v}{luaq:luaq/1vv}{tu:juq/1vn}{mit:mit/tn-abl-s};{pi:pi/1n}{lu:luk/2nn}{aq:aq/2nv}{tu:juq/1vn}{mit:mit/tn-abl-s},False,False,False,False,False,
hansard,pinasuarusiulauqtumi,{pinasuarusi:pinasuarusiq/1n}{u:u/1nv}{lauq:lauq/1vv}{tu:juq/1vn}{mi:mi/tn-loc-s},False,{pinasuarusi:pinasuarusiq/1n}{u:u/1nv}{lauq:lauq/1vv}{tu:tuq/1vv}{mi:miik/1vn};{pinasuarusi:pinasuarusiq/1n}{u:u/1nv}{lauq:lauq/1vv}{tu:juq/1vn}{mi:mi/tn-loc-s};{pinasuarusi:pinasuarusiq/1n}{u:u/1nv}{lauq:lauq/1vv}{tu:juq/1vn}{mi:mi/tn-gen-s-3s};{pinasuarusi:pinasuarusiq/1n}{u:u/1nv}{lauq:lauq/1vv}{tu:juq/1vn}{mi:mi/tn-gen-p-3s};{pinasuarusi:pinasuarusiq/1n}{u:u/1nv}{la:laaq/2vv}{uq:ut/1vn}{tu:tuq/1nv}{mi:miik/1vn};{pinasuarusi:pinasuarusiq/1n}{u:u/1nv}{la:laaq/2vv}{u:ut/1vn}{qtu:ttuq/1nv}{mi:miik/1vn};{pi:pi/1v}{nasuar:nasuk/1vv}{usi:usiq/1vn}{u:u/1nv}{lauq:lauq/1vv}{tu:tuq/1vv}{mi:miik/1vn};{pi:pi/1v}{nasua:nasuk/1vv}{rusi:rusiq/1vn}{u:u/1nv}{lauq:lauq/1vv}{tu:tuq/1vv}{mi:miik/1vn};{pi:pi/1v}{nasuar:nasuk/1vv}{usi:usiq/1vn}{u:u/1nv}{lauq:lauq/1vv}{tu:juq/1vn}{mi:mi/tn-loc-s};{pi:pi/1v}{nasua:nasuk/1vv}{rusi:rusiq/1vn}{u:u/1nv}{lauq:lauq/1vv}{tu:juq/1vn}{mi:mi/tn-loc-s};{pi:pi/1v}{nasuar:nasuk/1vv}{usi:usiq/1vn}{u:u/1nv}{lauq:lauq/1vv}{tu:juq/1vn}{mi:mi/tn-gen-s-3s};{pi:pi/1v}{nasua:nasuk/1vv}{rusi:rusiq/1vn}{u:u/1nv}{lauq:lauq/1vv}{tu:juq/1vn}{mi:mi/tn-gen-s-3s};{pi:pi/1v}{nasuar:nasuk/1vv}{usi:usiq/1vn}{u:u/1nv}{lauq:lauq/1vv}{tu:juq/1vn}{mi:mi/tn-gen-p-3s};{pi:pi/1v}{nasua:nasuk/1vv}{rusi:rusiq/1vn}{u:u/1nv}{lauq:lauq/1vv}{tu:juq/1vn}{mi:mi/tn-gen-p-3s};{pi:pi/1v}{nasuar:nasuk/1vv}{usi:usiq/1vn}{u:u/1nv}{la:laaq/2vv}{uq:ut/1vn}{tu:tuq/1nv}{mi:miik/1vn};{pi:pi/1v}{nasua:nasuk/1vv}{rusi:rusiq/1vn}{u:u/1nv}{la:laaq/2vv}{uq:ut/1vn}{tu:tuq/1nv}{mi:miik/1vn};{pi:pi/1v}{nasua:nasuk/1vv}{ru:jjut/1vn}{si:liq/2nv}{u:uq/3vv}{lauq:lauq/1vv}{tu:tuq/1vv}{mi:miik/1vn};{pi:pi/1v}{nasua:nasuk/1vv}{ru:ut/1vn}{si:liq/2nv}{u:uq/3vv}{lauq:lauq/1vv}{tu:tuq/1vv}{mi:miik/1vn};{pi:pi/1v}{nasuar:nasuk/1vv}{usi:usiq/1vn}{u:u/1nv}{la:laaq/2vv}{u:ut/1vn}{qtu:ttuq/1nv}{mi:miik/1vn};{pi:pi/1v}{nasua:nasuk/1vv}{rusi:rusiq/1vn}{u:u/1nv}{la:laaq/2vv}{u:ut/1vn}{qtu:ttuq/1nv}{mi:miik/1vn};{pi:pi/1v}{nasua:nasuk/1vv}{ru:jjut/1vn}{si:liq/2nv}{u:uq/3vv}{lauq:lauq/1vv}{tu:juq/1vn}{mi:mi/tn-loc-s};{pi:pi/1v}{nasua:nasuk/1vv}{ru:ut/1vn}{si:liq/2nv}{u:uq/3vv}{lauq:lauq/1vv}{tu:juq/1vn}{mi:mi/tn-loc-s};{pi:pi/1v}{nasua:nasuk/1vv}{ru:jjut/1vn}{si:liq/2nv}{u:uq/3vv}{lauq:lauq/1vv}{tu:juq/1vn}{mi:mi/tn-gen-s-3s};{pi:pi/1v}{nasua:nasuk/1vv}{ru:ut/1vn}{si:liq/2nv}{u:uq/3vv}{lauq:lauq/1vv}{tu:juq/1vn}{mi:mi/tn-gen-s-3s};{pi:pi/1v}{nasua:nasuk/1vv}{ru:jjut/1vn}{si:liq/2nv}{u:uq/3vv}{lauq:lauq/1vv}{tu:juq/1vn}{mi:mi/tn-gen-p-3s};{pi:pi/1v}{nasua:nasuk/1vv}{ru:ut/1vn}{si:liq/2nv}{u:uq/3vv}{lauq:lauq/1vv}{tu:juq/1vn}{mi:mi/tn-gen-p-3s};{pi:pi/1v}{nasua:nasuk/1vv}{ru:jjut/1vn}{si:liq/2nv}{u:uq/3vv}{la:laaq/2vv}{uq:ut/1vn}{tu:tuq/1nv}{mi:miik/1vn};{pi:pi/1v}{nasua:nasuk/1vv}{ru:ut/1vn}{si:liq/2nv}{u:uq/3vv}{la:laaq/2vv}{uq:ut/1vn}{tu:tuq/1nv}{mi:miik/1vn};{pi:pi/1v}{nasua:nasuk/1vv}{ru:jjut/1vn}{si:liq/2nv}{u:uq/3vv}{la:laaq/2vv}{u:ut/1vn}{qtu:ttuq/1nv}{mi:miik/1vn};{pi:pi/1v}{nasua:nasuk/1vv}{ru:ut/1vn}{si:liq/2nv}{u:uq/3vv}{la:laaq/2vv}{u:ut/1vn}{qtu:ttuq/1nv}{mi:miik/1vn};{pinasuarusi:pinasuarusiq/1n}{u:u/1nv}{lauq:lauq/1vv}{tu:juq/1vn}{mi:mik/tn-acc-s};{pinasuarusi:pinasuarusiq/1n}{u:u/1nv}{lauq:lauq/1vv}{tu:juq/1vn}{mi:mik/tn-gen-s-3d};{pinasuarusi:pinasuarusiq/1n}{u:u/1nv}{lauq:lauq/1vv}{tu:juq/1vn}{mi:mik/tn-gen-p-3d};{pinasuarusi:pinasuarusiq/1n}{u:u/1nv}{lauq:lauq/1vv}{tu:juq/1vn}{mi:mik/tn-gen-s-3p};{pinasuarusi:pinasuarusiq/1n}{u:u/1nv}{lauq:lauq/1vv}{tu:juq/1vn}{mi:mik/tn-gen-p-3p};{pinasuarusi:pinasuarusiq/1n}{u:u/1nv}{lauq:lauq/1vv}{tu:juq/1vn}{mi:mit/tn-abl-s};{pi:pi/1v}{nasuar:nasuk/1vv}{usi:usiq/1vn}{u:u/1nv}{lauq:lauq/1vv}{tu:juq/1vn}{mi:mik/tn-acc-s};{pi:pi/1v}{nasua:nasuk/1vv}{rusi:rusiq/1vn}{u:u/1nv}{lauq:lauq/1vv}{tu:juq/1vn}{mi:mik/tn-acc-s};{pi:pi/1v}{nasuar:nasuk/1vv}{usi:usiq/1vn}{u:u/1nv}{lauq:lauq/1vv}{tu:juq/1vn}{mi:mik/tn-gen-s-3d};{pi:pi/1v}{nasua:nasuk/1vv}{rusi:rusiq/1vn}{u:u/1nv}{lauq:lauq/1vv}{tu:juq/1vn}{mi:mik/tn-gen-s-3d};{pi:pi/1v}{nasuar:nasuk/1vv}{usi:usiq/1vn}{u:u/1nv}{lauq:lauq/1vv}{tu:juq/1vn}{mi:mik/tn-gen-p-3d};{pi:pi/1v}{nasua:nasuk/1vv}{rusi:rusiq/1vn}{u:u/1nv}{lauq:lauq/1vv}{tu:juq/1vn}{mi:mik/tn-gen-p-3d};{pi:pi/1v}{nasuar:nasuk/1vv}{usi:usiq/1vn}{u:u/1nv}{lauq:lauq/1vv}{tu:juq/1vn}{mi:mik/tn-gen-s-3p};{pi:pi/1v}{nasua:nasuk/1vv}{rusi:rusiq/1vn}{u:u/1nv}{lauq:lauq/1vv}{tu:juq/1vn}{mi:mik/tn-gen-s-3p};{pi:pi/1v}{nasuar:nasuk/1vv}{usi:usiq/1vn}{u:u/1nv}{lauq:lauq/1vv}{tu:juq/1vn}{mi:mik/tn-gen-p-3p};{pi:pi/1v}{nasua:nasuk/1vv}{rusi:rusiq/1vn}{u:u/1nv}{lauq:lauq/1vv}{tu:juq/1vn}{mi:mik/tn-gen-p-3p};{pi:pi/1v}{nasuar:nasuk/1vv}{usi:usiq/1vn}{u:u/1nv}{lauq:lauq/1vv}{tu:juq/1vn}{mi:mit/tn-abl-s};{pi:pi/1v}{nasua:nasuk/1vv}{rusi:rusiq/1vn}{u:u/1nv}{lauq:lauq/1vv}{tu:juq/1vn}{mi:mit/tn-abl-s};{pi:pi/1v}{nasua:nasuk/1vv}{ru:jjut/1vn}{si:liq/2nv}{u:uq/3vv}{lauq:lauq/1vv}{tu:juq/1vn}{mi:mik/tn-acc-s};{pi:pi/1v}{nasua:nasuk/1vv}{ru:ut/1vn}{si:liq/2nv}{u:uq/3vv}{lauq:lauq/1vv}{tu:juq/1vn}{mi:mik/tn-acc-s};{pi:pi/1v}{nasua:nasuk/1vv}{ru:jjut/1vn}{si:liq/2nv}{u:uq/3vv}{lauq:lauq/1vv}{tu:juq/1vn}{mi:mik/tn-gen-s-3d};{pi:pi/1v}{nasua:nasuk/1vv}{ru:ut/1vn}{si:liq/2nv}{u:uq/3vv}{lauq:lauq/1vv}{tu:juq/1vn}{mi:mik/tn-gen-s-3d};{pi:pi/1v}{nasua:nasuk/1vv}{ru:jjut/1vn}{si:liq/2nv}{u:uq/3vv}{lauq:lauq/1vv}{tu:juq/1vn}{mi:mik/tn-gen-p-3d};{pi:pi/1v}{nasua:nasuk/1vv}{ru:ut/1vn}{si:liq/2nv}{u:uq/3vv}{lauq:lauq/1vv}{tu:juq/1vn}{mi:mik/tn-gen-p-3d};{pi:pi/1v}{nasua:nasuk/1vv}{ru:jjut/1vn}{si:liq/2nv}{u:uq/3vv}{lauq:lauq/1vv}{tu:juq/1vn}{mi:mik/tn-gen-s-3p};{pi:pi/1v}{nasua:nasuk/1vv}{ru:ut/1vn}{si:liq/2nv}{u:uq/3vv}{lauq:lauq/1vv}{tu:juq/1vn}{mi:mik/tn-gen-s-3p};{pi:pi/1v}{nasua:nasuk/1vv}{ru:jjut/1vn}{si:liq/2nv}{u:uq/3vv}{lauq:lauq/1vv}{tu:juq/1vn}{mi:mik/tn-gen-p-3p};{pi:pi/1v}{nasua:nasuk/1vv}{ru:ut/1vn}{si:liq/2nv}{u:uq/3vv}{lauq:lauq/1vv}{tu:juq/1vn}{mi:mik/tn-gen-p-3p};{pi:pi/1v}{nasua:nasuk/1vv}{ru:jjut/1vn}{si:liq/2nv}{u:uq/3vv}{lauq:lauq/1vv}{tu:juq/1vn}{mi:mit/tn-abl-s};{pi:pi/1v}{nasua:nasuk/1vv}{ru:ut/1vn}{si:liq/2nv}{u:uq/3vv}{lauq:lauq/1vv}{tu:juq/1vn}{mi:mit/tn-abl-s},False,False,False,False,False,
hansard,pinasuarusiup,{pinasuarusi:pinasuarusiq/1n}{up:up/tn-gen-s},False,{pinasuarusi:pinasuarusiq/1n}{up:up/tn-gen-s};{pinasuarusi:pinasuarusiq/1n}{u:ut/2nn}{p:up/tn-gen-s};{pi:pi/1v}{nasuar:nasuk/1vv}{usi:usiq/1vn}{up:up/tn-gen-s};{pi:pi/1v}{nasua:nasuk/1vv}{rusi:rusiq/1vn}{up:up/tn-gen-s};{pi:pi/1v}{nasuar:nasuk/1vv}{usi:usiq/1vn}{u:ut/2nn}{p:up/tn-gen-s};{pi:pi/1v}{nasua:nasuk/1vv}{rusi:rusiq/1vn}{u:ut/2nn}{p:up/tn-gen-s};{pi:pi/1v}{nasua:nasuk/1vv}{ru:jjut/1vn}{si:liq/2nv}{u:ut/1vn}{p:up/tn-gen-s};{pi:pi/1v}{nasua:nasuk/1vv}{ru:ut/1vn}{si:liq/2nv}{u:ut/1vn}{p:up/tn-gen-s};{pi:pi/1v}{nasua:nasuk/1vv}{ru:jjut/1vn}{si:liaq/2nv}{u:ut/1vn}{p:up/tn-gen-s};{pi:pi/1v}{nasua:nasuk/1vv}{ru:ut/1vn}{si:liaq/2nv}{u:ut/1vn}{p:up/tn-gen-s},False,False,False,False,False,
hansard,pingajuanni,{pingajuan:pingajuat/1n}{ni:ni/tn-loc-p},False,{pingajuan:pingajuat/1n}{ni:ni/tn-loc-p};{pingajuan:pingajuat/1n}{ni:nik/tn-acc-p};{pingajuan:pingajuat/1n}{ni:nit/tn-abl-p},False,False,False,False,False,
hansard,pingajuannik,{pingajuan:pingajuat/1n}{nik:nik/tn-acc-p},False,{pingajuan:pingajuat/1n}{nik:nik/tn-acc-p},False,False,False,False,False,
hansard,pingajuannit,{pingajuan:pingajuat/1n}{nit:nit/tn-abl-p},False,{pingajuan:pingajuat/1n}{nit:nit/tn-abl-p},False,False,False,False,False,
hansard,pingajuat,{pingajuat:pingajuat/1n},False,{pingajuat:pingajuat/1n},False,False,False,False,False,
hansard,pingasunik,{pingasu:pingasu/1n}{nik:nik/tn-acc-p},False,{pingasu:pingasu/1n}{nik:nik/tn-acc-p},False,False,False,False,False,
hansard,pingasunit,{pingasu:pingasu/1n}{nit:nit/tn-abl-p},False,{pingasu:pingasu/1n}{nit:nit/tn-abl-p},False,False,False,False,False,
hansard,pingasunut,{pingasu:pingasu/1n}{nut:nut/tn-dat-p},False,{pingasu:pingasu/1n}{nut:nut/tn-dat-p},False,False,False,False,False,
hansard,pingasut,{pingasut:pingasut/1n},False,{pingasut:pingasut/1n},False,False,False,False,False,
hansard,piqujaksait,{pi:pi/1v}{qu:qu/2vv}{ja:jaq/1vn}{ksa:ksaq/1nn}{it:it/tn-nom-p},False,{pi:pi/1v}{qu:qu/2vv}{ja:jaq/1vn}{ksa:ksaq/1nn}{it:it/tn-nom-p};{pi:pi/1v}{qu:qu/2vv}{ja:jaq/2vv}{ksa:ksaq/1vn}{it:it/tn-nom-p};{pi:pi/1v}{qu:qu/2vv}{ja:jaq/1vn}{ksa:ksaq/1nn}{it:it/tn-gen-p};{pi:pi/1v}{qu:qu/2vv}{ja:jaq/2vv}{ksa:ksaq/1vn}{it:it/tn-gen-p};{pi:pi/1v}{qu:qu/2vv}{ja:jaq/1vn}{ksa:ksaq/1nn}{it:it/tn-nom-s-2s};{pi:pi/1v}{qu:qu/2vv}{ja:jaq/2vv}{ksa:ksaq/1vn}{it:it/tn-nom-s-2s},False,False,False,False,False,
hansard,piqujaksaq,{pi:pi/1v}{qu:qu/2vv}{ja:jaq/1vn}{ksaq:ksaq/1nn},False,{pi:pi/1v}{qu:qu/2vv}{ja:jaq/1vn}{ksaq:ksaq/1nn};{pi:pi/1v}{qu:qu/2vv}{ja:jaq/2vv}{ksaq:ksaq/1vn},False,False,False,False,False,
hansard,piqujaksat,{pi:pi/1v}{qu:qu/2vv}{ja:jaq/1vn}{ksa:ksaq/1nn}{t:it/tn-nom-p},False,,False,True,False,False,False,See comment for 'katimajit'
hansard,piqujaq,{pi:pi/1v}{qu:qu/2vv}{jaq:jaq/1vn},False,{pi:pi/1v}{qu:qu/2vv}{jaq:jaq/1vn},False,False,False,False,False,
hansard,pivalliatittinirmut,{pi:pi/1v}{vallia:vallia/1vv}{tit:tit/1vv}{ti:si/1vv}{nir:niq/2vn}{mut:mut/tn-dat-s},False,{pi:pi/1v}{vallia:vallia/1vv}{tit:tiq/1vn}{ti:si/4nv}{nir:niq/2vn}{mut:mut/tn-dat-s};{pi:pi/1v}{vallia:vallia/1vv}{tit:tit/1vv}{ti:si/1vv}{nir:niq/2vn}{mut:mut/tn-dat-s};{pi:pi/1v}{vallia:vallia/1vv}{tit:tit/1vv}{ti:siq/1vv}{nir:niq/2vn}{mut:mut/tn-dat-s},False,False,False,False,False,
hansard,pu,[decomposition:/pu(pu)/],False,,False,False,False,False,True,
hansard,pukiqnaq,[decomposition:/pukiqnaq(pukiqnaq)/],False,,False,False,False,False,True,
hansard,pukirnak,[decomposition:/pukirnak(pukirnak)/],False,,False,False,False,False,True,
hansard,pukirnaq,[decomposition:/pukirnaq(pukirnaq)/],False,,False,False,False,False,True,
hansard,pukirngnak,[decomposition:/pukirngnak(pukirngnak)/],False,,False,False,False,False,True,
hansard,pukkirnaq,[decomposition:/pukkirnaq(pukkirnaq)/],False,,False,False,False,False,True,
hansard,pulaaqtinit,{pulaaq:pulaaq/1v}{ti:ji/1vn}{nit:nit/tn-abl-p},False,{pulaaq:pulaaq/1v}{ti:ji/1vn}{nit:nit/tn-abl-p};{pulaaq:pulaaq/1v}{ti:tiq/1vn}{nit:nit/tn-abl-p};{pulaaq:pulaaq/1v}{ti:tiq/1vn}{nit:ngnit/tn-abl-s-2s};{pulaaq:pulaaq/1v}{ti:ji/1vn}{nit:ngnit/tn-abl-s-2s};{pulaaq:pulaaq/1v}{ti:ji/1vn}{nit:ngnit/tn-abl-p-2s};{pulaaq:pulaaq/1v}{ti:tiq/1vn}{nit:ngnit/tn-abl-p-2s};{pulaaq:pulaaq/1v}{ti:ji/1vn}{nit:mnit/tn-abl-s-1s};{pulaaq:pulaaq/1v}{ti:tiq/1vn}{nit:mnit/tn-abl-s-1s};{pulaaq:pulaaq/1v}{ti:ji/1vn}{nit:mnit/tn-abl-p-1s};{pulaaq:pulaaq/1v}{ti:tiq/1vn}{nit:mnit/tn-abl-p-1s};{pula:pula/1v}{aq:a/1vv}{ti:ji/1vn}{nit:nit/tn-abl-p};{pula:pula/1v}{aq:a/1vv}{ti:tiq/1vn}{nit:nit/tn-abl-p};{pula:pula/1v}{aq:a/1vv}{ti:tiq/1vn}{nit:ngnit/tn-abl-s-2s};{pula:pula/1v}{aq:a/1vv}{ti:ji/1vn}{nit:ngnit/tn-abl-s-2s};{pula:pula/1v}{aq:a/1vv}{ti:ji/1vn}{nit:ngnit/tn-abl-p-2s};{pula:pula/1v}{aq:a/1vv}{ti:tiq/1vn}{nit:ngnit/tn-abl-p-2s};{pula:pula/1v}{aq:a/1vv}{ti:ji/1vn}{nit:mnit/tn-abl-s-1s};{pula:pula/1v}{aq:a/1vv}{ti:tiq/1vn}{nit:mnit/tn-abl-s-1s};{pula:pula/1v}{aq:a/1vv}{ti:ji/1vn}{nit:mnit/tn-abl-p-1s};{pula:pula/1v}{aq:a/1vv}{ti:tiq/1vn}{nit:mnit/tn-abl-p-1s},False,False,False,False,False,
hansard,pulaariaqsimajut,{pulaa:pulaaq/1v}{riaq:giaq/1vv}{sima:sima/1vv}{jut:jut/tv-ger-3p},False,{pulaa:pulaaq/1v}{riaq:giaq/1vv}{sima:sima/1vv}{jut:jut/tv-ger-3p};{pulaa:pulaaq/1v}{riaq:giaq/2vn}{si:si/4nv}{ma:ma/1vv}{jut:jut/tv-ger-3p};{pulaa:pulaaq/1v}{riaq:giaq/3vn}{si:si/4nv}{ma:ma/1vv}{jut:jut/tv-ger-3p};{pulaa:pulaaq/1v}{riaq:giaq/1vv}{si:si/2vv}{ma:ma/1vv}{jut:jut/tv-ger-3p};{pulaa:pulaaq/1v}{riaq:giaq/1vv}{si:siq/1vv}{ma:ma/1vv}{jut:jut/tv-ger-3p};{pula:pula/1v}{a:a/1vv}{riaq:giaq/1vv}{sima:sima/1vv}{jut:jut/tv-ger-3p};{pula:pula/1v}{a:a/1vv}{riaq:giaq/2vn}{si:si/4nv}{ma:ma/1vv}{jut:jut/tv-ger-3p};{pula:pula/1v}{a:a/1vv}{riaq:giaq/3vn}{si:si/4nv}{ma:ma/1vv}{jut:jut/tv-ger-3p};{pula:pula/1v}{a:a/1vv}{riaq:giaq/1vv}{si:si/2vv}{ma:ma/1vv}{jut:jut/tv-ger-3p};{pula:pula/1v}{a:a/1vv}{riaq:giaq/1vv}{si:siq/1vv}{ma:ma/1vv}{jut:jut/tv-ger-3p},False,False,False,False,False,
hansard,pularaqtulirinirmut,{pula:pula/1v}{raq:raq/1vv}{tu:juq/1vn}{liri:liri/1nv}{nir:niq/2vn}{mut:mut/tn-dat-s},False,{pula:pula/1v}{raq:raq/1vv}{tu:juq/1vn}{liri:liri/1nv}{nir:niq/2vn}{mut:mut/tn-dat-s};{pula:pula/1v}{raq:raq/1vv}{tu:juq/1vn}{li:&iq/1nn}{ri:gi/1nv}{nir:niq/2vn}{mut:mut/tn-dat-s},False,False,False,False,False,
hansard,puqirnak,[decomposition:/puqirnak(puqirnak)/],False,,False,False,False,False,True,
hansard,puriimmia,{puriimmia:puriimmia/1n},False,{puriimmia:puriimmia/1n};{puriimmi:puriimmia/1n}{a:nga/tn-nom-s-4s};{puriimmia:puriimmia/1n}{:k/tn-nom-d};{puriimmia:puriimmia/1n}{:k/tn-gen-d};{puriimmia:puriimmia/1n}{:up/tn-gen-s};{puriimmia:puriimmia/1n}{:it/tn-nom-p};{puriimmia:puriimmia/1n}{:it/tn-gen-p};{puriimmia:puriimmia/1n}{:it/tn-nom-s-2s},False,False,False,False,False,
hansard,qallunaat,{qallunaa:qaplunaaq/1n}{t:it/tn-nom-p},False,{qallunaa:qaplunaaq/1n}{t:it/tn-nom-p};{qallunaa:qaplunaaq/2n}{t:it/tn-nom-p};{qallunaa:qaplunaaq/1n}{t:it/tn-gen-p};{qallunaa:qaplunaaq/2n}{t:it/tn-gen-p};{qallunaa:qaplunaaq/1n}{t:it/tn-nom-s-2s};{qallunaa:qaplunaaq/2n}{t:it/tn-nom-s-2s},False,False,False,False,False,
hansard,qallunaatitut,{qallunaaq:qaplunaaq/1n}{titut:titut/tn-sim-p},False,,False,True,False,False,False,See comment for 'kiinaujatigut'
hansard,qamaniqtuaq,{qamaniqtuaq:qamaniqjuaq/1n},False,{qamaniqtuaq:qamaniqjuaq/1n},False,False,False,False,False,
hansard,qamaniqtuarmi,{qamaniqtuar:qamaniqjuaq/1n}{mi:mi/tn-loc-s},False,{qamaniqtuar:qamaniqjuaq/1n}{mi:mi/tn-loc-s};{qamaniqtuar:qamaniqjuaq/1n}{mi:mi/tn-gen-s-3s};{qamaniqtuar:qamaniqjuaq/1n}{mi:mi/tn-gen-p-3s};{qama:qamaq/1v}{niq:jarniq/1vv}{tu:juq/1vn}{ar:aq/2nv}{mi:miik/1vn};{qamaniqtuar:qamaniqjuaq/1n}{mi:mik/tn-acc-s};{qamaniqtuar:qamaniqjuaq/1n}{mi:mik/tn-gen-s-3d};{qamaniqtuar:qamaniqjuaq/1n}{mi:mik/tn-gen-p-3d};{qamaniqtuar:qamaniqjuaq/1n}{mi:mik/tn-gen-s-3p};{qamaniqtuar:qamaniqjuaq/1n}{mi:mik/tn-gen-p-3p};{qamaniqtuar:qamaniqjuaq/1n}{mi:mit/tn-abl-s},False,False,False,False,False,
hansard,qamanittuarmi,{qamanittuar:qamaniqjuaq/1n}{mi:mi/tn-loc-s},False,{qamanittuar:qamaniqjuaq/1n}{mi:mi/tn-loc-s};{qamanittuar:qamaniqjuaq/1n}{mi:mi/tn-gen-s-3s};{qamanittuar:qamaniqjuaq/1n}{mi:mi/tn-gen-p-3s};{qama:qamaq/1v}{nit:jarniq/1vv}{tu:juq/1vn}{ar:aq/2nv}{mi:miik/1vn};{qamanittuar:qamaniqjuaq/1n}{mi:mik/tn-acc-s};{qamanittuar:qamaniqjuaq/1n}{mi:mik/tn-gen-s-3d};{qamanittuar:qamaniqjuaq/1n}{mi:mik/tn-gen-p-3d};{qamanittuar:qamaniqjuaq/1n}{mi:mik/tn-gen-s-3p};{qamanittuar:qamaniqjuaq/1n}{mi:mik/tn-gen-p-3p};{qamanittuar:qamaniqjuaq/1n}{mi:mit/tn-abl-s},False,False,False,False,False,
hansard,qanga,{qanga:qanga/1a},False,{qanga:qanga/1a},False,False,False,False,False,
hansard,qangakkut,{qanga:qanga/1a}{kkut:kkut/1nn},False,{qanga:qanga/1a}{kkut:kkut/1nn};{qanga:qanga/1a}{kkut:kkut/tn-via-s},False,False,False,False,False,
hansard,qanu,{qanu:qanuq/1a},False,{qanu:qanuq/1a},False,False,False,False,False,
hansard,qanuimmat,{qanuim:qanuit/1v}{mat:mat/tv-caus-4s},False,{qanuim:qanuit/1v}{mat:mat/tv-caus-4s};{qanu:qanuq/1a}{im:it/3nv}{mat:mat/tv-caus-4s},False,False,False,False,False,
hansard,qanuittuni,{qanu:qanuq/1a}{it:it/3nv}{tu:juq/1vn}{ni:ni/tn-loc-p},False,{qanuit:qanuit/1v}{tuni:luni/tv-part-3s-prespas};{qanuit:qanuit/1v}{tu:juq/1vn}{ni:ni/tn-loc-p};{qanuit:qanuit/1v}{tu:juq/1vn}{ni:ngni/tn-loc-s-2s};{qanuit:qanuit/1v}{tu:juq/1vn}{ni:ni/tn-nom-s-3s};{qanuit:qanuit/1v}{tu:juq/1vn}{ni:ni/tn-nom-p-3s};{qanuit:qanuit/1v}{tu:juq/1vn}{ni:ngni/tn-loc-p-2s};{qanuit:qanuit/1v}{tu:juq/1vn}{ni:mni/tn-loc-s-1s};{qanuit:qanuit/1v}{tu:juq/1vn}{ni:mni/tn-loc-p-1s};{qanu:qanuq/1a}{it:it/3nv}{tuni:luni/tv-part-3s-prespas};{qanu:qanuq/1a}{it:it/3nv}{tu:juq/1vn}{ni:ni/tn-loc-p};{qanu:qanuq/1a}{it:it/3nv}{tu:juq/1vn}{ni:ngni/tn-loc-s-2s};{qanu:qanuq/1a}{it:it/3nv}{tu:juq/1vn}{ni:ni/tn-nom-s-3s};{qanu:qanuq/1a}{it:it/3nv}{tu:juq/1vn}{ni:ni/tn-nom-p-3s};{qanu:qanuq/1a}{it:it/3nv}{tu:juq/1vn}{ni:ngni/tn-loc-p-2s};{qanu:qanuq/1a}{it:it/3nv}{tu:juq/1vn}{ni:mni/tn-loc-s-1s};{qanu:qanuq/1a}{it:it/3nv}{tu:juq/1vn}{ni:mni/tn-loc-p-1s};{qanuit:qanuit/1v}{tu:juq/1vn}{ni:nik/tn-acc-p};{qanuit:qanuit/1v}{tu:juq/1vn}{ni:ngnik/tn-acc-s-2s};{qanuit:qanuit/1v}{tu:juq/1vn}{ni:nit/tn-abl-p};{qanuit:qanuit/1v}{tu:juq/1vn}{ni:ngnit/tn-abl-s-2s};{qanuit:qanuit/1v}{tu:juq/1vn}{ni:ngnik/tn-acc-p-2s};{qanuit:qanuit/1v}{tu:juq/1vn}{ni:ngnit/tn-abl-p-2s};{qanuit:qanuit/1v}{tu:juq/1vn}{ni:mnik/tn-acc-s-1s};{qanuit:qanuit/1v}{tu:juq/1vn}{ni:mnik/tn-acc-p-1s};{qanuit:qanuit/1v}{tu:juq/1vn}{ni:mnit/tn-abl-s-1s};{qanuit:qanuit/1v}{tu:juq/1vn}{ni:mnit/tn-abl-p-1s};{qanu:qanuq/1a}{it:it/3nv}{tu:juq/1vn}{ni:nik/tn-acc-p};{qanu:qanuq/1a}{it:it/3nv}{tu:juq/1vn}{ni:ngnik/tn-acc-s-2s};{qanu:qanuq/1a}{it:it/3nv}{tu:juq/1vn}{ni:nit/tn-abl-p};{qanu:qanuq/1a}{it:it/3nv}{tu:juq/1vn}{ni:ngnit/tn-abl-s-2s};{qanu:qanuq/1a}{it:it/3nv}{tu:juq/1vn}{ni:ngnik/tn-acc-p-2s};{qanu:qanuq/1a}{it:it/3nv}{tu:juq/1vn}{ni:ngnit/tn-abl-p-2s};{qanu:qanuq/1a}{it:it/3nv}{tu:juq/1vn}{ni:mnik/tn-acc-s-1s};{qanu:qanuq/1a}{it:it/3nv}{tu:juq/1vn}{ni:mnik/tn-acc-p-1s};{qanu:qanuq/1a}{it:it/3nv}{tu:juq/1vn}{ni:mnit/tn-abl-s-1s};{qanu:qanuq/1a}{it:it/3nv}{tu:juq/1vn}{ni:mnit/tn-abl-p-1s},False,False,False,False,False,
hansard,qanuittunik,{qanu:qanuq/1a}{it:it/3nv}{tu:juq/1vn}{nik:nik/tn-acc-p},False,{qanuit:qanuit/1v}{tu:juq/1vn}{nik:nik/tn-acc-p};{qanuit:qanuit/1v}{tu:juq/1vn}{nik:ngnik/tn-acc-s-2s};{qanuit:qanuit/1v}{tu:juq/1vn}{nik:ngnik/tn-acc-p-2s};{qanuit:qanuit/1v}{tu:juq/1vn}{nik:mnik/tn-acc-s-1s};{qanuit:qanuit/1v}{tu:juq/1vn}{nik:mnik/tn-acc-p-1s};{qanu:qanuq/1a}{it:it/3nv}{tu:juq/1vn}{nik:nik/tn-acc-p};{qanu:qanuq/1a}{it:it/3nv}{tu:juq/1vn}{nik:ngnik/tn-acc-s-2s};{qanu:qanuq/1a}{it:it/3nv}{tu:juq/1vn}{nik:ngnik/tn-acc-p-2s};{qanu:qanuq/1a}{it:it/3nv}{tu:juq/1vn}{nik:mnik/tn-acc-s-1s};{qanu:qanuq/1a}{it:it/3nv}{tu:juq/1vn}{nik:mnik/tn-acc-p-1s},False,False,False,False,False,
hansard,qanuq,{qanuq:qanuq/1a},False,{qanuq:qanuq/1a},False,False,False,False,False,
hansard,qanurli,{qanur:qanuq/1a}{li:li/1q},False,{qanur:qanuq/1a}{li:li/1q},False,False,False,False,False,
hansard,qanutuinnaq,{qanu:qanuq/1a}{tuinnaq:tuinnaq/2nn},False,{qanu:qanuq/1a}{tuinnaq:tuinnaq/2nn};{qanu:qanuq/1a}{tu:tuaq/2nn}{innaq:innaq/1nn};{qanu:qanuq/1a}{tu:tuaq/2nn}{in:it/2nv}{naq:naq/2vn},False,False,False,False,False,
hansard,qattinik,{qatti:qapsit/1n}{nit:nit/tn-acc-p},False,,False,False,False,True,False,"qattinik: during the contract we found that this word would actually be based on the root 'qapsi', and that something would then be missing from the database to explain and accept the form 'qatti' = 'qapsi'. Since I don't yet know the link between the two, hence the correctDecompUnknown() (2020-04, BF)"
hansard,qaujigiarutit,{qauji:qauji/1v}{gia:giaq/1vv}{rut:ut/1vn}{it:it/tn-nom-p},False,{qauji:qauji/1v}{gia:giaq/1vv}{rut:jjut/1vn}{it:it/tn-nom-p};{qauji:qauji/1v}{gia:giaq/1vv}{rut:ut/1vn}{it:it/tn-nom-p};{qauji:qauji/1v}{gia:giaq/1vv}{rut:jjut/1vn}{it:it/tn-gen-p};{qauji:qauji/1v}{gia:giaq/1vv}{rut:ut/1vn}{it:it/tn-gen-p},False,False,False,False,False,
hansard,qaujigumajunga,{qauji:qauji/1v}{guma:juma/1vv}{junga:junga/tv-ger-1s},False,{qauji:qauji/1v}{guma:juma/1vv}{junga:junga/tv-ger-1s};{qauji:qauji/1v}{guma:juma/1vv}{ju:juq/1vn}{nga:nga/tn-nom-s-4s};{qau:qau/1v}{ji:ji/1vn}{gu:guk/1nv}{ma:ma/1vv}{junga:junga/tv-ger-1s};{qau:qau/1v}{ji:ji/1vn}{gu:guq/2nv}{ma:ma/1vv}{junga:junga/tv-ger-1s};{qau:qau/1v}{ji:ji/1vn}{gu:guk/1nv}{ma:ma/1vv}{ju:juq/1vn}{nga:nga/tn-nom-s-4s};{qau:qau/1v}{ji:ji/1vn}{gu:guq/2nv}{ma:ma/1vv}{ju:juq/1vn}{nga:nga/tn-nom-s-4s};{qauji:qauji/1v}{guma:juma/1vv}{ju:juq/1vn}{nga:ngak/tn-nom-s-4d};{qauji:qauji/1v}{guma:juma/1vv}{ju:juq/1vn}{nga:ngat/tn-nom-s-4p};{qau:qau/1v}{ji:ji/1vn}{gu:guk/1nv}{ma:ma/1vv}{ju:juq/1vn}{nga:ngak/tn-nom-s-4d};{qau:qau/1v}{ji:ji/1vn}{gu:guq/2nv}{ma:ma/1vv}{ju:juq/1vn}{nga:ngak/tn-nom-s-4d};{qau:qau/1v}{ji:ji/1vn}{gu:guk/1nv}{ma:ma/1vv}{ju:juq/1vn}{nga:ngat/tn-nom-s-4p};{qau:qau/1v}{ji:ji/1vn}{gu:guq/2nv}{ma:ma/1vv}{ju:juq/1vn}{nga:ngat/tn-nom-s-4p},False,False,False,False,False,
hansard,qaujijumajunga,{qauji:qauji/1v}{juma:juma/1vv}{junga:junga/tv-ger-1s},False,{qauji:qauji/1v}{juma:juma/1vv}{junga:junga/tv-ger-1s};{qauji:qauji/1v}{juma:juma/1vv}{ju:juq/1vn}{nga:nga/tn-nom-s-4s};{qauji:qauji/1v}{juma:juma/1vv}{ju:juq/1vn}{nga:ngak/tn-nom-s-4d};{qauji:qauji/1v}{juma:juma/1vv}{ju:juq/1vn}{nga:ngat/tn-nom-s-4p},False,False,False,False,False,
hansard,qaujijumatuinnaqpunga,{qauji:qauji/1v}{juma:juma/1vv}{tuinnaq:tuinnaq/1vv}{punga:vunga/tv-dec-1s},False,{qauji:qauji/1v}{juma:juma/1vv}{tuinnaq:tuinnaq/1vv}{punga:vunga/tv-dec-1s};{qauji:qauji/1v}{juma:juma/1vv}{tuinnaq:tuinnaq/1vv}{punga:vunga/tv-int-1s};{qauji:qauji/1v}{juma:juma/1vv}{tu:tu/1vv}{innaq:innaq/2vv}{punga:vunga/tv-dec-1s};{qauji:qauji/1v}{juma:juma/1vv}{tu:tuq/1vv}{innaq:innaq/2vv}{punga:vunga/tv-dec-1s};{qauji:qauji/1v}{juma:juma/1vv}{tu:tu/1vv}{innaq:innaq/2vv}{punga:vunga/tv-int-1s};{qauji:qauji/1v}{juma:juma/1vv}{tu:tuq/1vv}{innaq:innaq/2vv}{punga:vunga/tv-int-1s};{qauji:qauji/1v}{juma:juma/1vv}{tu:tuq/1vv}{i:i/1vv}{nnaq:naq/1vv}{punga:vunga/tv-dec-1s};{qauji:qauji/1v}{juma:juma/1vv}{tu:tuq/1vv}{i:i/1vv}{nnaq:naq/1vv}{punga:vunga/tv-int-1s},False,False,False,False,False,
hansard,qaujijumatuinnaqtunga,{qauji:qauji/1v}{juma:juma/1vv}{tuinnaq:tuinnaq/1vv}{tunga:junga/tv-ger-1s},False,{qauji:qauji/1v}{juma:juma/1vv}{tuinnaq:tuinnaq/1vv}{tunga:junga/tv-ger-1s};{qauji:qauji/1v}{juma:juma/1vv}{tuinnaq:tuinnaq/1vv}{tunga:lunga/tv-part-1s-prespas};{qauji:qauji/1v}{juma:juma/1vv}{tuinnaq:tuinnaq/1vv}{tunga:lunga/tv-part-2s-1s-prespas};{qauji:qauji/1v}{juma:juma/1vv}{tuinnaq:tuinnaq/1vv}{tunga:lunga/tv-part-4s-1s-prespas};{qauji:qauji/1v}{juma:juma/1vv}{tuinnaq:tuinnaq/1vv}{tunga:lunga/tv-part-2d-1s-prespas};{qauji:qauji/1v}{juma:juma/1vv}{tuinnaq:tuinnaq/1vv}{tunga:lunga/tv-part-4d-1s-prespas};{qauji:qauji/1v}{juma:juma/1vv}{tuinnaq:tuinnaq/1vv}{tunga:lunga/tv-part-2p-1s-prespas};{qauji:qauji/1v}{juma:juma/1vv}{tuinnaq:tuinnaq/1vv}{tunga:lunga/tv-part-4p-1s-prespas};{qauji:qauji/1v}{juma:juma/1vv}{tuinnaq:tuinnaq/1vv}{tu:juq/1vn}{nga:nga/tn-nom-s-4s};{qauji:qauji/1v}{juma:juma/1vv}{tuinnaq:tuinnaq/1vv}{tu:tuq/1vv}{nga:nnga/tv-imp-2s-1s};{qauji:qauji/1v}{juma:juma/1vv}{tu:tu/1vv}{innaq:innaq/2vv}{tunga:junga/tv-ger-1s};{qauji:qauji/1v}{juma:juma/1vv}{tu:tuq/1vv}{innaq:innaq/2vv}{tunga:junga/tv-ger-1s};{qauji:qauji/1v}{juma:juma/1vv}{tu:tu/1vv}{innaq:innaq/2vv}{tunga:lunga/tv-part-1s-prespas};{qauji:qauji/1v}{juma:juma/1vv}{tu:tuq/1vv}{innaq:innaq/2vv}{tunga:lunga/tv-part-1s-prespas};{qauji:qauji/1v}{juma:juma/1vv}{tu:tu/1vv}{innaq:innaq/2vv}{tunga:lunga/tv-part-2s-1s-prespas};{qauji:qauji/1v}{juma:juma/1vv}{tu:tuq/1vv}{innaq:innaq/2vv}{tunga:lunga/tv-part-2s-1s-prespas};{qauji:qauji/1v}{juma:juma/1vv}{tu:tu/1vv}{innaq:innaq/2vv}{tunga:lunga/tv-part-4s-1s-prespas};{qauji:qauji/1v}{juma:juma/1vv}{tu:tuq/1vv}{innaq:innaq/2vv}{tunga:lunga/tv-part-4s-1s-prespas};{qauji:qauji/1v}{juma:juma/1vv}{tu:tu/1vv}{innaq:innaq/2vv}{tunga:lunga/tv-part-2d-1s-prespas};{qauji:qauji/1v}{juma:juma/1vv}{tu:tuq/1vv}{innaq:innaq/2vv}{tunga:lunga/tv-part-2d-1s-prespas};{qauji:qauji/1v}{juma:juma/1vv}{tu:tu/1vv}{innaq:innaq/2vv}{tunga:lunga/tv-part-4d-1s-prespas};{qauji:qauji/1v}{juma:juma/1vv}{tu:tuq/1vv}{innaq:innaq/2vv}{tunga:lunga/tv-part-4d-1s-prespas};{qauji:qauji/1v}{juma:juma/1vv}{tu:tu/1vv}{innaq:innaq/2vv}{tunga:lunga/tv-part-2p-1s-prespas};{qauji:qauji/1v}{juma:juma/1vv}{tu:tuq/1vv}{innaq:innaq/2vv}{tunga:lunga/tv-part-2p-1s-prespas};{qauji:qauji/1v}{juma:juma/1vv}{tu:tu/1vv}{innaq:innaq/2vv}{tunga:lunga/tv-part-4p-1s-prespas};{qauji:qauji/1v}{juma:juma/1vv}{tu:tuq/1vv}{innaq:innaq/2vv}{tunga:lunga/tv-part-4p-1s-prespas};{qauji:qauji/1v}{juma:juma/1vv}{tu:tu/1vv}{innaq:innaq/2vv}{tu:juq/1vn}{nga:nga/tn-nom-s-4s};{qauji:qauji/1v}{juma:juma/1vv}{tu:tuq/1vv}{innaq:innaq/2vv}{tu:juq/1vn}{nga:nga/tn-nom-s-4s};{qauji:qauji/1v}{juma:juma/1vv}{tu:tu/1vv}{innaq:innaq/2vv}{tu:tuq/1vv}{nga:nnga/tv-imp-2s-1s};{qauji:qauji/1v}{juma:juma/1vv}{tu:tuq/1vv}{innaq:innaq/2vv}{tu:tuq/1vv}{nga:nnga/tv-imp-2s-1s};{qauji:qauji/1v}{juma:juma/1vv}{tu:tuq/1vv}{i:i/1vv}{nnaq:naq/1vv}{tunga:junga/tv-ger-1s};{qauji:qauji/1v}{juma:juma/1vv}{tu:tuq/1vv}{i:i/1vv}{nnaq:naq/1vv}{tunga:lunga/tv-part-1s-prespas};{qauji:qauji/1v}{juma:juma/1vv}{tu:tuq/1vv}{i:i/1vv}{nnaq:naq/1vv}{tunga:lunga/tv-part-2s-1s-prespas};{qauji:qauji/1v}{juma:juma/1vv}{tu:tuq/1vv}{i:i/1vv}{nnaq:naq/1vv}{tunga:lunga/tv-part-4s-1s-prespas};{qauji:qauji/1v}{juma:juma/1vv}{tu:tuq/1vv}{i:i/1vv}{nnaq:naq/1vv}{tunga:lunga/tv-part-2d-1s-prespas};{qauji:qauji/1v}{juma:juma/1vv}{tu:tuq/1vv}{i:i/1vv}{nnaq:naq/1vv}{tunga:lunga/tv-part-4d-1s-prespas};{qauji:qauji/1v}{juma:juma/1vv}{tu:tuq/1vv}{i:i/1vv}{nnaq:naq/1vv}{tunga:lunga/tv-part-2p-1s-prespas};{qauji:qauji/1v}{juma:juma/1vv}{tu:tuq/1vv}{i:i/1vv}{nnaq:naq/1vv}{tunga:lunga/tv-part-4p-1s-prespas};{qauji:qauji/1v}{juma:juma/1vv}{tu:tuq/1vv}{i:i/1vv}{nnaq:naq/1vv}{tu:juq/1vn}{nga:nga/tn-nom-s-4s};{qauji:qauji/1v}{juma:juma/1vv}{tu:tuq/1vv}{i:i/1vv}{nnaq:naq/2vn}{tu:tuq/1nv}{nga:nnga/tv-imp-2s-1s};{qauji:qauji/1v}{juma:juma/1vv}{tu:tuq/1vv}{i:i/1vv}{nnaq:naq/1vv}{tu:tuq/1vv}{nga:nnga/tv-imp-2s-1s};{qauji:qauji/1v}{juma:juma/1vv}{tu:tuq/1vv}{i:i/1vv}{nna:naq/2vn}{qtu:ttuq/1nv}{nga:nnga/tv-imp-2s-1s};{qauji:qauji/1v}{juma:juma/1vv}{tuinnaq:tuinnaq/1vv}{tu:juq/1vn}{nga:ngak/tn-nom-s-4d};{qauji:qauji/1v}{juma:juma/1vv}{tuinnaq:tuinnaq/1vv}{tu:juq/1vn}{nga:ngat/tn-nom-s-4p};{qauji:qauji/1v}{juma:juma/1vv}{tu:tu/1vv}{innaq:innaq/2vv}{tu:juq/1vn}{nga:ngak/tn-nom-s-4d};{qauji:qauji/1v}{juma:juma/1vv}{tu:tuq/1vv}{innaq:innaq/2vv}{tu:juq/1vn}{nga:ngak/tn-nom-s-4d};{qauji:qauji/1v}{juma:juma/1vv}{tu:tu/1vv}{innaq:innaq/2vv}{tu:juq/1vn}{nga:ngat/tn-nom-s-4p};{qauji:qauji/1v}{juma:juma/1vv}{tu:tuq/1vv}{innaq:innaq/2vv}{tu:juq/1vn}{nga:ngat/tn-nom-s-4p};{qauji:qauji/1v}{juma:juma/1vv}{tu:tuq/1vv}{i:i/1vv}{nnaq:naq/1vv}{tu:juq/1vn}{nga:ngak/tn-nom-s-4d};{qauji:qauji/1v}{juma:juma/1vv}{tu:tuq/1vv}{i:i/1vv}{nnaq:naq/1vv}{tu:juq/1vn}{nga:ngat/tn-nom-s-4p},False,False,False,False,False,
hansard,qaujijumavunga,{qauji:qauji/1v}{juma:juma/1vv}{vunga:vunga/tv-dec-1s},False,{qauji:qauji/1v}{juma:juma/1vv}{vunga:vunga/tv-dec-1s};{qauji:qauji/1v}{juma:juma/1vv}{vunga:vunga/tv-int-1s},False,False,False,False,False,
hansard,qaujimagama,{qaujima:qaujima/1v}{gama:gama/tv-caus-1s},False,{qaujima:qaujima/1v}{gama:gama/tv-caus-1s};{qaujima:qaujima/1v}{ga:gaq/1vn}{ma:ma/tn-gen-s-1s};{qauji:qauji/1v}{ma:ma/1vv}{gama:gama/tv-caus-1s};{qauji:qauji/1v}{ma:ma/1vv}{ga:gaq/1vn}{ma:ma/tn-gen-s-1s},False,False,False,False,False,
hansard,qaujimagatta,{qaujima:qaujima/1v}{gatta:gapta/tv-caus-1p},False,{qaujima:qaujima/1v}{gatta:gapta/tv-caus-1p};{qaujima:qaujima/1v}{gat:gaq/2vv}{ta:ta/tv-imp-1p};{qaujima:qaujima/1v}{ga:gaq/1vn}{tta:pta/tn-gen-s-1p};{qaujima:qaujima/1v}{ga:gaq/1vn}{tta:pta/tn-gen-p-1p};{qauji:qauji/1v}{ma:ma/1vv}{gatta:gapta/tv-caus-1p};{qauji:qauji/1v}{ma:ma/1vv}{gat:gaq/2vv}{ta:ta/tv-imp-1p};{qauji:qauji/1v}{ma:ma/1vv}{ga:gaq/1vn}{tta:pta/tn-gen-s-1p};{qauji:qauji/1v}{ma:ma/1vv}{ga:gaq/1vn}{tta:pta/tn-gen-p-1p};{qaujima:qaujima/1v}{gat:gaq/2vv}{ta:jaq/1vn};{qauji:qauji/1v}{ma:ma/1vv}{gat:gaq/2vv}{ta:jaq/1vn},False,False,False,False,False,
hansard,qaujimagavit,{qaujima:qaujima/1v}{gavit:gavit/tv-caus-2s},False,{qaujima:qaujima/1v}{gavit:gavit/tv-caus-2s};{qaujima:qaujima/1v}{ga:gaq/1vn}{vit:vit/tn-gen-s-2s};{qaujima:qaujima/1v}{ga:gaq/1vn}{vit:tit/tn-gen-p-2s};{qauji:qauji/1v}{ma:ma/1vv}{gavit:gavit/tv-caus-2s};{qauji:qauji/1v}{ma:ma/1vv}{ga:gaq/1vn}{vit:vit/tn-gen-s-2s};{qauji:qauji/1v}{ma:ma/1vv}{ga:gaq/1vn}{vit:tit/tn-gen-p-2s},False,False,False,False,False,
hansard,qaujimajatuqanginnik,{qaujima:qaujima/1v}{ja:jaq/1vn}{tuqa:tuqaq/1nn}{nginnik:nginnik/tn-acc-p-4s},False,{qaujima:qaujima/1v}{ja:jaq/1vn}{tuqa:tuqaq/1nn}{nginnik:nginnik/tn-acc-p-4s};{qaujima:qaujima/1v}{ja:jaq/1vn}{tuqa:tuqaq/1nn}{nginnik:nginnik/tn-acc-p-4p};{qaujima:qaujima/1v}{ja:jaq/1vn}{tuqa:tuqaq/1nn}{nginnik:ngingnik/tn-acc-p-4d};{qauji:qauji/1v}{ma:ma/1vv}{ja:jaq/1vn}{tuqa:tuqaq/1nn}{nginnik:nginnik/tn-acc-p-4s};{qauji:qauji/1v}{ma:ma/1vv}{ja:jaq/1vn}{tuqa:tuqaq/1nn}{nginnik:nginnik/tn-acc-p-4p};{qauji:qauji/1v}{ma:ma/1vv}{ja:jaq/1vn}{tuqa:tuqaq/1nn}{nginnik:ngingnik/tn-acc-p-4d},False,False,False,False,False,
hansard,qaujimajatuqanginnit,{qaujima:qaujima/1v}{ja:jaq/1vn}{tuqa:tuqaq/1nn}{nginnit:nginnit/tn-abl-p-4s},False,{qaujima:qaujima/1v}{ja:jaq/1vn}{tuqa:tuqaq/1nn}{nginnit:nginnit/tn-abl-p-4s};{qaujima:qaujima/1v}{ja:jaq/1vn}{tuqa:tuqaq/1nn}{nginnit:nginnit/tn-abl-p-4p};{qaujima:qaujima/1v}{ja:jaq/1vn}{tuqa:tuqaq/1nn}{nginnit:ngingnit/tn-abl-p-4d};{qauji:qauji/1v}{ma:ma/1vv}{ja:jaq/1vn}{tuqa:tuqaq/1nn}{nginnit:nginnit/tn-abl-p-4s};{qauji:qauji/1v}{ma:ma/1vv}{ja:jaq/1vn}{tuqa:tuqaq/1nn}{nginnit:nginnit/tn-abl-p-4p};{qauji:qauji/1v}{ma:ma/1vv}{ja:jaq/1vn}{tuqa:tuqaq/1nn}{nginnit:ngingnit/tn-abl-p-4d},False,False,False,False,False,
hansard,qaujimajatuqanginnut,{qaujima:qaujima/1v}{ja:jaq/1vn}{tuqa:tuqaq/1nn}{nginnut:nginnut/tn-dat-p-4s},False,{qaujima:qaujima/1v}{ja:jaq/1vn}{tuqa:tuqaq/1nn}{nginnut:nginnut/tn-dat-p-4s};{qaujima:qaujima/1v}{ja:jaq/1vn}{tuqa:tuqaq/1nn}{nginnut:nginnut/tn-dat-p-4p};{qaujima:qaujima/1v}{ja:jaq/1vn}{tuqa:tuqaq/1nn}{nginnut:ngingnut/tn-dat-p-4d};{qauji:qauji/1v}{ma:ma/1vv}{ja:jaq/1vn}{tuqa:tuqaq/1nn}{nginnut:nginnut/tn-dat-p-4s};{qauji:qauji/1v}{ma:ma/1vv}{ja:jaq/1vn}{tuqa:tuqaq/1nn}{nginnut:nginnut/tn-dat-p-4p};{qauji:qauji/1v}{ma:ma/1vv}{ja:jaq/1vn}{tuqa:tuqaq/1nn}{nginnut:ngingnut/tn-dat-p-4d},False,False,False,False,False,
hansard,qaujimajatuqangit,{qaujima:qaujima/1v}{ja:jaq/1vn}{tuqa:tuqaq/1nn}{ngit:ngit/tn-nom-p-4s},False,{qaujima:qaujima/1v}{ja:jaq/1vn}{tuqa:tuqaq/1nn}{ngit:ngit/tn-nom-p-4s};{qaujima:qaujima/1v}{ja:jaq/1vn}{tuqa:tuqaq/1nn}{ngit:ngik/tn-nom-p-4d};{qaujima:qaujima/1v}{ja:jaq/1vn}{tuqa:tuqaq/1nn}{ngit:ngit/tn-nom-p-4p};{qauji:qauji/1v}{ma:ma/1vv}{ja:jaq/1vn}{tuqa:tuqaq/1nn}{ngit:ngit/tn-nom-p-4s};{qauji:qauji/1v}{ma:ma/1vv}{ja:jaq/1vn}{tuqa:tuqaq/1nn}{ngit:ngik/tn-nom-p-4d};{qauji:qauji/1v}{ma:ma/1vv}{ja:jaq/1vn}{tuqa:tuqaq/1nn}{ngit:ngit/tn-nom-p-4p},False,False,False,False,False,
hansard,qaujimajuinnaugatta,{qaujima:qaujima/1v}{ju:juq/1vn}{inna:innaq/1nn}{u:u/1nv}{gatta:gapta/tv-caus-1p},False,{qaujima:qaujima/1v}{juin:juit/1vv}{na:naq/2vn}{u:u/1nv}{gatta:gapta/tv-caus-1p};{qaujima:qaujima/1v}{ju:juq/1vn}{inna:innaq/1nn}{u:u/1nv}{gatta:gapta/tv-caus-1p};{qaujima:qaujima/1v}{juin:juit/1vv}{na:naq/2vn}{u:u/1nv}{gat:gaq/2vv}{ta:ta/tv-imp-1p};{qaujima:qaujima/1v}{ju:juq/1vn}{inna:innaq/1nn}{u:u/1nv}{gat:gaq/2vv}{ta:ta/tv-imp-1p};{qaujima:qaujima/1v}{juin:juit/1vv}{na:naq/1vv}{u:uq/3vv}{gat:gaq/2vv}{ta:ta/tv-imp-1p};{qaujima:qaujima/1v}{juin:juit/1vv}{na:naq/2vn}{u:u/1nv}{ga:gaq/1vn}{tta:pta/tn-gen-s-1p};{qaujima:qaujima/1v}{ju:juq/1vn}{inna:innaq/1nn}{u:u/1nv}{ga:gaq/1vn}{tta:pta/tn-gen-s-1p};{qaujima:qaujima/1v}{juin:juit/1vv}{na:naq/1vv}{u:uq/3vv}{ga:gaq/1vn}{tta:pta/tn-gen-s-1p};{qaujima:qaujima/1v}{juin:juit/1vv}{na:naq/2vn}{u:u/1nv}{ga:gaq/1vn}{tta:pta/tn-gen-p-1p};{qaujima:qaujima/1v}{ju:juq/1vn}{inna:innaq/1nn}{u:u/1nv}{ga:gaq/1vn}{tta:pta/tn-gen-p-1p};{qaujima:qaujima/1v}{juin:juit/1vv}{na:naq/1vv}{u:uq/3vv}{ga:gaq/1vn}{tta:pta/tn-gen-p-1p};{qaujima:qaujima/1v}{ju:juq/1vn}{in:it/2nv}{na:naq/2vn}{u:u/1nv}{gatta:gapta/tv-caus-1p};{qaujima:qaujima/1v}{ju:juq/1vn}{in:it/2nv}{na:naq/2vn}{u:u/1nv}{gat:gaq/2vv}{ta:ta/tv-imp-1p};{qaujima:qaujima/1v}{ju:juq/1vn}{in:it/2nv}{na:naq/1vv}{u:uq/3vv}{gat:gaq/2vv}{ta:ta/tv-imp-1p};{qaujima:qaujima/1v}{ju:juq/1vn}{in:it/2nv}{na:naq/2vn}{u:u/1nv}{ga:gaq/1vn}{tta:pta/tn-gen-s-1p};{qaujima:qaujima/1v}{ju:juq/1vn}{in:it/2nv}{na:naq/1vv}{u:uq/3vv}{ga:gaq/1vn}{tta:pta/tn-gen-s-1p};{qaujima:qaujima/1v}{ju:juq/1vn}{in:it/2nv}{na:naq/2vn}{u:u/1nv}{ga:gaq/1vn}{tta:pta/tn-gen-p-1p};{qaujima:qaujima/1v}{ju:juq/1vn}{in:it/2nv}{na:naq/1vv}{u:uq/3vv}{ga:gaq/1vn}{tta:pta/tn-gen-p-1p};{qauji:qauji/1v}{ma:ma/1vv}{juin:juit/1vv}{na:naq/2vn}{u:u/1nv}{gatta:gapta/tv-caus-1p};{qauji:qauji/1v}{ma:ma/1vv}{ju:juq/1vn}{inna:innaq/1nn}{u:u/1nv}{gatta:gapta/tv-caus-1p};{qauji:qauji/1v}{ma:ma/1vv}{juin:juit/1vv}{na:naq/2vn}{u:u/1nv}{gat:gaq/2vv}{ta:ta/tv-imp-1p};{qauji:qauji/1v}{ma:ma/1vv}{ju:juq/1vn}{inna:innaq/1nn}{u:u/1nv}{gat:gaq/2vv}{ta:ta/tv-imp-1p};{qauji:qauji/1v}{ma:ma/1vv}{juin:juit/1vv}{na:naq/1vv}{u:uq/3vv}{gat:gaq/2vv}{ta:ta/tv-imp-1p};{qauji:qauji/1v}{ma:ma/1vv}{juin:juit/1vv}{na:naq/2vn}{u:u/1nv}{ga:gaq/1vn}{tta:pta/tn-gen-s-1p};{qauji:qauji/1v}{ma:ma/1vv}{ju:juq/1vn}{inna:innaq/1nn}{u:u/1nv}{ga:gaq/1vn}{tta:pta/tn-gen-s-1p};{qauji:qauji/1v}{ma:ma/1vv}{juin:juit/1vv}{na:naq/1vv}{u:uq/3vv}{ga:gaq/1vn}{tta:pta/tn-gen-s-1p};{qauji:qauji/1v}{ma:ma/1vv}{juin:juit/1vv}{na:naq/2vn}{u:u/1nv}{ga:gaq/1vn}{tta:pta/tn-gen-p-1p};{qauji:qauji/1v}{ma:ma/1vv}{ju:juq/1vn}{inna:innaq/1nn}{u:u/1nv}{ga:gaq/1vn}{tta:pta/tn-gen-p-1p};{qauji:qauji/1v}{ma:ma/1vv}{juin:juit/1vv}{na:naq/1vv}{u:uq/3vv}{ga:gaq/1vn}{tta:pta/tn-gen-p-1p};{qauji:qauji/1v}{ma:ma/1vv}{ju:juq/1vn}{in:it/2nv}{na:naq/2vn}{u:u/1nv}{gatta:gapta/tv-caus-1p};{qauji:qauji/1v}{ma:ma/1vv}{ju:juq/1vn}{in:it/2nv}{na:naq/2vn}{u:u/1nv}{gat:gaq/2vv}{ta:ta/tv-imp-1p};{qauji:qauji/1v}{ma:ma/1vv}{ju:juq/1vn}{in:it/2nv}{na:naq/1vv}{u:uq/3vv}{gat:gaq/2vv}{ta:ta/tv-imp-1p};{qauji:qauji/1v}{ma:ma/1vv}{ju:juq/1vn}{in:it/2nv}{na:naq/2vn}{u:u/1nv}{ga:gaq/1vn}{tta:pta/tn-gen-s-1p};{qauji:qauji/1v}{ma:ma/1vv}{ju:juq/1vn}{in:it/2nv}{na:naq/1vv}{u:uq/3vv}{ga:gaq/1vn}{tta:pta/tn-gen-s-1p};{qauji:qauji/1v}{ma:ma/1vv}{ju:juq/1vn}{in:it/2nv}{na:naq/2vn}{u:u/1nv}{ga:gaq/1vn}{tta:pta/tn-gen-p-1p};{qauji:qauji/1v}{ma:ma/1vv}{ju:juq/1vn}{in:it/2nv}{na:naq/1vv}{u:uq/3vv}{ga:gaq/1vn}{tta:pta/tn-gen-p-1p};{qaujima:qaujima/1v}{juin:juit/1vv}{na:naq/2vn}{u:u/1nv}{gat:gaq/2vv}{ta:jaq/1vn};{qaujima:qaujima/1v}{ju:juq/1vn}{inna:innaq/1nn}{u:u/1nv}{gat:gaq/2vv}{ta:jaq/1vn};{qaujima:qaujima/1v}{juin:juit/1vv}{na:naq/1vv}{u:uq/3vv}{gat:gaq/2vv}{ta:jaq/1vn};{qaujima:qaujima/1v}{ju:juq/1vn}{in:it/2nv}{na:naq/2vn}{u:u/1nv}{gat:gaq/2vv}{ta:jaq/1vn};{qaujima:qaujima/1v}{ju:juq/1vn}{in:it/2nv}{na:naq/1vv}{u:uq/3vv}{gat:gaq/2vv}{ta:jaq/1vn};{qauji:qauji/1v}{ma:ma/1vv}{juin:juit/1vv}{na:naq/2vn}{u:u/1nv}{gat:gaq/2vv}{ta:jaq/1vn};{qauji:qauji/1v}{ma:ma/1vv}{ju:juq/1vn}{inna:innaq/1nn}{u:u/1nv}{gat:gaq/2vv}{ta:jaq/1vn};{qauji:qauji/1v}{ma:ma/1vv}{juin:juit/1vv}{na:naq/1vv}{u:uq/3vv}{gat:gaq/2vv}{ta:jaq/1vn};{qauji:qauji/1v}{ma:ma/1vv}{ju:juq/1vn}{in:it/2nv}{na:naq/2vn}{u:u/1nv}{gat:gaq/2vv}{ta:jaq/1vn};{qauji:qauji/1v}{ma:ma/1vv}{ju:juq/1vn}{in:it/2nv}{na:naq/1vv}{u:uq/3vv}{gat:gaq/2vv}{ta:jaq/1vn},False,False,False,False,False,
hansard,qaujimajunga,{qaujima:qaujima/1v}{junga:junga/tv-ger-1s},False,{qaujima:qaujima/1v}{junga:junga/tv-ger-1s};{qaujima:qaujima/1v}{ju:juq/1vn}{nga:nga/tn-nom-s-4s};{qauji:qauji/1v}{ma:ma/1vv}{junga:junga/tv-ger-1s};{qauji:qauji/1v}{ma:ma/1vv}{ju:juq/1vn}{nga:nga/tn-nom-s-4s};{qaujima:qaujima/1v}{ju:juq/1vn}{nga:ngak/tn-nom-s-4d};{qaujima:qaujima/1v}{ju:juq/1vn}{nga:ngat/tn-nom-s-4p};{qauji:qauji/1v}{ma:ma/1vv}{ju:juq/1vn}{nga:ngak/tn-nom-s-4d};{qauji:qauji/1v}{ma:ma/1vv}{ju:juq/1vn}{nga:ngat/tn-nom-s-4p},False,False,False,False,False,
hansard,qaujimallunga,{qaujima:qaujima/1v}{llunga:lunga/tv-part-1s-prespas},False,{qaujima:qaujima/1v}{llunga:lunga/tv-part-1s-prespas};{qaujima:qaujima/1v}{llunga:lunga/tv-part-2s-1s-prespas};{qaujima:qaujima/1v}{llunga:lunga/tv-part-4s-1s-prespas};{qaujima:qaujima/1v}{llunga:lunga/tv-part-2d-1s-prespas};{qaujima:qaujima/1v}{llunga:lunga/tv-part-4d-1s-prespas};{qaujima:qaujima/1v}{llunga:lunga/tv-part-2p-1s-prespas};{qaujima:qaujima/1v}{llunga:lunga/tv-part-4p-1s-prespas};{qaujima:qaujima/1v}{l:t/1vv}{lunga:lunga/tv-part-1s-fut};{qaujima:qaujima/1v}{l:t/1vv}{lunga:lunga/tv-part-2s-1s-fut};{qaujima:qaujima/1v}{l:t/1vv}{lunga:lunga/tv-part-4s-1s-fut};{qaujima:qaujima/1v}{l:t/1vv}{lunga:lunga/tv-part-2d-1s-fut};{qaujima:qaujima/1v}{l:t/1vv}{lunga:lunga/tv-part-4d-1s-fut};{qaujima:qaujima/1v}{l:t/1vv}{lunga:lunga/tv-part-2p-1s-fut};{qaujima:qaujima/1v}{l:t/1vv}{lunga:lunga/tv-part-4p-1s-fut};{qauji:qauji/1v}{ma:ma/1vv}{llunga:lunga/tv-part-1s-prespas};{qauji:qauji/1v}{ma:ma/1vv}{llunga:lunga/tv-part-2s-1s-prespas};{qauji:qauji/1v}{ma:ma/1vv}{llunga:lunga/tv-part-4s-1s-prespas};{qauji:qauji/1v}{ma:ma/1vv}{llunga:lunga/tv-part-2d-1s-prespas};{qauji:qauji/1v}{ma:ma/1vv}{llunga:lunga/tv-part-4d-1s-prespas};{qauji:qauji/1v}{ma:ma/1vv}{llunga:lunga/tv-part-2p-1s-prespas};{qauji:qauji/1v}{ma:ma/1vv}{llunga:lunga/tv-part-4p-1s-prespas},False,False,False,False,False,
hansard,qaujimammata,{qaujima:qaujima/1v}{mmata:mata/tv-caus-4p},False,{qaujima:qaujima/1v}{mmata:mata/tv-caus-4p};{qaujima:qaujima/1v}{m:t/1vv}{mata:mata/tv-caus-4p};{qauji:qauji/1v}{ma:ma/1vv}{mmata:mata/tv-caus-4p},False,False,False,False,False,
hansard,qaujimanngilanga,{qaujima:qaujima/1v}{nngi:nngit/1vv}{langa:langa/tv-dec-1s},False,{qaujima:qaujima/1v}{nngi:nngit/1vv}{langa:langa/tv-dec-1s};{qaujima:qaujima/1v}{nngi:nngit/1vv}{langa:langa/tv-int-1s};{qaujima:qaujima/1v}{nngi:nngit/1vv}{langa:langa/tv-int-2s-1s};{qaujima:qaujima/1v}{nngi:nngit/1vv}{langa:langa/tv-imp-1s};{qauji:qauji/1v}{ma:ma/1vv}{nngi:nngit/1vv}{langa:langa/tv-dec-1s};{qauji:qauji/1v}{ma:ma/1vv}{nngi:nngit/1vv}{langa:langa/tv-int-1s};{qauji:qauji/1v}{ma:ma/1vv}{nngi:nngit/1vv}{langa:langa/tv-int-2s-1s};{qauji:qauji/1v}{ma:ma/1vv}{nngi:nngit/1vv}{langa:langa/tv-imp-1s},False,False,False,False,False,
hansard,qaujimanngittunga,{qaujima:qaujima/1v}{nngit:nngit/1vv}{tunga:junga/tv-ger-1s},False,{qaujima:qaujima/1v}{nngit:nngit/1vv}{tunga:junga/tv-ger-1s};{qaujima:qaujima/1v}{nngit:nngit/1vv}{tunga:lunga/tv-part-1s-prespas};{qaujima:qaujima/1v}{nngit:nngit/1vv}{tunga:lunga/tv-part-2s-1s-prespas};{qaujima:qaujima/1v}{nngit:nngit/1vv}{tunga:lunga/tv-part-4s-1s-prespas};{qaujima:qaujima/1v}{nngit:nngit/1vv}{tunga:lunga/tv-part-2d-1s-prespas};{qaujima:qaujima/1v}{nngit:nngit/1vv}{tunga:lunga/tv-part-4d-1s-prespas};{qaujima:qaujima/1v}{nngit:nngit/1vv}{tunga:lunga/tv-part-2p-1s-prespas};{qaujima:qaujima/1v}{nngit:nngit/1vv}{tunga:lunga/tv-part-4p-1s-prespas};{qaujima:qaujima/1v}{nngit:nngit/1vv}{tu:juq/1vn}{nga:nga/tn-nom-s-4s};{qauji:qauji/1v}{ma:ma/1vv}{nngit:nngit/1vv}{tunga:junga/tv-ger-1s};{qauji:qauji/1v}{ma:ma/1vv}{nngit:nngit/1vv}{tunga:lunga/tv-part-1s-prespas};{qauji:qauji/1v}{ma:ma/1vv}{nngit:nngit/1vv}{tunga:lunga/tv-part-2s-1s-prespas};{qauji:qauji/1v}{ma:ma/1vv}{nngit:nngit/1vv}{tunga:lunga/tv-part-4s-1s-prespas};{qauji:qauji/1v}{ma:ma/1vv}{nngit:nngit/1vv}{tunga:lunga/tv-part-2d-1s-prespas};{qauji:qauji/1v}{ma:ma/1vv}{nngit:nngit/1vv}{tunga:lunga/tv-part-4d-1s-prespas};{qauji:qauji/1v}{ma:ma/1vv}{nngit:nngit/1vv}{tunga:lunga/tv-part-2p-1s-prespas};{qauji:qauji/1v}{ma:ma/1vv}{nngit:nngit/1vv}{tunga:lunga/tv-part-4p-1s-prespas};{qauji:qauji/1v}{ma:ma/1vv}{nngit:nngit/1vv}{tu:juq/1vn}{nga:nga/tn-nom-s-4s};{qaujima:qaujima/1v}{nngit:nngit/1vv}{tu:juq/1vn}{nga:ngak/tn-nom-s-4d};{qaujima:qaujima/1v}{nngit:nngit/1vv}{tu:juq/1vn}{nga:ngat/tn-nom-s-4p};{qauji:qauji/1v}{ma:ma/1vv}{nngit:nngit/1vv}{tu:juq/1vn}{nga:ngak/tn-nom-s-4d};{qauji:qauji/1v}{ma:ma/1vv}{nngit:nngit/1vv}{tu:juq/1vn}{nga:ngat/tn-nom-s-4p},False,False,False,False,False,
hansard,qaujimavugut,{qaujima:qaujima/1v}{vugut:vugut/tv-dec-1p},False,{qaujima:qaujima/1v}{vugut:vugut/tv-dec-1p};{qauji:qauji/1v}{ma:ma/1vv}{vugut:vugut/tv-dec-1p},False,False,False,False,False,
hansard,qaujimavunga,{qaujima:qaujima/1v}{vunga:vunga/tv-dec-1s},False,{qaujima:qaujima/1v}{vunga:vunga/tv-dec-1s};{qaujima:qaujima/1v}{vunga:vunga/tv-int-1s};{qauji:qauji/1v}{ma:ma/1vv}{vunga:vunga/tv-dec-1s};{qauji:qauji/1v}{ma:ma/1vv}{vunga:vunga/tv-int-1s},False,False,False,False,False,
hansard,qaujisarniq,{qauji:qauji/1v}{sar:saq/1vv}{niq:niq/2vn},False,{qauji:qauji/1v}{sar:saq/1vv}{niq:niq/2vn},False,False,False,False,False,
hansard,qaujisarnirmut,{qauji:qauji/1v}{sar:saq/1vv}{nir:niq/2vn}{mut:mut/tn-dat-s},False,{qauji:qauji/1v}{sar:saq/1vv}{nir:niq/2vn}{mut:mut/tn-dat-s},False,False,False,False,False,
hansard,qauppat,{qauppat:qaukpat/1n},False,{qauppat:qaukpat/1n};{qauppat:qaukpat/1a};{qau:qau/1v}{ppat:pat/tv-cond-4s};{qau:qau/1v}{p:t/1vv}{pat:vat/tv-int-3p};{qau:qau/1v}{p:t/1vv}{pat:pat/tv-cond-4s},False,False,False,False,False,
hansard,qautamaamut,{qau:qau/1n}{tamaa:tamaaq/1nn}{mut:mut/tn-dat-s},False,{qautamaa:qautamaat/1a}{mut:mut/tn-dat-s};{qautamaa:qautamaat/2a}{mut:mut/tn-dat-s};{qau:qau/1n}{tamaa:tamaaq/1nn}{mut:mut/tn-dat-s},False,False,False,False,False,
hansard,qautamaat,{qau:qau/1n}{tamaa:tamaaq/1nn}{t:it/tn-nom-p},False,{qautamaat:qautamaat/1a};{qautamaat:qautamaat/2a};{qau:qau/1n}{tamaa:tamaaq/1nn}{t:it/tn-nom-p};{qau:qau/1n}{tamaa:tamaaq/1nn}{t:it/tn-gen-p};{qau:qau/1n}{tamaa:tamaaq/1nn}{t:it/tn-nom-s-2s},False,False,False,False,False,
hansard,qikiqtaalummi,{qikiqtaalum:qikiqtaaluk/1n}{mi:mi/tn-loc-s},False,{qikiqtaalum:qikiqtaaluk/1n}{mi:mi/tn-loc-s};{qikiqtaalum:qikirtaaluk/1n}{mi:mi/tn-loc-s};{qikiqtaalum:qikiqtaaluk/1n}{mi:ni/tn-loc-p};{qikiqtaalum:qikirtaaluk/1n}{mi:ni/tn-loc-p};{qikiqtaalu:qikiqtaaluk/1n}{mmi:mi/tn-gen-s-3s};{qikiqtaalu:qikirtaaluk/1n}{mmi:mi/tn-gen-s-3s};{qikiqtaalu:qikiqtaaluk/1n}{mmi:mi/tn-gen-p-3s};{qikiqtaalu:qikirtaaluk/1n}{mmi:mi/tn-gen-p-3s};{qikiqta:qikirtaq/1n}{alum:aluk/1nn}{mi:mi/tn-loc-s};{qikiqta:qikirtait/1n}{alum:aluk/1nn}{mi:mi/tn-loc-s};{qikiqta:qikirtait/2n}{alum:aluk/1nn}{mi:mi/tn-loc-s};{qikiqta:qikirtaq/1n}{alum:aluk/1nn}{mi:ni/tn-loc-p};{qikiqta:qikirtait/1n}{alum:aluk/1nn}{mi:ni/tn-loc-p};{qikiqta:qikirtait/2n}{alum:aluk/1nn}{mi:ni/tn-loc-p};{qikiqta:qikirtaq/1n}{alu:aluk/1nn}{mmi:mi/tn-gen-s-3s};{qikiqta:qikirtait/1n}{alu:aluk/1nn}{mmi:mi/tn-gen-s-3s};{qikiqta:qikirtait/2n}{alu:aluk/1nn}{mmi:mi/tn-gen-s-3s};{qikiqta:qikirtaq/1n}{alu:aluk/1nn}{mmi:mi/tn-gen-p-3s};{qikiqta:qikirtait/1n}{alu:aluk/1nn}{mmi:mi/tn-gen-p-3s};{qikiqta:qikirtait/2n}{alu:aluk/1nn}{mmi:mi/tn-gen-p-3s};{qikiqta:qikirtaq/1n}{a:aq/2nv}{lum:luk/3vv}{mi:miik/1vn};{qikiqtaalum:qikiqtaaluk/1n}{mi:mik/tn-acc-s};{qikiqtaalum:qikirtaaluk/1n}{mi:mik/tn-acc-s};{qikiqtaalum:qikiqtaaluk/1n}{mi:mit/tn-abl-s};{qikiqtaalum:qikirtaaluk/1n}{mi:mit/tn-abl-s};{qikiqtaalu:qikiqtaaluk/1n}{mmi:mik/tn-gen-s-3d};{qikiqtaalu:qikirtaaluk/1n}{mmi:mik/tn-gen-s-3d};{qikiqtaalu:qikiqtaaluk/1n}{mmi:mik/tn-gen-p-3d};{qikiqtaalu:qikirtaaluk/1n}{mmi:mik/tn-gen-p-3d};{qikiqtaalu:qikiqtaaluk/1n}{mmi:mik/tn-gen-s-3p};{qikiqtaalu:qikirtaaluk/1n}{mmi:mik/tn-gen-s-3p};{qikiqtaalu:qikiqtaaluk/1n}{mmi:mik/tn-gen-p-3p};{qikiqtaalu:qikirtaaluk/1n}{mmi:mik/tn-gen-p-3p};{qikiqta:qikirtaq/1n}{alum:aluk/1nn}{mi:mik/tn-acc-s};{qikiqta:qikirtait/1n}{alum:aluk/1nn}{mi:mik/tn-acc-s};{qikiqta:qikirtait/2n}{alum:aluk/1nn}{mi:mik/tn-acc-s};{qikiqta:qikirtaq/1n}{alum:aluk/1nn}{mi:mit/tn-abl-s};{qikiqta:qikirtait/1n}{alum:aluk/1nn}{mi:mit/tn-abl-s};{qikiqta:qikirtait/2n}{alum:aluk/1nn}{mi:mit/tn-abl-s};{qikiqta:qikirtaq/1n}{alu:aluk/1nn}{mmi:mik/tn-gen-s-3d};{qikiqta:qikirtait/1n}{alu:aluk/1nn}{mmi:mik/tn-gen-s-3d};{qikiqta:qikirtait/2n}{alu:aluk/1nn}{mmi:mik/tn-gen-s-3d};{qikiqta:qikirtaq/1n}{alu:aluk/1nn}{mmi:mik/tn-gen-p-3d};{qikiqta:qikirtait/1n}{alu:aluk/1nn}{mmi:mik/tn-gen-p-3d};{qikiqta:qikirtait/2n}{alu:aluk/1nn}{mmi:mik/tn-gen-p-3d};{qikiqta:qikirtaq/1n}{alu:aluk/1nn}{mmi:mik/tn-gen-s-3p};{qikiqta:qikirtait/1n}{alu:aluk/1nn}{mmi:mik/tn-gen-s-3p};{qikiqta:qikirtait/2n}{alu:aluk/1nn}{mmi:mik/tn-gen-s-3p};{qikiqta:qikirtaq/1n}{alu:aluk/1nn}{mmi:mik/tn-gen-p-3p};{qikiqta:qikirtait/1n}{alu:aluk/1nn}{mmi:mik/tn-gen-p-3p};{qikiqta:qikirtait/2n}{alu:aluk/1nn}{mmi:mik/tn-gen-p-3p},False,False,False,False,False,
hansard,qikiqtaalungmi,{qikiqtaalung:qikiqtaaluk/1n}{mi:mi/tn-loc-s},False,{qikiqtaalung:qikiqtaaluk/1n}{mi:mi/tn-loc-s};{qikiqtaalung:qikirtaaluk/1n}{mi:mi/tn-loc-s};{qikiqtaalu:qikiqtaaluk/1n}{ngmi:mi/tn-gen-s-3s};{qikiqtaalu:qikirtaaluk/1n}{ngmi:mi/tn-gen-s-3s};{qikiqtaalu:qikiqtaaluk/1n}{ngmi:mi/tn-gen-p-3s};{qikiqtaalu:qikirtaaluk/1n}{ngmi:mi/tn-gen-p-3s};{qikiqta:qikirtaq/1n}{alung:aluk/1nn}{mi:mi/tn-loc-s};{qikiqta:qikirtait/1n}{alung:aluk/1nn}{mi:mi/tn-loc-s};{qikiqta:qikirtait/2n}{alung:aluk/1nn}{mi:mi/tn-loc-s};{qikiqta:qikirtaq/1n}{alu:aluk/1nn}{ngmi:mi/tn-gen-s-3s};{qikiqta:qikirtait/1n}{alu:aluk/1nn}{ngmi:mi/tn-gen-s-3s};{qikiqta:qikirtait/2n}{alu:aluk/1nn}{ngmi:mi/tn-gen-s-3s};{qikiqta:qikirtaq/1n}{alu:aluk/1nn}{ngmi:mi/tn-gen-p-3s};{qikiqta:qikirtait/1n}{alu:aluk/1nn}{ngmi:mi/tn-gen-p-3s};{qikiqta:qikirtait/2n}{alu:aluk/1nn}{ngmi:mi/tn-gen-p-3s};{qikiqta:qikirtaq/1n}{a:aq/2nv}{lung:luk/3vv}{mi:miik/1vn};{qikiqtaalung:qikiqtaaluk/1n}{mi:mik/tn-acc-s};{qikiqtaalung:qikirtaaluk/1n}{mi:mik/tn-acc-s};{qikiqtaalung:qikiqtaaluk/1n}{mi:mit/tn-abl-s};{qikiqtaalung:qikirtaaluk/1n}{mi:mit/tn-abl-s};{qikiqtaalu:qikiqtaaluk/1n}{ngmi:mik/tn-gen-s-3d};{qikiqtaalu:qikirtaaluk/1n}{ngmi:mik/tn-gen-s-3d};{qikiqtaalu:qikiqtaaluk/1n}{ngmi:mik/tn-gen-p-3d};{qikiqtaalu:qikirtaaluk/1n}{ngmi:mik/tn-gen-p-3d};{qikiqtaalu:qikiqtaaluk/1n}{ngmi:mik/tn-gen-s-3p};{qikiqtaalu:qikirtaaluk/1n}{ngmi:mik/tn-gen-s-3p};{qikiqtaalu:qikiqtaaluk/1n}{ngmi:mik/tn-gen-p-3p};{qikiqtaalu:qikirtaaluk/1n}{ngmi:mik/tn-gen-p-3p};{qikiqta:qikirtaq/1n}{alung:aluk/1nn}{mi:mik/tn-acc-s};{qikiqta:qikirtait/1n}{alung:aluk/1nn}{mi:mik/tn-acc-s};{qikiqta:qikirtait/2n}{alung:aluk/1nn}{mi:mik/tn-acc-s};{qikiqta:qikirtaq/1n}{alung:aluk/1nn}{mi:mit/tn-abl-s};{qikiqta:qikirtait/1n}{alung:aluk/1nn}{mi:mit/tn-abl-s};{qikiqta:qikirtait/2n}{alung:aluk/1nn}{mi:mit/tn-abl-s};{qikiqta:qikirtaq/1n}{alu:aluk/1nn}{ngmi:mik/tn-gen-s-3d};{qikiqta:qikirtait/1n}{alu:aluk/1nn}{ngmi:mik/tn-gen-s-3d};{qikiqta:qikirtait/2n}{alu:aluk/1nn}{ngmi:mik/tn-gen-s-3d};{qikiqta:qikirtaq/1n}{alu:aluk/1nn}{ngmi:mik/tn-gen-p-3d};{qikiqta:qikirtait/1n}{alu:aluk/1nn}{ngmi:mik/tn-gen-p-3d};{qikiqta:qikirtait/2n}{alu:aluk/1nn}{ngmi:mik/tn-gen-p-3d};{qikiqta:qikirtaq/1n}{alu:aluk/1nn}{ngmi:mik/tn-gen-s-3p};{qikiqta:qikirtait/1n}{alu:aluk/1nn}{ngmi:mik/tn-gen-s-3p};{qikiqta:qikirtait/2n}{alu:aluk/1nn}{ngmi:mik/tn-gen-s-3p};{qikiqta:qikirtaq/1n}{alu:aluk/1nn}{ngmi:mik/tn-gen-p-3p};{qikiqta:qikirtait/1n}{alu:aluk/1nn}{ngmi:mik/tn-gen-p-3p};{qikiqta:qikirtait/2n}{alu:aluk/1nn}{ngmi:mik/tn-gen-p-3p},False,False,False,False,False,
hansard,qikiqtaaluup,{qikiqtaalu:qikiqtaaluk/1n}{up:up/tn-gen-s},False,{qikiqtaalu:qikiqtaaluk/1n}{up:up/tn-gen-s};{qikiqtaalu:qikirtaaluk/1n}{up:up/tn-gen-s};{qikiqtaalu:qikiqtaaluk/1n}{u:ut/2nn}{p:up/tn-gen-s};{qikiqtaalu:qikirtaaluk/1n}{u:ut/2nn}{p:up/tn-gen-s};{qikiqta:qikirtaq/1n}{alu:aluk/1nn}{up:up/tn-gen-s};{qikiqta:qikirtait/1n}{alu:aluk/1nn}{up:up/tn-gen-s};{qikiqta:qikirtait/2n}{alu:aluk/1nn}{up:up/tn-gen-s};{qikiqta:qikirtaq/1n}{alu:aluk/1nn}{u:ut/2nn}{p:up/tn-gen-s};{qikiqta:qikirtait/1n}{alu:aluk/1nn}{u:ut/2nn}{p:up/tn-gen-s};{qikiqta:qikirtait/2n}{alu:aluk/1nn}{u:ut/2nn}{p:up/tn-gen-s};{qikiqta:qikirtaq/1n}{a:aq/2nv}{lu:luk/3vv}{u:ut/1vn}{p:up/tn-gen-s};{qikiqta:qikirtaq/1n}{a:aq/2nv}{lu:luaq/1vv}{u:ut/1vn}{p:up/tn-gen-s},False,False,False,False,False,
hansard,qilavva,[decomposition:/qilavva(qilavva)/],False,,False,False,False,False,True,
hansard,qilavvak,[decomposition:/qilavvak(qilavvak)/],False,,False,False,False,False,True,
hansard,qimirrujiit,{qimirru:qimirru/1v}{ji:ji/1vn}{it:it/tn-nom-p},False,{qimirru:qimirru/1v}{ji:ji/1vn}{it:it/tn-nom-p};{qimirru:qimirru/1v}{ji:ji/1vn}{it:it/tn-gen-p};{qimirru:qimirru/1v}{ji:ji/1vn}{it:it/tn-nom-s-2s},False,False,False,False,False,
hansard,qimirruniq,{qimirru:qimirru/1v}{niq:niq/2vn},False,{qimirru:qimirru/1v}{niq:niq/2vn},False,False,False,False,False,
hansard,qingaummi,{qingaum:qingaq/2n}{mi:mi/tn-loc-s},False,{qingaum:qingaq/2n}{mi:mi/tn-loc-s};{qinga:qingaq/1n}{um:ut/2nn}{mi:mi/tn-loc-s};{qinga:qingaq/2n}{um:ut/2nn}{mi:mi/tn-loc-s};{qingaum:qingaq/2n}{mi:mik/tn-acc-s};{qingaum:qingaq/2n}{mi:mit/tn-abl-s};{qinga:qingaq/1n}{um:ut/2nn}{mi:mik/tn-acc-s};{qinga:qingaq/2n}{um:ut/2nn}{mi:mik/tn-acc-s};{qinga:qingaq/1n}{um:ut/2nn}{mi:mit/tn-abl-s};{qinga:qingaq/2n}{um:ut/2nn}{mi:mit/tn-abl-s},False,False,False,False,False,
hansard,qitingani,{qiti:qitiq/1n}{ngani:ngani/tn-loc-s-4s},False,{qiti:qisik/1n}{ngani:ngani/tn-loc-s-4s};{qiti:qitiq/1n}{ngani:ngani/tn-loc-s-4s};{qiti:qisik/1n}{ngani:nganik/tn-acc-s-4s};{qiti:qitiq/1n}{ngani:nganik/tn-acc-s-4s};{qiti:qisik/1n}{ngani:nganit/tn-abl-s-4s};{qiti:qitiq/1n}{ngani:nganit/tn-abl-s-4s};{qiti:qitik/1v}{nga:nga/1vv}{ni:niq/2vn},False,False,False,False,False,
hansard,qitirmiuni,{qitirmiu:qitirmiut/1n}{ni:ni/tn-loc-p},False,{qitirmiu:qitirmiut/1n}{ni:ni/tn-loc-p};{qitirmiu:qitirmiut/1n}{ni:ngni/tn-loc-s-2s};{qitirmiu:qitirmiut/1n}{ni:ni/tn-nom-s-3s};{qitirmiu:qitirmiut/1n}{ni:ni/tn-nom-p-3s};{qitirmiu:qitirmiut/1n}{ni:ngni/tn-loc-d};{qitirmiu:qitirmiut/1n}{ni:ngni/tn-loc-d-2s};{qitirmiu:qitirmiut/1n}{ni:ngni/tn-loc-p-2s};{qitirmiu:qitirmiut/1n}{ni:ngni/tn-nom-d-3s};{qitirmiu:qitirmiut/1n}{ni:mni/tn-loc-s-1s};{qitirmiu:qitirmiut/1n}{ni:mni/tn-loc-d-1s};{qitirmiu:qitirmiut/1n}{ni:mni/tn-loc-p-1s};{qitir:qitiq/1n}{miu:miutaq/1nn}{ni:ni/tn-loc-p};{qitir:qitiq/1n}{miu:miuq/1nn}{ni:ni/tn-loc-p};{qitir:qitiq/1n}{miu:miuq/1nn}{ni:ngni/tn-loc-s-2s};{qitir:qitiq/1n}{miu:miuq/1nn}{ni:ni/tn-nom-s-3s};{qitir:qitiq/1n}{miu:miuq/1nn}{ni:ni/tn-nom-p-3s};{qitir:qitiq/1n}{miu:miuq/1nn}{ni:ngni/tn-loc-d};{qitir:qitiq/1n}{miu:miuq/1nn}{ni:ngni/tn-loc-d-2s};{qitir:qitiq/1n}{miu:miuq/1nn}{ni:ngni/tn-loc-p-2s};{qitir:qitiq/1n}{miu:miuq/1nn}{ni:ngni/tn-nom-d-3s};{qitir:qitiq/1n}{miu:miuq/1nn}{ni:mni/tn-loc-s-1s};{qitir:qitiq/1n}{miu:miuq/1nn}{ni:mni/tn-loc-d-1s};{qitir:qitiq/1n}{miu:miuq/1nn}{ni:mni/tn-loc-p-1s};{qitirmiu:qitirmiut/1n}{ni:nik/tn-acc-p};{qitirmiu:qitirmiut/1n}{ni:ngnik/tn-acc-s-2s};{qitirmiu:qitirmiut/1n}{ni:nit/tn-abl-p};{qitirmiu:qitirmiut/1n}{ni:ngnit/tn-abl-s-2s};{qitirmiu:qitirmiut/1n}{ni:ngnik/tn-acc-d};{qitirmiu:qitirmiut/1n}{ni:ngnik/tn-acc-d-2s};{qitirmiu:qitirmiut/1n}{ni:ngnik/tn-acc-p-2s};{qitirmiu:qitirmiut/1n}{ni:ngnit/tn-abl-d};{qitirmiu:qitirmiut/1n}{ni:ngnit/tn-abl-d-2s};{qitirmiu:qitirmiut/1n}{ni:ngnit/tn-abl-p-2s};{qitirmiu:qitirmiut/1n}{ni:mnik/tn-acc-s-1s};{qitirmiu:qitirmiut/1n}{ni:mnik/tn-acc-d-1s};{qitirmiu:qitirmiut/1n}{ni:mnik/tn-acc-p-1s};{qitirmiu:qitirmiut/1n}{ni:mnit/tn-abl-s-1s};{qitirmiu:qitirmiut/1n}{ni:mnit/tn-abl-d-1s};{qitirmiu:qitirmiut/1n}{ni:mnit/tn-abl-p-1s};{qitir:qitiq/1n}{miu:miutaq/1nn}{ni:nik/tn-acc-p};{qitir:qitiq/1n}{miu:miuq/1nn}{ni:nik/tn-acc-p};{qitir:qitiq/1n}{miu:miuq/1nn}{ni:ngnik/tn-acc-s-2s};{qitir:qitiq/1n}{miu:miutaq/1nn}{ni:nit/tn-abl-p};{qitir:qitiq/1n}{miu:miuq/1nn}{ni:nit/tn-abl-p};{qitir:qitiq/1n}{miu:miuq/1nn}{ni:ngnit/tn-abl-s-2s};{qitir:qitiq/1n}{miu:miuq/1nn}{ni:ngnik/tn-acc-d};{qitir:qitiq/1n}{miu:miuq/1nn}{ni:ngnik/tn-acc-d-2s};{qitir:qitiq/1n}{miu:miuq/1nn}{ni:ngnik/tn-acc-p-2s};{qitir:qitiq/1n}{miu:miuq/1nn}{ni:ngnit/tn-abl-d};{qitir:qitiq/1n}{miu:miuq/1nn}{ni:ngnit/tn-abl-d-2s};{qitir:qitiq/1n}{miu:miuq/1nn}{ni:ngnit/tn-abl-p-2s};{qitir:qitiq/1n}{miu:miuq/1nn}{ni:mnik/tn-acc-s-1s};{qitir:qitiq/1n}{miu:miuq/1nn}{ni:mnik/tn-acc-d-1s};{qitir:qitiq/1n}{miu:miuq/1nn}{ni:mnik/tn-acc-p-1s};{qitir:qitiq/1n}{miu:miuq/1nn}{ni:mnit/tn-abl-s-1s};{qitir:qitiq/1n}{miu:miuq/1nn}{ni:mnit/tn-abl-d-1s};{qitir:qitiq/1n}{miu:miuq/1nn}{ni:mnit/tn-abl-p-1s},False,False,False,False,False,
hansard,qitirmiunit,{qitirmiu:qitirmiut/1n}{nit:nit/tn-abl-p},False,{qitirmiu:qitirmiut/1n}{nit:nit/tn-abl-p};{qitirmiu:qitirmiut/1n}{nit:ngnit/tn-abl-s-2s};{qitirmiu:qitirmiut/1n}{nit:ngnit/tn-abl-d};{qitirmiu:qitirmiut/1n}{nit:ngnit/tn-abl-d-2s};{qitirmiu:qitirmiut/1n}{nit:ngnit/tn-abl-p-2s};{qitirmiu:qitirmiut/1n}{nit:mnit/tn-abl-s-1s};{qitirmiu:qitirmiut/1n}{nit:mnit/tn-abl-d-1s};{qitirmiu:qitirmiut/1n}{nit:mnit/tn-abl-p-1s};{qitir:qitiq/1n}{miu:miutaq/1nn}{nit:nit/tn-abl-p};{qitir:qitiq/1n}{miu:miuq/1nn}{nit:nit/tn-abl-p};{qitir:qitiq/1n}{miu:miuq/1nn}{nit:ngnit/tn-abl-s-2s};{qitir:qitiq/1n}{miu:miuq/1nn}{nit:ngnit/tn-abl-d};{qitir:qitiq/1n}{miu:miuq/1nn}{nit:ngnit/tn-abl-d-2s};{qitir:qitiq/1n}{miu:miuq/1nn}{nit:ngnit/tn-abl-p-2s};{qitir:qitiq/1n}{miu:miuq/1nn}{nit:mnit/tn-abl-s-1s};{qitir:qitiq/1n}{miu:miuq/1nn}{nit:mnit/tn-abl-d-1s};{qitir:qitiq/1n}{miu:miuq/1nn}{nit:mnit/tn-abl-p-1s},False,False,False,False,False,
hansard,qitirmiunut,{qitirmiu:qitirmiut/1n}{nut:nut/tn-dat-p},False,{qitirmiu:qitirmiut/1n}{nut:nut/tn-dat-p};{qitirmiu:qitirmiut/1n}{nut:ngnut/tn-dat-s-2s};{qitirmiu:qitirmiut/1n}{nut:ngnut/tn-dat-d};{qitirmiu:qitirmiut/1n}{nut:ngnut/tn-dat-d-2s};{qitirmiu:qitirmiut/1n}{nut:ngnut/tn-dat-p-2s};{qitirmiu:qitirmiut/1n}{nut:mnut/tn-dat-s-1s};{qitirmiu:qitirmiut/1n}{nut:mnut/tn-dat-d-1s};{qitirmiu:qitirmiut/1n}{nut:mnut/tn-dat-p-1s};{qitir:qitiq/1n}{miu:miutaq/1nn}{nut:nut/tn-dat-p};{qitir:qitiq/1n}{miu:miuq/1nn}{nut:nut/tn-dat-p};{qitir:qitiq/1n}{miu:miuq/1nn}{nut:ngnut/tn-dat-s-2s};{qitir:qitiq/1n}{miu:miuq/1nn}{nut:ngnut/tn-dat-d};{qitir:qitiq/1n}{miu:miuq/1nn}{nut:ngnut/tn-dat-d-2s};{qitir:qitiq/1n}{miu:miuq/1nn}{nut:ngnut/tn-dat-p-2s};{qitir:qitiq/1n}{miu:miuq/1nn}{nut:mnut/tn-dat-s-1s};{qitir:qitiq/1n}{miu:miuq/1nn}{nut:mnut/tn-dat-d-1s};{qitir:qitiq/1n}{miu:miuq/1nn}{nut:mnut/tn-dat-p-1s},False,False,False,False,False,
hansard,qitirmiut,{qitirmiut:qitirmiut/1n},False,{qitirmiut:qitirmiut/1n};{qitirmiu:qitirmiut/1n}{t:it/tn-nom-p};{qitirmiu:qitirmiut/1n}{t:it/tn-gen-p};{qitirmiu:qitirmiut/1n}{t:it/tn-nom-s-2s};{qitir:qitiq/1n}{miut:miutaq/1nn};{qitir:qitiq/1n}{miu:miuq/1nn}{t:it/tn-nom-p};{qitir:qitiq/1n}{miu:miuq/1nn}{t:it/tn-gen-p};{qitir:qitiq/1n}{miu:miuq/1nn}{t:it/tn-nom-s-2s},False,False,False,False,False,
hansard,qujannami,{quja:quja/1v}{nna:naq/1vv}{mi:miik/1vn},False,{quja:quja/1v}{nna:naq/1vv}{mi:miik/1vn};{quja:quja/1v}{nna:naq/2vn}{mi:mi/tn-loc-s};{quja:quja/1v}{nna:naq/2vn}{mi:ni/tn-loc-p};{quja:quja/1v}{nna:naq/2vn}{mi:mi/tn-gen-s-3s};{quja:quja/1v}{nna:naq/2vn}{mi:mi/tn-gen-p-3s};{quja:quja/1v}{n:t/1vv}{nami:gami/tv-caus-3s};{quja:quja/1v}{n:t/1vv}{na:naq/1vv}{mi:miik/1vn};{quja:quja/1v}{n:t/1vv}{na:naq/2vn}{mi:mi/tn-loc-s};{quja:quja/1v}{n:t/1vv}{na:naq/2vn}{mi:ni/tn-loc-p};{quja:quja/1v}{n:t/1vv}{na:naq/2vn}{mi:mi/tn-gen-s-3s};{quja:quja/1v}{n:t/1vv}{na:naq/2vn}{mi:mi/tn-gen-p-3s};{quja:quja/1v}{nna:naq/2vn}{mi:mik/tn-acc-s};{quja:quja/1v}{nna:naq/2vn}{mi:mik/tn-gen-s-3d};{quja:quja/1v}{nna:naq/2vn}{mi:mik/tn-gen-p-3d};{quja:quja/1v}{nna:naq/2vn}{mi:mik/tn-gen-s-3p};{quja:quja/1v}{nna:naq/2vn}{mi:mik/tn-gen-p-3p};{quja:quja/1v}{nna:naq/2vn}{mi:mit/tn-abl-s};{quja:quja/1v}{n:t/1vv}{nami:gamik/tv-caus-3d};{quja:quja/1v}{n:t/1vv}{nami:gamik/tv-caus-3p};{quja:quja/1v}{n:t/1vv}{na:naq/2vn}{mi:mik/tn-acc-s};{quja:quja/1v}{n:t/1vv}{na:naq/2vn}{mi:mik/tn-gen-s-3d};{quja:quja/1v}{n:t/1vv}{na:naq/2vn}{mi:mik/tn-gen-p-3d};{quja:quja/1v}{n:t/1vv}{na:naq/2vn}{mi:mik/tn-gen-s-3p};{quja:quja/1v}{n:t/1vv}{na:naq/2vn}{mi:mik/tn-gen-p-3p};{quja:quja/1v}{n:t/1vv}{na:naq/2vn}{mi:mit/tn-abl-s},False,False,False,False,False,
hansard,qujannamii,{qujannamii:qujannamiik/1a},False,{quja:quja/1v}{nna:naq/1vv}{mii:miik/1vn};{quja:quja/1v}{n:t/1vv}{na:naq/1vv}{mii:miik/1vn};{qujannamii:qujannamiik/1a};{qujannamii:qujannamiik/1a}{:up/tn-gen-s};{quja:quja/1v}{nna:naq/1vv}{mi:miik/1vn}{i:k/tn-nom-d};{quja:quja/1v}{nna:naq/1vv}{mii:miik/1vn}{:k/tn-nom-d};{quja:quja/1v}{nna:naq/1vv}{mi:miik/1vn}{i:k/tn-gen-d};{quja:quja/1v}{nna:naq/1vv}{mii:miik/1vn}{:k/tn-gen-d};{quja:quja/1v}{nna:naq/1vv}{mii:miik/1vn}{:up/tn-gen-s};{quja:quja/1v}{nna:naq/1vv}{mii:miik/1vn}{:it/tn-nom-p};{quja:quja/1v}{nna:naq/1vv}{mii:miik/1vn}{:it/tn-gen-p};{quja:quja/1v}{nna:naq/1vv}{mii:miik/1vn}{:it/tn-nom-s-2s};{quja:quja/1v}{nna:naq/1vv}{mi:miik/1vn}{i:it/tn-nom-p};{quja:quja/1v}{nna:naq/1vv}{mi:miik/1vn}{i:it/tn-gen-p};{quja:quja/1v}{nna:naq/1vv}{mi:miik/1vn}{i:it/tn-nom-s-2s};{quja:quja/1v}{n:t/1vv}{na:naq/1vv}{mi:miik/1vn}{i:k/tn-nom-d};{quja:quja/1v}{n:t/1vv}{na:naq/1vv}{mii:miik/1vn}{:k/tn-nom-d};{quja:quja/1v}{n:t/1vv}{na:naq/1vv}{mi:miik/1vn}{i:k/tn-gen-d};{quja:quja/1v}{n:t/1vv}{na:naq/1vv}{mii:miik/1vn}{:k/tn-gen-d};{quja:quja/1v}{n:t/1vv}{na:naq/1vv}{mii:miik/1vn}{:up/tn-gen-s};{quja:quja/1v}{n:t/1vv}{na:naq/1vv}{mii:miik/1vn}{:it/tn-nom-p};{quja:quja/1v}{n:t/1vv}{na:naq/1vv}{mii:miik/1vn}{:it/tn-gen-p};{quja:quja/1v}{n:t/1vv}{na:naq/1vv}{mii:miik/1vn}{:it/tn-nom-s-2s};{quja:quja/1v}{n:t/1vv}{na:naq/1vv}{mi:miik/1vn}{i:it/tn-nom-p};{quja:quja/1v}{n:t/1vv}{na:naq/1vv}{mi:miik/1vn}{i:it/tn-gen-p};{quja:quja/1v}{n:t/1vv}{na:naq/1vv}{mi:miik/1vn}{i:it/tn-nom-s-2s},False,False,False,False,False,
hansard,qujannamiik,{qujannamiik:qujannamiik/1a},False,{qujannamiik:qujannamiik/1a};{quja:quja/1v}{nna:naq/1vv}{miik:miik/1vn};{quja:quja/1v}{nna:naq/1vv}{mi:miik/1vn}{ik:k/tn-nom-d};{quja:quja/1v}{nna:naq/1vv}{mii:miik/1vn}{k:k/tn-nom-d};{quja:quja/1v}{nna:naq/1vv}{mi:miik/1vn}{ik:k/tn-gen-d};{quja:quja/1v}{nna:naq/1vv}{mii:miik/1vn}{k:k/tn-gen-d};{quja:quja/1v}{n:t/1vv}{na:naq/1vv}{miik:miik/1vn};{quja:quja/1v}{n:t/1vv}{na:naq/1vv}{mi:miik/1vn}{ik:k/tn-nom-d};{quja:quja/1v}{n:t/1vv}{na:naq/1vv}{mii:miik/1vn}{k:k/tn-nom-d};{quja:quja/1v}{n:t/1vv}{na:naq/1vv}{mi:miik/1vn}{ik:k/tn-gen-d};{quja:quja/1v}{n:t/1vv}{na:naq/1vv}{mii:miik/1vn}{k:k/tn-gen-d},False,False,False,False,False,
hansard,qujannamiingujutit,{qujannamii:qujannamiik/1a}{ngu:u/1nv}{jutit:jutit/tv-ger-2s},False,{qujannamii:qujannamiik/1a}{ngu:u/1nv}{jutit:jutit/tv-ger-2s};{qujannamii:qujannamiik/1a}{ngu:ngu/1nv}{jutit:jutit/tv-ger-2s};{qujannamii:qujannamiik/1a}{ngu:u/1nv}{ju:juq/1vn}{tit:tit/tn-nom-p-2s};{qujannamii:qujannamiik/1a}{ngu:ngu/1nv}{ju:juq/1vn}{tit:tit/tn-nom-p-2s};{qujannamii:qujannamiik/1a}{ngu:u/1nv}{ju:juq/1vn}{tit:tit/tn-gen-p-2s};{qujannamii:qujannamiik/1a}{ngu:ngu/1nv}{ju:juq/1vn}{tit:tit/tn-gen-p-2s};{quja:quja/1v}{nna:naq/1vv}{mii:miik/1vn}{ngu:u/1nv}{jutit:jutit/tv-ger-2s};{quja:quja/1v}{nna:naq/1vv}{mii:miik/1vn}{ngu:ngu/1nv}{jutit:jutit/tv-ger-2s};{quja:quja/1v}{nna:naq/1vv}{mii:miik/1vn}{ngu:u/1nv}{ju:juq/1vn}{tit:tit/tn-nom-p-2s};{quja:quja/1v}{nna:naq/1vv}{mii:miik/1vn}{ngu:ngu/1nv}{ju:juq/1vn}{tit:tit/tn-nom-p-2s};{quja:quja/1v}{nna:naq/1vv}{mii:miik/1vn}{ngu:u/1nv}{ju:juq/1vn}{tit:tit/tn-gen-p-2s};{quja:quja/1v}{nna:naq/1vv}{mii:miik/1vn}{ngu:ngu/1nv}{ju:juq/1vn}{tit:tit/tn-gen-p-2s};{quja:quja/1v}{n:t/1vv}{na:naq/1vv}{mii:miik/1vn}{ngu:u/1nv}{jutit:jutit/tv-ger-2s};{quja:quja/1v}{n:t/1vv}{na:naq/1vv}{mii:miik/1vn}{ngu:ngu/1nv}{jutit:jutit/tv-ger-2s};{quja:quja/1v}{n:t/1vv}{na:naq/1vv}{mii:miik/1vn}{ngu:u/1nv}{ju:juq/1vn}{tit:tit/tn-nom-p-2s};{quja:quja/1v}{n:t/1vv}{na:naq/1vv}{mii:miik/1vn}{ngu:ngu/1nv}{ju:juq/1vn}{tit:tit/tn-nom-p-2s};{quja:quja/1v}{n:t/1vv}{na:naq/1vv}{mii:miik/1vn}{ngu:u/1nv}{ju:juq/1vn}{tit:tit/tn-gen-p-2s};{quja:quja/1v}{n:t/1vv}{na:naq/1vv}{mii:miik/1vn}{ngu:ngu/1nv}{ju:juq/1vn}{tit:tit/tn-gen-p-2s},False,False,False,False,False,
hansard,qujannamiirumajakka,{qujannamii:qujannamiiq/1v}{ruma:juma/1vv}{jakka:jakka/tv-ger-1s-3p},False,{qujannamii:qujannamiiq/1v}{ruma:juma/1vv}{jakka:jakka/tv-ger-1s-3p};{qujannamii:qujannamiiq/2v}{ruma:juma/1vv}{jakka:jakka/tv-ger-1s-3p};{qujannamii:qujannamiiq/1v}{ruma:juma/1vv}{ja:jaq/1vn}{kka:kka/tn-nom-p-1s};{qujannamii:qujannamiiq/2v}{ruma:juma/1vv}{ja:jaq/1vn}{kka:kka/tn-nom-p-1s};{qujannamii:qujannamiiq/1v}{ruma:juma/1vv}{ja:jaq/1vn}{kka:kka/tn-gen-p-1s};{qujannamii:qujannamiiq/2v}{ruma:juma/1vv}{ja:jaq/1vn}{kka:kka/tn-gen-p-1s};{quja:quja/1v}{nna:naq/1vv}{mi:miik/1vn}{i:iq/1nv}{ruma:juma/1vv}{jakka:jakka/tv-ger-1s-3p};{quja:quja/1v}{nna:naq/1vv}{mi:miik/1vn}{i:iq/1nv}{ruma:juma/1vv}{ja:jaq/1vn}{kka:kka/tn-nom-p-1s};{quja:quja/1v}{nna:naq/1vv}{mi:miik/1vn}{i:iq/1nv}{ruma:juma/1vv}{ja:jaq/1vn}{kka:kka/tn-gen-p-1s};{quja:quja/1v}{n:t/1vv}{na:naq/1vv}{mi:miik/1vn}{i:iq/1nv}{ruma:juma/1vv}{jakka:jakka/tv-ger-1s-3p};{quja:quja/1v}{n:t/1vv}{na:naq/1vv}{mi:miik/1vn}{i:iq/1nv}{ruma:juma/1vv}{ja:jaq/1vn}{kka:kka/tn-nom-p-1s};{quja:quja/1v}{n:t/1vv}{na:naq/1vv}{mi:miik/1vn}{i:iq/1nv}{ruma:juma/1vv}{ja:jaq/1vn}{kka:kka/tn-gen-p-1s};{qujannamii:qujannamiiq/1v}{ruma:juma/1vv}{ja:jaq/2vv}{kka:kkaq/1vn};{qujannamii:qujannamiiq/2v}{ruma:juma/1vv}{ja:jaq/2vv}{kka:kkaq/1vn};{quja:quja/1v}{nna:naq/1vv}{mi:miik/1vn}{i:iq/1nv}{ruma:juma/1vv}{ja:jaq/2vv}{kka:kkaq/1vn};{quja:quja/1v}{n:t/1vv}{na:naq/1vv}{mi:miik/1vn}{i:iq/1nv}{ruma:juma/1vv}{ja:jaq/2vv}{kka:kkaq/1vn},False,False,False,False,False,
hansard,qujannamiirumajara,{qujannamii:qujannamiiq/1v}{ruma:juma/1vv}{jara:jara/tv-ger-1s-3s},False,{qujannamii:qujannamiiq/1v}{ruma:juma/1vv}{jara:jara/tv-ger-1s-3s};{qujannamii:qujannamiiq/2v}{ruma:juma/1vv}{jara:jara/tv-ger-1s-3s};{qujannamii:qujannamiiq/1v}{ruma:juma/1vv}{ja:jaq/1vn}{ra:ga/tn-nom-s-1s};{qujannamii:qujannamiiq/2v}{ruma:juma/1vv}{ja:jaq/1vn}{ra:ga/tn-nom-s-1s};{quja:quja/1v}{nna:naq/1vv}{mi:miik/1vn}{i:iq/1nv}{ruma:juma/1vv}{jara:jara/tv-ger-1s-3s};{quja:quja/1v}{nna:naq/1vv}{mi:miik/1vn}{i:iq/1nv}{ruma:juma/1vv}{ja:jaq/1vn}{ra:ga/tn-nom-s-1s};{quja:quja/1v}{n:t/1vv}{na:naq/1vv}{mi:miik/1vn}{i:iq/1nv}{ruma:juma/1vv}{jara:jara/tv-ger-1s-3s};{quja:quja/1v}{n:t/1vv}{na:naq/1vv}{mi:miik/1vn}{i:iq/1nv}{ruma:juma/1vv}{ja:jaq/1vn}{ra:ga/tn-nom-s-1s};{qujannamii:qujannamiiq/1v}{ruma:juma/1vv}{ja:jaq/2vv}{ra:nak/tv-part-2s};{qujannamii:qujannamiiq/2v}{ruma:juma/1vv}{ja:jaq/2vv}{ra:nak/tv-part-2s};{quja:quja/1v}{nna:naq/1vv}{mi:miik/1vn}{i:iq/1nv}{ruma:juma/1vv}{ja:jaq/2vv}{ra:nak/tv-part-2s};{quja:quja/1v}{n:t/1vv}{na:naq/1vv}{mi:miik/1vn}{i:iq/1nv}{ruma:juma/1vv}{ja:jaq/2vv}{ra:nak/tv-part-2s},False,False,False,False,False,
hansard,qujannamiirumavakka,{qujannamii:qujannamiiq/1v}{ruma:juma/1vv}{vakka:vakka/tv-dec-1s-3p},False,{qujannamii:qujannamiiq/1v}{ruma:juma/1vv}{vakka:vakka/tv-dec-1s-3p};{qujannamii:qujannamiiq/2v}{ruma:juma/1vv}{vakka:vakka/tv-dec-1s-3p};{qujannamii:qujannamiiq/1v}{ruma:juma/1vv}{vakka:vakka/tv-int-1s-3p};{qujannamii:qujannamiiq/2v}{ruma:juma/1vv}{vakka:vakka/tv-int-1s-3p};{quja:quja/1v}{nna:naq/1vv}{mi:miik/1vn}{i:iq/1nv}{ruma:juma/1vv}{vakka:vakka/tv-dec-1s-3p};{quja:quja/1v}{nna:naq/1vv}{mi:miik/1vn}{i:iq/1nv}{ruma:juma/1vv}{vakka:vakka/tv-int-1s-3p};{quja:quja/1v}{n:t/1vv}{na:naq/1vv}{mi:miik/1vn}{i:iq/1nv}{ruma:juma/1vv}{vakka:vakka/tv-dec-1s-3p};{quja:quja/1v}{n:t/1vv}{na:naq/1vv}{mi:miik/1vn}{i:iq/1nv}{ruma:juma/1vv}{vakka:vakka/tv-int-1s-3p};{qujannamii:qujannamiiq/1v}{ruma:juma/1vv}{va:vak/1vv}{kka:kkaq/1vn};{qujannamii:qujannamiiq/2v}{ruma:juma/1vv}{va:vak/1vv}{kka:kkaq/1vn};{quja:quja/1v}{nna:naq/1vv}{mi:miik/1vn}{i:iq/1nv}{ruma:juma/1vv}{va:vak/1vv}{kka:kkaq/1vn};{quja:quja/1v}{n:t/1vv}{na:naq/1vv}{mi:miik/1vn}{i:iq/1nv}{ruma:juma/1vv}{va:vak/1vv}{kka:kkaq/1vn},False,False,False,False,False,
hansard,qujannamiirumavara,{qujannamii:qujannamiiq/1v}{ruma:juma/1vv}{vara:vara/tv-dec-1s-3s},False,{qujannamii:qujannamiiq/1v}{ruma:juma/1vv}{vara:vara/tv-dec-1s-3s};{qujannamii:qujannamiiq/2v}{ruma:juma/1vv}{vara:vara/tv-dec-1s-3s};{quja:quja/1v}{nna:naq/1vv}{mi:miik/1vn}{i:iq/1nv}{ruma:juma/1vv}{vara:vara/tv-dec-1s-3s};{quja:quja/1v}{n:t/1vv}{na:naq/1vv}{mi:miik/1vn}{i:iq/1nv}{ruma:juma/1vv}{vara:vara/tv-dec-1s-3s};{qujannamii:qujannamiiq/1v}{ruma:juma/1vv}{va:vak/1vv}{ra:nak/tv-part-1s-2s};{qujannamii:qujannamiiq/2v}{ruma:juma/1vv}{va:vak/1vv}{ra:nak/tv-part-1s-2s};{qujannamii:qujannamiiq/1v}{ruma:juma/1vv}{va:vak/1vv}{ra:nak/tv-part-4s-2s};{qujannamii:qujannamiiq/2v}{ruma:juma/1vv}{va:vak/1vv}{ra:nak/tv-part-4s-2s};{qujannamii:qujannamiiq/1v}{ruma:juma/1vv}{va:vak/1vv}{ra:nak/tv-part-1d-2s};{qujannamii:qujannamiiq/2v}{ruma:juma/1vv}{va:vak/1vv}{ra:nak/tv-part-1d-2s};{qujannamii:qujannamiiq/1v}{ruma:juma/1vv}{va:vak/1vv}{ra:nak/tv-part-4d-2s};{qujannamii:qujannamiiq/2v}{ruma:juma/1vv}{va:vak/1vv}{ra:nak/tv-part-4d-2s};{qujannamii:qujannamiiq/1v}{ruma:juma/1vv}{va:vak/1vv}{ra:nak/tv-part-1p-2s};{qujannamii:qujannamiiq/2v}{ruma:juma/1vv}{va:vak/1vv}{ra:nak/tv-part-1p-2s};{qujannamii:qujannamiiq/1v}{ruma:juma/1vv}{va:vak/1vv}{ra:nak/tv-part-4p-2s};{qujannamii:qujannamiiq/2v}{ruma:juma/1vv}{va:vak/1vv}{ra:nak/tv-part-4p-2s};{quja:quja/1v}{nna:naq/1vv}{mi:miik/1vn}{i:iq/1nv}{ruma:juma/1vv}{va:vak/1vv}{ra:nak/tv-part-1s-2s};{quja:quja/1v}{nna:naq/1vv}{mi:miik/1vn}{i:iq/1nv}{ruma:juma/1vv}{va:vak/1vv}{ra:nak/tv-part-4s-2s};{quja:quja/1v}{nna:naq/1vv}{mi:miik/1vn}{i:iq/1nv}{ruma:juma/1vv}{va:vak/1vv}{ra:nak/tv-part-1d-2s};{quja:quja/1v}{nna:naq/1vv}{mi:miik/1vn}{i:iq/1nv}{ruma:juma/1vv}{va:vak/1vv}{ra:nak/tv-part-4d-2s};{quja:quja/1v}{nna:naq/1vv}{mi:miik/1vn}{i:iq/1nv}{ruma:juma/1vv}{va:vak/1vv}{ra:nak/tv-part-1p-2s};{quja:quja/1v}{nna:naq/1vv}{mi:miik/1vn}{i:iq/1nv}{ruma:juma/1vv}{va:vak/1vv}{ra:nak/tv-part-4p-2s};{quja:quja/1v}{n:t/1vv}{na:naq/1vv}{mi:miik/1vn}{i:iq/1nv}{ruma:juma/1vv}{va:vak/1vv}{ra:nak/tv-part-1s-2s};{quja:quja/1v}{n:t/1vv}{na:naq/1vv}{mi:miik/1vn}{i:iq/1nv}{ruma:juma/1vv}{va:vak/1vv}{ra:nak/tv-part-4s-2s};{quja:quja/1v}{n:t/1vv}{na:naq/1vv}{mi:miik/1vn}{i:iq/1nv}{ruma:juma/1vv}{va:vak/1vv}{ra:nak/tv-part-1d-2s};{quja:quja/1v}{n:t/1vv}{na:naq/1vv}{mi:miik/1vn}{i:iq/1nv}{ruma:juma/1vv}{va:vak/1vv}{ra:nak/tv-part-4d-2s};{quja:quja/1v}{n:t/1vv}{na:naq/1vv}{mi:miik/1vn}{i:iq/1nv}{ruma:juma/1vv}{va:vak/1vv}{ra:nak/tv-part-1p-2s};{quja:quja/1v}{n:t/1vv}{na:naq/1vv}{mi:miik/1vn}{i:iq/1nv}{ruma:juma/1vv}{va:vak/1vv}{ra:nak/tv-part-4p-2s},False,False,False,False,False,
hansard,qujannamik,{quja:quja/1v}{nna:naq/1vv}{mik:miik/1vn},False,,True,False,False,False,False,
hansard,qulluktuq,{qulluktuq:kugluktuk/1n},False,{qulluktuq:kugluktuk/1n},False,False,False,False,False,
hansard,quppirniliit,{quppir:quppiq/1v}{ni:niq/2vn}{li:lik/1nn}{it:it/tn-nom-p},False,{quppir:quppiq/1v}{ni:niq/2vn}{li:lik/1nn}{it:it/tn-nom-p};{quppir:quppiq/1v}{ni:niq/2vn}{li:&iq/1nn}{it:it/tn-nom-p};{quppir:quppiq/1v}{ni:niq/2vn}{li:lik/1nn}{it:it/tn-gen-p};{quppir:quppiq/1v}{ni:niq/2vn}{li:&iq/1nn}{it:it/tn-gen-p};{quppir:quppiq/1v}{ni:niq/2vn}{li:lik/1nn}{it:it/tn-nom-s-2s};{quppir:quppiq/1v}{ni:niq/2vn}{li:&iq/1nn}{it:it/tn-nom-s-2s},False,False,False,False,False,
hansard,qurluqtuumi,{qurluqtuu:kugluktuk/1n}{mi:mi/tn-loc-s},False,{qurluqtuu:kugluktuk/1n}{mi:mi/tn-loc-s};{qurluqtuu:kugluktuk/1n}{mi:mi/tn-gen-s-3s};{qurluqtuu:kugluktuk/1n}{mi:mi/tn-gen-p-3s};{qurluqtuu:kugluktuk/1n}{mi:ngmi/tn-gen-d-3s};{qurluqtu:kugluktuk/1n}{umi:ngmi/tn-gen-d-3s};{qurluqtu:kugluktuk/1n}{u:u/1nv}{mi:miik/1vn};{qurluqtu:kugluktuk/1n}{u:ut/2nn}{mi:mi/tn-loc-s};{qurluqtuu:kugluktuk/1n}{mi:mik/tn-acc-s};{qurluqtuu:kugluktuk/1n}{mi:mik/tn-gen-s-3d};{qurluqtuu:kugluktuk/1n}{mi:mik/tn-gen-p-3d};{qurluqtuu:kugluktuk/1n}{mi:mik/tn-gen-s-3p};{qurluqtuu:kugluktuk/1n}{mi:mik/tn-gen-p-3p};{qurluqtuu:kugluktuk/1n}{mi:mit/tn-abl-s};{qurluqtuu:kugluktuk/1n}{mi:nmik/tn-gen-d-3d};{qurluqtuu:kugluktuk/1n}{mi:ngmik/tn-gen-d-3p};{qurluqtu:kugluktuk/1n}{umi:nmik/tn-gen-d-3d};{qurluqtu:kugluktuk/1n}{umi:ngmik/tn-gen-d-3p};{qurluqtu:kugluktuk/1n}{u:ut/2nn}{mi:mik/tn-acc-s};{qurluqtu:kugluktuk/1n}{u:ut/2nn}{mi:mit/tn-abl-s},False,False,False,False,False,
hansard,quviappunga,{quviap:quviak/1v}{punga:vunga/tv-dec-1s},False,{quviap:quviak/1v}{punga:vunga/tv-dec-1s};{quviap:quviak/1v}{punga:vunga/tv-int-1s},False,False,False,False,False,
hansard,quviasukpunga,{quvia:quviak/1v}{suk:suk/1vv}{punga:vunga/tv-dec-1s},False,{quvia:quviak/1v}{suk:suk/1vv}{punga:vunga/tv-dec-1s};{quvia:quviak/1v}{suk:suk/1vv}{punga:vunga/tv-int-1s},False,False,False,False,False,
hansard,quviattunga,{quviat:quviak/1v}{tunga:junga/tv-ger-1s},False,{quviat:quviak/1v}{tunga:junga/tv-ger-1s};{quviat:quviak/1v}{tunga:lunga/tv-part-1s-prespas};{quviat:quviak/1v}{tunga:lunga/tv-part-2s-1s-prespas};{quviat:quviak/1v}{tunga:lunga/tv-part-4s-1s-prespas};{quviat:quviak/1v}{tunga:lunga/tv-part-2d-1s-prespas};{quviat:quviak/1v}{tunga:lunga/tv-part-4d-1s-prespas};{quviat:quviak/1v}{tunga:lunga/tv-part-2p-1s-prespas};{quviat:quviak/1v}{tunga:lunga/tv-part-4p-1s-prespas};{quviat:quviak/1v}{tu:juq/1vn}{nga:nga/tn-nom-s-4s};{quviat:quviak/1v}{tu:tuq/1vv}{nga:nnga/tv-imp-2s-1s};{quviat:quviak/1v}{tu:suq/1vv}{nga:nnga/tv-imp-2s-1s};{quviat:quviak/1v}{tu:juq/1vn}{nga:ngak/tn-nom-s-4d};{quviat:quviak/1v}{tu:juq/1vn}{nga:ngat/tn-nom-s-4p},False,False,False,False,False,
hansard,riipika,,True,,False,False,False,False,True,Rebecca
hansard,saiman,,True,,False,False,False,False,True,Simon
hansard,sanajulirijikkunnut,{sana:sana/1v}{ju:juq/1vn}{liri:liri/1nv}{ji:ji/1vn}{kkun:kkut/1nn}{nut:nut/tn-dat-p},False,{sana:sana/1v}{ju:juq/1vn}{liri:liri/1nv}{ji:ji/1vn}{kkun:kkut/1nn}{nut:nut/tn-dat-p},False,False,False,False,False,
hansard,sanajulirijikkut,{sana:sana/1v}{ju:juq/1vn}{liri:liri/1nv}{ji:ji/1vn}{kkut:kkut/1nn},False,{sana:sana/1v}{ju:juq/1vn}{liri:liri/1nv}{ji:ji/1vn}{kkut:kkut/1nn};{sana:sana/1v}{ju:juq/1vn}{liri:liri/1nv}{ji:ji/1vn}{kkut:kkut/tn-via-s};{sana:sana/1v}{ju:juq/1vn}{liri:liri/1nv}{ji:ji/1vn}{kkut:kkut/tn-via-s-2s};{sana:sana/1v}{ju:juq/1vn}{liri:liri/1nv}{ji:ji/1vn}{kkut:pkut/tn-via-s-1s};{sana:sana/1v}{ju:juq/1vn}{liri:liri/1nv}{ji:ji/1vn}{kkut:pkut/tn-via-p-1s},False,False,False,False,False,
hansard,saniani,{sani:sani/1n}{ani:ngani/tn-loc-s-4s},False,{sani:saniq/1n}{ani:ngani/tn-loc-s-4s};{sani:sani/1n}{ani:ngani/tn-loc-s-4s};{sani:saniq/1n}{ani:nganik/tn-acc-s-4s};{sani:saniq/1n}{ani:nganit/tn-abl-s-4s};{sani:saniq/1v}{a:a/1vv}{ni:niq/2vn};{sani:sani/1n}{ani:nganik/tn-acc-s-4s};{sani:sani/1n}{ani:nganit/tn-abl-s-4s},False,False,False,False,False,
hansard,sanikiluaq,{sanikiluaq:sanikiluaq/1n},False,{sanikiluaq:sanikiluaq/1n},False,False,False,False,False,
hansard,sanikiluarmi,{sanikiluar:sanikiluaq/1n}{mi:mi/tn-loc-s},False,{sanikiluar:sanikiluaq/1n}{mi:mi/tn-loc-s};{sanikiluar:sanikiluaq/1n}{mi:mi/tn-gen-s-3s};{sanikiluar:sanikiluaq/1n}{mi:mi/tn-gen-p-3s};{sanikiluar:sanikiluaq/1n}{mi:mik/tn-acc-s};{sanikiluar:sanikiluaq/1n}{mi:mik/tn-gen-s-3d};{sanikiluar:sanikiluaq/1n}{mi:mik/tn-gen-p-3d};{sanikiluar:sanikiluaq/1n}{mi:mik/tn-gen-s-3p};{sanikiluar:sanikiluaq/1n}{mi:mik/tn-gen-p-3p};{sanikiluar:sanikiluaq/1n}{mi:mit/tn-abl-s},False,False,False,False,False,
hansard,saqqitaujuq,{saqqi:saqqik/1v}{ta:jaq/1vn}{u:u/1nv}{juq:juq/1vn},False,{saqqi:saqqik/1v}{ta:jaq/1vn}{u:u/1nv}{juq:juq/1vn};{saqqi:saqqik/1v}{ta:jaq/1vn}{u:u/1nv}{juq:juq/tv-ger-3s},False,False,False,False,False,
hansard,saqqitaujut,{saqqi:saqqik/1v}{ta:jaq/1vn}{u:u/1nv}{jut:jut/tv-ger-3p},False,{saqqi:saqqik/1v}{ta:jaq/1vn}{u:u/1nv}{jut:jut/tv-ger-3p},False,False,False,False,False,
hansard,saqqitauningit,{saqqi:saqqik/1v}{ta:jaq/1vn}{u:u/1nv}{ni:niq/2vn}{ngit:ngit/tn-nom-p-4s},False,{saqqi:saqqik/1v}{ta:jaq/1vn}{u:u/1nv}{ni:niq/2vn}{ngit:ngit/tn-nom-p-4s};{saqqi:saqqik/1v}{ta:jaq/1vn}{u:u/1nv}{ni:niq/2vn}{ngit:ngik/tn-nom-p-4d};{saqqi:saqqik/1v}{ta:jaq/1vn}{u:u/1nv}{ni:niq/2vn}{ngit:ngit/tn-nom-p-4p},False,False,False,False,False,
hansard,saqqitausimajuq,{saqqi:saqqik/1v}{ta:jaq/1vn}{u:u/1nv}{sima:sima/1vv}{juq:juq/1vn},False,{saqqi:saqqik/1v}{ta:jaq/1vn}{u:u/1nv}{sima:sima/1vv}{juq:juq/1vn};{saqqi:saqqik/1v}{ta:jaq/1vn}{u:u/1nv}{sima:sima/1vv}{juq:juq/tv-ger-3s};{saqqi:saqqik/1v}{ta:jaq/1vn}{u:u/1nv}{si:si/2vv}{ma:ma/1vv}{juq:juq/1vn};{saqqi:saqqik/1v}{ta:taq/1vv}{u:uq/3vv}{si:si/2vv}{ma:ma/1vv}{juq:juq/1vn};{saqqi:saqqik/1v}{ta:jaq/1vn}{u:ut/2nn}{si:liq/2nv}{ma:ma/1vv}{juq:juq/1vn};{saqqi:saqqik/1v}{ta:taq/1vv}{u:ut/1vn}{si:liq/2nv}{ma:ma/1vv}{juq:juq/1vn};{saqqi:saqqik/1v}{ta:jaq/1vn}{u:u/1nv}{si:siq/1vv}{ma:ma/1vv}{juq:juq/1vn};{saqqi:saqqik/1v}{ta:jaq/1vn}{u:u/1nv}{si:si/2vv}{ma:ma/1vv}{juq:juq/tv-ger-3s};{saqqi:saqqik/1v}{ta:taq/1vv}{u:uq/3vv}{si:si/2vv}{ma:ma/1vv}{juq:juq/tv-ger-3s};{saqqi:saqqik/1v}{ta:jaq/1vn}{u:ut/2nn}{si:liq/2nv}{ma:ma/1vv}{juq:juq/tv-ger-3s};{saqqi:saqqik/1v}{ta:taq/1vv}{u:ut/1vn}{si:liq/2nv}{ma:ma/1vv}{juq:juq/tv-ger-3s};{saqqi:saqqik/1v}{ta:jaq/1vn}{u:u/1nv}{si:siq/1vv}{ma:ma/1vv}{juq:juq/tv-ger-3s},False,False,False,False,False,
hansard,silataani,{silata:silata/1n}{ani:ngani/tn-loc-s-4s},False,{silata:silata/1n}{ani:ngani/tn-loc-s-4s};{sila:sila/1n}{taa:taaq/2nn}{ni:ni/tn-loc-p};{sila:sila/1n}{taa:taaq/2nn}{ni:ni/tn-nom-s-3s};{sila:sila/1n}{taa:taaq/2nn}{ni:ni/tn-nom-p-3s};{sila:sila/1n}{ta:taaq/2nn}{ani:ngani/tn-loc-s-4s};{silata:silata/1n}{ani:nganik/tn-acc-s-4s};{silata:silata/1n}{ani:nganit/tn-abl-s-4s};{sila:sila/1n}{taa:taaq/2nn}{ni:nik/tn-acc-p};{sila:sila/1n}{taa:taaq/2nn}{ni:nit/tn-abl-p};{sila:sila/1n}{ta:taaq/2nn}{ani:nganik/tn-acc-s-4s};{sila:sila/1n}{ta:taaq/2nn}{ani:nganit/tn-abl-s-4s},False,False,False,False,False,
hansard,silaup,{sila:sila/1n}{up:up/tn-gen-s},False,{sila:sila/1n}{up:up/tn-gen-s};{sila:sila/1n}{u:ut/2nn}{p:up/tn-gen-s},False,False,False,False,False,
hansard,sivuliqti,{sivuliqti:sivuliqti/1n},False,{sivuliqti:sivuliqti/1n};{sivu:sivu/1n}{liq:liq/3nv}{ti:ji/1vn};{sivu:sivu/1n}{liq:liq/2nv}{ti:ji/1vn};{sivu:sivu/1n}{liq:liq/3nv}{ti:tiq/1vn};{sivu:sivu/1n}{liq:liq/2nv}{ti:tiq/1vn},False,False,False,False,False,
hansard,sivuliqtii,{sivuliqti:sivuliqti/1n}{i:k/tn-nom-d},False,{sivuliqti:sivuliqti/1n}{i:k/tn-nom-d};{sivuliqti:sivuliqti/1n}{i:k/tn-gen-d};{sivuliqti:sivuliqti/1n}{i:it/tn-nom-p};{sivuliqti:sivuliqti/1n}{i:it/tn-gen-p};{sivuliqti:sivuliqti/1n}{i:it/tn-nom-s-2s};{sivu:sivu/1n}{liq:liq/3nv}{ti:ji/1vn}{i:k/tn-nom-d};{sivu:sivu/1n}{liq:liq/2nv}{ti:ji/1vn}{i:k/tn-nom-d};{sivu:sivu/1n}{liq:liq/3nv}{ti:tiq/1vn}{i:k/tn-nom-d};{sivu:sivu/1n}{liq:liq/2nv}{ti:tiq/1vn}{i:k/tn-nom-d};{sivu:sivu/1n}{liq:liq/3nv}{ti:ji/1vn}{i:k/tn-gen-d};{sivu:sivu/1n}{liq:liq/2nv}{ti:ji/1vn}{i:k/tn-gen-d};{sivu:sivu/1n}{liq:liq/3nv}{ti:tiq/1vn}{i:k/tn-gen-d};{sivu:sivu/1n}{liq:liq/2nv}{ti:tiq/1vn}{i:k/tn-gen-d};{sivu:sivu/1n}{liq:liq/3nv}{ti:ji/1vn}{i:it/tn-nom-p};{sivu:sivu/1n}{liq:liq/2nv}{ti:ji/1vn}{i:it/tn-nom-p};{sivu:sivu/1n}{liq:liq/3nv}{ti:tiq/1vn}{i:it/tn-nom-p};{sivu:sivu/1n}{liq:liq/2nv}{ti:tiq/1vn}{i:it/tn-nom-p};{sivu:sivu/1n}{liq:liq/3nv}{ti:ji/1vn}{i:it/tn-gen-p};{sivu:sivu/1n}{liq:liq/2nv}{ti:ji/1vn}{i:it/tn-gen-p};{sivu:sivu/1n}{liq:liq/3nv}{ti:tiq/1vn}{i:it/tn-gen-p};{sivu:sivu/1n}{liq:liq/2nv}{ti:tiq/1vn}{i:it/tn-gen-p};{sivu:sivu/1n}{liq:liq/3nv}{ti:ji/1vn}{i:it/tn-nom-s-2s};{sivu:sivu/1n}{liq:liq/2nv}{ti:ji/1vn}{i:it/tn-nom-s-2s};{sivu:sivu/1n}{liq:liq/3nv}{ti:tiq/1vn}{i:it/tn-nom-s-2s};{sivu:sivu/1n}{liq:liq/2nv}{ti:tiq/1vn}{i:it/tn-nom-s-2s},False,False,False,False,False,
hansard,sivuliqtiit,{sivuliqti:sivuliqti/1n}{it:it/tn-nom-p},False,{sivuliqti:sivuliqti/1n}{it:it/tn-nom-p};{sivuliqti:sivuliqti/1n}{it:it/tn-gen-p};{sivuliqti:sivuliqti/1n}{it:it/tn-nom-s-2s};{sivu:sivu/1n}{liq:liq/3nv}{ti:ji/1vn}{it:it/tn-nom-p};{sivu:sivu/1n}{liq:liq/2nv}{ti:ji/1vn}{it:it/tn-nom-p};{sivu:sivu/1n}{liq:liq/3nv}{ti:tiq/1vn}{it:it/tn-nom-p};{sivu:sivu/1n}{liq:liq/2nv}{ti:tiq/1vn}{it:it/tn-nom-p};{sivu:sivu/1n}{liq:liq/3nv}{ti:ji/1vn}{it:it/tn-gen-p};{sivu:sivu/1n}{liq:liq/2nv}{ti:ji/1vn}{it:it/tn-gen-p};{sivu:sivu/1n}{liq:liq/3nv}{ti:tiq/1vn}{it:it/tn-gen-p};{sivu:sivu/1n}{liq:liq/2nv}{ti:tiq/1vn}{it:it/tn-gen-p};{sivu:sivu/1n}{liq:liq/3nv}{ti:ji/1vn}{it:it/tn-nom-s-2s};{sivu:sivu/1n}{liq:liq/2nv}{ti:ji/1vn}{it:it/tn-nom-s-2s};{sivu:sivu/1n}{liq:liq/3nv}{ti:tiq/1vn}{it:it/tn-nom-s-2s};{sivu:sivu/1n}{liq:liq/2nv}{ti:tiq/1vn}{it:it/tn-nom-s-2s},False,False,False,False,False,
hansard,sivuliqtinginni,{sivuliqti:sivuliqti/1n}{nginni:nginni/tn-loc-p-4s},False,{sivuliqti:sivuliqti/1n}{nginni:nginni/tn-loc-p-4s};{sivuliqti:sivuliqti/1n}{nginni:nginni/tn-loc-p-4p};{sivuliqti:sivuliqti/1n}{nginni:ngingni/tn-loc-p-4d};{sivuliqti:sivuliqti/1n}{ngi:nngiq/1nn}{nni:mni/tn-loc-s-1s};{sivuliqti:sivuliqti/1n}{ngi:nngiq/1nn}{nni:mni/tn-loc-p-1s};{sivuliqti:sivuliqti/1n}{ngi:nngiq/1nn}{nni:ngni/tn-loc-s-2s};{sivuliqti:sivuliqti/1n}{ngi:nngiq/1nn}{nni:ngni/tn-loc-p-2s};{sivu:sivu/1n}{liq:liq/3nv}{ti:ji/1vn}{nginni:nginni/tn-loc-p-4s};{sivu:sivu/1n}{liq:liq/2nv}{ti:ji/1vn}{nginni:nginni/tn-loc-p-4s};{sivu:sivu/1n}{liq:liq/3nv}{ti:tiq/1vn}{nginni:nginni/tn-loc-p-4s};{sivu:sivu/1n}{liq:liq/2nv}{ti:tiq/1vn}{nginni:nginni/tn-loc-p-4s};{sivu:sivu/1n}{liq:liq/3nv}{ti:ji/1vn}{nginni:nginni/tn-loc-p-4p};{sivu:sivu/1n}{liq:liq/2nv}{ti:ji/1vn}{nginni:nginni/tn-loc-p-4p};{sivu:sivu/1n}{liq:liq/3nv}{ti:tiq/1vn}{nginni:nginni/tn-loc-p-4p};{sivu:sivu/1n}{liq:liq/2nv}{ti:tiq/1vn}{nginni:nginni/tn-loc-p-4p};{sivu:sivu/1n}{liq:liq/3nv}{ti:ji/1vn}{nginni:ngingni/tn-loc-p-4d};{sivu:sivu/1n}{liq:liq/2nv}{ti:ji/1vn}{nginni:ngingni/tn-loc-p-4d};{sivu:sivu/1n}{liq:liq/3nv}{ti:tiq/1vn}{nginni:ngingni/tn-loc-p-4d};{sivu:sivu/1n}{liq:liq/2nv}{ti:tiq/1vn}{nginni:ngingni/tn-loc-p-4d};{sivu:sivu/1n}{liq:liq/3nv}{ti:ji/1vn}{ngi:nngiq/1nn}{nni:mni/tn-loc-s-1s};{sivu:sivu/1n}{liq:liq/2nv}{ti:ji/1vn}{ngi:nngiq/1nn}{nni:mni/tn-loc-s-1s};{sivu:sivu/1n}{liq:liq/3nv}{ti:tiq/1vn}{ngi:nngiq/1nn}{nni:mni/tn-loc-s-1s};{sivu:sivu/1n}{liq:liq/2nv}{ti:tiq/1vn}{ngi:nngiq/1nn}{nni:mni/tn-loc-s-1s};{sivu:sivu/1n}{liq:liq/3nv}{ti:ji/1vn}{ngi:nngiq/1nn}{nni:mni/tn-loc-p-1s};{sivu:sivu/1n}{liq:liq/2nv}{ti:ji/1vn}{ngi:nngiq/1nn}{nni:mni/tn-loc-p-1s};{sivu:sivu/1n}{liq:liq/3nv}{ti:tiq/1vn}{ngi:nngiq/1nn}{nni:mni/tn-loc-p-1s};{sivu:sivu/1n}{liq:liq/2nv}{ti:tiq/1vn}{ngi:nngiq/1nn}{nni:mni/tn-loc-p-1s};{sivu:sivu/1n}{liq:liq/3nv}{ti:ji/1vn}{ngi:nngiq/1nn}{nni:ngni/tn-loc-s-2s};{sivu:sivu/1n}{liq:liq/2nv}{ti:ji/1vn}{ngi:nngiq/1nn}{nni:ngni/tn-loc-s-2s};{sivu:sivu/1n}{liq:liq/3nv}{ti:tiq/1vn}{ngi:nngiq/1nn}{nni:ngni/tn-loc-s-2s};{sivu:sivu/1n}{liq:liq/2nv}{ti:tiq/1vn}{ngi:nngiq/1nn}{nni:ngni/tn-loc-s-2s};{sivu:sivu/1n}{liq:liq/3nv}{ti:ji/1vn}{ngi:nngiq/1nn}{nni:ngni/tn-loc-p-2s};{sivu:sivu/1n}{liq:liq/2nv}{ti:ji/1vn}{ngi:nngiq/1nn}{nni:ngni/tn-loc-p-2s};{sivu:sivu/1n}{liq:liq/3nv}{ti:tiq/1vn}{ngi:nngiq/1nn}{nni:ngni/tn-loc-p-2s};{sivu:sivu/1n}{liq:liq/2nv}{ti:tiq/1vn}{ngi:nngiq/1nn}{nni:ngni/tn-loc-p-2s};{sivuliqti:sivuliqti/1n}{nginni:nginnik/tn-acc-p-4s};{sivuliqti:sivuliqti/1n}{nginni:nginnik/tn-acc-p-4p};{sivuliqti:sivuliqti/1n}{nginni:nginnit/tn-abl-p-4s};{sivuliqti:sivuliqti/1n}{nginni:nginnit/tn-abl-p-4p};{sivuliqti:sivuliqti/1n}{nginni:ngingnik/tn-acc-p-4d};{sivuliqti:sivuliqti/1n}{nginni:ngingnit/tn-abl-p-4d};{sivuliqti:sivuliqti/1n}{ngin:it/2nv}{ni:niq/2vn};{sivuliqti:sivuliqti/1n}{ngi:nngiq/1nn}{nni:mnik/tn-acc-s-1s};{sivuliqti:sivuliqti/1n}{ngi:nngiq/1nn}{nni:mnik/tn-acc-p-1s};{sivuliqti:sivuliqti/1n}{ngi:nngiq/1nn}{nni:mnit/tn-abl-s-1s};{sivuliqti:sivuliqti/1n}{ngi:nngiq/1nn}{nni:mnit/tn-abl-p-1s};{sivuliqti:sivuliqti/1n}{ngi:nngiq/1nn}{nni:ngnik/tn-acc-s-2s};{sivuliqti:sivuliqti/1n}{ngi:nngiq/1nn}{nni:ngnik/tn-acc-p-2s};{sivuliqti:sivuliqti/1n}{ngi:nngiq/1nn}{nni:ngnit/tn-abl-s-2s};{sivuliqti:sivuliqti/1n}{ngi:nngiq/1nn}{nni:ngnit/tn-abl-p-2s};{sivu:sivu/1n}{liq:liq/3nv}{ti:ji/1vn}{nginni:nginnik/tn-acc-p-4s};{sivu:sivu/1n}{liq:liq/2nv}{ti:ji/1vn}{nginni:nginnik/tn-acc-p-4s};{sivu:sivu/1n}{liq:liq/3nv}{ti:tiq/1vn}{nginni:nginnik/tn-acc-p-4s};{sivu:sivu/1n}{liq:liq/2nv}{ti:tiq/1vn}{nginni:nginnik/tn-acc-p-4s};{sivu:sivu/1n}{liq:liq/3nv}{ti:ji/1vn}{nginni:nginnik/tn-acc-p-4p};{sivu:sivu/1n}{liq:liq/2nv}{ti:ji/1vn}{nginni:nginnik/tn-acc-p-4p};{sivu:sivu/1n}{liq:liq/3nv}{ti:tiq/1vn}{nginni:nginnik/tn-acc-p-4p};{sivu:sivu/1n}{liq:liq/2nv}{ti:tiq/1vn}{nginni:nginnik/tn-acc-p-4p};{sivu:sivu/1n}{liq:liq/3nv}{ti:ji/1vn}{nginni:nginnit/tn-abl-p-4s};{sivu:sivu/1n}{liq:liq/2nv}{ti:ji/1vn}{nginni:nginnit/tn-abl-p-4s};{sivu:sivu/1n}{liq:liq/3nv}{ti:tiq/1vn}{nginni:nginnit/tn-abl-p-4s};{sivu:sivu/1n}{liq:liq/2nv}{ti:tiq/1vn}{nginni:nginnit/tn-abl-p-4s};{sivu:sivu/1n}{liq:liq/3nv}{ti:ji/1vn}{nginni:nginnit/tn-abl-p-4p};{sivu:sivu/1n}{liq:liq/2nv}{ti:ji/1vn}{nginni:nginnit/tn-abl-p-4p};{sivu:sivu/1n}{liq:liq/3nv}{ti:tiq/1vn}{nginni:nginnit/tn-abl-p-4p};{sivu:sivu/1n}{liq:liq/2nv}{ti:tiq/1vn}{nginni:nginnit/tn-abl-p-4p};{sivu:sivu/1n}{liq:liq/3nv}{ti:ji/1vn}{nginni:ngingnik/tn-acc-p-4d};{sivu:sivu/1n}{liq:liq/2nv}{ti:ji/1vn}{nginni:ngingnik/tn-acc-p-4d};{sivu:sivu/1n}{liq:liq/3nv}{ti:tiq/1vn}{nginni:ngingnik/tn-acc-p-4d};{sivu:sivu/1n}{liq:liq/2nv}{ti:tiq/1vn}{nginni:ngingnik/tn-acc-p-4d};{sivu:sivu/1n}{liq:liq/3nv}{ti:ji/1vn}{nginni:ngingnit/tn-abl-p-4d};{sivu:sivu/1n}{liq:liq/2nv}{ti:ji/1vn}{nginni:ngingnit/tn-abl-p-4d};{sivu:sivu/1n}{liq:liq/3nv}{ti:tiq/1vn}{nginni:ngingnit/tn-abl-p-4d};{sivu:sivu/1n}{liq:liq/2nv}{ti:tiq/1vn}{nginni:ngingnit/tn-abl-p-4d};{sivu:sivu/1n}{liq:liq/3nv}{ti:ji/1vn}{ngin:it/2nv}{ni:niq/2vn};{sivu:sivu/1n}{liq:liq/2nv}{ti:ji/1vn}{ngin:it/2nv}{ni:niq/2vn};{sivu:sivu/1n}{liq:liq/3nv}{ti:tiq/1vn}{ngin:it/2nv}{ni:niq/2vn};{sivu:sivu/1n}{liq:liq/2nv}{ti:tiq/1vn}{ngin:it/2nv}{ni:niq/2vn};{sivu:sivu/1n}{liq:liq/3nv}{ti:tit/1vv}{ngin:nngit/1vv}{ni:niq/2vn};{sivu:sivu/1n}{liq:liq/2nv}{ti:tit/1vv}{ngin:nngit/1vv}{ni:niq/2vn};{sivu:sivu/1n}{liq:liq/3nv}{ti:ji/1vn}{ngi:nngiq/1nn}{nni:mnik/tn-acc-s-1s};{sivu:sivu/1n}{liq:liq/2nv}{ti:ji/1vn}{ngi:nngiq/1nn}{nni:mnik/tn-acc-s-1s};{sivu:sivu/1n}{liq:liq/3nv}{ti:tiq/1vn}{ngi:nngiq/1nn}{nni:mnik/tn-acc-s-1s};{sivu:sivu/1n}{liq:liq/2nv}{ti:tiq/1vn}{ngi:nngiq/1nn}{nni:mnik/tn-acc-s-1s};{sivu:sivu/1n}{liq:liq/3nv}{ti:ji/1vn}{ngi:nngiq/1nn}{nni:mnik/tn-acc-p-1s};{sivu:sivu/1n}{liq:liq/2nv}{ti:ji/1vn}{ngi:nngiq/1nn}{nni:mnik/tn-acc-p-1s};{sivu:sivu/1n}{liq:liq/3nv}{ti:tiq/1vn}{ngi:nngiq/1nn}{nni:mnik/tn-acc-p-1s};{sivu:sivu/1n}{liq:liq/2nv}{ti:tiq/1vn}{ngi:nngiq/1nn}{nni:mnik/tn-acc-p-1s};{sivu:sivu/1n}{liq:liq/3nv}{ti:ji/1vn}{ngi:nngiq/1nn}{nni:mnit/tn-abl-s-1s};{sivu:sivu/1n}{liq:liq/2nv}{ti:ji/1vn}{ngi:nngiq/1nn}{nni:mnit/tn-abl-s-1s};{sivu:sivu/1n}{liq:liq/3nv}{ti:tiq/1vn}{ngi:nngiq/1nn}{nni:mnit/tn-abl-s-1s};{sivu:sivu/1n}{liq:liq/2nv}{ti:tiq/1vn}{ngi:nngiq/1nn}{nni:mnit/tn-abl-s-1s};{sivu:sivu/1n}{liq:liq/3nv}{ti:ji/1vn}{ngi:nngiq/1nn}{nni:mnit/tn-abl-p-1s};{sivu:sivu/1n}{liq:liq/2nv}{ti:ji/1vn}{ngi:nngiq/1nn}{nni:mnit/tn-abl-p-1s};{sivu:sivu/1n}{liq:liq/3nv}{ti:tiq/1vn}{ngi:nngiq/1nn}{nni:mnit/tn-abl-p-1s};{sivu:sivu/1n}{liq:liq/2nv}{ti:tiq/1vn}{ngi:nngiq/1nn}{nni:mnit/tn-abl-p-1s};{sivu:sivu/1n}{liq:liq/3nv}{ti:ji/1vn}{ngi:nngiq/1nn}{nni:ngnik/tn-acc-s-2s};{sivu:sivu/1n}{liq:liq/2nv}{ti:ji/1vn}{ngi:nngiq/1nn}{nni:ngnik/tn-acc-s-2s};{sivu:sivu/1n}{liq:liq/3nv}{ti:tiq/1vn}{ngi:nngiq/1nn}{nni:ngnik/tn-acc-s-2s};{sivu:sivu/1n}{liq:liq/2nv}{ti:tiq/1vn}{ngi:nngiq/1nn}{nni:ngnik/tn-acc-s-2s};{sivu:sivu/1n}{liq:liq/3nv}{ti:ji/1vn}{ngi:nngiq/1nn}{nni:ngnik/tn-acc-p-2s};{sivu:sivu/1n}{liq:liq/2nv}{ti:ji/1vn}{ngi:nngiq/1nn}{nni:ngnik/tn-acc-p-2s};{sivu:sivu/1n}{liq:liq/3nv}{ti:tiq/1vn}{ngi:nngiq/1nn}{nni:ngnik/tn-acc-p-2s};{sivu:sivu/1n}{liq:liq/2nv}{ti:tiq/1vn}{ngi:nngiq/1nn}{nni:ngnik/tn-acc-p-2s};{sivu:sivu/1n}{liq:liq/3nv}{ti:ji/1vn}{ngi:nngiq/1nn}{nni:ngnit/tn-abl-s-2s};{sivu:sivu/1n}{liq:liq/2nv}{ti:ji/1vn}{ngi:nngiq/1nn}{nni:ngnit/tn-abl-s-2s};{sivu:sivu/1n}{liq:liq/3nv}{ti:tiq/1vn}{ngi:nngiq/1nn}{nni:ngnit/tn-abl-s-2s};{sivu:sivu/1n}{liq:liq/2nv}{ti:tiq/1vn}{ngi:nngiq/1nn}{nni:ngnit/tn-abl-s-2s};{sivu:sivu/1n}{liq:liq/3nv}{ti:ji/1vn}{ngi:nngiq/1nn}{nni:ngnit/tn-abl-p-2s};{sivu:sivu/1n}{liq:liq/2nv}{ti:ji/1vn}{ngi:nngiq/1nn}{nni:ngnit/tn-abl-p-2s};{sivu:sivu/1n}{liq:liq/3nv}{ti:tiq/1vn}{ngi:nngiq/1nn}{nni:ngnit/tn-abl-p-2s};{sivu:sivu/1n}{liq:liq/2nv}{ti:tiq/1vn}{ngi:nngiq/1nn}{nni:ngnit/tn-abl-p-2s},False,False,False,False,False,
hansard,sivuliqtiup,{sivuliqti:sivuliqti/1n}{up:up/tn-gen-s},False,{sivuliqti:sivuliqti/1n}{up:up/tn-gen-s};{sivuliqti:sivuliqti/1n}{u:ut/2nn}{p:up/tn-gen-s};{sivu:sivu/1n}{liq:liq/3nv}{ti:ji/1vn}{up:up/tn-gen-s};{sivu:sivu/1n}{liq:liq/2nv}{ti:ji/1vn}{up:up/tn-gen-s};{sivu:sivu/1n}{liq:liq/3nv}{ti:tiq/1vn}{up:up/tn-gen-s};{sivu:sivu/1n}{liq:liq/2nv}{ti:tiq/1vn}{up:up/tn-gen-s};{sivu:sivu/1n}{liq:liq/3nv}{ti:ji/1vn}{u:ut/2nn}{p:up/tn-gen-s};{sivu:sivu/1n}{liq:liq/2nv}{ti:ji/1vn}{u:ut/2nn}{p:up/tn-gen-s};{sivu:sivu/1n}{liq:liq/3nv}{ti:tiq/1vn}{u:ut/2nn}{p:up/tn-gen-s};{sivu:sivu/1n}{liq:liq/2nv}{ti:tiq/1vn}{u:ut/2nn}{p:up/tn-gen-s};{sivu:sivu/1n}{liq:liq/3nv}{ti:tit/1vv}{u:ut/1vn}{p:up/tn-gen-s};{sivu:sivu/1n}{liq:liq/2nv}{ti:tit/1vv}{u:ut/1vn}{p:up/tn-gen-s},False,False,False,False,False,
hansard,sivuliuqti,{sivuliuqti:sivuliuqti/1n},False,{sivuliuqti:sivuliuqti/1n};{sivu:sivu/1n}{liuq:liuq/1nv}{ti:ji/1vn};{sivu:sivu/1n}{li:li/3nv}{uq:uq/3vv}{ti:ji/1vn};{sivu:sivu/1n}{li:lik/2nv}{uq:uq/3vv}{ti:ji/1vn};{sivu:sivu/1n}{li:lik/3nv}{uq:uq/3vv}{ti:ji/1vn};{sivu:sivu/1n}{li:liq/3nv}{uq:uq/3vv}{ti:ji/1vn};{sivu:sivu/1n}{li:liq/2nv}{uq:uq/3vv}{ti:ji/1vn};{sivu:sivu/1n}{liuq:liuq/1nv}{ti:tiq/1vn};{sivu:sivu/1n}{li:li/3nv}{uq:uq/3vv}{ti:tiq/1vn};{sivu:sivu/1n}{li:lik/2nv}{uq:uq/3vv}{ti:tiq/1vn};{sivu:sivu/1n}{li:lik/3nv}{uq:uq/3vv}{ti:tiq/1vn};{sivu:sivu/1n}{li:liq/3nv}{uq:uq/3vv}{ti:tiq/1vn};{sivu:sivu/1n}{li:liq/2nv}{uq:uq/3vv}{ti:tiq/1vn};{sivu:sivu/1n}{li:lik/1nn}{uq:ut/2nn}{ti:&iq/1nn};{sivu:sivu/1n}{li:li/3nv}{uq:ut/1vn}{ti:&iq/1nn};{sivu:sivu/1n}{li:lik/2nv}{uq:ut/1vn}{ti:&iq/1nn};{sivu:sivu/1n}{li:lik/3nv}{uq:ut/1vn}{ti:&iq/1nn};{sivu:sivu/1n}{li:liq/3nv}{uq:ut/1vn}{ti:&iq/1nn};{sivu:sivu/1n}{li:liq/2nv}{uq:ut/1vn}{ti:&iq/1nn};{sivu:sivu/1n}{li:liaq/2nv}{uq:ut/1vn}{ti:&iq/1nn},False,False,False,False,False,
hansard,sivuliuqtii,{sivuliuqti:sivuliuqti/1n}{i:k/tn-nom-d},False,{sivuliuqti:sivuliuqti/1n}{i:k/tn-nom-d};{sivuliuqti:sivuliuqti/1n}{i:k/tn-gen-d};{sivuliuqti:sivuliuqti/1n}{i:it/tn-nom-p};{sivuliuqti:sivuliuqti/1n}{i:it/tn-gen-p};{sivuliuqti:sivuliuqti/1n}{i:it/tn-nom-s-2s};{sivu:sivu/1n}{liuq:liuq/1nv}{ti:ji/1vn}{i:k/tn-nom-d};{sivu:sivu/1n}{liuq:liuq/1nv}{ti:tiq/1vn}{i:k/tn-nom-d};{sivu:sivu/1n}{liuq:liuq/1nv}{ti:ji/1vn}{i:k/tn-gen-d};{sivu:sivu/1n}{liuq:liuq/1nv}{ti:tiq/1vn}{i:k/tn-gen-d};{sivu:sivu/1n}{liuq:liuq/1nv}{ti:ji/1vn}{i:it/tn-nom-p};{sivu:sivu/1n}{liuq:liuq/1nv}{ti:tiq/1vn}{i:it/tn-nom-p};{sivu:sivu/1n}{liuq:liuq/1nv}{ti:ji/1vn}{i:it/tn-gen-p};{sivu:sivu/1n}{liuq:liuq/1nv}{ti:tiq/1vn}{i:it/tn-gen-p};{sivu:sivu/1n}{liuq:liuq/1nv}{ti:ji/1vn}{i:it/tn-nom-s-2s};{sivu:sivu/1n}{liuq:liuq/1nv}{ti:tiq/1vn}{i:it/tn-nom-s-2s};{sivu:sivu/1n}{li:li/3nv}{uq:uq/3vv}{ti:ji/1vn}{i:k/tn-nom-d};{sivu:sivu/1n}{li:lik/2nv}{uq:uq/3vv}{ti:ji/1vn}{i:k/tn-nom-d};{sivu:sivu/1n}{li:lik/3nv}{uq:uq/3vv}{ti:ji/1vn}{i:k/tn-nom-d};{sivu:sivu/1n}{li:liq/3nv}{uq:uq/3vv}{ti:ji/1vn}{i:k/tn-nom-d};{sivu:sivu/1n}{li:liq/2nv}{uq:uq/3vv}{ti:ji/1vn}{i:k/tn-nom-d};{sivu:sivu/1n}{li:li/3nv}{uq:uq/3vv}{ti:tiq/1vn}{i:k/tn-nom-d};{sivu:sivu/1n}{li:lik/2nv}{uq:uq/3vv}{ti:tiq/1vn}{i:k/tn-nom-d};{sivu:sivu/1n}{li:lik/3nv}{uq:uq/3vv}{ti:tiq/1vn}{i:k/tn-nom-d};{sivu:sivu/1n}{li:liq/3nv}{uq:uq/3vv}{ti:tiq/1vn}{i:k/tn-nom-d};{sivu:sivu/1n}{li:liq/2nv}{uq:uq/3vv}{ti:tiq/1vn}{i:k/tn-nom-d};{sivu:sivu/1n}{li:lik/1nn}{uq:ut/2nn}{ti:&iq/1nn}{i:k/tn-nom-d};{sivu:sivu/1n}{li:li/3nv}{uq:ut/1vn}{ti:&iq/1nn}{i:k/tn-nom-d};{sivu:sivu/1n}{li:lik/2nv}{uq:ut/1vn}{ti:&iq/1nn}{i:k/tn-nom-d};{sivu:sivu/1n}{li:lik/3nv}{uq:ut/1vn}{ti:&iq/1nn}{i:k/tn-nom-d};{sivu:sivu/1n}{li:liq/3nv}{uq:ut/1vn}{ti:&iq/1nn}{i:k/tn-nom-d};{sivu:sivu/1n}{li:liq/2nv}{uq:ut/1vn}{ti:&iq/1nn}{i:k/tn-nom-d};{sivu:sivu/1n}{li:liaq/2nv}{uq:ut/1vn}{ti:&iq/1nn}{i:k/tn-nom-d};{sivu:sivu/1n}{li:li/3nv}{uq:uq/3vv}{ti:ji/1vn}{i:k/tn-gen-d};{sivu:sivu/1n}{li:lik/2nv}{uq:uq/3vv}{ti:ji/1vn}{i:k/tn-gen-d};{sivu:sivu/1n}{li:lik/3nv}{uq:uq/3vv}{ti:ji/1vn}{i:k/tn-gen-d};{sivu:sivu/1n}{li:liq/3nv}{uq:uq/3vv}{ti:ji/1vn}{i:k/tn-gen-d};{sivu:sivu/1n}{li:liq/2nv}{uq:uq/3vv}{ti:ji/1vn}{i:k/tn-gen-d};{sivu:sivu/1n}{li:li/3nv}{uq:uq/3vv}{ti:tiq/1vn}{i:k/tn-gen-d};{sivu:sivu/1n}{li:lik/2nv}{uq:uq/3vv}{ti:tiq/1vn}{i:k/tn-gen-d};{sivu:sivu/1n}{li:lik/3nv}{uq:uq/3vv}{ti:tiq/1vn}{i:k/tn-gen-d};{sivu:sivu/1n}{li:liq/3nv}{uq:uq/3vv}{ti:tiq/1vn}{i:k/tn-gen-d};{sivu:sivu/1n}{li:liq/2nv}{uq:uq/3vv}{ti:tiq/1vn}{i:k/tn-gen-d};{sivu:sivu/1n}{li:lik/1nn}{uq:ut/2nn}{ti:&iq/1nn}{i:k/tn-gen-d};{sivu:sivu/1n}{li:li/3nv}{uq:ut/1vn}{ti:&iq/1nn}{i:k/tn-gen-d};{sivu:sivu/1n}{li:lik/2nv}{uq:ut/1vn}{ti:&iq/1nn}{i:k/tn-gen-d};{sivu:sivu/1n}{li:lik/3nv}{uq:ut/1vn}{ti:&iq/1nn}{i:k/tn-gen-d};{sivu:sivu/1n}{li:liq/3nv}{uq:ut/1vn}{ti:&iq/1nn}{i:k/tn-gen-d};{sivu:sivu/1n}{li:liq/2nv}{uq:ut/1vn}{ti:&iq/1nn}{i:k/tn-gen-d};{sivu:sivu/1n}{li:liaq/2nv}{uq:ut/1vn}{ti:&iq/1nn}{i:k/tn-gen-d};{sivu:sivu/1n}{li:li/3nv}{uq:uq/3vv}{ti:ji/1vn}{i:it/tn-nom-p};{sivu:sivu/1n}{li:lik/2nv}{uq:uq/3vv}{ti:ji/1vn}{i:it/tn-nom-p};{sivu:sivu/1n}{li:lik/3nv}{uq:uq/3vv}{ti:ji/1vn}{i:it/tn-nom-p};{sivu:sivu/1n}{li:liq/3nv}{uq:uq/3vv}{ti:ji/1vn}{i:it/tn-nom-p};{sivu:sivu/1n}{li:liq/2nv}{uq:uq/3vv}{ti:ji/1vn}{i:it/tn-nom-p};{sivu:sivu/1n}{li:li/3nv}{uq:uq/3vv}{ti:tiq/1vn}{i:it/tn-nom-p};{sivu:sivu/1n}{li:lik/2nv}{uq:uq/3vv}{ti:tiq/1vn}{i:it/tn-nom-p};{sivu:sivu/1n}{li:lik/3nv}{uq:uq/3vv}{ti:tiq/1vn}{i:it/tn-nom-p};{sivu:sivu/1n}{li:liq/3nv}{uq:uq/3vv}{ti:tiq/1vn}{i:it/tn-nom-p};{sivu:sivu/1n}{li:liq/2nv}{uq:uq/3vv}{ti:tiq/1vn}{i:it/tn-nom-p};{sivu:sivu/1n}{li:lik/1nn}{uq:ut/2nn}{ti:&iq/1nn}{i:it/tn-nom-p};{sivu:sivu/1n}{li:li/3nv}{uq:ut/1vn}{ti:&iq/1nn}{i:it/tn-nom-p};{sivu:sivu/1n}{li:lik/2nv}{uq:ut/1vn}{ti:&iq/1nn}{i:it/tn-nom-p};{sivu:sivu/1n}{li:lik/3nv}{uq:ut/1vn}{ti:&iq/1nn}{i:it/tn-nom-p};{sivu:sivu/1n}{li:liq/3nv}{uq:ut/1vn}{ti:&iq/1nn}{i:it/tn-nom-p};{sivu:sivu/1n}{li:liq/2nv}{uq:ut/1vn}{ti:&iq/1nn}{i:it/tn-nom-p};{sivu:sivu/1n}{li:liaq/2nv}{uq:ut/1vn}{ti:&iq/1nn}{i:it/tn-nom-p};{sivu:sivu/1n}{li:li/3nv}{uq:uq/3vv}{ti:ji/1vn}{i:it/tn-gen-p};{sivu:sivu/1n}{li:lik/2nv}{uq:uq/3vv}{ti:ji/1vn}{i:it/tn-gen-p};{sivu:sivu/1n}{li:lik/3nv}{uq:uq/3vv}{ti:ji/1vn}{i:it/tn-gen-p};{sivu:sivu/1n}{li:liq/3nv}{uq:uq/3vv}{ti:ji/1vn}{i:it/tn-gen-p};{sivu:sivu/1n}{li:liq/2nv}{uq:uq/3vv}{ti:ji/1vn}{i:it/tn-gen-p};{sivu:sivu/1n}{li:li/3nv}{uq:uq/3vv}{ti:tiq/1vn}{i:it/tn-gen-p};{sivu:sivu/1n}{li:lik/2nv}{uq:uq/3vv}{ti:tiq/1vn}{i:it/tn-gen-p};{sivu:sivu/1n}{li:lik/3nv}{uq:uq/3vv}{ti:tiq/1vn}{i:it/tn-gen-p};{sivu:sivu/1n}{li:liq/3nv}{uq:uq/3vv}{ti:tiq/1vn}{i:it/tn-gen-p};{sivu:sivu/1n}{li:liq/2nv}{uq:uq/3vv}{ti:tiq/1vn}{i:it/tn-gen-p};{sivu:sivu/1n}{li:lik/1nn}{uq:ut/2nn}{ti:&iq/1nn}{i:it/tn-gen-p};{sivu:sivu/1n}{li:li/3nv}{uq:ut/1vn}{ti:&iq/1nn}{i:it/tn-gen-p};{sivu:sivu/1n}{li:lik/2nv}{uq:ut/1vn}{ti:&iq/1nn}{i:it/tn-gen-p};{sivu:sivu/1n}{li:lik/3nv}{uq:ut/1vn}{ti:&iq/1nn}{i:it/tn-gen-p};{sivu:sivu/1n}{li:liq/3nv}{uq:ut/1vn}{ti:&iq/1nn}{i:it/tn-gen-p};{sivu:sivu/1n}{li:liq/2nv}{uq:ut/1vn}{ti:&iq/1nn}{i:it/tn-gen-p};{sivu:sivu/1n}{li:liaq/2nv}{uq:ut/1vn}{ti:&iq/1nn}{i:it/tn-gen-p};{sivu:sivu/1n}{li:li/3nv}{uq:uq/3vv}{ti:ji/1vn}{i:it/tn-nom-s-2s};{sivu:sivu/1n}{li:lik/2nv}{uq:uq/3vv}{ti:ji/1vn}{i:it/tn-nom-s-2s};{sivu:sivu/1n}{li:lik/3nv}{uq:uq/3vv}{ti:ji/1vn}{i:it/tn-nom-s-2s};{sivu:sivu/1n}{li:liq/3nv}{uq:uq/3vv}{ti:ji/1vn}{i:it/tn-nom-s-2s};{sivu:sivu/1n}{li:liq/2nv}{uq:uq/3vv}{ti:ji/1vn}{i:it/tn-nom-s-2s};{sivu:sivu/1n}{li:li/3nv}{uq:uq/3vv}{ti:tiq/1vn}{i:it/tn-nom-s-2s};{sivu:sivu/1n}{li:lik/2nv}{uq:uq/3vv}{ti:tiq/1vn}{i:it/tn-nom-s-2s};{sivu:sivu/1n}{li:lik/3nv}{uq:uq/3vv}{ti:tiq/1vn}{i:it/tn-nom-s-2s};{sivu:sivu/1n}{li:liq/3nv}{uq:uq/3vv}{ti:tiq/1vn}{i:it/tn-nom-s-2s};{sivu:sivu/1n}{li:liq/2nv}{uq:uq/3vv}{ti:tiq/1vn}{i:it/tn-nom-s-2s};{sivu:sivu/1n}{li:lik/1nn}{uq:ut/2nn}{ti:&iq/1nn}{i:it/tn-nom-s-2s};{sivu:sivu/1n}{li:li/3nv}{uq:ut/1vn}{ti:&iq/1nn}{i:it/tn-nom-s-2s};{sivu:sivu/1n}{li:lik/2nv}{uq:ut/1vn}{ti:&iq/1nn}{i:it/tn-nom-s-2s};{sivu:sivu/1n}{li:lik/3nv}{uq:ut/1vn}{ti:&iq/1nn}{i:it/tn-nom-s-2s};{sivu:sivu/1n}{li:liq/3nv}{uq:ut/1vn}{ti:&iq/1nn}{i:it/tn-nom-s-2s};{sivu:sivu/1n}{li:liq/2nv}{uq:ut/1vn}{ti:&iq/1nn}{i:it/tn-nom-s-2s};{sivu:sivu/1n}{li:liaq/2nv}{uq:ut/1vn}{ti:&iq/1nn}{i:it/tn-nom-s-2s},False,False,False,False,False,
hansard,sivulliqpaami,{sivu:sivu/1n}{lliq:&iq/1nn}{paa:paaq/1nn}{mi:mi/tn-loc-s},False,{sivu:sivu/1n}{lliq:&iq/1nn}{paa:paaq/1nn}{mi:mi/tn-loc-s};{sivu:sivu/1n}{lliq:&iq/1nn}{paa:paaq/1nn}{mi:mi/tn-gen-s-3s};{sivu:sivu/1n}{lliq:&iq/1nn}{paa:paaq/1nn}{mi:mi/tn-gen-p-3s};{sivu:sivu/1n}{lliq:&iq/1nn}{paa:paaq/1nn}{mi:ngmi/tn-gen-d-3s};{sivu:sivu/1n}{lliq:&iq/1nn}{paa:paaq/1nn}{mi:mik/tn-acc-s};{sivu:sivu/1n}{lliq:&iq/1nn}{paa:paaq/1nn}{mi:mik/tn-gen-s-3d};{sivu:sivu/1n}{lliq:&iq/1nn}{paa:paaq/1nn}{mi:mik/tn-gen-p-3d};{sivu:sivu/1n}{lliq:&iq/1nn}{paa:paaq/1nn}{mi:mik/tn-gen-s-3p};{sivu:sivu/1n}{lliq:&iq/1nn}{paa:paaq/1nn}{mi:mik/tn-gen-p-3p};{sivu:sivu/1n}{lliq:&iq/1nn}{paa:paaq/1nn}{mi:mit/tn-abl-s};{sivu:sivu/1n}{lliq:&iq/1nn}{paa:paaq/1nn}{mi:nmik/tn-gen-d-3d};{sivu:sivu/1n}{lliq:&iq/1nn}{paa:paaq/1nn}{mi:ngmik/tn-gen-d-3p},False,False,False,False,False,
hansard,sivulliqpaamik,{sivu:sivu/1n}{lliq:&iq/1nn}{paa:paaq/1nn}{mik:mik/tn-acc-s},False,{sivu:sivu/1n}{lliq:&iq/1nn}{paa:paaq/1nn}{mik:mik/tn-acc-s};{sivu:sivu/1n}{lliq:&iq/1nn}{paa:paaq/1nn}{mik:mik/tn-gen-s-3d};{sivu:sivu/1n}{lliq:&iq/1nn}{paa:paaq/1nn}{mik:mik/tn-gen-p-3d};{sivu:sivu/1n}{lliq:&iq/1nn}{paa:paaq/1nn}{mik:mik/tn-gen-s-3p};{sivu:sivu/1n}{lliq:&iq/1nn}{paa:paaq/1nn}{mik:mik/tn-gen-p-3p};{sivu:sivu/1n}{lliq:&iq/1nn}{paa:paaq/1nn}{mik:nmik/tn-gen-d-3d};{sivu:sivu/1n}{lliq:&iq/1nn}{paa:paaq/1nn}{mik:ngmik/tn-gen-d-3p},False,False,False,False,False,
hansard,sivulliqpaamit,{sivu:sivu/1n}{lliq:&iq/1nn}{paa:paaq/1nn}{mit:mit/tn-abl-s},False,{sivu:sivu/1n}{lliq:&iq/1nn}{paa:paaq/1nn}{mit:mit/tn-abl-s},False,False,False,False,False,
hansard,sivulliqpaaq,{sivu:sivu/1n}{lliq:&iq/1nn}{paaq:paaq/1nn},False,{sivu:sivu/1n}{lliq:&iq/1nn}{paaq:paaq/1nn},False,False,False,False,False,
hansard,sivullirmi,{sivu:sivu/1n}{llir:&iq/1nn}{mi:mi/tn-loc-s},False,{sivu:sivu/1n}{llir:&iq/1nn}{mi:mi/tn-loc-s};{sivu:sivu/1n}{llir:&iq/1nn}{mi:mi/tn-gen-s-3s};{sivu:sivu/1n}{llir:&iq/1nn}{mi:mi/tn-gen-p-3s};{sivu:sivu/1n}{llir:&iq/1nn}{mi:mik/tn-acc-s};{sivu:sivu/1n}{llir:&iq/1nn}{mi:mik/tn-gen-s-3d};{sivu:sivu/1n}{llir:&iq/1nn}{mi:mik/tn-gen-p-3d};{sivu:sivu/1n}{llir:&iq/1nn}{mi:mik/tn-gen-s-3p};{sivu:sivu/1n}{llir:&iq/1nn}{mi:mik/tn-gen-p-3p};{sivu:sivu/1n}{llir:&iq/1nn}{mi:mit/tn-abl-s},False,False,False,False,False,
hansard,sivullirmik,{sivu:sivu/1n}{llir:&iq/1nn}{mik:mik/tn-acc-s},False,{sivu:sivu/1n}{llir:&iq/1nn}{mik:mik/tn-acc-s};{sivu:sivu/1n}{llir:&iq/1nn}{mik:mik/tn-gen-s-3d};{sivu:sivu/1n}{llir:&iq/1nn}{mik:mik/tn-gen-p-3d};{sivu:sivu/1n}{llir:&iq/1nn}{mik:mik/tn-gen-s-3p};{sivu:sivu/1n}{llir:&iq/1nn}{mik:mik/tn-gen-p-3p},False,False,False,False,False,
hansard,sivuniagut,{sivuni:sivuni/1n}{agut:ngagut/tn-via-s-4s},False,{sivuni:sivuni/1n}{agut:ngagut/tn-via-s-4s},False,False,False,False,False,
hansard,sivuniani,{sivuni:sivuni/1n}{ani:ngani/tn-loc-s-4s},False,{sivuni:sivuni/1n}{ani:ngani/tn-loc-s-4s};{sivuni:sivuni/1n}{ani:nganik/tn-acc-s-4s};{sivuni:sivuni/1n}{ani:nganit/tn-abl-s-4s},False,False,False,False,False,
hansard,sivuniksami,{sivuni:sivuni/1n}{ksa:ksaq/1nn}{mi:mi/tn-loc-s},False,{sivuni:sivuni/1n}{ksa:ksaq/1nv}{mi:miik/1vn};{sivuni:sivuni/1n}{ksa:ksaq/1nn}{mi:mi/tn-loc-s};{sivuni:sivuni/1n}{ksa:ksaq/1nn}{mi:mi/tn-gen-s-3s};{sivuni:sivuni/1n}{ksa:ksaq/1nn}{mi:mi/tn-gen-p-3s};{sivuni:sivuni/1n}{ksa:ksaq/1nn}{mi:mik/tn-acc-s};{sivuni:sivuni/1n}{ksa:ksaq/1nn}{mi:mik/tn-gen-s-3d};{sivuni:sivuni/1n}{ksa:ksaq/1nn}{mi:mik/tn-gen-p-3d};{sivuni:sivuni/1n}{ksa:ksaq/1nn}{mi:mik/tn-gen-s-3p};{sivuni:sivuni/1n}{ksa:ksaq/1nn}{mi:mik/tn-gen-p-3p};{sivuni:sivuni/1n}{ksa:ksaq/1nn}{mi:mit/tn-abl-s},False,False,False,False,False,
hansard,sivuningani,{sivuni:sivuni/1n}{ngani:ngani/tn-loc-s-4s},False,{sivuni:sivuni/1n}{ngani:ngani/tn-loc-s-4s};{sivuni:sivuni/1n}{ngani:nganik/tn-acc-s-4s};{sivuni:sivuni/1n}{ngani:nganit/tn-abl-s-4s},False,False,False,False,False,
hansard,sivunittinni,{sivuni:sivuni/1n}{ttinni:ptingni/tn-loc-s-1d},False,{sivuni:sivuni/1n}{ttinni:ptingni/tn-loc-s-1d};{sivuni:sivuni/1n}{ttinni:ptingni/tn-loc-p-1d};{sivuni:sivuni/1n}{ttinni:ptingni/tn-loc-s-1p};{sivuni:sivuni/1n}{ttinni:ptingni/tn-loc-p-1p};{sivuni:sivuni/1n}{ttinni:psingni/tn-loc-s-2d};{sivuni:sivuni/1n}{ttinni:psingni/tn-loc-p-2d};{sivuni:sivuni/1n}{ttinni:ptingnik/tn-acc-s-1d};{sivuni:sivuni/1n}{ttinni:ptinnik/tn-acc-p-1d};{sivuni:sivuni/1n}{ttinni:ptingnik/tn-acc-s-1p};{sivuni:sivuni/1n}{ttinni:ptingnik/tn-acc-p-1p};{sivuni:sivuni/1n}{ttinni:psingnik/tn-acc-s-2d};{sivuni:sivuni/1n}{ttinni:psingnik/tn-acc-p-2d};{sivuni:sivuni/1n}{ttinni:ptingnit/tn-abl-s-1d};{sivuni:sivuni/1n}{ttinni:ptingnit/tn-abl-p-1d};{sivuni:sivuni/1n}{ttinni:ptingnit/tn-abl-s-1p};{sivuni:sivuni/1n}{ttinni:ptingnit/tn-abl-p-1p};{sivuni:sivuni/1n}{ttinni:psingnit/tn-abl-s-2d};{sivuni:sivuni/1n}{ttinni:psingnit/tn-abl-p-2d},False,False,False,False,False,
hansard,suli,{suli:suli/1a},False,{suli:suli/1a};{su:su/1p}{li:li/1q};{su:su/1v}{li:li/tv-imp-3s};{su:su/1p}{li:lik/1nn};{su:su/1v}{li:lik/tv-imp-3d};{su:su/1v}{li:lit/tv-imp-3p},False,False,False,False,False,
hansard,sulijuq,{suli:suli/1v}{juq:juq/1vn},False,{suli:suli/1a}{juq:juq/1vn};{suli:suli/1v}{juq:juq/1vn};{suli:suli/1v}{juq:juq/tv-ger-3s};{su:su/1p}{li:li/3nv}{juq:juq/1vn};{su:su/1v}{li:li/2vv}{juq:juq/1vn};{su:su/1p}{li:li/3nv}{juq:juq/tv-ger-3s};{su:su/1v}{li:li/2vv}{juq:juq/tv-ger-3s},False,False,False,False,False,
hansard,sulikkanniiq,{suli:suli/1a}{kkanniiq:kkanniq/1nn},False,,True,False,False,False,False,
hansard,sulikkanniq,{suli:suli/1a}{kkanniq:kkanniq/1nn},False,{suli:suli/1a}{kkanniq:kkanniq/1nn};{su:su/1p}{li:lik/1nn}{kkanniq:kkanniq/1nn},False,False,False,False,False,
hansard,summat,{su:su/1v}{mmat:mat/tv-caus-4s},False,{su:su/1v}{mmat:mat/tv-caus-4s};{su:su/1v}{m:t/1vv}{mat:mat/tv-caus-4s},False,False,False,False,False,
hansard,surlu,{surlu:suurlu/1a},False,,True,False,False,False,False,
hansard,surusiit,{surusi:surusiq/1n}{it:it/tn-nom-p},False,{surusi:surusiq/1n}{it:it/tn-nom-p};{surusi:surusiq/1n}{it:it/tn-gen-p};{surusi:surusiq/1n}{it:it/tn-nom-s-2s};{su:su/1p}{rusi:rusiq/2nn}{it:it/tn-nom-p};{su:su/1v}{rusi:rusiq/1vn}{it:it/tn-nom-p};{su:su/1p}{rusi:rusiq/2nn}{it:it/tn-gen-p};{su:su/1v}{rusi:rusiq/1vn}{it:it/tn-gen-p};{su:su/1p}{rusi:rusiq/2nn}{it:it/tn-nom-s-2s};{su:su/1v}{rusi:rusiq/1vn}{it:it/tn-nom-s-2s},False,False,False,False,False,
hansard,surusirnut,{surusir:surusiq/1n}{nut:nut/tn-dat-p},False,{surusir:surusiq/1n}{nut:nut/tn-dat-p};{surusir:surusiq/1n}{nut:ngnut/tn-dat-s-2s};{su:su/1p}{rusir:rusiq/2nn}{nut:nut/tn-dat-p};{su:su/1v}{rusir:rusiq/1vn}{nut:nut/tn-dat-p};{su:su/1p}{rusir:rusiq/2nn}{nut:ngnut/tn-dat-s-2s};{su:su/1v}{rusir:rusiq/1vn}{nut:ngnut/tn-dat-s-2s},False,False,False,False,False,
hansard,suuqaimma,{suuqaimma:suuqaimma/1e},False,{suuqaimma:suuqaimma/1e},False,False,False,False,False,
hansard,suurlu,{suurlu:suurlu/1a},False,{suurlu:suurlu/1a};{suur:suuq/1a}{lu:lu/1q};{su:su/1v}{ur:uq/3vv}{lu:luk/tv-imp-1d},False,False,False,False,False,
hansard,suusan,[decomposition:/suusan(suusan)/],False,,False,False,False,False,True,
hansard,taakkua,{taakkua:taakkua/pd-sc-p},False,{taakkua:taakkua/pd-sc-p},False,False,False,False,False,
hansard,taakkunani,{taakku:taakku/rpd-sc-p}{nani:nani/tpd-loc-p},False,{taakku:taakku/rpd-sc-p}{nani:nani/tpd-loc-p},False,False,False,False,False,
hansard,taakkunanngat,{taakku:taakku/rpd-sc-p}{nanngat:nanngat/tpd-abl-p},False,{taakku:taakku/rpd-sc-p}{nanngat:nanngat/tpd-abl-p},False,False,False,False,False,
hansard,taakkuninga,{taakku:taakku/rpd-sc-p}{ninga:ninga/tpd-acc-p},False,{taakku:taakku/rpd-sc-p}{ninga:ninga/tpd-acc-p};{taak:taak/1v}{kuninga:guninga/tv-cond-3s-1s};{taak:taak/1v}{kuninga:guninga/tv-cond-3d-1s};{taak:taak/1v}{kuninga:guninga/tv-cond-3p-1s},False,False,False,False,False,
hansard,taakkununga,{taakku:taakku/rpd-sc-p}{nunga:nunga/tpd-dat-p},False,{taakku:taakku/rpd-sc-p}{nunga:nunga/tpd-dat-p},False,False,False,False,False,
hansard,taaksumunga,taaksumunga taaksumunga {taaksu:taangna/rpd-ml-s}{munga:munga/tpd-dat-s},False,{taaksu:taaksu/rpd-ml-s}{munga:munga/tpd-dat-s},False,False,False,False,False,
hansard,taalait,{taala:taala/1n}{it:it/tn-nom-p},False,{taala:taala/1n}{it:it/tn-nom-p};{taala:taala/1n}{it:it/tn-gen-p};{taala:taala/1n}{it:it/tn-nom-s-2s},False,False,False,False,False,
hansard,taampsan,[decomposition:/taampsan(taampsan)/],False,,False,False,False,False,True,
hansard,taamsan,[decomposition:/taamsan(taamsan)/],False,,False,False,False,False,True,
hansard,taanna,{taanna:taamna/pd-sc-s},False,{taanna:taangna/pd-ml-s};{taanna:taamna/pd-sc-s};{taan:taak/1v}{na:naq/2vn};{taan:taak/1v}{na:nak/tv-part-2s};{taan:taak/1v}{na:nak/tv-part-1s-2s};{taan:taak/1v}{na:nak/tv-part-4s-2s};{taan:taak/1v}{na:nak/tv-part-1d-2s};{taan:taak/1v}{na:nak/tv-part-4d-2s};{taan:taak/1v}{na:nak/tv-part-1p-2s};{taan:taak/1v}{na:nak/tv-part-4p-2s},False,False,False,False,False,
hansard,taanut,,True,,False,False,False,False,True,Donald
hansard,taassuma,{taassu:taapsu/rpd-sc-s}{ma:ma/tpd-gen-s},False,{taassu:taapsu/rpd-sc-s}{ma:ma/tpd-gen-s};{taassu:taaksu/rpd-ml-s}{ma:ma/tpd-gen-s};{taas:taak/1v}{su:suq/1vv}{ma:mat/tv-caus-4s};{taa:taaq/1n}{ssu:qsuq/1nv}{ma:mat/tv-caus-4s},False,False,False,False,False,
hansard,taassuminga,{taassu:taapsu/rpd-sc-s}{minga:minga/tpd-acc-s},False,{taassu:taapsu/rpd-sc-s}{minga:minga/tpd-acc-s};{taassu:taaksu/rpd-ml-s}{minga:minga/tpd-acc-s};{taas:taak/1v}{su:suq/1vv}{mi:miik/1vn}{nga:nga/tn-nom-s-4s};{taa:taaq/1n}{ssu:qsuq/1nv}{mi:miik/1vn}{nga:nga/tn-nom-s-4s};{taas:taak/1v}{su:suq/1vv}{mi:miik/1vn}{nga:ngak/tn-nom-s-4d};{taa:taaq/1n}{ssu:qsuq/1nv}{mi:miik/1vn}{nga:ngak/tn-nom-s-4d};{taas:taak/1v}{su:suq/1vv}{mi:miik/1vn}{nga:ngat/tn-nom-s-4p};{taa:taaq/1n}{ssu:qsuq/1nv}{mi:miik/1vn}{nga:ngat/tn-nom-s-4p},False,False,False,False,False,
hansard,taassumunga,{taassu:taapsu/rpd-sc-s}{munga:munga/tpd-dat-s},False,{taassu:taapsu/rpd-sc-s}{munga:munga/tpd-dat-s};{taassu:taaksu/rpd-ml-s}{munga:munga/tpd-dat-s},False,False,False,False,False,
hansard,taatsuma,{taatsu:taapsu/rpd-sc-s}{ma:ma/tpd-gen-s},False,{taatsu:taapsu/rpd-sc-s}{ma:ma/tpd-gen-s};{taatsu:taaksu/rpd-ml-s}{ma:ma/tpd-gen-s};{taat:taak/1v}{su:juq/1vn}{ma:ma/tn-gen-s-1s};{taat:taak/1v}{su:suq/1vv}{ma:mat/tv-caus-4s};{taat:taak/1v}{su:tuq/1vv}{ma:mat/tv-caus-4s};{taa:taaq/1n}{tsu:qsuq/1nv}{ma:mat/tv-caus-4s};{taa:taaq/1n}{tsu:ttuq/1nv}{ma:mat/tv-caus-4s},False,False,False,False,False,
hansard,taatsuminga,{taatsu:taapsu/rpd-sc-s}{minga:minga/tpd-acc-s},False,{taatsu:taapsu/rpd-sc-s}{minga:minga/tpd-acc-s};{taatsu:taaksu/rpd-ml-s}{minga:minga/tpd-acc-s};{taat:taak/1v}{su:suq/1vv}{mi:miik/1vn}{nga:nga/tn-nom-s-4s};{taat:taak/1v}{su:tuq/1vv}{mi:miik/1vn}{nga:nga/tn-nom-s-4s};{taa:taaq/1n}{tsu:qsuq/1nv}{mi:miik/1vn}{nga:nga/tn-nom-s-4s};{taa:taaq/1n}{tsu:ttuq/1nv}{mi:miik/1vn}{nga:nga/tn-nom-s-4s};{taat:taak/1v}{su:suq/1vv}{mi:miik/1vn}{nga:ngak/tn-nom-s-4d};{taat:taak/1v}{su:tuq/1vv}{mi:miik/1vn}{nga:ngak/tn-nom-s-4d};{taa:taaq/1n}{tsu:qsuq/1nv}{mi:miik/1vn}{nga:ngak/tn-nom-s-4d};{taa:taaq/1n}{tsu:ttuq/1nv}{mi:miik/1vn}{nga:ngak/tn-nom-s-4d};{taat:taak/1v}{su:suq/1vv}{mi:miik/1vn}{nga:ngat/tn-nom-s-4p};{taat:taak/1v}{su:tuq/1vv}{mi:miik/1vn}{nga:ngat/tn-nom-s-4p};{taa:taaq/1n}{tsu:qsuq/1nv}{mi:miik/1vn}{nga:ngat/tn-nom-s-4p};{taa:taaq/1n}{tsu:ttuq/1nv}{mi:miik/1vn}{nga:ngat/tn-nom-s-4p},False,False,False,False,False,
hansard,tagvani,{tagv:tagv/rad-sc}{ani:ani/tad-loc},False,{tagv:tagv/rad-sc}{ani:ani/tad-loc},False,False,False,False,False,
hansard,taikani,{taik:taik/rad-sc}{ani:ani/tad-loc},False,{taik:taik/rad-sc}{ani:ani/tad-loc},False,False,False,False,False,
hansard,taikkua,{taikkua:taikkua/pd-sc-p},False,{taikkua:taikkua/pd-sc-p},False,False,False,False,False,
hansard,taikkuninga,{taikku:taikku/rpd-sc-p}{ninga:ninga/tpd-acc-p},False,{taikku:taikku/rpd-sc-p}{ninga:ninga/tpd-acc-p};{ta:taaq/1v}{ik:it/1vv}{kuninga:guninga/tv-cond-3s-1s};{ta:taaq/1v}{ik:it/1vv}{kuninga:guninga/tv-cond-3d-1s};{ta:taaq/1v}{ik:it/1vv}{kuninga:guninga/tv-cond-3p-1s};{tai:tai/1v}{k:t/1vv}{kuninga:guninga/tv-cond-3s-1s};{tai:tai/1v}{k:t/1vv}{kuninga:guninga/tv-cond-3d-1s};{tai:tai/1v}{k:t/1vv}{kuninga:guninga/tv-cond-3p-1s},False,False,False,False,False,
hansard,taikkununga,{taikku:taikku/rpd-sc-p}{nunga:nunga/tpd-dat-p},False,{taikku:taikku/rpd-sc-p}{nunga:nunga/tpd-dat-p},False,False,False,False,False,
hansard,taiksumani,{taiksu:taiksu/rpd-sc-s}{mani:mani/tpd-loc-s},False,{taiksu:taiksu/rpd-sc-s}{mani:mani/tpd-loc-s},False,False,False,False,False,
hansard,taikua,{taikua:taikkua/pd-sc-p},False,,True,False,False,False,False,
hansard,taikunga,{taik:taik/rad-sc}{unga:unga/tad-dat},False,{taik:taik/rad-sc}{unga:unga/tad-dat},False,False,False,False,False,
hansard,taima,{taima:taima/1a},False,{taima:taima/1a},False,False,False,False,False,
hansard,taimaak,{taimaak:taimaak/1a},False,{taimaak:taimaak/1a},False,False,False,False,False,
hansard,taimaimmat,{taimaim:taimait/1v}{mat:mat/tv-caus-4s},False,{taimaim:taimait/1v}{mat:mat/tv-caus-4s};{taima:taima/1a}{im:it/3nv}{mat:mat/tv-caus-4s},False,False,False,False,False,
hansard,taimainninganut,{taimain:taimait/1v}{ni:niq/2vn}{nganut:nganut/tn-dat-s-4s},False,{taimain:taimait/1v}{ni:niq/2vn}{nganut:nganut/tn-dat-s-4s};{taima:taima/1a}{in:it/3nv}{ni:niq/2vn}{nganut:nganut/tn-dat-s-4s},False,False,False,False,False,
hansard,taimaittumik,{taimait:taimait/1v}{tu:juq/1vn}{mik:mik/tn-acc-s},False,{taimait:taimait/1v}{tu:juq/1vn}{mik:mik/tn-acc-s};{taimait:taimait/1v}{tu:juq/1vn}{mik:mik/tn-gen-s-3d};{taimait:taimait/1v}{tu:juq/1vn}{mik:mik/tn-gen-p-3d};{taimait:taimait/1v}{tu:juq/1vn}{mik:mik/tn-gen-s-3p};{taimait:taimait/1v}{tu:juq/1vn}{mik:mik/tn-gen-p-3p};{taima:taima/1a}{it:it/3nv}{tu:juq/1vn}{mik:mik/tn-acc-s};{taima:taima/1a}{it:it/3nv}{tu:juq/1vn}{mik:mik/tn-gen-s-3d};{taima:taima/1a}{it:it/3nv}{tu:juq/1vn}{mik:mik/tn-gen-p-3d};{taima:taima/1a}{it:it/3nv}{tu:juq/1vn}{mik:mik/tn-gen-s-3p};{taima:taima/1a}{it:it/3nv}{tu:juq/1vn}{mik:mik/tn-gen-p-3p};{ta:taaq/1v}{i:it/1vv}{ma:ma/1vv}{it:iq/2vv}{tu:juq/1vn}{mik:mik/tn-acc-s};{ta:taaq/1v}{i:it/1vv}{ma:ma/1vv}{it:iq/2vv}{tu:juq/1vn}{mik:mik/tn-gen-s-3d};{ta:taaq/1v}{i:it/1vv}{ma:ma/1vv}{it:iq/2vv}{tu:juq/1vn}{mik:mik/tn-gen-p-3d};{ta:taaq/1v}{i:it/1vv}{ma:ma/1vv}{it:iq/2vv}{tu:juq/1vn}{mik:mik/tn-gen-s-3p};{ta:taaq/1v}{i:it/1vv}{ma:ma/1vv}{it:iq/2vv}{tu:juq/1vn}{mik:mik/tn-gen-p-3p};{tai:tai/1v}{ma:ma/1vv}{it:iq/2vv}{tu:juq/1vn}{mik:mik/tn-acc-s};{tai:tai/1v}{ma:ma/1vv}{it:iq/2vv}{tu:juq/1vn}{mik:mik/tn-gen-s-3d};{tai:tai/1v}{ma:ma/1vv}{it:iq/2vv}{tu:juq/1vn}{mik:mik/tn-gen-p-3d};{tai:tai/1v}{ma:ma/1vv}{it:iq/2vv}{tu:juq/1vn}{mik:mik/tn-gen-s-3p};{tai:tai/1v}{ma:ma/1vv}{it:iq/2vv}{tu:juq/1vn}{mik:mik/tn-gen-p-3p},False,False,False,False,False,
hansard,taimaittunik,{taimait:taimait/1v}{tu:juq/1vn}{nik:nik/tn-acc-p},False,{taimait:taimait/1v}{tu:juq/1vn}{nik:nik/tn-acc-p};{taimait:taimait/1v}{tu:juq/1vn}{nik:ngnik/tn-acc-s-2s};{taimait:taimait/1v}{tu:juq/1vn}{nik:ngnik/tn-acc-p-2s};{taimait:taimait/1v}{tu:juq/1vn}{nik:mnik/tn-acc-s-1s};{taimait:taimait/1v}{tu:juq/1vn}{nik:mnik/tn-acc-p-1s};{taima:taima/1a}{it:it/3nv}{tu:juq/1vn}{nik:nik/tn-acc-p};{taima:taima/1a}{it:it/3nv}{tu:juq/1vn}{nik:ngnik/tn-acc-s-2s};{taima:taima/1a}{it:it/3nv}{tu:juq/1vn}{nik:ngnik/tn-acc-p-2s};{taima:taima/1a}{it:it/3nv}{tu:juq/1vn}{nik:mnik/tn-acc-s-1s};{taima:taima/1a}{it:it/3nv}{tu:juq/1vn}{nik:mnik/tn-acc-p-1s};{ta:taaq/1v}{i:it/1vv}{ma:ma/1vv}{it:iq/2vv}{tu:juq/1vn}{nik:nik/tn-acc-p};{ta:taaq/1v}{i:it/1vv}{ma:ma/1vv}{it:iq/2vv}{tu:juq/1vn}{nik:ngnik/tn-acc-s-2s};{ta:taaq/1v}{i:it/1vv}{ma:ma/1vv}{it:iq/2vv}{tu:juq/1vn}{nik:ngnik/tn-acc-p-2s};{ta:taaq/1v}{i:it/1vv}{ma:ma/1vv}{it:iq/2vv}{tu:juq/1vn}{nik:mnik/tn-acc-s-1s};{ta:taaq/1v}{i:it/1vv}{ma:ma/1vv}{it:iq/2vv}{tu:juq/1vn}{nik:mnik/tn-acc-p-1s};{tai:tai/1v}{ma:ma/1vv}{it:iq/2vv}{tu:juq/1vn}{nik:nik/tn-acc-p};{tai:tai/1v}{ma:ma/1vv}{it:iq/2vv}{tu:juq/1vn}{nik:ngnik/tn-acc-s-2s};{tai:tai/1v}{ma:ma/1vv}{it:iq/2vv}{tu:juq/1vn}{nik:ngnik/tn-acc-p-2s};{tai:tai/1v}{ma:ma/1vv}{it:iq/2vv}{tu:juq/1vn}{nik:mnik/tn-acc-s-1s};{tai:tai/1v}{ma:ma/1vv}{it:iq/2vv}{tu:juq/1vn}{nik:mnik/tn-acc-p-1s},False,False,False,False,False,
hansard,taimak,{taimak:taimaak/1a},False,,True,False,False,False,False,
hansard,taimali,{taima:taima/1a}{li:li/1q},False,{taima:taima/1a}{li:li/1q};{ta:taaq/1v}{i:it/1vv}{ma:ma/1vv}{li:li/tv-imp-3s};{tai:tai/1v}{ma:ma/1vv}{li:li/tv-imp-3s};{taima:taima/1a}{li:lik/1nn};{ta:taaq/1v}{i:it/1vv}{ma:ma/1vv}{li:lik/tv-imp-3d};{ta:taaq/1v}{i:it/1vv}{ma:ma/1vv}{li:lit/tv-imp-3p};{tai:tai/1v}{ma:ma/1vv}{li:lik/tv-imp-3d};{tai:tai/1v}{ma:ma/1vv}{li:lit/tv-imp-3p},False,False,False,False,False,
hansard,taimaliqai,{taima:taima/1a}{li:li/1q}{qai:qai/1q},False,{taima:taima/1a}{li:li/1q}{qai:qai/1q};{taima:taima/1a}{li:lik/1nn}{qai:qai/1q};{ta:taaq/1v}{i:it/1vv}{ma:ma/1vv}{li:li/tv-imp-3s}{qai:qai/1q};{ta:taaq/1v}{i:it/1vv}{ma:ma/1vv}{li:lit/tv-imp-3p}{qai:qai/1q};{ta:taaq/1v}{i:it/1vv}{ma:ma/1vv}{li:lik/tv-imp-3d}{qai:qai/1q};{tai:tai/1v}{ma:ma/1vv}{li:li/tv-imp-3s}{qai:qai/1q};{tai:tai/1v}{ma:ma/1vv}{li:lit/tv-imp-3p}{qai:qai/1q};{tai:tai/1v}{ma:ma/1vv}{li:lik/tv-imp-3d}{qai:qai/1q},False,False,False,False,False,
hansard,taimanna,{taimanna:taimanna/1a},False,{taimanna:taimanna/1a};{taima:taima/1a}{nna:naq/2vn};{ta:taaq/1v}{i:it/1vv}{ma:ma/1vv}{nna:naq/2vn};{tai:tai/1v}{ma:ma/1vv}{nna:naq/2vn},False,False,False,False,False,
hansard,taimannak,{taimannak:taimanna/1a},False,,True,False,False,False,False,
hansard,taimannaummat,{taimanna:taimanna/1a}{u:u/1nv}{mmat:mat/tv-caus-4s},False,{taimanna:taimanna/1a}{u:u/1nv}{mmat:mat/tv-caus-4s};{taima:taima/1a}{nna:naq/2vn}{u:u/1nv}{mmat:mat/tv-caus-4s};{ta:taaq/1v}{i:it/1vv}{ma:ma/1vv}{nna:naq/2vn}{u:u/1nv}{mmat:mat/tv-caus-4s};{tai:tai/1v}{ma:ma/1vv}{nna:naq/2vn}{u:u/1nv}{mmat:mat/tv-caus-4s},False,False,False,False,False,
hansard,taimannganit,{taimanngat:taimanngat/1a}{nit:nit/tn-abl-p},False,,False,False,False,True,False,"taimannganit: 'since (then)', frequency: 203. Spalding and Schneider have 'taimanngat' (187 occurrences in the Hansard), an adverb. 'nit' could be the plural nominal ending, but I don't see why one would add a plural nominal ending to this adverb. Maybe there's an explanation: 'nit' means 'from', which is related to 'since'; and the adverb's final 't' could be related to the plural? Hence the @. If I could explain the link with the 'nit' ending, we could remove the correctDecompUnknown(). (2020-04, BF)"
hansard,taimanngat,{taimanngat:taimanngat/1a},False,{taimanngat:taimanngat/1a},False,False,False,False,False,
hansard,tainna,{tainna:taingna/pd-sc-s},False,{tainna:taingna/pd-sc-s};{tainna:taimna/pd-ml-s};{ta:taaq/1v}{in:it/1vv}{na:naq/2vn};{ta:taaq/1v}{in:it/1vv}{na:nak/tv-part-2s};{ta:taaq/1v}{in:it/1vv}{na:nak/tv-part-1s-2s};{ta:taaq/1v}{in:it/1vv}{na:nak/tv-part-4s-2s};{ta:taaq/1v}{in:it/1vv}{na:nak/tv-part-1d-2s};{ta:taaq/1v}{in:it/1vv}{na:nak/tv-part-4d-2s};{ta:taaq/1v}{in:it/1vv}{na:nak/tv-part-1p-2s};{ta:taaq/1v}{in:it/1vv}{na:nak/tv-part-4p-2s};{tai:tai/1v}{nna:naq/2vn};{tai:tai/1v}{n:t/1vv}{na:naq/2vn};{tai:tai/1v}{n:t/1vv}{na:nak/tv-part-2s};{tai:tai/1v}{n:t/1vv}{na:nak/tv-part-1s-2s};{tai:tai/1v}{n:t/1vv}{na:nak/tv-part-4s-2s};{tai:tai/1v}{n:t/1vv}{na:nak/tv-part-1d-2s};{tai:tai/1v}{n:t/1vv}{na:nak/tv-part-4d-2s};{tai:tai/1v}{n:t/1vv}{na:nak/tv-part-1p-2s};{tai:tai/1v}{n:t/1vv}{na:nak/tv-part-4p-2s},False,False,False,False,False,
hansard,taissumani,{taissu:taiksu/rpd-sc-s}{mani:mani/tpd-loc-s},False,{taissu:taipsu/rpd-ml-s}{mani:mani/tpd-loc-s};{taissu:taiksu/rpd-sc-s}{mani:mani/tpd-loc-s},False,False,False,False,False,
hansard,taitsumani,{taitsu:taiksu/rpd-sc-s}{mani:mani/tpd-loc-s},False,{taitsu:taipsu/rpd-ml-s}{mani:mani/tpd-loc-s};{taitsu:taiksu/rpd-sc-s}{mani:mani/tpd-loc-s};{ta:taaq/1v}{it:it/1vv}{suma:juma/1vv}{ni:niq/2vn};{tai:tai/1v}{t:t/1vv}{suma:juma/1vv}{ni:niq/2vn},False,False,False,False,False,
hansard,taiviti,,True,,False,False,False,False,True,David
hansard,takkua,{takkua:taakkua/pd-sc-p},False,,True,False,False,False,False,
hansard,tallimanut,{tallima:tallima/1n}{nut:nut/tn-dat-p},False,{tallima:tallima/1n}{nut:nut/tn-dat-p},False,False,False,False,False,
hansard,tamaani,{tama:tama/rad-ml}{ani:ani/tad-loc},False,{tama:tama/rad-ml}{ani:ani/tad-loc},False,False,False,False,False,
hansard,tamajja,{tamajja:tamajja/ad-ml},False,{tamajja:tamajja/ad-ml},False,False,False,False,False,
hansard,tamakkua,{tamakkua:tamakkua/pd-ml-p},False,{tamakkua:tamakkua/pd-ml-p},False,False,False,False,False,
hansard,tamakkunani,{tamakku:tamakku/rpd-ml-p}{nani:nani/tpd-loc-p},False,{tamakku:tamakku/rpd-ml-p}{nani:nani/tpd-loc-p},False,False,False,False,False,
hansard,tamakkunanngat,{tamakku:tamakku/rpd-ml-p}{nanngat:nanngat/tpd-abl-p},False,{tamakku:tamakku/rpd-ml-p}{nanngat:nanngat/tpd-abl-p},False,False,False,False,False,
hansard,tamakkuninga,{tamakku:tamakku/rpd-ml-p}{ninga:ninga/tpd-acc-p},False,{tamakku:tamakku/rpd-ml-p}{ninga:ninga/tpd-acc-p},False,False,False,False,False,
hansard,tamakkuninnga,{tamakku:tamakku/rpd-ml-p}{ninnga:ninga/tpd-acc-p},False,,True,False,False,False,False,
hansard,tamakkununga,{tamakku:tamakku/rpd-ml-p}{nunga:nunga/tpd-dat-p},False,{tamakku:tamakku/rpd-ml-p}{nunga:nunga/tpd-dat-p},False,False,False,False,False,
hansard,tamaksuminga,{tamaksu:tamaksu/rpd-ml-s}{minga:minga/tpd-acc-s},False,{tamaksu:tamaksu/rpd-ml-s}{minga:minga/tpd-acc-s},False,False,False,False,False,
hansard,tamaksumunga,{tamaksu:tamaksu/rpd-ml-s}{munga:munga/tpd-dat-s},False,{tamaksu:tamaksu/rpd-ml-s}{munga:munga/tpd-dat-s},False,False,False,False,False,
hansard,tamani,{tam:tama/rad-ml}{ani:ani/tad-loc},False,,True,False,False,False,False,Should be 'tamaani'
hansard,tamanna,{tamanna:tamanna/pd-ml-s},False,{tamanna:tamanna/pd-ml-s},False,False,False,False,False,
hansard,tamannali,{tamanna:tamanna/pd-ml-s}{li:li/1q},False,{tamanna:tamanna/pd-ml-s}{li:li/1q},False,False,False,False,False,
hansard,tamannalu,{tamanna:tamanna/pd-ml-s}{lu:lu/1q},False,{tamanna:tamanna/pd-ml-s}{lu:lu/1q},False,False,False,False,False,
hansard,tamarmik,{tamarmik:tamarmik/1p},False,{tamarmik:tamarmik/1p},False,False,False,False,False,
hansard,tamassuminga,{tamassu:tamaksu/rpd-ml-s}{minga:minga/tpd-acc-s},False,{tamassu:tamaksu/rpd-ml-s}{minga:minga/tpd-acc-s},False,False,False,False,False,
hansard,tamassumunga,{tamassu:tamaksu/rpd-ml-s}{munga:munga/tpd-dat-s},False,{tamassu:tamaksu/rpd-ml-s}{munga:munga/tpd-dat-s},False,False,False,False,False,
hansard,tamatuma,{tamatu:tamatu/rpd-ml-s}{ma:ma/tpd-gen-s},False,{tamatu:tamatu/rpd-ml-s}{ma:ma/tpd-gen-s},False,False,False,False,False,
hansard,tamatumani,{tamatu:tamatu/rpd-ml-s}{mani:mani/tpd-loc-s},False,{tamatu:tamatu/rpd-ml-s}{mani:mani/tpd-loc-s},False,False,False,False,False,
hansard,tamatuminga,{tamatu:tamatu/rpd-ml-s}{minga:minga/tpd-acc-s},False,{tamatu:tamatu/rpd-ml-s}{minga:minga/tpd-acc-s},False,False,False,False,False,
hansard,tamatuminnga,{tamatu:tamatu/rpd-ml-s}{minnga:minga/tpd-acc-s},False,,True,False,False,False,False,
hansard,tamatumunga,{tamatu:tamatu/rpd-ml-s}{munga:munga/tpd-dat-s},False,{tamatu:tamatu/rpd-ml-s}{munga:munga/tpd-dat-s},False,False,False,False,False,
hansard,tamatumunnga,{tamatu:tamatu/rpd-ml-s}{munnga:munga/tpd-dat-s},False,,True,False,False,False,False,
hansard,tamaunga,{tama:tama/rad-ml}{unga:unga/tad-dat},False,{tama:tama/rad-ml}{unga:unga/tad-dat},False,False,False,False,False,
hansard,tanna,{tanna:taamna/pd-sc-s},False,,True,False,False,False,False,Should be 'taanna'
hansard,taqqaani,{taqqa:taqqa/rad-sc}{ani:ani/tad-loc},False,{taqqa:taqqa/rad-sc}{ani:ani/tad-loc};{taqqa:taqqa/ad-sc}{a:aq/2nv}{ni:niq/2vn},False,False,False,False,False,
hansard,taqqakkununga,{taqqakku:taqqapku/rpd-mlsc-p}{nunga:nunga/tpd-dat-p},False,{taqqakku:taqqapku/rpd-mlsc-p}{nunga:nunga/tpd-dat-p},False,False,False,False,False,
hansard,taqqiit,{taqqi:taqqiq/1n}{it:it/tn-nom-p},False,{taqqi:taqqiq/1n}{it:it/tn-nom-p};{taqqi:taqqiq/1n}{it:it/tn-gen-p};{taqqi:taqqiq/1n}{it:it/tn-nom-s-2s},False,False,False,False,False,
hansard,tausan,{tausan:tausat/1n},False,{tausan:tausat/1n},False,False,False,False,False,
hansard,tavani,{tav:tagv/rad-sc}{ani:ani/tad-loc},False,,True,False,False,False,False,
hansard,tavva,{tavva:tagva/ad-sc},False,{tavva:tagva/ad-sc},False,False,False,False,False,
hansard,tavvani,{tavv:tagv/rad-sc}{ani:ani/tad-loc},False,{tavv:tagv/rad-sc}{ani:ani/tad-loc},False,False,False,False,False,
hansard,tavvanngat,{tavv:tagv/rad-sc}{anngat:anngat/tad-abl},False,{tavv:tagv/rad-sc}{anngat:anngat/tad-abl},False,False,False,False,False,
hansard,tavvunga,{tavv:tagv/rad-sc}{unga:unga/tad-dat},False,{tavv:tagv/rad-sc}{unga:unga/tad-dat},False,False,False,False,False,
hansard,tavvuuna,{tavv:tagv/rad-sc}{uuna:uuna/tad-via},False,{tavv:tagv/rad-sc}{uuna:uuna/tad-via},False,False,False,False,False,
hansard,tigusinirmut,{tigu:tigu/1v}{si:si/1vv}{nir:niq/2vn}{mut:mut/tn-dat-s},False,{tigu:tigu/1v}{si:si/1vv}{nir:niq/2vn}{mut:mut/tn-dat-s};{tigu:tigu/1v}{si:si/2vv}{nir:niq/2vn}{mut:mut/tn-dat-s},False,False,False,False,False,
hansard,tikirarjuaq,{tikirarjuaq:tikirarjuaq/1n},False,{tikirarjuaq:tikirarjuaq/1n},False,False,False,False,False,
hansard,tikittugu,{tikit:tikit/1v}{tugu:lugu/tv-part-1s-3s-prespas},False,{tikit:tikit/1v}{tugu:lugu/tv-part-1s-3s-prespas};{tikit:tikit/1v}{tugu:lugu/tv-part-2s-3s-prespas};{tikit:tikit/1v}{tugu:lugu/tv-part-4s-3s-prespas};{tikit:tikit/1v}{tugu:lugu/tv-part-1d-3s-prespas};{tikit:tikit/1v}{tugu:lugu/tv-part-2d-3s-prespas};{tikit:tikit/1v}{tugu:lugu/tv-part-4d-3s-prespas};{tikit:tikit/1v}{tugu:lugu/tv-part-1p-3s-prespas};{tikit:tikit/1v}{tugu:lugu/tv-part-2p-3s-prespas};{tikit:tikit/1v}{tugu:lugu/tv-part-4p-3s-prespas};{tikit:tikit/1v}{tugu:juguk/tv-ger-1d};{tikit:tikit/1v}{tugu:jugut/tv-ger-1p},False,False,False,False,False,
hansard,timimigut,{timi:timi/1n}{migut:migut/tn-via-s-3s},False,{timi:tima/1n}{migut:migut/tn-via-s-3s};{timi:timi/1n}{migut:migut/tn-via-s-3s},False,False,False,False,False,
hansard,timiujuq,{timi:timi/1n}{u:u/1nv}{juq:juq/1vn},False,{timiujuq:timiujuq/1n};{timi:tima/1n}{u:u/1nv}{juq:juq/1vn};{timi:timi/1n}{u:u/1nv}{juq:juq/1vn};{timi:tima/1n}{u:u/1nv}{juq:juq/tv-ger-3s};{timi:timi/1n}{u:u/1nv}{juq:juq/tv-ger-3s},False,False,False,False,False,
hansard,timiujut,{timi:timi/1n}{u:u/1nv}{jut:jut/tv-ger-3p},False,{timi:tima/1n}{u:u/1nv}{jut:jut/tv-ger-3p};{timi:timi/1n}{u:u/1nv}{jut:jut/tv-ger-3p},False,False,False,False,False,
hansard,titiqqak,,True,,False,False,False,True,False,"titiqqa...: the whole series of words starting with 'titiqqa...'. titiqqat: 'document', 'petition', 'letter' -- something that is written. I recently read that 'qqat' might be a plural form equivalent to 'rait' (raq + it). I've never known how to handle this before. I may have a solution now, but I need to study it further. Hence the correctDecompUnknown(). (2020-04, BF)"
hansard,titiqqakkut,,True,,False,False,False,True,False,See comment for 'titiqqak'
hansard,titiqqakkuvik,,True,,False,False,False,True,False,See comment for 'titiqqak'
hansard,titiqqamik,,True,,False,False,False,True,False,See comment for 'titiqqak'
hansard,titiqqanik,[decomposition:/titiqqa(titiqqaq)/nik(nik)/],False,,False,False,False,True,False,See comment for 'titiqqak'
hansard,titiqqanit,[decomposition:/titiqqa(titiqqaq)/nit(nit)/],False,,False,False,False,True,False,See comment for 'titiqqak'
hansard,titiqqaq,[decomposition:/titiqqaq(titiqqaq)/],False,,False,False,False,True,False,See comment for 'titiqqak'
hansard,titiqqat,[decomposition:/titiqqat(titiqqat)/],False,,False,False,False,True,False,See comment for 'titiqqak'
hansard,titiqqatigut,[decomposition:/titiqqa(titiqqaq)/tigut(tigut)/],False,,False,False,False,True,False,See comment for 'titiqqak'
hansard,titiraqsimajunik,{titi:titiq/1v}{raq:raq/1vv}{sima:sima/1vv}{ju:juq/1vn}{nik:nik/tn-acc-p},False,{titiraq:titiraq/1v}{sima:sima/1vv}{ju:juq/1vn}{nik:nik/tn-acc-p};{titiraq:titiraq/1v}{si:si/2vv}{ma:ma/1vv}{ju:juq/1vn}{nik:nik/tn-acc-p};{titiraq:titiraq/1v}{si:siq/1vv}{ma:ma/1vv}{ju:juq/1vn}{nik:nik/tn-acc-p};{titi:titiq/1v}{raq:raq/1vv}{sima:sima/1vv}{ju:juq/1vn}{nik:nik/tn-acc-p};{titi:titiq/1v}{raq:raq/1vv}{si:si/2vv}{ma:ma/1vv}{ju:juq/1vn}{nik:nik/tn-acc-p};{titi:titiq/1v}{raq:raq/1vv}{si:siq/1vv}{ma:ma/1vv}{ju:juq/1vn}{nik:nik/tn-acc-p},False,False,False,False,False,
hansard,titiraqsimajunut,{titi:titiq/1v}{raq:raq/1vv}{sima:sima/1vv}{ju:juq/1vn}{nut:nut/tn-dat-p},False,{titiraq:titiraq/1v}{sima:sima/1vv}{ju:juq/1vn}{nut:nut/tn-dat-p};{titiraq:titiraq/1v}{si:si/2vv}{ma:ma/1vv}{ju:juq/1vn}{nut:nut/tn-dat-p};{titiraq:titiraq/1v}{si:siq/1vv}{ma:ma/1vv}{ju:juq/1vn}{nut:nut/tn-dat-p};{titi:titiq/1v}{raq:raq/1vv}{sima:sima/1vv}{ju:juq/1vn}{nut:nut/tn-dat-p};{titi:titiq/1v}{raq:raq/1vv}{si:si/2vv}{ma:ma/1vv}{ju:juq/1vn}{nut:nut/tn-dat-p};{titi:titiq/1v}{raq:raq/1vv}{si:siq/1vv}{ma:ma/1vv}{ju:juq/1vn}{nut:nut/tn-dat-p},False,False,False,False,False,
hansard,titiraqsimajut,{titi:titiq/1v}{raq:raq/1vv}{sima:sima/1vv}{jut:jut/tv-ger-3p},False,{titiraq:titiraq/1v}{sima:sima/1vv}{jut:jut/tv-ger-3p};{titiraq:titiraq/1v}{si:si/2vv}{ma:ma/1vv}{jut:jut/tv-ger-3p};{titiraq:titiraq/1v}{si:siq/1vv}{ma:ma/1vv}{jut:jut/tv-ger-3p};{titi:titiq/1v}{raq:raq/1vv}{sima:sima/1vv}{jut:jut/tv-ger-3p};{titi:titiq/1v}{raq:raq/1vv}{si:si/2vv}{ma:ma/1vv}{jut:jut/tv-ger-3p};{titi:titiq/1v}{raq:raq/1vv}{si:siq/1vv}{ma:ma/1vv}{jut:jut/tv-ger-3p},False,False,False,False,False,
hansard,titiraqsimaningit,{titi:titiq/1v}{raq:raq/1vv}{sima:sima/1vv}{ni:niq/2vn}{ngit:ngit/tn-nom-p-4s},False,{titiraq:titiraq/1v}{sima:sima/1vv}{ni:niq/2vn}{ngit:ngit/tn-nom-p-4s};{titiraq:titiraq/1v}{sima:sima/1vv}{ni:niq/2vn}{ngit:ngik/tn-nom-p-4d};{titiraq:titiraq/1v}{sima:sima/1vv}{ni:niq/2vn}{ngit:ngit/tn-nom-p-4p};{titiraq:titiraq/1v}{si:si/2vv}{ma:ma/1vv}{ni:niq/2vn}{ngit:ngit/tn-nom-p-4s};{titiraq:titiraq/1v}{si:siq/1vv}{ma:ma/1vv}{ni:niq/2vn}{ngit:ngit/tn-nom-p-4s};{titiraq:titiraq/1v}{si:si/2vv}{ma:ma/1vv}{ni:niq/2vn}{ngit:ngik/tn-nom-p-4d};{titiraq:titiraq/1v}{si:siq/1vv}{ma:ma/1vv}{ni:niq/2vn}{ngit:ngik/tn-nom-p-4d};{titiraq:titiraq/1v}{si:si/2vv}{ma:ma/1vv}{ni:niq/2vn}{ngit:ngit/tn-nom-p-4p};{titiraq:titiraq/1v}{si:siq/1vv}{ma:ma/1vv}{ni:niq/2vn}{ngit:ngit/tn-nom-p-4p};{titi:titiq/1v}{raq:raq/1vv}{sima:sima/1vv}{ni:niq/2vn}{ngit:ngit/tn-nom-p-4s};{titi:titiq/1v}{raq:raq/1vv}{sima:sima/1vv}{ni:niq/2vn}{ngit:ngik/tn-nom-p-4d};{titi:titiq/1v}{raq:raq/1vv}{sima:sima/1vv}{ni:niq/2vn}{ngit:ngit/tn-nom-p-4p};{titi:titiq/1v}{raq:raq/1vv}{si:si/2vv}{ma:ma/1vv}{ni:niq/2vn}{ngit:ngit/tn-nom-p-4s};{titi:titiq/1v}{raq:raq/1vv}{si:siq/1vv}{ma:ma/1vv}{ni:niq/2vn}{ngit:ngit/tn-nom-p-4s};{titi:titiq/1v}{raq:raq/1vv}{si:si/2vv}{ma:ma/1vv}{ni:niq/2vn}{ngit:ngik/tn-nom-p-4d};{titi:titiq/1v}{raq:raq/1vv}{si:siq/1vv}{ma:ma/1vv}{ni:niq/2vn}{ngit:ngik/tn-nom-p-4d};{titi:titiq/1v}{raq:raq/1vv}{si:si/2vv}{ma:ma/1vv}{ni:niq/2vn}{ngit:ngit/tn-nom-p-4p};{titi:titiq/1v}{raq:raq/1vv}{si:siq/1vv}{ma:ma/1vv}{ni:niq/2vn}{ngit:ngit/tn-nom-p-4p},False,False,False,False,False,
hansard,titiraqti,{titi:titiq/1v}{raq:raq/1vv}{ti:ji/1vn},False,{titiraq:titiraq/1v}{ti:ji/1vn};{titi:titiq/1v}{raq:raq/1vv}{ti:ji/1vn};{titiraq:titiraq/1v}{ti:tiq/1vn};{titi:titiq/1v}{raqti:gassik/tv-caus-1s-2d};{titi:titiq/1v}{raqti:gassik/tv-caus-1d-2d};{titi:titiq/1v}{raqti:gassik/tv-caus-1p-2d};{titi:titiq/1v}{raq:raq/1vv}{ti:tiq/1vn},False,False,False,False,False,
hansard,titiraqtii,{titi:titiq/1v}{raq:raq/1vv}{ti:ji/1vn}{i:it/tn-nom-p},False,{titiraq:titiraq/1v}{ti:ji/1vn}{i:k/tn-nom-d};{titiraq:titiraq/1v}{ti:tiq/1vn}{i:k/tn-nom-d};{titiraq:titiraq/1v}{ti:ji/1vn}{i:k/tn-gen-d};{titiraq:titiraq/1v}{ti:tiq/1vn}{i:k/tn-gen-d};{titiraq:titiraq/1v}{ti:ji/1vn}{i:it/tn-nom-p};{titiraq:titiraq/1v}{ti:tiq/1vn}{i:it/tn-nom-p};{titiraq:titiraq/1v}{ti:ji/1vn}{i:it/tn-gen-p};{titiraq:titiraq/1v}{ti:tiq/1vn}{i:it/tn-gen-p};{titiraq:titiraq/1v}{ti:ji/1vn}{i:it/tn-nom-s-2s};{titiraq:titiraq/1v}{ti:tiq/1vn}{i:it/tn-nom-s-2s};{titi:titiq/1v}{raq:raq/1vv}{ti:ji/1vn}{i:k/tn-nom-d};{titi:titiq/1v}{raq:raq/1vv}{ti:tiq/1vn}{i:k/tn-nom-d};{titi:titiq/1v}{raq:raq/1vv}{ti:ji/1vn}{i:k/tn-gen-d};{titi:titiq/1v}{raq:raq/1vv}{ti:tiq/1vn}{i:k/tn-gen-d};{titi:titiq/1v}{raq:raq/1vv}{ti:ji/1vn}{i:it/tn-nom-p};{titi:titiq/1v}{raq:raq/1vv}{ti:tiq/1vn}{i:it/tn-nom-p};{titi:titiq/1v}{raq:raq/1vv}{ti:ji/1vn}{i:it/tn-gen-p};{titi:titiq/1v}{raq:raq/1vv}{ti:tiq/1vn}{i:it/tn-gen-p};{titi:titiq/1v}{raq:raq/1vv}{ti:ji/1vn}{i:it/tn-nom-s-2s};{titi:titiq/1v}{raq:raq/1vv}{ti:tiq/1vn}{i:it/tn-nom-s-2s},False,False,False,False,False,
hansard,tukiliuqtausimajuq,{tuki:tuki/1n}{liuq:liuq/1nv}{ta:jaq/1vn}{u:u/1nv}{sima:sima/1vv}{juq:juq/1vn},False,{tuki:tukiq/2v}{li:li/2vv}{uq:uq/3vv}{ta:jaq/1vn}{u:u/1nv}{sima:sima/1vv}{juq:juq/1vn};{tuki:tukiq/1v}{li:li/2vv}{uq:uq/3vv}{ta:jaq/1vn}{u:u/1nv}{sima:sima/1vv}{juq:juq/1vn};{tuki:tukiq/2v}{li:liq/1vv}{uq:uq/3vv}{ta:jaq/1vn}{u:u/1nv}{sima:sima/1vv}{juq:juq/1vn};{tuki:tukiq/1v}{li:liq/1vv}{uq:uq/3vv}{ta:jaq/1vn}{u:u/1nv}{sima:sima/1vv}{juq:juq/1vn};{tuki:tukiq/2v}{li:li/2vv}{uq:ut/1vn}{ta:taq/2nv}{u:uq/3vv}{sima:sima/1vv}{juq:juq/1vn};{tuki:tukiq/1v}{li:li/2vv}{uq:ut/1vn}{ta:taq/2nv}{u:uq/3vv}{sima:sima/1vv}{juq:juq/1vn};{tuki:tukiq/2v}{li:liq/1vv}{uq:ut/1vn}{ta:taq/2nv}{u:uq/3vv}{sima:sima/1vv}{juq:juq/1vn};{tuki:tukiq/1v}{li:liq/1vv}{uq:ut/1vn}{ta:taq/2nv}{u:uq/3vv}{sima:sima/1vv}{juq:juq/1vn};{tuki:tukiq/2v}{li:li/2vv}{uq:uq/3vv}{ta:taq/1vv}{u:uq/3vv}{sima:sima/1vv}{juq:juq/1vn};{tuki:tukiq/1v}{li:li/2vv}{uq:uq/3vv}{ta:taq/1vv}{u:uq/3vv}{sima:sima/1vv}{juq:juq/1vn};{tuki:tukiq/2v}{li:liq/1vv}{uq:uq/3vv}{ta:taq/1vv}{u:uq/3vv}{sima:sima/1vv}{juq:juq/1vn};{tuki:tukiq/1v}{li:liq/1vv}{uq:uq/3vv}{ta:taq/1vv}{u:uq/3vv}{sima:sima/1vv}{juq:juq/1vn};{tuki:tukiq/2v}{li:li/2vv}{uq:uq/3vv}{ta:jaq/1vn}{u:u/1nv}{sima:sima/1vv}{juq:juq/tv-ger-3s};{tuki:tukiq/1v}{li:li/2vv}{uq:uq/3vv}{ta:jaq/1vn}{u:u/1nv}{sima:sima/1vv}{juq:juq/tv-ger-3s};{tuki:tukiq/2v}{li:liq/1vv}{uq:uq/3vv}{ta:jaq/1vn}{u:u/1nv}{sima:sima/1vv}{juq:juq/tv-ger-3s};{tuki:tukiq/1v}{li:liq/1vv}{uq:uq/3vv}{ta:jaq/1vn}{u:u/1nv}{sima:sima/1vv}{juq:juq/tv-ger-3s};{tuki:tukiq/2v}{li:li/2vv}{uq:ut/1vn}{ta:taq/2nv}{u:uq/3vv}{sima:sima/1vv}{juq:juq/tv-ger-3s};{tuki:tukiq/1v}{li:li/2vv}{uq:ut/1vn}{ta:taq/2nv}{u:uq/3vv}{sima:sima/1vv}{juq:juq/tv-ger-3s};{tuki:tukiq/2v}{li:liq/1vv}{uq:ut/1vn}{ta:taq/2nv}{u:uq/3vv}{sima:sima/1vv}{juq:juq/tv-ger-3s};{tuki:tukiq/1v}{li:liq/1vv}{uq:ut/1vn}{ta:taq/2nv}{u:uq/3vv}{sima:sima/1vv}{juq:juq/tv-ger-3s};{tuki:tukiq/2v}{li:li/2vv}{uq:uq/3vv}{ta:taq/1vv}{u:uq/3vv}{sima:sima/1vv}{juq:juq/tv-ger-3s};{tuki:tukiq/1v}{li:li/2vv}{uq:uq/3vv}{ta:taq/1vv}{u:uq/3vv}{sima:sima/1vv}{juq:juq/tv-ger-3s};{tuki:tukiq/2v}{li:liq/1vv}{uq:uq/3vv}{ta:taq/1vv}{u:uq/3vv}{sima:sima/1vv}{juq:juq/tv-ger-3s};{tuki:tukiq/1v}{li:liq/1vv}{uq:uq/3vv}{ta:taq/1vv}{u:uq/3vv}{sima:sima/1vv}{juq:juq/tv-ger-3s};{tuki:tukiq/2v}{li:li/2vv}{uq:uq/3vv}{ta:jaq/1vn}{u:ut/2nn}{si:si/4nv}{ma:ma/1vv}{juq:juq/1vn};{tuki:tukiq/1v}{li:li/2vv}{uq:uq/3vv}{ta:jaq/1vn}{u:ut/2nn}{si:si/4nv}{ma:ma/1vv}{juq:juq/1vn};{tuki:tukiq/2v}{li:liq/1vv}{uq:uq/3vv}{ta:jaq/1vn}{u:ut/2nn}{si:si/4nv}{ma:ma/1vv}{juq:juq/1vn};{tuki:tukiq/1v}{li:liq/1vv}{uq:uq/3vv}{ta:jaq/1vn}{u:ut/2nn}{si:si/4nv}{ma:ma/1vv}{juq:juq/1vn};{tuki:tukiq/2v}{li:li/2vv}{uq:ut/1vn}{ta:taq/2nv}{u:ut/1vn}{si:si/4nv}{ma:ma/1vv}{juq:juq/1vn};{tuki:tukiq/1v}{li:li/2vv}{uq:ut/1vn}{ta:taq/2nv}{u:ut/1vn}{si:si/4nv}{ma:ma/1vv}{juq:juq/1vn};{tuki:tukiq/2v}{li:liq/1vv}{uq:ut/1vn}{ta:taq/2nv}{u:ut/1vn}{si:si/4nv}{ma:ma/1vv}{juq:juq/1vn};{tuki:tukiq/1v}{li:liq/1vv}{uq:ut/1vn}{ta:taq/2nv}{u:ut/1vn}{si:si/4nv}{ma:ma/1vv}{juq:juq/1vn};{tuki:tukiq/2v}{li:li/2vv}{uq:uq/3vv}{ta:taq/1vv}{u:ut/1vn}{si:si/4nv}{ma:ma/1vv}{juq:juq/1vn};{tuki:tukiq/1v}{li:li/2vv}{uq:uq/3vv}{ta:taq/1vv}{u:ut/1vn}{si:si/4nv}{ma:ma/1vv}{juq:juq/1vn};{tuki:tukiq/2v}{li:liq/1vv}{uq:uq/3vv}{ta:taq/1vv}{u:ut/1vn}{si:si/4nv}{ma:ma/1vv}{juq:juq/1vn};{tuki:tukiq/1v}{li:liq/1vv}{uq:uq/3vv}{ta:taq/1vv}{u:ut/1vn}{si:si/4nv}{ma:ma/1vv}{juq:juq/1vn};{tuki:tukiq/2v}{li:li/2vv}{uq:ut/1vn}{ta:taaq/1nv}{u:ut/1vn}{si:si/4nv}{ma:ma/1vv}{juq:juq/1vn};{tuki:tukiq/1v}{li:li/2vv}{uq:ut/1vn}{ta:taaq/1nv}{u:ut/1vn}{si:si/4nv}{ma:ma/1vv}{juq:juq/1vn};{tuki:tukiq/2v}{li:liq/1vv}{uq:ut/1vn}{ta:taaq/1nv}{u:ut/1vn}{si:si/4nv}{ma:ma/1vv}{juq:juq/1vn};{tuki:tukiq/1v}{li:liq/1vv}{uq:ut/1vn}{ta:taaq/1nv}{u:ut/1vn}{si:si/4nv}{ma:ma/1vv}{juq:juq/1vn};{tuki:tukiq/2v}{li:li/2vv}{uq:uq/3vv}{ta:jaq/1vn}{u:u/1nv}{si:si/2vv}{ma:ma/1vv}{juq:juq/1vn};{tuki:tukiq/1v}{li:li/2vv}{uq:uq/3vv}{ta:jaq/1vn}{u:u/1nv}{si:si/2vv}{ma:ma/1vv}{juq:juq/1vn};{tuki:tukiq/2v}{li:liq/1vv}{uq:uq/3vv}{ta:jaq/1vn}{u:u/1nv}{si:si/2vv}{ma:ma/1vv}{juq:juq/1vn};{tuki:tukiq/1v}{li:liq/1vv}{uq:uq/3vv}{ta:jaq/1vn}{u:u/1nv}{si:si/2vv}{ma:ma/1vv}{juq:juq/1vn};{tuki:tukiq/2v}{li:li/2vv}{uq:ut/1vn}{ta:taq/2nv}{u:uq/3vv}{si:si/2vv}{ma:ma/1vv}{juq:juq/1vn};{tuki:tukiq/1v}{li:li/2vv}{uq:ut/1vn}{ta:taq/2nv}{u:uq/3vv}{si:si/2vv}{ma:ma/1vv}{juq:juq/1vn};{tuki:tukiq/2v}{li:liq/1vv}{uq:ut/1vn}{ta:taq/2nv}{u:uq/3vv}{si:si/2vv}{ma:ma/1vv}{juq:juq/1vn};{tuki:tukiq/1v}{li:liq/1vv}{uq:ut/1vn}{ta:taq/2nv}{u:uq/3vv}{si:si/2vv}{ma:ma/1vv}{juq:juq/1vn};{tuki:tukiq/2v}{li:li/2vv}{uq:uq/3vv}{ta:taq/1vv}{u:uq/3vv}{si:si/2vv}{ma:ma/1vv}{juq:juq/1vn};{tuki:tukiq/1v}{li:li/2vv}{uq:uq/3vv}{ta:taq/1vv}{u:uq/3vv}{si:si/2vv}{ma:ma/1vv}{juq:juq/1vn};{tuki:tukiq/2v}{li:liq/1vv}{uq:uq/3vv}{ta:taq/1vv}{u:uq/3vv}{si:si/2vv}{ma:ma/1vv}{juq:juq/1vn};{tuki:tukiq/1v}{li:liq/1vv}{uq:uq/3vv}{ta:taq/1vv}{u:uq/3vv}{si:si/2vv}{ma:ma/1vv}{juq:juq/1vn};{tuki:tukiq/2v}{li:li/2vv}{uq:uq/3vv}{ta:jaq/1vn}{u:ut/2nn}{si:liq/2nv}{ma:ma/1vv}{juq:juq/1vn};{tuki:tukiq/1v}{li:li/2vv}{uq:uq/3vv}{ta:jaq/1vn}{u:ut/2nn}{si:liq/2nv}{ma:ma/1vv}{juq:juq/1vn};{tuki:tukiq/2v}{li:liq/1vv}{uq:uq/3vv}{ta:jaq/1vn}{u:ut/2nn}{si:liq/2nv}{ma:ma/1vv}{juq:juq/1vn};{tuki:tukiq/1v}{li:liq/1vv}{uq:uq/3vv}{ta:jaq/1vn}{u:ut/2nn}{si:liq/2nv}{ma:ma/1vv}{juq:juq/1vn};{tuki:tukiq/2v}{li:li/2vv}{uq:ut/1vn}{ta:taq/2nv}{u:ut/1vn}{si:liq/2nv}{ma:ma/1vv}{juq:juq/1vn};{tuki:tukiq/1v}{li:li/2vv}{uq:ut/1vn}{ta:taq/2nv}{u:ut/1vn}{si:liq/2nv}{ma:ma/1vv}{juq:juq/1vn};{tuki:tukiq/2v}{li:liq/1vv}{uq:ut/1vn}{ta:taq/2nv}{u:ut/1vn}{si:liq/2nv}{ma:ma/1vv}{juq:juq/1vn};{tuki:tukiq/1v}{li:liq/1vv}{uq:ut/1vn}{ta:taq/2nv}{u:ut/1vn}{si:liq/2nv}{ma:ma/1vv}{juq:juq/1vn};{tuki:tukiq/2v}{li:li/2vv}{uq:uq/3vv}{ta:taq/1vv}{u:ut/1vn}{si:liq/2nv}{ma:ma/1vv}{juq:juq/1vn};{tuki:tukiq/1v}{li:li/2vv}{uq:uq/3vv}{ta:taq/1vv}{u:ut/1vn}{si:liq/2nv}{ma:ma/1vv}{juq:juq/1vn};{tuki:tukiq/2v}{li:liq/1vv}{uq:uq/3vv}{ta:taq/1vv}{u:ut/1vn}{si:liq/2nv}{ma:ma/1vv}{juq:juq/1vn};{tuki:tukiq/1v}{li:liq/1vv}{uq:uq/3vv}{ta:taq/1vv}{u:ut/1vn}{si:liq/2nv}{ma:ma/1vv}{juq:juq/1vn};{tuki:tukiq/2v}{li:li/2vv}{uq:ut/1vn}{ta:taaq/1nv}{u:ut/1vn}{si:liq/2nv}{ma:ma/1vv}{juq:juq/1vn};{tuki:tukiq/1v}{li:li/2vv}{uq:ut/1vn}{ta:taaq/1nv}{u:ut/1vn}{si:liq/2nv}{ma:ma/1vv}{juq:juq/1vn};{tuki:tukiq/2v}{li:liq/1vv}{uq:ut/1vn}{ta:taaq/1nv}{u:ut/1vn}{si:liq/2nv}{ma:ma/1vv}{juq:juq/1vn};{tuki:tukiq/1v}{li:liq/1vv}{uq:ut/1vn}{ta:taaq/1nv}{u:ut/1vn}{si:liq/2nv}{ma:ma/1vv}{juq:juq/1vn};{tuki:tukiq/2v}{li:li/2vv}{uq:uq/3vv}{ta:jaq/1vn}{u:u/1nv}{si:siq/1vv}{ma:ma/1vv}{juq:juq/1vn};{tuki:tukiq/1v}{li:li/2vv}{uq:uq/3vv}{ta:jaq/1vn}{u:u/1nv}{si:siq/1vv}{ma:ma/1vv}{juq:juq/1vn};{tuki:tukiq/2v}{li:liq/1vv}{uq:uq/3vv}{ta:jaq/1vn}{u:u/1nv}{si:siq/1vv}{ma:ma/1vv}{juq:juq/1vn};{tuki:tukiq/1v}{li:liq/1vv}{uq:uq/3vv}{ta:jaq/1vn}{u:u/1nv}{si:siq/1vv}{ma:ma/1vv}{juq:juq/1vn};{tuki:tukiq/2v}{li:li/2vv}{uq:ut/1vn}{ta:taq/2nv}{u:uq/3vv}{si:siq/1vv}{ma:ma/1vv}{juq:juq/1vn};{tuki:tukiq/1v}{li:li/2vv}{uq:ut/1vn}{ta:taq/2nv}{u:uq/3vv}{si:siq/1vv}{ma:ma/1vv}{juq:juq/1vn};{tuki:tukiq/2v}{li:liq/1vv}{uq:ut/1vn}{ta:taq/2nv}{u:uq/3vv}{si:siq/1vv}{ma:ma/1vv}{juq:juq/1vn};{tuki:tukiq/1v}{li:liq/1vv}{uq:ut/1vn}{ta:taq/2nv}{u:uq/3vv}{si:siq/1vv}{ma:ma/1vv}{juq:juq/1vn};{tuki:tukiq/2v}{li:li/2vv}{uq:uq/3vv}{ta:taq/1vv}{u:uq/3vv}{si:siq/1vv}{ma:ma/1vv}{juq:juq/1vn};{tuki:tukiq/1v}{li:li/2vv}{uq:uq/3vv}{ta:taq/1vv}{u:uq/3vv}{si:siq/1vv}{ma:ma/1vv}{juq:juq/1vn};{tuki:tukiq/2v}{li:liq/1vv}{uq:uq/3vv}{ta:taq/1vv}{u:uq/3vv}{si:siq/1vv}{ma:ma/1vv}{juq:juq/1vn};{tuki:tukiq/1v}{li:liq/1vv}{uq:uq/3vv}{ta:taq/1vv}{u:uq/3vv}{si:siq/1vv}{ma:ma/1vv}{juq:juq/1vn};{tuki:tukiq/2v}{li:li/2vv}{uq:uq/3vv}{ta:jaq/1vn}{u:ut/2nn}{si:si/4nv}{ma:ma/1vv}{juq:juq/tv-ger-3s};{tuki:tukiq/1v}{li:li/2vv}{uq:uq/3vv}{ta:jaq/1vn}{u:ut/2nn}{si:si/4nv}{ma:ma/1vv}{juq:juq/tv-ger-3s};{tuki:tukiq/2v}{li:liq/1vv}{uq:uq/3vv}{ta:jaq/1vn}{u:ut/2nn}{si:si/4nv}{ma:ma/1vv}{juq:juq/tv-ger-3s};{tuki:tukiq/1v}{li:liq/1vv}{uq:uq/3vv}{ta:jaq/1vn}{u:ut/2nn}{si:si/4nv}{ma:ma/1vv}{juq:juq/tv-ger-3s};{tuki:tukiq/2v}{li:li/2vv}{uq:ut/1vn}{ta:taq/2nv}{u:ut/1vn}{si:si/4nv}{ma:ma/1vv}{juq:juq/tv-ger-3s};{tuki:tukiq/1v}{li:li/2vv}{uq:ut/1vn}{ta:taq/2nv}{u:ut/1vn}{si:si/4nv}{ma:ma/1vv}{juq:juq/tv-ger-3s};{tuki:tukiq/2v}{li:liq/1vv}{uq:ut/1vn}{ta:taq/2nv}{u:ut/1vn}{si:si/4nv}{ma:ma/1vv}{juq:juq/tv-ger-3s};{tuki:tukiq/1v}{li:liq/1vv}{uq:ut/1vn}{ta:taq/2nv}{u:ut/1vn}{si:si/4nv}{ma:ma/1vv}{juq:juq/tv-ger-3s};{tuki:tukiq/2v}{li:li/2vv}{uq:uq/3vv}{ta:taq/1vv}{u:ut/1vn}{si:si/4nv}{ma:ma/1vv}{juq:juq/tv-ger-3s};{tuki:tukiq/1v}{li:li/2vv}{uq:uq/3vv}{ta:taq/1vv}{u:ut/1vn}{si:si/4nv}{ma:ma/1vv}{juq:juq/tv-ger-3s};{tuki:tukiq/2v}{li:liq/1vv}{uq:uq/3vv}{ta:taq/1vv}{u:ut/1vn}{si:si/4nv}{ma:ma/1vv}{juq:juq/tv-ger-3s};{tuki:tukiq/1v}{li:liq/1vv}{uq:uq/3vv}{ta:taq/1vv}{u:ut/1vn}{si:si/4nv}{ma:ma/1vv}{juq:juq/tv-ger-3s};{tuki:tukiq/2v}{li:li/2vv}{uq:ut/1vn}{ta:taaq/1nv}{u:ut/1vn}{si:si/4nv}{ma:ma/1vv}{juq:juq/tv-ger-3s};{tuki:tukiq/1v}{li:li/2vv}{uq:ut/1vn}{ta:taaq/1nv}{u:ut/1vn}{si:si/4nv}{ma:ma/1vv}{juq:juq/tv-ger-3s};{tuki:tukiq/2v}{li:liq/1vv}{uq:ut/1vn}{ta:taaq/1nv}{u:ut/1vn}{si:si/4nv}{ma:ma/1vv}{juq:juq/tv-ger-3s};{tuki:tukiq/1v}{li:liq/1vv}{uq:ut/1vn}{ta:taaq/1nv}{u:ut/1vn}{si:si/4nv}{ma:ma/1vv}{juq:juq/tv-ger-3s};{tuki:tukiq/2v}{li:li/2vv}{uq:uq/3vv}{ta:jaq/1vn}{u:u/1nv}{si:si/2vv}{ma:ma/1vv}{juq:juq/tv-ger-3s};{tuki:tukiq/1v}{li:li/2vv}{uq:uq/3vv}{ta:jaq/1vn}{u:u/1nv}{si:si/2vv}{ma:ma/1vv}{juq:juq/tv-ger-3s};{tuki:tukiq/2v}{li:liq/1vv}{uq:uq/3vv}{ta:jaq/1vn}{u:u/1nv}{si:si/2vv}{ma:ma/1vv}{juq:juq/tv-ger-3s};{tuki:tukiq/1v}{li:liq/1vv}{uq:uq/3vv}{ta:jaq/1vn}{u:u/1nv}{si:si/2vv}{ma:ma/1vv}{juq:juq/tv-ger-3s};{tuki:tukiq/2v}{li:li/2vv}{uq:ut/1vn}{ta:taq/2nv}{u:uq/3vv}{si:si/2vv}{ma:ma/1vv}{juq:juq/tv-ger-3s};{tuki:tukiq/1v}{li:li/2vv}{uq:ut/1vn}{ta:taq/2nv}{u:uq/3vv}{si:si/2vv}{ma:ma/1vv}{juq:juq/tv-ger-3s};{tuki:tukiq/2v}{li:liq/1vv}{uq:ut/1vn}{ta:taq/2nv}{u:uq/3vv}{si:si/2vv}{ma:ma/1vv}{juq:juq/tv-ger-3s};{tuki:tukiq/1v}{li:liq/1vv}{uq:ut/1vn}{ta:taq/2nv}{u:uq/3vv}{si:si/2vv}{ma:ma/1vv}{juq:juq/tv-ger-3s};{tuki:tukiq/2v}{li:li/2vv}{uq:uq/3vv}{ta:taq/1vv}{u:uq/3vv}{si:si/2vv}{ma:ma/1vv}{juq:juq/tv-ger-3s};{tuki:tukiq/1v}{li:li/2vv}{uq:uq/3vv}{ta:taq/1vv}{u:uq/3vv}{si:si/2vv}{ma:ma/1vv}{juq:juq/tv-ger-3s};{tuki:tukiq/2v}{li:liq/1vv}{uq:uq/3vv}{ta:taq/1vv}{u:uq/3vv}{si:si/2vv}{ma:ma/1vv}{juq:juq/tv-ger-3s};{tuki:tukiq/1v}{li:liq/1vv}{uq:uq/3vv}{ta:taq/1vv}{u:uq/3vv}{si:si/2vv}{ma:ma/1vv}{juq:juq/tv-ger-3s};{tuki:tukiq/2v}{li:li/2vv}{uq:uq/3vv}{ta:jaq/1vn}{u:ut/2nn}{si:liq/2nv}{ma:ma/1vv}{juq:juq/tv-ger-3s};{tuki:tukiq/1v}{li:li/2vv}{uq:uq/3vv}{ta:jaq/1vn}{u:ut/2nn}{si:liq/2nv}{ma:ma/1vv}{juq:juq/tv-ger-3s};{tuki:tukiq/2v}{li:liq/1vv}{uq:uq/3vv}{ta:jaq/1vn}{u:ut/2nn}{si:liq/2nv}{ma:ma/1vv}{juq:juq/tv-ger-3s};{tuki:tukiq/1v}{li:liq/1vv}{uq:uq/3vv}{ta:jaq/1vn}{u:ut/2nn}{si:liq/2nv}{ma:ma/1vv}{juq:juq/tv-ger-3s};{tuki:tukiq/2v}{li:li/2vv}{uq:ut/1vn}{ta:taq/2nv}{u:ut/1vn}{si:liq/2nv}{ma:ma/1vv}{juq:juq/tv-ger-3s};{tuki:tukiq/1v}{li:li/2vv}{uq:ut/1vn}{ta:taq/2nv}{u:ut/1vn}{si:liq/2nv}{ma:ma/1vv}{juq:juq/tv-ger-3s};{tuki:tukiq/2v}{li:liq/1vv}{uq:ut/1vn}{ta:taq/2nv}{u:ut/1vn}{si:liq/2nv}{ma:ma/1vv}{juq:juq/tv-ger-3s};{tuki:tukiq/1v}{li:liq/1vv}{uq:ut/1vn}{ta:taq/2nv}{u:ut/1vn}{si:liq/2nv}{ma:ma/1vv}{juq:juq/tv-ger-3s};{tuki:tukiq/2v}{li:li/2vv}{uq:uq/3vv}{ta:taq/1vv}{u:ut/1vn}{si:liq/2nv}{ma:ma/1vv}{juq:juq/tv-ger-3s};{tuki:tukiq/1v}{li:li/2vv}{uq:uq/3vv}{ta:taq/1vv}{u:ut/1vn}{si:liq/2nv}{ma:ma/1vv}{juq:juq/tv-ger-3s};{tuki:tukiq/2v}{li:liq/1vv}{uq:uq/3vv}{ta:taq/1vv}{u:ut/1vn}{si:liq/2nv}{ma:ma/1vv}{juq:juq/tv-ger-3s};{tuki:tukiq/1v}{li:liq/1vv}{uq:uq/3vv}{ta:taq/1vv}{u:ut/1vn}{si:liq/2nv}{ma:ma/1vv}{juq:juq/tv-ger-3s};{tuki:tukiq/2v}{li:li/2vv}{uq:ut/1vn}{ta:taaq/1nv}{u:ut/1vn}{si:liq/2nv}{ma:ma/1vv}{juq:juq/tv-ger-3s};{tuki:tukiq/1v}{li:li/2vv}{uq:ut/1vn}{ta:taaq/1nv}{u:ut/1vn}{si:liq/2nv}{ma:ma/1vv}{juq:juq/tv-ger-3s};{tuki:tukiq/2v}{li:liq/1vv}{uq:ut/1vn}{ta:taaq/1nv}{u:ut/1vn}{si:liq/2nv}{ma:ma/1vv}{juq:juq/tv-ger-3s};{tuki:tukiq/1v}{li:liq/1vv}{uq:ut/1vn}{ta:taaq/1nv}{u:ut/1vn}{si:liq/2nv}{ma:ma/1vv}{juq:juq/tv-ger-3s};{tuki:tukiq/2v}{li:li/2vv}{uq:uq/3vv}{ta:jaq/1vn}{u:u/1nv}{si:siq/1vv}{ma:ma/1vv}{juq:juq/tv-ger-3s};{tuki:tukiq/1v}{li:li/2vv}{uq:uq/3vv}{ta:jaq/1vn}{u:u/1nv}{si:siq/1vv}{ma:ma/1vv}{juq:juq/tv-ger-3s};{tuki:tukiq/2v}{li:liq/1vv}{uq:uq/3vv}{ta:jaq/1vn}{u:u/1nv}{si:siq/1vv}{ma:ma/1vv}{juq:juq/tv-ger-3s};{tuki:tukiq/1v}{li:liq/1vv}{uq:uq/3vv}{ta:jaq/1vn}{u:u/1nv}{si:siq/1vv}{ma:ma/1vv}{juq:juq/tv-ger-3s};{tuki:tukiq/2v}{li:li/2vv}{uq:ut/1vn}{ta:taq/2nv}{u:uq/3vv}{si:siq/1vv}{ma:ma/1vv}{juq:juq/tv-ger-3s};{tuki:tukiq/1v}{li:li/2vv}{uq:ut/1vn}{ta:taq/2nv}{u:uq/3vv}{si:siq/1vv}{ma:ma/1vv}{juq:juq/tv-ger-3s};{tuki:tukiq/2v}{li:liq/1vv}{uq:ut/1vn}{ta:taq/2nv}{u:uq/3vv}{si:siq/1vv}{ma:ma/1vv}{juq:juq/tv-ger-3s};{tuki:tukiq/1v}{li:liq/1vv}{uq:ut/1vn}{ta:taq/2nv}{u:uq/3vv}{si:siq/1vv}{ma:ma/1vv}{juq:juq/tv-ger-3s};{tuki:tukiq/2v}{li:li/2vv}{uq:uq/3vv}{ta:taq/1vv}{u:uq/3vv}{si:siq/1vv}{ma:ma/1vv}{juq:juq/tv-ger-3s};{tuki:tukiq/1v}{li:li/2vv}{uq:uq/3vv}{ta:taq/1vv}{u:uq/3vv}{si:siq/1vv}{ma:ma/1vv}{juq:juq/tv-ger-3s};{tuki:tukiq/2v}{li:liq/1vv}{uq:uq/3vv}{ta:taq/1vv}{u:uq/3vv}{si:siq/1vv}{ma:ma/1vv}{juq:juq/tv-ger-3s};{tuki:tukiq/1v}{li:liq/1vv}{uq:uq/3vv}{ta:taq/1vv}{u:uq/3vv}{si:siq/1vv}{ma:ma/1vv}{juq:juq/tv-ger-3s};{tuki:tuki/1n}{liuq:liuq/1nv}{ta:jaq/1vn}{u:u/1nv}{sima:sima/1vv}{juq:juq/1vn};{tuki:tuki/1n}{liuq:liuq/1nv}{ta:taq/1vv}{u:uq/3vv}{sima:sima/1vv}{juq:juq/1vn};{tuki:tuki/1n}{liuq:liuq/1nv}{ta:jaq/1vn}{u:u/1nv}{sima:sima/1vv}{juq:juq/tv-ger-3s};{tuki:tuki/1n}{liuq:liuq/1nv}{ta:taq/1vv}{u:uq/3vv}{sima:sima/1vv}{juq:juq/tv-ger-3s};{tuki:tuki/1n}{liuq:liuq/1nv}{ta:jaq/1vn}{u:ut/2nn}{si:si/4nv}{ma:ma/1vv}{juq:juq/1vn};{tuki:tuki/1n}{liuq:liuq/1nv}{ta:taq/1vv}{u:ut/1vn}{si:si/4nv}{ma:ma/1vv}{juq:juq/1vn};{tuki:tuki/1n}{liuq:liuq/1nv}{ta:jaq/1vn}{u:u/1nv}{si:si/2vv}{ma:ma/1vv}{juq:juq/1vn};{tuki:tuki/1n}{liuq:liuq/1nv}{ta:taq/1vv}{u:uq/3vv}{si:si/2vv}{ma:ma/1vv}{juq:juq/1vn};{tuki:tuki/1n}{liuq:liuq/1nv}{ta:jaq/1vn}{u:ut/2nn}{si:liq/2nv}{ma:ma/1vv}{juq:juq/1vn};{tuki:tuki/1n}{liuq:liuq/1nv}{ta:taq/1vv}{u:ut/1vn}{si:liq/2nv}{ma:ma/1vv}{juq:juq/1vn};{tuki:tuki/1n}{liuq:liuq/1nv}{ta:jaq/1vn}{u:u/1nv}{si:siq/1vv}{ma:ma/1vv}{juq:juq/1vn};{tuki:tuki/1n}{liuq:liuq/1nv}{ta:taq/1vv}{u:uq/3vv}{si:siq/1vv}{ma:ma/1vv}{juq:juq/1vn};{tuki:tuki/1n}{li:li/3nv}{uq:uq/3vv}{ta:jaq/1vn}{u:u/1nv}{sima:sima/1vv}{juq:juq/1vn};{tuki:tuki/1n}{li:lik/2nv}{uq:uq/3vv}{ta:jaq/1vn}{u:u/1nv}{sima:sima/1vv}{juq:juq/1vn};{tuki:tuki/1n}{li:lik/3nv}{uq:uq/3vv}{ta:jaq/1vn}{u:u/1nv}{sima:sima/1vv}{juq:juq/1vn};{tuki:tuki/1n}{li:liq/3nv}{uq:uq/3vv}{ta:jaq/1vn}{u:u/1nv}{sima:sima/1vv}{juq:juq/1vn};{tuki:tuki/1n}{li:liq/2nv}{uq:uq/3vv}{ta:jaq/1vn}{u:u/1nv}{sima:sima/1vv}{juq:juq/1vn};{tuki:tuki/1n}{li:lik/1nn}{uq:ut/2nn}{ta:taq/2nv}{u:uq/3vv}{sima:sima/1vv}{juq:juq/1vn};{tuki:tuki/1n}{li:li/3nv}{uq:ut/1vn}{ta:taq/2nv}{u:uq/3vv}{sima:sima/1vv}{juq:juq/1vn};{tuki:tuki/1n}{li:lik/2nv}{uq:ut/1vn}{ta:taq/2nv}{u:uq/3vv}{sima:sima/1vv}{juq:juq/1vn};{tuki:tuki/1n}{li:lik/3nv}{uq:ut/1vn}{ta:taq/2nv}{u:uq/3vv}{sima:sima/1vv}{juq:juq/1vn};{tuki:tuki/1n}{li:liq/3nv}{uq:ut/1vn}{ta:taq/2nv}{u:uq/3vv}{sima:sima/1vv}{juq:juq/1vn};{tuki:tuki/1n}{li:liq/2nv}{uq:ut/1vn}{ta:taq/2nv}{u:uq/3vv}{sima:sima/1vv}{juq:juq/1vn};{tuki:tuki/1n}{li:liaq/2nv}{uq:ut/1vn}{ta:taq/2nv}{u:uq/3vv}{sima:sima/1vv}{juq:juq/1vn};{tuki:tuki/1n}{li:li/3nv}{uq:uq/3vv}{ta:taq/1vv}{u:uq/3vv}{sima:sima/1vv}{juq:juq/1vn};{tuki:tuki/1n}{li:lik/2nv}{uq:uq/3vv}{ta:taq/1vv}{u:uq/3vv}{sima:sima/1vv}{juq:juq/1vn};{tuki:tuki/1n}{li:lik/3nv}{uq:uq/3vv}{ta:taq/1vv}{u:uq/3vv}{sima:sima/1vv}{juq:juq/1vn};{tuki:tuki/1n}{li:liq/3nv}{uq:uq/3vv}{ta:taq/1vv}{u:uq/3vv}{sima:sima/1vv}{juq:juq/1vn};{tuki:tuki/1n}{li:liq/2nv}{uq:uq/3vv}{ta:taq/1vv}{u:uq/3vv}{sima:sima/1vv}{juq:juq/1vn};{tuki:tuki/1n}{liuq:liuq/1nv}{ta:jaq/1vn}{u:ut/2nn}{si:si/4nv}{ma:ma/1vv}{juq:juq/tv-ger-3s};{tuki:tuki/1n}{liuq:liuq/1nv}{ta:taq/1vv}{u:ut/1vn}{si:si/4nv}{ma:ma/1vv}{juq:juq/tv-ger-3s};{tuki:tuki/1n}{liuq:liuq/1nv}{ta:jaq/1vn}{u:u/1nv}{si:si/2vv}{ma:ma/1vv}{juq:juq/tv-ger-3s};{tuki:tuki/1n}{liuq:liuq/1nv}{ta:taq/1vv}{u:uq/3vv}{si:si/2vv}{ma:ma/1vv}{juq:juq/tv-ger-3s};{tuki:tuki/1n}{liuq:liuq/1nv}{ta:jaq/1vn}{u:ut/2nn}{si:liq/2nv}{ma:ma/1vv}{juq:juq/tv-ger-3s};{tuki:tuki/1n}{liuq:liuq/1nv}{ta:taq/1vv}{u:ut/1vn}{si:liq/2nv}{ma:ma/1vv}{juq:juq/tv-ger-3s};{tuki:tuki/1n}{liuq:liuq/1nv}{ta:jaq/1vn}{u:u/1nv}{si:siq/1vv}{ma:ma/1vv}{juq:juq/tv-ger-3s};{tuki:tuki/1n}{liuq:liuq/1nv}{ta:taq/1vv}{u:uq/3vv}{si:siq/1vv}{ma:ma/1vv}{juq:juq/tv-ger-3s};{tuki:tuki/1n}{li:li/3nv}{uq:uq/3vv}{ta:jaq/1vn}{u:u/1nv}{sima:sima/1vv}{juq:juq/tv-ger-3s};{tuki:tuki/1n}{li:lik/2nv}{uq:uq/3vv}{ta:jaq/1vn}{u:u/1nv}{sima:sima/1vv}{juq:juq/tv-ger-3s};{tuki:tuki/1n}{li:lik/3nv}{uq:uq/3vv}{ta:jaq/1vn}{u:u/1nv}{sima:sima/1vv}{juq:juq/tv-ger-3s};{tuki:tuki/1n}{li:liq/3nv}{uq:uq/3vv}{ta:jaq/1vn}{u:u/1nv}{sima:sima/1vv}{juq:juq/tv-ger-3s};{tuki:tuki/1n}{li:liq/2nv}{uq:uq/3vv}{ta:jaq/1vn}{u:u/1nv}{sima:sima/1vv}{juq:juq/tv-ger-3s};{tuki:tuki/1n}{li:lik/1nn}{uq:ut/2nn}{ta:taq/2nv}{u:uq/3vv}{sima:sima/1vv}{juq:juq/tv-ger-3s};{tuki:tuki/1n}{li:li/3nv}{uq:ut/1vn}{ta:taq/2nv}{u:uq/3vv}{sima:sima/1vv}{juq:juq/tv-ger-3s};{tuki:tuki/1n}{li:lik/2nv}{uq:ut/1vn}{ta:taq/2nv}{u:uq/3vv}{sima:sima/1vv}{juq:juq/tv-ger-3s};{tuki:tuki/1n}{li:lik/3nv}{uq:ut/1vn}{ta:taq/2nv}{u:uq/3vv}{sima:sima/1vv}{juq:juq/tv-ger-3s};{tuki:tuki/1n}{li:liq/3nv}{uq:ut/1vn}{ta:taq/2nv}{u:uq/3vv}{sima:sima/1vv}{juq:juq/tv-ger-3s};{tuki:tuki/1n}{li:liq/2nv}{uq:ut/1vn}{ta:taq/2nv}{u:uq/3vv}{sima:sima/1vv}{juq:juq/tv-ger-3s};{tuki:tuki/1n}{li:liaq/2nv}{uq:ut/1vn}{ta:taq/2nv}{u:uq/3vv}{sima:sima/1vv}{juq:juq/tv-ger-3s};{tuki:tuki/1n}{li:li/3nv}{uq:uq/3vv}{ta:taq/1vv}{u:uq/3vv}{sima:sima/1vv}{juq:juq/tv-ger-3s};{tuki:tuki/1n}{li:lik/2nv}{uq:uq/3vv}{ta:taq/1vv}{u:uq/3vv}{sima:sima/1vv}{juq:juq/tv-ger-3s};{tuki:tuki/1n}{li:lik/3nv}{uq:uq/3vv}{ta:taq/1vv}{u:uq/3vv}{sima:sima/1vv}{juq:juq/tv-ger-3s};{tuki:tuki/1n}{li:liq/3nv}{uq:uq/3vv}{ta:taq/1vv}{u:uq/3vv}{sima:sima/1vv}{juq:juq/tv-ger-3s};{tuki:tuki/1n}{li:liq/2nv}{uq:uq/3vv}{ta:taq/1vv}{u:uq/3vv}{sima:sima/1vv}{juq:juq/tv-ger-3s};{tuki:tuki/1n}{li:li/3nv}{uq:uq/3vv}{ta:jaq/1vn}{u:ut/2nn}{si:si/4nv}{ma:ma/1vv}{juq:juq/1vn};{tuki:tuki/1n}{li:lik/2nv}{uq:uq/3vv}{ta:jaq/1vn}{u:ut/2nn}{si:si/4nv}{ma:ma/1vv}{juq:juq/1vn};{tuki:tuki/1n}{li:lik/3nv}{uq:uq/3vv}{ta:jaq/1vn}{u:ut/2nn}{si:si/4nv}{ma:ma/1vv}{juq:juq/1vn};{tuki:tuki/1n}{li:liq/3nv}{uq:uq/3vv}{ta:jaq/1vn}{u:ut/2nn}{si:si/4nv}{ma:ma/1vv}{juq:juq/1vn};{tuki:tuki/1n}{li:liq/2nv}{uq:uq/3vv}{ta:jaq/1vn}{u:ut/2nn}{si:si/4nv}{ma:ma/1vv}{juq:juq/1vn};{tuki:tuki/1n}{li:lik/1nn}{uq:ut/2nn}{ta:taq/2nv}{u:ut/1vn}{si:si/4nv}{ma:ma/1vv}{juq:juq/1vn};{tuki:tuki/1n}{li:li/3nv}{uq:ut/1vn}{ta:taq/2nv}{u:ut/1vn}{si:si/4nv}{ma:ma/1vv}{juq:juq/1vn};{tuki:tuki/1n}{li:lik/2nv}{uq:ut/1vn}{ta:taq/2nv}{u:ut/1vn}{si:si/4nv}{ma:ma/1vv}{juq:juq/1vn};{tuki:tuki/1n}{li:lik/3nv}{uq:ut/1vn}{ta:taq/2nv}{u:ut/1vn}{si:si/4nv}{ma:ma/1vv}{juq:juq/1vn};{tuki:tuki/1n}{li:liq/3nv}{uq:ut/1vn}{ta:taq/2nv}{u:ut/1vn}{si:si/4nv}{ma:ma/1vv}{juq:juq/1vn};{tuki:tuki/1n}{li:liq/2nv}{uq:ut/1vn}{ta:taq/2nv}{u:ut/1vn}{si:si/4nv}{ma:ma/1vv}{juq:juq/1vn};{tuki:tuki/1n}{li:liaq/2nv}{uq:ut/1vn}{ta:taq/2nv}{u:ut/1vn}{si:si/4nv}{ma:ma/1vv}{juq:juq/1vn};{tuki:tuki/1n}{li:li/3nv}{uq:uq/3vv}{ta:taq/1vv}{u:ut/1vn}{si:si/4nv}{ma:ma/1vv}{juq:juq/1vn};{tuki:tuki/1n}{li:lik/2nv}{uq:uq/3vv}{ta:taq/1vv}{u:ut/1vn}{si:si/4nv}{ma:ma/1vv}{juq:juq/1vn};{tuki:tuki/1n}{li:lik/3nv}{uq:uq/3vv}{ta:taq/1vv}{u:ut/1vn}{si:si/4nv}{ma:ma/1vv}{juq:juq/1vn};{tuki:tuki/1n}{li:liq/3nv}{uq:uq/3vv}{ta:taq/1vv}{u:ut/1vn}{si:si/4nv}{ma:ma/1vv}{juq:juq/1vn};{tuki:tuki/1n}{li:liq/2nv}{uq:uq/3vv}{ta:taq/1vv}{u:ut/1vn}{si:si/4nv}{ma:ma/1vv}{juq:juq/1vn};{tuki:tuki/1n}{li:lik/1nn}{uq:ut/2nn}{ta:taaq/1nv}{u:ut/1vn}{si:si/4nv}{ma:ma/1vv}{juq:juq/1vn};{tuki:tuki/1n}{li:li/3nv}{uq:ut/1vn}{ta:taaq/1nv}{u:ut/1vn}{si:si/4nv}{ma:ma/1vv}{juq:juq/1vn};{tuki:tuki/1n}{li:lik/2nv}{uq:ut/1vn}{ta:taaq/1nv}{u:ut/1vn}{si:si/4nv}{ma:ma/1vv}{juq:juq/1vn};{tuki:tuki/1n}{li:lik/3nv}{uq:ut/1vn}{ta:taaq/1nv}{u:ut/1vn}{si:si/4nv}{ma:ma/1vv}{juq:juq/1vn};{tuki:tuki/1n}{li:liq/3nv}{uq:ut/1vn}{ta:taaq/1nv}{u:ut/1vn}{si:si/4nv}{ma:ma/1vv}{juq:juq/1vn};{tuki:tuki/1n}{li:liq/2nv}{uq:ut/1vn}{ta:taaq/1nv}{u:ut/1vn}{si:si/4nv}{ma:ma/1vv}{juq:juq/1vn};{tuki:tuki/1n}{li:liaq/2nv}{uq:ut/1vn}{ta:taaq/1nv}{u:ut/1vn}{si:si/4nv}{ma:ma/1vv}{juq:juq/1vn};{tuki:tuki/1n}{li:li/3nv}{uq:uq/3vv}{ta:jaq/1vn}{u:u/1nv}{si:si/2vv}{ma:ma/1vv}{juq:juq/1vn};{tuki:tuki/1n}{li:lik/2nv}{uq:uq/3vv}{ta:jaq/1vn}{u:u/1nv}{si:si/2vv}{ma:ma/1vv}{juq:juq/1vn};{tuki:tuki/1n}{li:lik/3nv}{uq:uq/3vv}{ta:jaq/1vn}{u:u/1nv}{si:si/2vv}{ma:ma/1vv}{juq:juq/1vn};{tuki:tuki/1n}{li:liq/3nv}{uq:uq/3vv}{ta:jaq/1vn}{u:u/1nv}{si:si/2vv}{ma:ma/1vv}{juq:juq/1vn};{tuki:tuki/1n}{li:liq/2nv}{uq:uq/3vv}{ta:jaq/1vn}{u:u/1nv}{si:si/2vv}{ma:ma/1vv}{juq:juq/1vn};{tuki:tuki/1n}{li:lik/1nn}{uq:ut/2nn}{ta:taq/2nv}{u:uq/3vv}{si:si/2vv}{ma:ma/1vv}{juq:juq/1vn};{tuki:tuki/1n}{li:li/3nv}{uq:ut/1vn}{ta:taq/2nv}{u:uq/3vv}{si:si/2vv}{ma:ma/1vv}{juq:juq/1vn};{tuki:tuki/1n}{li:lik/2nv}{uq:ut/1vn}{ta:taq/2nv}{u:uq/3vv}{si:si/2vv}{ma:ma/1vv}{juq:juq/1vn};{tuki:tuki/1n}{li:lik/3nv}{uq:ut/1vn}{ta:taq/2nv}{u:uq/3vv}{si:si/2vv}{ma:ma/1vv}{juq:juq/1vn};{tuki:tuki/1n}{li:liq/3nv}{uq:ut/1vn}{ta:taq/2nv}{u:uq/3vv}{si:si/2vv}{ma:ma/1vv}{juq:juq/1vn};{tuki:tuki/1n}{li:liq/2nv}{uq:ut/1vn}{ta:taq/2nv}{u:uq/3vv}{si:si/2vv}{ma:ma/1vv}{juq:juq/1vn};{tuki:tuki/1n}{li:liaq/2nv}{uq:ut/1vn}{ta:taq/2nv}{u:uq/3vv}{si:si/2vv}{ma:ma/1vv}{juq:juq/1vn};{tuki:tuki/1n}{li:li/3nv}{uq:uq/3vv}{ta:taq/1vv}{u:uq/3vv}{si:si/2vv}{ma:ma/1vv}{juq:juq/1vn};{tuki:tuki/1n}{li:lik/2nv}{uq:uq/3vv}{ta:taq/1vv}{u:uq/3vv}{si:si/2vv}{ma:ma/1vv}{juq:juq/1vn};{tuki:tuki/1n}{li:lik/3nv}{uq:uq/3vv}{ta:taq/1vv}{u:uq/3vv}{si:si/2vv}{ma:ma/1vv}{juq:juq/1vn};{tuki:tuki/1n}{li:liq/3nv}{uq:uq/3vv}{ta:taq/1vv}{u:uq/3vv}{si:si/2vv}{ma:ma/1vv}{juq:juq/1vn};{tuki:tuki/1n}{li:liq/2nv}{uq:uq/3vv}{ta:taq/1vv}{u:uq/3vv}{si:si/2vv}{ma:ma/1vv}{juq:juq/1vn};{tuki:tuki/1n}{li:li/3nv}{uq:uq/3vv}{ta:jaq/1vn}{u:ut/2nn}{si:liq/2nv}{ma:ma/1vv}{juq:juq/1vn};{tuki:tuki/1n}{li:lik/2nv}{uq:uq/3vv}{ta:jaq/1vn}{u:ut/2nn}{si:liq/2nv}{ma:ma/1vv}{juq:juq/1vn};{tuki:tuki/1n}{li:lik/3nv}{uq:uq/3vv}{ta:jaq/1vn}{u:ut/2nn}{si:liq/2nv}{ma:ma/1vv}{juq:juq/1vn};{tuki:tuki/1n}{li:liq/3nv}{uq:uq/3vv}{ta:jaq/1vn}{u:ut/2nn}{si:liq/2nv}{ma:ma/1vv}{juq:juq/1vn};{tuki:tuki/1n}{li:liq/2nv}{uq:uq/3vv}{ta:jaq/1vn}{u:ut/2nn}{si:liq/2nv}{ma:ma/1vv}{juq:juq/1vn};{tuki:tuki/1n}{li:lik/1nn}{uq:ut/2nn}{ta:taq/2nv}{u:ut/1vn}{si:liq/2nv}{ma:ma/1vv}{juq:juq/1vn};{tuki:tuki/1n}{li:li/3nv}{uq:ut/1vn}{ta:taq/2nv}{u:ut/1vn}{si:liq/2nv}{ma:ma/1vv}{juq:juq/1vn};{tuki:tuki/1n}{li:lik/2nv}{uq:ut/1vn}{ta:taq/2nv}{u:ut/1vn}{si:liq/2nv}{ma:ma/1vv}{juq:juq/1vn};{tuki:tuki/1n}{li:lik/3nv}{uq:ut/1vn}{ta:taq/2nv}{u:ut/1vn}{si:liq/2nv}{ma:ma/1vv}{juq:juq/1vn};{tuki:tuki/1n}{li:liq/3nv}{uq:ut/1vn}{ta:taq/2nv}{u:ut/1vn}{si:liq/2nv}{ma:ma/1vv}{juq:juq/1vn};{tuki:tuki/1n}{li:liq/2nv}{uq:ut/1vn}{ta:taq/2nv}{u:ut/1vn}{si:liq/2nv}{ma:ma/1vv}{juq:juq/1vn};{tuki:tuki/1n}{li:liaq/2nv}{uq:ut/1vn}{ta:taq/2nv}{u:ut/1vn}{si:liq/2nv}{ma:ma/1vv}{juq:juq/1vn};{tuki:tuki/1n}{li:li/3nv}{uq:uq/3vv}{ta:taq/1vv}{u:ut/1vn}{si:liq/2nv}{ma:ma/1vv}{juq:juq/1vn};{tuki:tuki/1n}{li:lik/2nv}{uq:uq/3vv}{ta:taq/1vv}{u:ut/1vn}{si:liq/2nv}{ma:ma/1vv}{juq:juq/1vn};{tuki:tuki/1n}{li:lik/3nv}{uq:uq/3vv}{ta:taq/1vv}{u:ut/1vn}{si:liq/2nv}{ma:ma/1vv}{juq:juq/1vn};{tuki:tuki/1n}{li:liq/3nv}{uq:uq/3vv}{ta:taq/1vv}{u:ut/1vn}{si:liq/2nv}{ma:ma/1vv}{juq:juq/1vn};{tuki:tuki/1n}{li:liq/2nv}{uq:uq/3vv}{ta:taq/1vv}{u:ut/1vn}{si:liq/2nv}{ma:ma/1vv}{juq:juq/1vn};{tuki:tuki/1n}{li:lik/1nn}{uq:ut/2nn}{ta:taaq/1nv}{u:ut/1vn}{si:liq/2nv}{ma:ma/1vv}{juq:juq/1vn};{tuki:tuki/1n}{li:li/3nv}{uq:ut/1vn}{ta:taaq/1nv}{u:ut/1vn}{si:liq/2nv}{ma:ma/1vv}{juq:juq/1vn};{tuki:tuki/1n}{li:lik/2nv}{uq:ut/1vn}{ta:taaq/1nv}{u:ut/1vn}{si:liq/2nv}{ma:ma/1vv}{juq:juq/1vn};{tuki:tuki/1n}{li:lik/3nv}{uq:ut/1vn}{ta:taaq/1nv}{u:ut/1vn}{si:liq/2nv}{ma:ma/1vv}{juq:juq/1vn};{tuki:tuki/1n}{li:liq/3nv}{uq:ut/1vn}{ta:taaq/1nv}{u:ut/1vn}{si:liq/2nv}{ma:ma/1vv}{juq:juq/1vn};{tuki:tuki/1n}{li:liq/2nv}{uq:ut/1vn}{ta:taaq/1nv}{u:ut/1vn}{si:liq/2nv}{ma:ma/1vv}{juq:juq/1vn};{tuki:tuki/1n}{li:liaq/2nv}{uq:ut/1vn}{ta:taaq/1nv}{u:ut/1vn}{si:liq/2nv}{ma:ma/1vv}{juq:juq/1vn};{tuki:tuki/1n}{li:li/3nv}{uq:uq/3vv}{ta:jaq/1vn}{u:u/1nv}{si:siq/1vv}{ma:ma/1vv}{juq:juq/1vn};{tuki:tuki/1n}{li:lik/2nv}{uq:uq/3vv}{ta:jaq/1vn}{u:u/1nv}{si:siq/1vv}{ma:ma/1vv}{juq:juq/1vn};{tuki:tuki/1n}{li:lik/3nv}{uq:uq/3vv}{ta:jaq/1vn}{u:u/1nv}{si:siq/1vv}{ma:ma/1vv}{juq:juq/1vn};{tuki:tuki/1n}{li:liq/3nv}{uq:uq/3vv}{ta:jaq/1vn}{u:u/1nv}{si:siq/1vv}{ma:ma/1vv}{juq:juq/1vn};{tuki:tuki/1n}{li:liq/2nv}{uq:uq/3vv}{ta:jaq/1vn}{u:u/1nv}{si:siq/1vv}{ma:ma/1vv}{juq:juq/1vn};{tuki:tuki/1n}{li:lik/1nn}{uq:ut/2nn}{ta:taq/2nv}{u:uq/3vv}{si:siq/1vv}{ma:ma/1vv}{juq:juq/1vn};{tuki:tuki/1n}{li:li/3nv}{uq:ut/1vn}{ta:taq/2nv}{u:uq/3vv}{si:siq/1vv}{ma:ma/1vv}{juq:juq/1vn};{tuki:tuki/1n}{li:lik/2nv}{uq:ut/1vn}{ta:taq/2nv}{u:uq/3vv}{si:siq/1vv}{ma:ma/1vv}{juq:juq/1vn};{tuki:tuki/1n}{li:lik/3nv}{uq:ut/1vn}{ta:taq/2nv}{u:uq/3vv}{si:siq/1vv}{ma:ma/1vv}{juq:juq/1vn};{tuki:tuki/1n}{li:liq/3nv}{uq:ut/1vn}{ta:taq/2nv}{u:uq/3vv}{si:siq/1vv}{ma:ma/1vv}{juq:juq/1vn};{tuki:tuki/1n}{li:liq/2nv}{uq:ut/1vn}{ta:taq/2nv}{u:uq/3vv}{si:siq/1vv}{ma:ma/1vv}{juq:juq/1vn};{tuki:tuki/1n}{li:liaq/2nv}{uq:ut/1vn}{ta:taq/2nv}{u:uq/3vv}{si:siq/1vv}{ma:ma/1vv}{juq:juq/1vn};{tuki:tuki/1n}{li:li/3nv}{uq:uq/3vv}{ta:taq/1vv}{u:uq/3vv}{si:siq/1vv}{ma:ma/1vv}{juq:juq/1vn};{tuki:tuki/1n}{li:lik/2nv}{uq:uq/3vv}{ta:taq/1vv}{u:uq/3vv}{si:siq/1vv}{ma:ma/1vv}{juq:juq/1vn};{tuki:tuki/1n}{li:lik/3nv}{uq:uq/3vv}{ta:taq/1vv}{u:uq/3vv}{si:siq/1vv}{ma:ma/1vv}{juq:juq/1vn};{tuki:tuki/1n}{li:liq/3nv}{uq:uq/3vv}{ta:taq/1vv}{u:uq/3vv}{si:siq/1vv}{ma:ma/1vv}{juq:juq/1vn};{tuki:tuki/1n}{li:liq/2nv}{uq:uq/3vv}{ta:taq/1vv}{u:uq/3vv}{si:siq/1vv}{ma:ma/1vv}{juq:juq/1vn};{tuki:tuki/1n}{li:li/3nv}{uq:uq/3vv}{ta:jaq/1vn}{u:ut/2nn}{si:si/4nv}{ma:ma/1vv}{juq:juq/tv-ger-3s};{tuki:tuki/1n}{li:lik/2nv}{uq:uq/3vv}{ta:jaq/1vn}{u:ut/2nn}{si:si/4nv}{ma:ma/1vv}{juq:juq/tv-ger-3s};{tuki:tuki/1n}{li:lik/3nv}{uq:uq/3vv}{ta:jaq/1vn}{u:ut/2nn}{si:si/4nv}{ma:ma/1vv}{juq:juq/tv-ger-3s};{tuki:tuki/1n}{li:liq/3nv}{uq:uq/3vv}{ta:jaq/1vn}{u:ut/2nn}{si:si/4nv}{ma:ma/1vv}{juq:juq/tv-ger-3s};{tuki:tuki/1n}{li:liq/2nv}{uq:uq/3vv}{ta:jaq/1vn}{u:ut/2nn}{si:si/4nv}{ma:ma/1vv}{juq:juq/tv-ger-3s};{tuki:tuki/1n}{li:lik/1nn}{uq:ut/2nn}{ta:taq/2nv}{u:ut/1vn}{si:si/4nv}{ma:ma/1vv}{juq:juq/tv-ger-3s};{tuki:tuki/1n}{li:li/3nv}{uq:ut/1vn}{ta:taq/2nv}{u:ut/1vn}{si:si/4nv}{ma:ma/1vv}{juq:juq/tv-ger-3s};{tuki:tuki/1n}{li:lik/2nv}{uq:ut/1vn}{ta:taq/2nv}{u:ut/1vn}{si:si/4nv}{ma:ma/1vv}{juq:juq/tv-ger-3s};{tuki:tuki/1n}{li:lik/3nv}{uq:ut/1vn}{ta:taq/2nv}{u:ut/1vn}{si:si/4nv}{ma:ma/1vv}{juq:juq/tv-ger-3s};{tuki:tuki/1n}{li:liq/3nv}{uq:ut/1vn}{ta:taq/2nv}{u:ut/1vn}{si:si/4nv}{ma:ma/1vv}{juq:juq/tv-ger-3s};{tuki:tuki/1n}{li:liq/2nv}{uq:ut/1vn}{ta:taq/2nv}{u:ut/1vn}{si:si/4nv}{ma:ma/1vv}{juq:juq/tv-ger-3s};{tuki:tuki/1n}{li:liaq/2nv}{uq:ut/1vn}{ta:taq/2nv}{u:ut/1vn}{si:si/4nv}{ma:ma/1vv}{juq:juq/tv-ger-3s};{tuki:tuki/1n}{li:li/3nv}{uq:uq/3vv}{ta:taq/1vv}{u:ut/1vn}{si:si/4nv}{ma:ma/1vv}{juq:juq/tv-ger-3s};{tuki:tuki/1n}{li:lik/2nv}{uq:uq/3vv}{ta:taq/1vv}{u:ut/1vn}{si:si/4nv}{ma:ma/1vv}{juq:juq/tv-ger-3s};{tuki:tuki/1n}{li:lik/3nv}{uq:uq/3vv}{ta:taq/1vv}{u:ut/1vn}{si:si/4nv}{ma:ma/1vv}{juq:juq/tv-ger-3s};{tuki:tuki/1n}{li:liq/3nv}{uq:uq/3vv}{ta:taq/1vv}{u:ut/1vn}{si:si/4nv}{ma:ma/1vv}{juq:juq/tv-ger-3s};{tuki:tuki/1n}{li:liq/2nv}{uq:uq/3vv}{ta:taq/1vv}{u:ut/1vn}{si:si/4nv}{ma:ma/1vv}{juq:juq/tv-ger-3s};{tuki:tuki/1n}{li:lik/1nn}{uq:ut/2nn}{ta:taaq/1nv}{u:ut/1vn}{si:si/4nv}{ma:ma/1vv}{juq:juq/tv-ger-3s};{tuki:tuki/1n}{li:li/3nv}{uq:ut/1vn}{ta:taaq/1nv}{u:ut/1vn}{si:si/4nv}{ma:ma/1vv}{juq:juq/tv-ger-3s};{tuki:tuki/1n}{li:lik/2nv}{uq:ut/1vn}{ta:taaq/1nv}{u:ut/1vn}{si:si/4nv}{ma:ma/1vv}{juq:juq/tv-ger-3s};{tuki:tuki/1n}{li:lik/3nv}{uq:ut/1vn}{ta:taaq/1nv}{u:ut/1vn}{si:si/4nv}{ma:ma/1vv}{juq:juq/tv-ger-3s};{tuki:tuki/1n}{li:liq/3nv}{uq:ut/1vn}{ta:taaq/1nv}{u:ut/1vn}{si:si/4nv}{ma:ma/1vv}{juq:juq/tv-ger-3s};{tuki:tuki/1n}{li:liq/2nv}{uq:ut/1vn}{ta:taaq/1nv}{u:ut/1vn}{si:si/4nv}{ma:ma/1vv}{juq:juq/tv-ger-3s};{tuki:tuki/1n}{li:liaq/2nv}{uq:ut/1vn}{ta:taaq/1nv}{u:ut/1vn}{si:si/4nv}{ma:ma/1vv}{juq:juq/tv-ger-3s};{tuki:tuki/1n}{li:li/3nv}{uq:uq/3vv}{ta:jaq/1vn}{u:u/1nv}{si:si/2vv}{ma:ma/1vv}{juq:juq/tv-ger-3s};{tuki:tuki/1n}{li:lik/2nv}{uq:uq/3vv}{ta:jaq/1vn}{u:u/1nv}{si:si/2vv}{ma:ma/1vv}{juq:juq/tv-ger-3s};{tuki:tuki/1n}{li:lik/3nv}{uq:uq/3vv}{ta:jaq/1vn}{u:u/1nv}{si:si/2vv}{ma:ma/1vv}{juq:juq/tv-ger-3s};{tuki:tuki/1n}{li:liq/3nv}{uq:uq/3vv}{ta:jaq/1vn}{u:u/1nv}{si:si/2vv}{ma:ma/1vv}{juq:juq/tv-ger-3s};{tuki:tuki/1n}{li:liq/2nv}{uq:uq/3vv}{ta:jaq/1vn}{u:u/1nv}{si:si/2vv}{ma:ma/1vv}{juq:juq/tv-ger-3s};{tuki:tuki/1n}{li:lik/1nn}{uq:ut/2nn}{ta:taq/2nv}{u:uq/3vv}{si:si/2vv}{ma:ma/1vv}{juq:juq/tv-ger-3s};{tuki:tuki/1n}{li:li/3nv}{uq:ut/1vn}{ta:taq/2nv}{u:uq/3vv}{si:si/2vv}{ma:ma/1vv}{juq:juq/tv-ger-3s};{tuki:tuki/1n}{li:lik/2nv}{uq:ut/1vn}{ta:taq/2nv}{u:uq/3vv}{si:si/2vv}{ma:ma/1vv}{juq:juq/tv-ger-3s};{tuki:tuki/1n}{li:lik/3nv}{uq:ut/1vn}{ta:taq/2nv}{u:uq/3vv}{si:si/2vv}{ma:ma/1vv}{juq:juq/tv-ger-3s};{tuki:tuki/1n}{li:liq/3nv}{uq:ut/1vn}{ta:taq/2nv}{u:uq/3vv}{si:si/2vv}{ma:ma/1vv}{juq:juq/tv-ger-3s};{tuki:tuki/1n}{li:liq/2nv}{uq:ut/1vn}{ta:taq/2nv}{u:uq/3vv}{si:si/2vv}{ma:ma/1vv}{juq:juq/tv-ger-3s};{tuki:tuki/1n}{li:liaq/2nv}{uq:ut/1vn}{ta:taq/2nv}{u:uq/3vv}{si:si/2vv}{ma:ma/1vv}{juq:juq/tv-ger-3s};{tuki:tuki/1n}{li:li/3nv}{uq:uq/3vv}{ta:taq/1vv}{u:uq/3vv}{si:si/2vv}{ma:ma/1vv}{juq:juq/tv-ger-3s};{tuki:tuki/1n}{li:lik/2nv}{uq:uq/3vv}{ta:taq/1vv}{u:uq/3vv}{si:si/2vv}{ma:ma/1vv}{juq:juq/tv-ger-3s};{tuki:tuki/1n}{li:lik/3nv}{uq:uq/3vv}{ta:taq/1vv}{u:uq/3vv}{si:si/2vv}{ma:ma/1vv}{juq:juq/tv-ger-3s};{tuki:tuki/1n}{li:liq/3nv}{uq:uq/3vv}{ta:taq/1vv}{u:uq/3vv}{si:si/2vv}{ma:ma/1vv}{juq:juq/tv-ger-3s};{tuki:tuki/1n}{li:liq/2nv}{uq:uq/3vv}{ta:taq/1vv}{u:uq/3vv}{si:si/2vv}{ma:ma/1vv}{juq:juq/tv-ger-3s};{tuki:tuki/1n}{li:li/3nv}{uq:uq/3vv}{ta:jaq/1vn}{u:ut/2nn}{si:liq/2nv}{ma:ma/1vv}{juq:juq/tv-ger-3s};{tuki:tuki/1n}{li:lik/2nv}{uq:uq/3vv}{ta:jaq/1vn}{u:ut/2nn}{si:liq/2nv}{ma:ma/1vv}{juq:juq/tv-ger-3s};{tuki:tuki/1n}{li:lik/3nv}{uq:uq/3vv}{ta:jaq/1vn}{u:ut/2nn}{si:liq/2nv}{ma:ma/1vv}{juq:juq/tv-ger-3s};{tuki:tuki/1n}{li:liq/3nv}{uq:uq/3vv}{ta:jaq/1vn}{u:ut/2nn}{si:liq/2nv}{ma:ma/1vv}{juq:juq/tv-ger-3s};{tuki:tuki/1n}{li:liq/2nv}{uq:uq/3vv}{ta:jaq/1vn}{u:ut/2nn}{si:liq/2nv}{ma:ma/1vv}{juq:juq/tv-ger-3s};{tuki:tuki/1n}{li:lik/1nn}{uq:ut/2nn}{ta:taq/2nv}{u:ut/1vn}{si:liq/2nv}{ma:ma/1vv}{juq:juq/tv-ger-3s};{tuki:tuki/1n}{li:li/3nv}{uq:ut/1vn}{ta:taq/2nv}{u:ut/1vn}{si:liq/2nv}{ma:ma/1vv}{juq:juq/tv-ger-3s};{tuki:tuki/1n}{li:lik/2nv}{uq:ut/1vn}{ta:taq/2nv}{u:ut/1vn}{si:liq/2nv}{ma:ma/1vv}{juq:juq/tv-ger-3s};{tuki:tuki/1n}{li:lik/3nv}{uq:ut/1vn}{ta:taq/2nv}{u:ut/1vn}{si:liq/2nv}{ma:ma/1vv}{juq:juq/tv-ger-3s};{tuki:tuki/1n}{li:liq/3nv}{uq:ut/1vn}{ta:taq/2nv}{u:ut/1vn}{si:liq/2nv}{ma:ma/1vv}{juq:juq/tv-ger-3s};{tuki:tuki/1n}{li:liq/2nv}{uq:ut/1vn}{ta:taq/2nv}{u:ut/1vn}{si:liq/2nv}{ma:ma/1vv}{juq:juq/tv-ger-3s};{tuki:tuki/1n}{li:liaq/2nv}{uq:ut/1vn}{ta:taq/2nv}{u:ut/1vn}{si:liq/2nv}{ma:ma/1vv}{juq:juq/tv-ger-3s};{tuki:tuki/1n}{li:li/3nv}{uq:uq/3vv}{ta:taq/1vv}{u:ut/1vn}{si:liq/2nv}{ma:ma/1vv}{juq:juq/tv-ger-3s};{tuki:tuki/1n}{li:lik/2nv}{uq:uq/3vv}{ta:taq/1vv}{u:ut/1vn}{si:liq/2nv}{ma:ma/1vv}{juq:juq/tv-ger-3s};{tuki:tuki/1n}{li:lik/3nv}{uq:uq/3vv}{ta:taq/1vv}{u:ut/1vn}{si:liq/2nv}{ma:ma/1vv}{juq:juq/tv-ger-3s};{tuki:tuki/1n}{li:liq/3nv}{uq:uq/3vv}{ta:taq/1vv}{u:ut/1vn}{si:liq/2nv}{ma:ma/1vv}{juq:juq/tv-ger-3s};{tuki:tuki/1n}{li:liq/2nv}{uq:uq/3vv}{ta:taq/1vv}{u:ut/1vn}{si:liq/2nv}{ma:ma/1vv}{juq:juq/tv-ger-3s};{tuki:tuki/1n}{li:lik/1nn}{uq:ut/2nn}{ta:taaq/1nv}{u:ut/1vn}{si:liq/2nv}{ma:ma/1vv}{juq:juq/tv-ger-3s};{tuki:tuki/1n}{li:li/3nv}{uq:ut/1vn}{ta:taaq/1nv}{u:ut/1vn}{si:liq/2nv}{ma:ma/1vv}{juq:juq/tv-ger-3s};{tuki:tuki/1n}{li:lik/2nv}{uq:ut/1vn}{ta:taaq/1nv}{u:ut/1vn}{si:liq/2nv}{ma:ma/1vv}{juq:juq/tv-ger-3s};{tuki:tuki/1n}{li:lik/3nv}{uq:ut/1vn}{ta:taaq/1nv}{u:ut/1vn}{si:liq/2nv}{ma:ma/1vv}{juq:juq/tv-ger-3s};{tuki:tuki/1n}{li:liq/3nv}{uq:ut/1vn}{ta:taaq/1nv}{u:ut/1vn}{si:liq/2nv}{ma:ma/1vv}{juq:juq/tv-ger-3s};{tuki:tuki/1n}{li:liq/2nv}{uq:ut/1vn}{ta:taaq/1nv}{u:ut/1vn}{si:liq/2nv}{ma:ma/1vv}{juq:juq/tv-ger-3s};{tuki:tuki/1n}{li:liaq/2nv}{uq:ut/1vn}{ta:taaq/1nv}{u:ut/1vn}{si:liq/2nv}{ma:ma/1vv}{juq:juq/tv-ger-3s};{tuki:tuki/1n}{li:li/3nv}{uq:uq/3vv}{ta:jaq/1vn}{u:u/1nv}{si:siq/1vv}{ma:ma/1vv}{juq:juq/tv-ger-3s};{tuki:tuki/1n}{li:lik/2nv}{uq:uq/3vv}{ta:jaq/1vn}{u:u/1nv}{si:siq/1vv}{ma:ma/1vv}{juq:juq/tv-ger-3s};{tuki:tuki/1n}{li:lik/3nv}{uq:uq/3vv}{ta:jaq/1vn}{u:u/1nv}{si:siq/1vv}{ma:ma/1vv}{juq:juq/tv-ger-3s};{tuki:tuki/1n}{li:liq/3nv}{uq:uq/3vv}{ta:jaq/1vn}{u:u/1nv}{si:siq/1vv}{ma:ma/1vv}{juq:juq/tv-ger-3s};{tuki:tuki/1n}{li:liq/2nv}{uq:uq/3vv}{ta:jaq/1vn}{u:u/1nv}{si:siq/1vv}{ma:ma/1vv}{juq:juq/tv-ger-3s};{tuki:tuki/1n}{li:lik/1nn}{uq:ut/2nn}{ta:taq/2nv}{u:uq/3vv}{si:siq/1vv}{ma:ma/1vv}{juq:juq/tv-ger-3s};{tuki:tuki/1n}{li:li/3nv}{uq:ut/1vn}{ta:taq/2nv}{u:uq/3vv}{si:siq/1vv}{ma:ma/1vv}{juq:juq/tv-ger-3s};{tuki:tuki/1n}{li:lik/2nv}{uq:ut/1vn}{ta:taq/2nv}{u:uq/3vv}{si:siq/1vv}{ma:ma/1vv}{juq:juq/tv-ger-3s};{tuki:tuki/1n}{li:lik/3nv}{uq:ut/1vn}{ta:taq/2nv}{u:uq/3vv}{si:siq/1vv}{ma:ma/1vv}{juq:juq/tv-ger-3s};{tuki:tuki/1n}{li:liq/3nv}{uq:ut/1vn}{ta:taq/2nv}{u:uq/3vv}{si:siq/1vv}{ma:ma/1vv}{juq:juq/tv-ger-3s};{tuki:tuki/1n}{li:liq/2nv}{uq:ut/1vn}{ta:taq/2nv}{u:uq/3vv}{si:siq/1vv}{ma:ma/1vv}{juq:juq/tv-ger-3s};{tuki:tuki/1n}{li:liaq/2nv}{uq:ut/1vn}{ta:taq/2nv}{u:uq/3vv}{si:siq/1vv}{ma:ma/1vv}{juq:juq/tv-ger-3s};{tuki:tuki/1n}{li:li/3nv}{uq:uq/3vv}{ta:taq/1vv}{u:uq/3vv}{si:siq/1vv}{ma:ma/1vv}{juq:juq/tv-ger-3s};{tuki:tuki/1n}{li:lik/2nv}{uq:uq/3vv}{ta:taq/1vv}{u:uq/3vv}{si:siq/1vv}{ma:ma/1vv}{juq:juq/tv-ger-3s};{tuki:tuki/1n}{li:lik/3nv}{uq:uq/3vv}{ta:taq/1vv}{u:uq/3vv}{si:siq/1vv}{ma:ma/1vv}{juq:juq/tv-ger-3s};{tuki:tuki/1n}{li:liq/3nv}{uq:uq/3vv}{ta:taq/1vv}{u:uq/3vv}{si:siq/1vv}{ma:ma/1vv}{juq:juq/tv-ger-3s};{tuki:tuki/1n}{li:liq/2nv}{uq:uq/3vv}{ta:taq/1vv}{u:uq/3vv}{si:siq/1vv}{ma:ma/1vv}{juq:juq/tv-ger-3s},False,False,False,False,False,
hansard,tukisinaliqtissimajuq,{tukisi:tukisi/1v}{na:naq/1vv}{liq:liq/1vv}{tis:tit/1vv}{sima:sima/1vv}{juq:juq/1vn},False,{tukisi:tukisi/1v}{na:naq/2vn}{liq:liq/3nv}{tis:tit/1vv}{sima:sima/1vv}{juq:juq/1vn};{tukisi:tukisi/1v}{na:naq/2vn}{liq:liq/2nv}{tis:tit/1vv}{sima:sima/1vv}{juq:juq/1vn};{tukisi:tukisi/1v}{na:naq/1vv}{liq:liq/1vv}{tis:tit/1vv}{sima:sima/1vv}{juq:juq/1vn};{tukisi:tukisi/1v}{na:naq/2vn}{liq:liq/3nv}{tis:tit/1vv}{sima:sima/1vv}{juq:juq/tv-ger-3s};{tukisi:tukisi/1v}{na:naq/2vn}{liq:liq/2nv}{tis:tit/1vv}{sima:sima/1vv}{juq:juq/tv-ger-3s};{tukisi:tukisi/1v}{na:naq/1vv}{liq:liq/1vv}{tis:tit/1vv}{sima:sima/1vv}{juq:juq/tv-ger-3s};{tukisi:tukisi/1v}{na:naq/2vn}{liq:liq/3nv}{tis:tit/1vv}{si:si/1vv}{ma:ma/1vv}{juq:juq/1vn};{tukisi:tukisi/1v}{na:naq/2vn}{liq:liq/2nv}{tis:tit/1vv}{si:si/1vv}{ma:ma/1vv}{juq:juq/1vn};{tukisi:tukisi/1v}{na:naq/1vv}{liq:liq/1vv}{tis:tit/1vv}{si:si/1vv}{ma:ma/1vv}{juq:juq/1vn};{tukisi:tukisi/1v}{na:naq/2vn}{liq:liq/3nv}{ti:ji/1vn}{ssi:k&i/1nv}{ma:ma/1vv}{juq:juq/1vn};{tukisi:tukisi/1v}{na:naq/2vn}{liq:liq/2nv}{ti:ji/1vn}{ssi:k&i/1nv}{ma:ma/1vv}{juq:juq/1vn};{tukisi:tukisi/1v}{na:naq/1vv}{liq:liq/1vv}{ti:ji/1vn}{ssi:k&i/1nv}{ma:ma/1vv}{juq:juq/1vn};{tukisi:tukisi/1v}{na:naq/2vn}{liq:liq/3nv}{tis:tit/1vv}{si:siq/1vv}{ma:ma/1vv}{juq:juq/1vn};{tukisi:tukisi/1v}{na:naq/2vn}{liq:liq/2nv}{tis:tit/1vv}{si:siq/1vv}{ma:ma/1vv}{juq:juq/1vn};{tukisi:tukisi/1v}{na:naq/1vv}{liq:liq/1vv}{tis:tit/1vv}{si:siq/1vv}{ma:ma/1vv}{juq:juq/1vn};{tukisi:tukisi/1v}{na:naq/2vn}{liq:liq/3nv}{tis:tit/1vv}{si:si/1vv}{ma:ma/1vv}{juq:juq/tv-ger-3s};{tukisi:tukisi/1v}{na:naq/2vn}{liq:liq/2nv}{tis:tit/1vv}{si:si/1vv}{ma:ma/1vv}{juq:juq/tv-ger-3s};{tukisi:tukisi/1v}{na:naq/1vv}{liq:liq/1vv}{tis:tit/1vv}{si:si/1vv}{ma:ma/1vv}{juq:juq/tv-ger-3s};{tukisi:tukisi/1v}{na:naq/2vn}{liq:liq/3nv}{ti:ji/1vn}{ssi:k&i/1nv}{ma:ma/1vv}{juq:juq/tv-ger-3s};{tukisi:tukisi/1v}{na:naq/2vn}{liq:liq/2nv}{ti:ji/1vn}{ssi:k&i/1nv}{ma:ma/1vv}{juq:juq/tv-ger-3s};{tukisi:tukisi/1v}{na:naq/1vv}{liq:liq/1vv}{ti:ji/1vn}{ssi:k&i/1nv}{ma:ma/1vv}{juq:juq/tv-ger-3s};{tukisi:tukisi/1v}{na:naq/2vn}{liq:liq/3nv}{tis:tit/1vv}{si:siq/1vv}{ma:ma/1vv}{juq:juq/tv-ger-3s};{tukisi:tukisi/1v}{na:naq/2vn}{liq:liq/2nv}{tis:tit/1vv}{si:siq/1vv}{ma:ma/1vv}{juq:juq/tv-ger-3s};{tukisi:tukisi/1v}{na:naq/1vv}{liq:liq/1vv}{tis:tit/1vv}{si:siq/1vv}{ma:ma/1vv}{juq:juq/tv-ger-3s};{tuki:tukiq/2v}{si:si/2vv}{na:naq/2vn}{liq:liq/3nv}{tis:tit/1vv}{sima:sima/1vv}{juq:juq/1vn};{tuki:tukiq/1v}{si:si/2vv}{na:naq/2vn}{liq:liq/3nv}{tis:tit/1vv}{sima:sima/1vv}{juq:juq/1vn};{tuki:tukiq/2v}{si:si/2vv}{na:naq/2vn}{liq:liq/2nv}{tis:tit/1vv}{sima:sima/1vv}{juq:juq/1vn};{tuki:tukiq/1v}{si:si/2vv}{na:naq/2vn}{liq:liq/2nv}{tis:tit/1vv}{sima:sima/1vv}{juq:juq/1vn};{tuki:tukiq/2v}{si:si/2vv}{na:naq/1vv}{liq:liq/1vv}{tis:tit/1vv}{sima:sima/1vv}{juq:juq/1vn};{tuki:tukiq/1v}{si:si/2vv}{na:naq/1vv}{liq:liq/1vv}{tis:tit/1vv}{sima:sima/1vv}{juq:juq/1vn};{tuki:tukiq/2v}{si:si/2vv}{na:naq/2vn}{liq:liq/3nv}{tis:tit/1vv}{sima:sima/1vv}{juq:juq/tv-ger-3s};{tuki:tukiq/1v}{si:si/2vv}{na:naq/2vn}{liq:liq/3nv}{tis:tit/1vv}{sima:sima/1vv}{juq:juq/tv-ger-3s};{tuki:tukiq/2v}{si:si/2vv}{na:naq/2vn}{liq:liq/2nv}{tis:tit/1vv}{sima:sima/1vv}{juq:juq/tv-ger-3s};{tuki:tukiq/1v}{si:si/2vv}{na:naq/2vn}{liq:liq/2nv}{tis:tit/1vv}{sima:sima/1vv}{juq:juq/tv-ger-3s};{tuki:tukiq/2v}{si:si/2vv}{na:naq/1vv}{liq:liq/1vv}{tis:tit/1vv}{sima:sima/1vv}{juq:juq/tv-ger-3s};{tuki:tukiq/1v}{si:si/2vv}{na:naq/1vv}{liq:liq/1vv}{tis:tit/1vv}{sima:sima/1vv}{juq:juq/tv-ger-3s};{tuki:tukiq/2v}{si:si/2vv}{na:naq/2vn}{liq:liq/3nv}{tis:tit/1vv}{si:si/1vv}{ma:ma/1vv}{juq:juq/1vn};{tuki:tukiq/1v}{si:si/2vv}{na:naq/2vn}{liq:liq/3nv}{tis:tit/1vv}{si:si/1vv}{ma:ma/1vv}{juq:juq/1vn};{tuki:tukiq/2v}{si:si/2vv}{na:naq/2vn}{liq:liq/2nv}{tis:tit/1vv}{si:si/1vv}{ma:ma/1vv}{juq:juq/1vn};{tuki:tukiq/1v}{si:si/2vv}{na:naq/2vn}{liq:liq/2nv}{tis:tit/1vv}{si:si/1vv}{ma:ma/1vv}{juq:juq/1vn};{tuki:tukiq/2v}{si:si/2vv}{na:naq/1vv}{liq:liq/1vv}{tis:tit/1vv}{si:si/1vv}{ma:ma/1vv}{juq:juq/1vn};{tuki:tukiq/1v}{si:si/2vv}{na:naq/1vv}{liq:liq/1vv}{tis:tit/1vv}{si:si/1vv}{ma:ma/1vv}{juq:juq/1vn};{tuki:tukiq/2v}{si:si/2vv}{na:naq/2vn}{liq:liq/3nv}{ti:ji/1vn}{ssi:k&i/1nv}{ma:ma/1vv}{juq:juq/1vn};{tuki:tukiq/1v}{si:si/2vv}{na:naq/2vn}{liq:liq/3nv}{ti:ji/1vn}{ssi:k&i/1nv}{ma:ma/1vv}{juq:juq/1vn};{tuki:tukiq/2v}{si:si/2vv}{na:naq/2vn}{liq:liq/2nv}{ti:ji/1vn}{ssi:k&i/1nv}{ma:ma/1vv}{juq:juq/1vn};{tuki:tukiq/1v}{si:si/2vv}{na:naq/2vn}{liq:liq/2nv}{ti:ji/1vn}{ssi:k&i/1nv}{ma:ma/1vv}{juq:juq/1vn};{tuki:tukiq/2v}{si:si/2vv}{na:naq/1vv}{liq:liq/1vv}{ti:ji/1vn}{ssi:k&i/1nv}{ma:ma/1vv}{juq:juq/1vn};{tuki:tukiq/1v}{si:si/2vv}{na:naq/1vv}{liq:liq/1vv}{ti:ji/1vn}{ssi:k&i/1nv}{ma:ma/1vv}{juq:juq/1vn};{tuki:tukiq/2v}{si:si/2vv}{na:naq/2vn}{liq:liq/3nv}{tis:tit/1vv}{si:siq/1vv}{ma:ma/1vv}{juq:juq/1vn};{tuki:tukiq/1v}{si:si/2vv}{na:naq/2vn}{liq:liq/3nv}{tis:tit/1vv}{si:siq/1vv}{ma:ma/1vv}{juq:juq/1vn};{tuki:tukiq/2v}{si:si/2vv}{na:naq/2vn}{liq:liq/2nv}{tis:tit/1vv}{si:siq/1vv}{ma:ma/1vv}{juq:juq/1vn};{tuki:tukiq/1v}{si:si/2vv}{na:naq/2vn}{liq:liq/2nv}{tis:tit/1vv}{si:siq/1vv}{ma:ma/1vv}{juq:juq/1vn};{tuki:tukiq/2v}{si:si/2vv}{na:naq/1vv}{liq:liq/1vv}{tis:tit/1vv}{si:siq/1vv}{ma:ma/1vv}{juq:juq/1vn};{tuki:tukiq/1v}{si:si/2vv}{na:naq/1vv}{liq:liq/1vv}{tis:tit/1vv}{si:siq/1vv}{ma:ma/1vv}{juq:juq/1vn};{tuki:tukiq/2v}{si:si/2vv}{na:naq/2vn}{liq:liq/3nv}{tis:tit/1vv}{si:si/1vv}{ma:ma/1vv}{juq:juq/tv-ger-3s};{tuki:tukiq/1v}{si:si/2vv}{na:naq/2vn}{liq:liq/3nv}{tis:tit/1vv}{si:si/1vv}{ma:ma/1vv}{juq:juq/tv-ger-3s};{tuki:tukiq/2v}{si:si/2vv}{na:naq/2vn}{liq:liq/2nv}{tis:tit/1vv}{si:si/1vv}{ma:ma/1vv}{juq:juq/tv-ger-3s};{tuki:tukiq/1v}{si:si/2vv}{na:naq/2vn}{liq:liq/2nv}{tis:tit/1vv}{si:si/1vv}{ma:ma/1vv}{juq:juq/tv-ger-3s};{tuki:tukiq/2v}{si:si/2vv}{na:naq/1vv}{liq:liq/1vv}{tis:tit/1vv}{si:si/1vv}{ma:ma/1vv}{juq:juq/tv-ger-3s};{tuki:tukiq/1v}{si:si/2vv}{na:naq/1vv}{liq:liq/1vv}{tis:tit/1vv}{si:si/1vv}{ma:ma/1vv}{juq:juq/tv-ger-3s};{tuki:tukiq/2v}{si:si/2vv}{na:naq/2vn}{liq:liq/3nv}{ti:ji/1vn}{ssi:k&i/1nv}{ma:ma/1vv}{juq:juq/tv-ger-3s};{tuki:tukiq/1v}{si:si/2vv}{na:naq/2vn}{liq:liq/3nv}{ti:ji/1vn}{ssi:k&i/1nv}{ma:ma/1vv}{juq:juq/tv-ger-3s};{tuki:tukiq/2v}{si:si/2vv}{na:naq/2vn}{liq:liq/2nv}{ti:ji/1vn}{ssi:k&i/1nv}{ma:ma/1vv}{juq:juq/tv-ger-3s};{tuki:tukiq/1v}{si:si/2vv}{na:naq/2vn}{liq:liq/2nv}{ti:ji/1vn}{ssi:k&i/1nv}{ma:ma/1vv}{juq:juq/tv-ger-3s};{tuki:tukiq/2v}{si:si/2vv}{na:naq/1vv}{liq:liq/1vv}{ti:ji/1vn}{ssi:k&i/1nv}{ma:ma/1vv}{juq:juq/tv-ger-3s};{tuki:tukiq/1v}{si:si/2vv}{na:naq/1vv}{liq:liq/1vv}{ti:ji/1vn}{ssi:k&i/1nv}{ma:ma/1vv}{juq:juq/tv-ger-3s};{tuki:tukiq/2v}{si:si/2vv}{na:naq/2vn}{liq:liq/3nv}{tis:tit/1vv}{si:siq/1vv}{ma:ma/1vv}{juq:juq/tv-ger-3s};{tuki:tukiq/1v}{si:si/2vv}{na:naq/2vn}{liq:liq/3nv}{tis:tit/1vv}{si:siq/1vv}{ma:ma/1vv}{juq:juq/tv-ger-3s};{tuki:tukiq/2v}{si:si/2vv}{na:naq/2vn}{liq:liq/2nv}{tis:tit/1vv}{si:siq/1vv}{ma:ma/1vv}{juq:juq/tv-ger-3s};{tuki:tukiq/1v}{si:si/2vv}{na:naq/2vn}{liq:liq/2nv}{tis:tit/1vv}{si:siq/1vv}{ma:ma/1vv}{juq:juq/tv-ger-3s};{tuki:tukiq/2v}{si:si/2vv}{na:naq/1vv}{liq:liq/1vv}{tis:tit/1vv}{si:siq/1vv}{ma:ma/1vv}{juq:juq/tv-ger-3s};{tuki:tukiq/1v}{si:si/2vv}{na:naq/1vv}{liq:liq/1vv}{tis:tit/1vv}{si:siq/1vv}{ma:ma/1vv}{juq:juq/tv-ger-3s};{tuki:tuki/1n}{si:si/4nv}{na:naq/2vn}{liq:liq/3nv}{tis:tit/1vv}{sima:sima/1vv}{juq:juq/1vn};{tuki:tuki/1n}{si:si/4nv}{na:naq/2vn}{liq:liq/2nv}{tis:tit/1vv}{sima:sima/1vv}{juq:juq/1vn};{tuki:tuki/1n}{si:si/4nv}{na:naq/1vv}{liq:liq/1vv}{tis:tit/1vv}{sima:sima/1vv}{juq:juq/1vn};{tuki:tuki/1n}{si:si/4nv}{na:naq/2vn}{liq:liq/3nv}{tis:tit/1vv}{sima:sima/1vv}{juq:juq/tv-ger-3s};{tuki:tuki/1n}{si:si/4nv}{na:naq/2vn}{liq:liq/2nv}{tis:tit/1vv}{sima:sima/1vv}{juq:juq/tv-ger-3s};{tuki:tuki/1n}{si:si/4nv}{na:naq/1vv}{liq:liq/1vv}{tis:tit/1vv}{sima:sima/1vv}{juq:juq/tv-ger-3s};{tuki:tuki/1n}{si:si/4nv}{na:naq/2vn}{liq:liq/3nv}{tis:tit/1vv}{si:si/1vv}{ma:ma/1vv}{juq:juq/1vn};{tuki:tuki/1n}{si:si/4nv}{na:naq/2vn}{liq:liq/2nv}{tis:tit/1vv}{si:si/1vv}{ma:ma/1vv}{juq:juq/1vn};{tuki:tuki/1n}{si:si/4nv}{na:naq/1vv}{liq:liq/1vv}{tis:tit/1vv}{si:si/1vv}{ma:ma/1vv}{juq:juq/1vn};{tuki:tuki/1n}{si:si/4nv}{na:naq/2vn}{liq:liq/3nv}{ti:ji/1vn}{ssi:k&i/1nv}{ma:ma/1vv}{juq:juq/1vn};{tuki:tuki/1n}{si:si/4nv}{na:naq/2vn}{liq:liq/2nv}{ti:ji/1vn}{ssi:k&i/1nv}{ma:ma/1vv}{juq:juq/1vn};{tuki:tuki/1n}{si:si/4nv}{na:naq/1vv}{liq:liq/1vv}{ti:ji/1vn}{ssi:k&i/1nv}{ma:ma/1vv}{juq:juq/1vn};{tuki:tuki/1n}{si:si/4nv}{na:naq/2vn}{liq:liq/3nv}{tis:tit/1vv}{si:siq/1vv}{ma:ma/1vv}{juq:juq/1vn};{tuki:tuki/1n}{si:si/4nv}{na:naq/2vn}{liq:liq/2nv}{tis:tit/1vv}{si:siq/1vv}{ma:ma/1vv}{juq:juq/1vn};{tuki:tuki/1n}{si:si/4nv}{na:naq/1vv}{liq:liq/1vv}{tis:tit/1vv}{si:siq/1vv}{ma:ma/1vv}{juq:juq/1vn};{tuki:tuki/1n}{si:si/4nv}{na:naq/2vn}{liq:liq/3nv}{tis:tit/1vv}{si:si/1vv}{ma:ma/1vv}{juq:juq/tv-ger-3s};{tuki:tuki/1n}{si:si/4nv}{na:naq/2vn}{liq:liq/2nv}{tis:tit/1vv}{si:si/1vv}{ma:ma/1vv}{juq:juq/tv-ger-3s};{tuki:tuki/1n}{si:si/4nv}{na:naq/1vv}{liq:liq/1vv}{tis:tit/1vv}{si:si/1vv}{ma:ma/1vv}{juq:juq/tv-ger-3s};{tuki:tuki/1n}{si:si/4nv}{na:naq/2vn}{liq:liq/3nv}{ti:ji/1vn}{ssi:k&i/1nv}{ma:ma/1vv}{juq:juq/tv-ger-3s};{tuki:tuki/1n}{si:si/4nv}{na:naq/2vn}{liq:liq/2nv}{ti:ji/1vn}{ssi:k&i/1nv}{ma:ma/1vv}{juq:juq/tv-ger-3s};{tuki:tuki/1n}{si:si/4nv}{na:naq/1vv}{liq:liq/1vv}{ti:ji/1vn}{ssi:k&i/1nv}{ma:ma/1vv}{juq:juq/tv-ger-3s};{tuki:tuki/1n}{si:si/4nv}{na:naq/2vn}{liq:liq/3nv}{tis:tit/1vv}{si:siq/1vv}{ma:ma/1vv}{juq:juq/tv-ger-3s};{tuki:tuki/1n}{si:si/4nv}{na:naq/2vn}{liq:liq/2nv}{tis:tit/1vv}{si:siq/1vv}{ma:ma/1vv}{juq:juq/tv-ger-3s};{tuki:tuki/1n}{si:si/4nv}{na:naq/1vv}{liq:liq/1vv}{tis:tit/1vv}{si:siq/1vv}{ma:ma/1vv}{juq:juq/tv-ger-3s},False,False,False,False,False,
hansard,tuksiarniq,{tuksiar:tuksiaq/1v}{niq:niq/2vn},False,{tuksiar:tuksiaq/1v}{niq:niq/2vn};{tuksi:tuksiq/1v}{ar:a/1vv}{niq:niq/2vn};{tu:tut/1v}{ksiar:tsiaq/1vv}{niq:niq/2vn},False,False,False,False,False,
hansard,tullia,{tulli:tugli/1n}{a:nga/tn-nom-s-4s},False,{tulli:tullik/1n}{a:nga/tn-nom-s-4s};{tulli:tugliq/1n}{a:nga/tn-nom-s-4s};{tulli:tugli/1n}{a:nga/tn-nom-s-4s},False,False,False,False,False,
hansard,tungaagut,{tunga:tunga/1n}{agut:ngagut/tn-via-s-4s},False,{tunga:tunga/1n}{agut:ngagut/tn-via-s-4s};{tunga:tunnga/1v}{a:a/1vv}{gut:ut/1vn};{tunga:tunga/2v}{a:a/1vv}{gut:ut/1vn},False,False,False,False,False,
hansard,tungilia,{tungili:tungiliq/1n}{a:nga/tn-nom-s-4s},False,{tungili:tungiliq/1n}{a:nga/tn-nom-s-4s};{tungi:tunga/1n}{li:lik/1nn}{a:nga/tn-nom-s-4s};{tungi:tunga/1n}{li:liaq/1nn}{a:nga/tn-nom-s-4s};{tungi:tunga/1n}{lia:liaq/1nn};{tungi:tunga/1n}{lia:liaq/1nn}{:k/tn-nom-d};{tungi:tunga/1n}{lia:liaq/1nn}{:k/tn-gen-d};{tungi:tunga/1n}{lia:liaq/1nn}{:up/tn-gen-s};{tungi:tunga/1n}{lia:liaq/1nn}{:it/tn-nom-p};{tungi:tunga/1n}{lia:liaq/1nn}{:it/tn-gen-p};{tungi:tunga/1n}{lia:liaq/1nn}{:it/tn-nom-s-2s},False,False,False,False,False,
hansard,tungilinga,{tungili:tungiliq/1n}{nga:nga/tn-nom-s-4s},False,{tungili:tungiliq/1n}{nga:nga/tn-nom-s-4s};{tungi:tunga/1n}{li:lik/1nn}{nga:nga/tn-nom-s-4s};{tungili:tungiliq/1n}{nga:ngak/tn-nom-s-4d};{tungili:tungiliq/1n}{nga:ngat/tn-nom-s-4p};{tungi:tunga/1n}{li:lik/1nn}{nga:ngak/tn-nom-s-4d};{tungi:tunga/1n}{li:lik/1nn}{nga:ngat/tn-nom-s-4p},False,False,False,False,False,
hansard,tungilira,{tungili:tungiliq/1n}{ra:ga/tn-nom-s-1s},False,{tungili:tungiliq/1n}{ra:ga/tn-nom-s-1s};{tungi:tunga/1n}{li:liq/3nv}{ra:nak/tv-part-2s};{tungi:tunga/1n}{li:liq/2nv}{ra:nak/tv-part-2s};{tungi:tunga/1n}{li:lik/2nv}{ra:nak/tv-part-1s-2s};{tungi:tunga/1n}{li:lik/3nv}{ra:nak/tv-part-1s-2s};{tungi:tunga/1n}{li:lik/2nv}{ra:nak/tv-part-4s-2s};{tungi:tunga/1n}{li:lik/3nv}{ra:nak/tv-part-4s-2s};{tungi:tunga/1n}{li:lik/2nv}{ra:nak/tv-part-1d-2s};{tungi:tunga/1n}{li:lik/3nv}{ra:nak/tv-part-1d-2s};{tungi:tunga/1n}{li:lik/2nv}{ra:nak/tv-part-4d-2s};{tungi:tunga/1n}{li:lik/3nv}{ra:nak/tv-part-4d-2s};{tungi:tunga/1n}{li:lik/2nv}{ra:nak/tv-part-1p-2s};{tungi:tunga/1n}{li:lik/3nv}{ra:nak/tv-part-1p-2s};{tungi:tunga/1n}{li:lik/2nv}{ra:nak/tv-part-4p-2s};{tungi:tunga/1n}{li:lik/3nv}{ra:nak/tv-part-4p-2s},False,False,False,False,False,
hansard,tunngasugit,{tunnga:tunnga/1v}{su:suk/1vv}{git:git/tv-imp-2s},False,{tunnga:tunnga/1v}{su:suk/1vv}{git:git/tv-imp-2s},False,False,False,False,False,
hansard,tunngasugitsi,{tunnga:tunnga/1v}{su:suk/1vv}{gitsi:gipsi/tv-imp-2p},False,{tunnga:tunnga/1v}{su:suk/1vv}{gitsi:gipsi/tv-imp-2p};{tunnga:tunnga/1v}{su:suk/1vv}{gitsi:gissik/tv-imp-2d},False,False,False,False,False,
hansard,tunngavikkut,{tunnga:tunnga/1v}{vi:vik/3vn}{kkut:kkut/1nn},False,{tunnga:tunnga/1v}{vi:vik/3vn}{kkut:kkut/1nn};{tunnga:tunnga/1v}{vi:vik/3vn}{kkut:kkut/tn-via-s};{tunnga:tunnga/1v}{vi:vik/3vn}{kkut:kkut/tn-via-s-2s};{tunnga:tunnga/1v}{vi:vik/3vn}{kkut:pkut/tn-via-s-1s};{tunnga:tunnga/1v}{vi:vik/3vn}{kkut:pkut/tn-via-p-1s};{tu:tut/1v}{nnga:nngaq/1vv}{vi:vik/3vn}{kkut:kkut/1nn};{tu:tut/1v}{nnga:nngaq/1vv}{vi:vik/3vn}{kkut:kkut/tn-via-s};{tu:tut/1v}{nnga:nngaq/1vv}{vi:vik/3vn}{kkut:kkut/tn-via-s-2s};{tu:tut/1v}{nnga:nngaq/1vv}{vi:vik/3vn}{kkut:pkut/tn-via-s-1s};{tu:tut/1v}{nnga:nngaq/1vv}{vi:vik/3vn}{kkut:pkut/tn-via-p-1s},False,False,False,False,False,Tunngavik Nunavut Inc.
hansard,tununiq,{tununiq:tununiq/1n},False,{tununiq:tununiq/1n};{tununiq:tununiq/2n};{tunu:tunut/1v}{niq:niq/2vn},False,False,False,False,False,
hansard,tupiq,{tupiq:tupiq/1n},False,{tupiq:tupiq/1n},False,False,False,False,False,
hansard,turaangajunik,{turaa:turaaq/1v}{nga:nga/1vv}{ju:juq/1vn}{nik:nik/tn-acc-p},False,{turaa:turaaq/1v}{nga:nga/1vv}{ju:juq/1vn}{nik:nik/tn-acc-p},False,False,False,False,False,
hansard,turaangajunit,{turaa:turaaq/1v}{nga:nga/1vv}{ju:juq/1vn}{nit:nit/tn-abl-p},False,{turaa:turaaq/1v}{nga:nga/1vv}{ju:juq/1vn}{nit:nit/tn-abl-p},False,False,False,False,False,
hansard,turaangajuq,{turaa:turaaq/1v}{nga:nga/1vv}{juq:juq/1vn},False,{turaa:turaaq/1v}{nga:nga/1vv}{juq:juq/1vn};{turaa:turaaq/1v}{nga:nga/1vv}{juq:juq/tv-ger-3s},False,False,False,False,False,
hansard,turaangajut,{turaa:turaaq/1v}{nga:nga/1vv}{jut:jut/tv-ger-3p},False,{turaa:turaaq/1v}{nga:nga/1vv}{jut:jut/tv-ger-3p},False,False,False,False,False,
hansard,tusaajaqtuqsimajunik,{tusaa:tusaa/1v}{jaqtuq:jaqtuq/1vv}{sima:sima/1vv}{ju:juq/1vn}{nik:nik/tn-acc-p},False,{tusaa:tusaa/1v}{jaqtuq:jaqtuq/1vv}{sima:sima/1vv}{ju:juq/1vn}{nik:nik/tn-acc-p};{tusaa:tusaa/1v}{jaqtuq:jaqtuq/1vv}{si:si/2vv}{ma:ma/1vv}{ju:juq/1vn}{nik:nik/tn-acc-p};{tusaa:tusaa/1v}{jaqtuq:jaqtuq/1vv}{si:siq/1vv}{ma:ma/1vv}{ju:juq/1vn}{nik:nik/tn-acc-p};{tusaa:tusaa/1v}{jaq:jaq/1vn}{tuq:tuq/1nv}{sima:sima/1vv}{ju:juq/1vn}{nik:nik/tn-acc-p};{tusaa:tusaa/1v}{jaq:jaq/2vv}{tuq:tuq/1vv}{sima:sima/1vv}{ju:juq/1vn}{nik:nik/tn-acc-p};{tusaa:tusaa/1v}{ja:jaq/1vn}{qtuq:ttuq/1nv}{sima:sima/1vv}{ju:juq/1vn}{nik:nik/tn-acc-p};{tusa:tusaq/1v}{a:a/1vv}{jaqtuq:jaqtuq/1vv}{sima:sima/1vv}{ju:juq/1vn}{nik:nik/tn-acc-p};{tusaa:tusaa/1v}{jaq:jaq/2vv}{tuq:juq/1vn}{si:si/4nv}{ma:ma/1vv}{ju:juq/1vn}{nik:nik/tn-acc-p};{tusaa:tusaa/1v}{jaq:jaq/1vn}{tuq:tuq/1nv}{si:si/2vv}{ma:ma/1vv}{ju:juq/1vn}{nik:nik/tn-acc-p};{tusaa:tusaa/1v}{jaq:jaq/2vv}{tuq:tuq/1vv}{si:si/2vv}{ma:ma/1vv}{ju:juq/1vn}{nik:nik/tn-acc-p};{tusaa:tusaa/1v}{ja:jaq/1vn}{qtuq:ttuq/1nv}{si:si/2vv}{ma:ma/1vv}{ju:juq/1vn}{nik:nik/tn-acc-p};{tusa:tusaq/1v}{a:a/1vv}{jaqtuq:jaqtuq/1vv}{si:si/2vv}{ma:ma/1vv}{ju:juq/1vn}{nik:nik/tn-acc-p};{tusaa:tusaa/1v}{jaq:jaq/1vn}{tuq:tuq/1nv}{si:siq/1vv}{ma:ma/1vv}{ju:juq/1vn}{nik:nik/tn-acc-p};{tusaa:tusaa/1v}{jaq:jaq/2vv}{tuq:tuq/1vv}{si:siq/1vv}{ma:ma/1vv}{ju:juq/1vn}{nik:nik/tn-acc-p};{tusaa:tusaa/1v}{ja:jaq/1vn}{qtuq:ttuq/1nv}{si:siq/1vv}{ma:ma/1vv}{ju:juq/1vn}{nik:nik/tn-acc-p};{tusa:tusaq/1v}{a:a/1vv}{jaqtuq:jaqtuq/1vv}{si:siq/1vv}{ma:ma/1vv}{ju:juq/1vn}{nik:nik/tn-acc-p};{tusa:tusaq/1v}{a:a/1vv}{jaq:jaq/1vn}{tuq:tuq/1nv}{sima:sima/1vv}{ju:juq/1vn}{nik:nik/tn-acc-p};{tusa:tusaq/1v}{a:a/1vv}{jaq:jaq/2vv}{tuq:tuq/1vv}{sima:sima/1vv}{ju:juq/1vn}{nik:nik/tn-acc-p};{tusa:tusaq/1v}{a:a/1vv}{ja:jaq/1vn}{qtuq:ttuq/1nv}{sima:sima/1vv}{ju:juq/1vn}{nik:nik/tn-acc-p};{tusa:tusaq/1v}{a:a/1vv}{jaq:jaq/2vv}{tuq:juq/1vn}{si:si/4nv}{ma:ma/1vv}{ju:juq/1vn}{nik:nik/tn-acc-p};{tusa:tusaq/1v}{a:a/1vv}{jaq:jaq/1vn}{tuq:tuq/1nv}{si:si/2vv}{ma:ma/1vv}{ju:juq/1vn}{nik:nik/tn-acc-p};{tusa:tusaq/1v}{a:a/1vv}{jaq:jaq/2vv}{tuq:tuq/1vv}{si:si/2vv}{ma:ma/1vv}{ju:juq/1vn}{nik:nik/tn-acc-p};{tusa:tusaq/1v}{a:a/1vv}{ja:jaq/1vn}{qtuq:ttuq/1nv}{si:si/2vv}{ma:ma/1vv}{ju:juq/1vn}{nik:nik/tn-acc-p};{tusa:tusaq/1v}{a:a/1vv}{jaq:jaq/1vn}{tuq:tuq/1nv}{si:siq/1vv}{ma:ma/1vv}{ju:juq/1vn}{nik:nik/tn-acc-p};{tusa:tusaq/1v}{a:a/1vv}{jaq:jaq/2vv}{tuq:tuq/1vv}{si:siq/1vv}{ma:ma/1vv}{ju:juq/1vn}{nik:nik/tn-acc-p};{tusa:tusaq/1v}{a:a/1vv}{ja:jaq/1vn}{qtuq:ttuq/1nv}{si:siq/1vv}{ma:ma/1vv}{ju:juq/1vn}{nik:nik/tn-acc-p};{tu:tut/1v}{saa:saaq/1vv}{jaq:jaq/2vv}{tuq:tuq/1vv}{sima:sima/1vv}{ju:juq/1vn}{nik:nik/tn-acc-p};{tu:tut/1v}{saa:saaq/1vv}{jaq:jaq/2vv}{tuq:juq/1vn}{si:si/4nv}{ma:ma/1vv}{ju:juq/1vn}{nik:nik/tn-acc-p};{tu:tut/1v}{saa:saaq/1vv}{jaq:jaq/2vv}{tuq:tuq/1vv}{si:si/2vv}{ma:ma/1vv}{ju:juq/1vn}{nik:nik/tn-acc-p};{tu:tut/1v}{saa:saaq/1vv}{jaq:jaq/2vv}{tuq:tuq/1vv}{si:siq/1vv}{ma:ma/1vv}{ju:juq/1vn}{nik:nik/tn-acc-p},False,False,False,False,False,
hansard,tusaaji,{tusaaji:tusaaji/1n},False,{tusaaji:tusaaji/1n};{tusaa:tusaa/1v}{ji:ji/1vn};{tusa:tusaq/1v}{a:a/1vv}{ji:ji/1vn},False,False,False,False,False,
hansard,tusaajikkut,{tusaaji:tusaaji/1n}{kkut:kkut/1nn},False,{tusaaji:tusaaji/1n}{kkut:kkut/1nn};{tusaaji:tusaaji/1n}{kkut:kkut/tn-via-s};{tusaaji:tusaaji/1n}{kkut:kkut/tn-via-s-2s};{tusaaji:tusaaji/1n}{kkut:pkut/tn-via-s-1s};{tusaaji:tusaaji/1n}{kkut:pkut/tn-via-p-1s};{tusaa:tusaa/1v}{ji:ji/1vn}{kkut:kkut/1nn};{tusaa:tusaa/1v}{ji:ji/1vn}{kkut:kkut/tn-via-s};{tusaa:tusaa/1v}{ji:ji/1vn}{kkut:kkut/tn-via-s-2s};{tusaa:tusaa/1v}{ji:ji/1vn}{kkut:pkut/tn-via-s-1s};{tusaa:tusaa/1v}{ji:ji/1vn}{kkut:pkut/tn-via-p-1s};{tusa:tusaq/1v}{a:a/1vv}{ji:ji/1vn}{kkut:kkut/1nn};{tusa:tusaq/1v}{a:a/1vv}{ji:ji/1vn}{kkut:kkut/tn-via-s};{tusa:tusaq/1v}{a:a/1vv}{ji:ji/1vn}{kkut:kkut/tn-via-s-2s};{tusa:tusaq/1v}{a:a/1vv}{ji:ji/1vn}{kkut:pkut/tn-via-s-1s};{tusa:tusaq/1v}{a:a/1vv}{ji:ji/1vn}{kkut:pkut/tn-via-p-1s},False,False,False,False,False,
hansard,tusaajitigu,{tusaaji:tusaaji/1n}{tigu:tigut/tn-via-p},False,{tusaaji:tusaaji/1n}{tigu:tigut/tn-via-p};{tusaa:tusaa/1v}{ji:ji/1vn}{tigu:tigut/tn-via-p};{tusa:tusaq/1v}{a:a/1vv}{ji:ji/1vn}{tigu:tigut/tn-via-p},False,False,False,False,False,
hansard,tusaajitigut,{tusaaji:tusaaji/1n}{tigut:tigut/tn-via-p},False,{tusaaji:tusaaji/1n}{tigut:tigut/tn-via-p};{tusaa:tusaa/1v}{ji:ji/1vn}{tigut:tigut/tn-via-p};{tusa:tusaq/1v}{a:a/1vv}{ji:ji/1vn}{tigut:tigut/tn-via-p},False,False,False,False,False,
hansard,tusaajitiguuqtuq,{tusaaji:tusaaji/1n}{tigu:tigut/tn-via-p}{uq:uq/1nv}{tuq:juq/1vn},False,{tusaaji:tusaaji/1n}{tigu:tigut/tn-via-p}{uq:uq/1nv}{tuq:juq/1vn};{tusaaji:tusaaji/1n}{tigu:tigut/tn-via-p}{uq:uq/1nv}{tuq:juq/tv-ger-3s};{tusaa:tusaa/1v}{ji:ji/1vn}{tigu:tigut/tn-via-p}{uq:uq/1nv}{tuq:juq/1vn};{tusaa:tusaa/1v}{ji:ji/1vn}{tigu:tigut/tn-via-p}{uq:uq/1nv}{tuq:juq/tv-ger-3s};{tusa:tusaq/1v}{a:a/1vv}{ji:ji/1vn}{tigu:tigut/tn-via-p}{uq:uq/1nv}{tuq:juq/1vn};{tusa:tusaq/1v}{a:a/1vv}{ji:ji/1vn}{tigu:tigut/tn-via-p}{uq:uq/1nv}{tuq:juq/tv-ger-3s},False,False,False,False,False,
hansard,tusaajitiguurunniiqtuq,{tusaaji:tusaaji/1n}{tigu:tigut/tn-via-p}{u:uq/1nv}{runniiq:junniiq/1vv}{tuq:juq/1vn},False,{tusaaji:tusaaji/1n}{tigu:tigut/tn-via-p}{u:uq/1nv}{runniiq:junniiq/1vv}{tuq:juq/1vn};{tusaaji:tusaaji/1n}{tigu:tigut/tn-via-p}{u:uq/1nv}{runniiq:junniiq/1vv}{tuq:juq/tv-ger-3s};{tusaaji:tusaaji/1n}{tigu:tigut/tn-via-p}{u:uq/1nv}{run:jjut/1vn}{ni:ni/tn-loc-p}{iq:it/1nv}{tuq:juq/1vn};{tusaaji:tusaaji/1n}{tigu:tigut/tn-via-p}{u:uq/1nv}{run:ut/1vn}{ni:ni/tn-loc-p}{iq:it/1nv}{tuq:juq/1vn};{tusaaji:tusaaji/1n}{tigu:tigut/tn-via-p}{u:uq/1nv}{run:jjut/1vn}{ni:ni/tn-loc-p}{iq:it/1nv}{tuq:juq/tv-ger-3s};{tusaaji:tusaaji/1n}{tigu:tigut/tn-via-p}{u:uq/1nv}{run:ut/1vn}{ni:ni/tn-loc-p}{iq:it/1nv}{tuq:juq/tv-ger-3s};{tusaa:tusaa/1v}{ji:ji/1vn}{tigu:tigut/tn-via-p}{u:uq/1nv}{runniiq:junniiq/1vv}{tuq:juq/1vn};{tusaa:tusaa/1v}{ji:ji/1vn}{tigu:tigut/tn-via-p}{u:uq/1nv}{runniiq:junniiq/1vv}{tuq:juq/tv-ger-3s};{tusa:tusaq/1v}{a:a/1vv}{ji:ji/1vn}{tigu:tigut/tn-via-p}{u:uq/1nv}{runniiq:junniiq/1vv}{tuq:juq/1vn};{tusa:tusaq/1v}{a:a/1vv}{ji:ji/1vn}{tigu:tigut/tn-via-p}{u:uq/1nv}{runniiq:junniiq/1vv}{tuq:juq/tv-ger-3s};{tusaa:tusaa/1v}{ji:ji/1vn}{tigu:tigut/tn-via-p}{u:uq/1nv}{run:jjut/1vn}{ni:ni/tn-loc-p}{iq:it/1nv}{tuq:juq/1vn};{tusaa:tusaa/1v}{ji:ji/1vn}{tigu:tigut/tn-via-p}{u:uq/1nv}{run:ut/1vn}{ni:ni/tn-loc-p}{iq:it/1nv}{tuq:juq/1vn};{tusaa:tusaa/1v}{ji:ji/1vn}{tigu:tigut/tn-via-p}{u:uq/1nv}{run:jjut/1vn}{ni:ni/tn-loc-p}{iq:it/1nv}{tuq:juq/tv-ger-3s};{tusaa:tusaa/1v}{ji:ji/1vn}{tigu:tigut/tn-via-p}{u:uq/1nv}{run:ut/1vn}{ni:ni/tn-loc-p}{iq:it/1nv}{tuq:juq/tv-ger-3s};{tusa:tusaq/1v}{a:a/1vv}{ji:ji/1vn}{tigu:tigut/tn-via-p}{u:uq/1nv}{run:jjut/1vn}{ni:ni/tn-loc-p}{iq:it/1nv}{tuq:juq/1vn};{tusa:tusaq/1v}{a:a/1vv}{ji:ji/1vn}{tigu:tigut/tn-via-p}{u:uq/1nv}{run:ut/1vn}{ni:ni/tn-loc-p}{iq:it/1nv}{tuq:juq/1vn};{tusa:tusaq/1v}{a:a/1vv}{ji:ji/1vn}{tigu:tigut/tn-via-p}{u:uq/1nv}{run:jjut/1vn}{ni:ni/tn-loc-p}{iq:it/1nv}{tuq:juq/tv-ger-3s};{tusa:tusaq/1v}{a:a/1vv}{ji:ji/1vn}{tigu:tigut/tn-via-p}{u:uq/1nv}{run:ut/1vn}{ni:ni/tn-loc-p}{iq:it/1nv}{tuq:juq/tv-ger-3s},False,False,False,False,False,
hansard,tusaajititigu,{tusaaji:tusaaji/1n}{titigut:tigut/tn-via-p},False,,True,False,False,False,False,
hansard,tusarumatuinnaqtunga,{tusa:tusaq/1v}{ruma:juma/1vv}{tuinnaq:tuinnaq/1vv}{tunga:junga/tv-ger-1s},False,{tusa:tusaq/1v}{ruma:juma/1vv}{tuinnaq:tuinnaq/1vv}{tunga:junga/tv-ger-1s};{tusa:tusaq/1v}{ruma:juma/1vv}{tuinnaq:tuinnaq/1vv}{tunga:lunga/tv-part-1s-prespas};{tusa:tusaq/1v}{ruma:juma/1vv}{tuinnaq:tuinnaq/1vv}{tunga:lunga/tv-part-2s-1s-prespas};{tusa:tusaq/1v}{ruma:juma/1vv}{tuinnaq:tuinnaq/1vv}{tunga:lunga/tv-part-4s-1s-prespas};{tusa:tusaq/1v}{ruma:juma/1vv}{tuinnaq:tuinnaq/1vv}{tunga:lunga/tv-part-2d-1s-prespas};{tusa:tusaq/1v}{ruma:juma/1vv}{tuinnaq:tuinnaq/1vv}{tunga:lunga/tv-part-4d-1s-prespas};{tusa:tusaq/1v}{ruma:juma/1vv}{tuinnaq:tuinnaq/1vv}{tunga:lunga/tv-part-2p-1s-prespas};{tusa:tusaq/1v}{ruma:juma/1vv}{tuinnaq:tuinnaq/1vv}{tunga:lunga/tv-part-4p-1s-prespas};{tusa:tusaq/1v}{ruma:juma/1vv}{tuinnaq:tuinnaq/1vv}{tu:juq/1vn}{nga:nga/tn-nom-s-4s};{tusa:tusaq/1v}{ruma:juma/1vv}{tuinnaq:tuinnaq/1vv}{tu:tuq/1vv}{nga:nnga/tv-imp-2s-1s};{tusa:tusaq/1v}{ruma:juma/1vv}{tu:tu/1vv}{innaq:innaq/2vv}{tunga:junga/tv-ger-1s};{tusa:tusaq/1v}{ruma:juma/1vv}{tu:tuq/1vv}{innaq:innaq/2vv}{tunga:junga/tv-ger-1s};{tusa:tusaq/1v}{ruma:juma/1vv}{tu:tu/1vv}{innaq:innaq/2vv}{tunga:lunga/tv-part-1s-prespas};{tusa:tusaq/1v}{ruma:juma/1vv}{tu:tuq/1vv}{innaq:innaq/2vv}{tunga:lunga/tv-part-1s-prespas};{tusa:tusaq/1v}{ruma:juma/1vv}{tu:tu/1vv}{innaq:innaq/2vv}{tunga:lunga/tv-part-2s-1s-prespas};{tusa:tusaq/1v}{ruma:juma/1vv}{tu:tuq/1vv}{innaq:innaq/2vv}{tunga:lunga/tv-part-2s-1s-prespas};{tusa:tusaq/1v}{ruma:juma/1vv}{tu:tu/1vv}{innaq:innaq/2vv}{tunga:lunga/tv-part-4s-1s-prespas};{tusa:tusaq/1v}{ruma:juma/1vv}{tu:tuq/1vv}{innaq:innaq/2vv}{tunga:lunga/tv-part-4s-1s-prespas};{tusa:tusaq/1v}{ruma:juma/1vv}{tu:tu/1vv}{innaq:innaq/2vv}{tunga:lunga/tv-part-2d-1s-prespas};{tusa:tusaq/1v}{ruma:juma/1vv}{tu:tuq/1vv}{innaq:innaq/2vv}{tunga:lunga/tv-part-2d-1s-prespas};{tusa:tusaq/1v}{ruma:juma/1vv}{tu:tu/1vv}{innaq:innaq/2vv}{tunga:lunga/tv-part-4d-1s-prespas};{tusa:tusaq/1v}{ruma:juma/1vv}{tu:tuq/1vv}{innaq:innaq/2vv}{tunga:lunga/tv-part-4d-1s-prespas};{tusa:tusaq/1v}{ruma:juma/1vv}{tu:tu/1vv}{innaq:innaq/2vv}{tunga:lunga/tv-part-2p-1s-prespas};{tusa:tusaq/1v}{ruma:juma/1vv}{tu:tuq/1vv}{innaq:innaq/2vv}{tunga:lunga/tv-part-2p-1s-prespas};{tusa:tusaq/1v}{ruma:juma/1vv}{tu:tu/1vv}{innaq:innaq/2vv}{tunga:lunga/tv-part-4p-1s-prespas};{tusa:tusaq/1v}{ruma:juma/1vv}{tu:tuq/1vv}{innaq:innaq/2vv}{tunga:lunga/tv-part-4p-1s-prespas};{tusa:tusaq/1v}{ruma:juma/1vv}{tu:tu/1vv}{innaq:innaq/2vv}{tu:juq/1vn}{nga:nga/tn-nom-s-4s};{tusa:tusaq/1v}{ruma:juma/1vv}{tu:tuq/1vv}{innaq:innaq/2vv}{tu:juq/1vn}{nga:nga/tn-nom-s-4s};{tusa:tusaq/1v}{ruma:juma/1vv}{tu:tu/1vv}{innaq:innaq/2vv}{tu:tuq/1vv}{nga:nnga/tv-imp-2s-1s};{tusa:tusaq/1v}{ruma:juma/1vv}{tu:tuq/1vv}{innaq:innaq/2vv}{tu:tuq/1vv}{nga:nnga/tv-imp-2s-1s};{tusa:tusaq/1v}{ruma:juma/1vv}{tu:tuq/1vv}{i:i/1vv}{nnaq:naq/1vv}{tunga:junga/tv-ger-1s};{tusa:tusaq/1v}{ruma:juma/1vv}{tu:tuq/1vv}{i:i/1vv}{nnaq:naq/1vv}{tunga:lunga/tv-part-1s-prespas};{tusa:tusaq/1v}{ruma:juma/1vv}{tu:tuq/1vv}{i:i/1vv}{nnaq:naq/1vv}{tunga:lunga/tv-part-2s-1s-prespas};{tusa:tusaq/1v}{ruma:juma/1vv}{tu:tuq/1vv}{i:i/1vv}{nnaq:naq/1vv}{tunga:lunga/tv-part-4s-1s-prespas};{tusa:tusaq/1v}{ruma:juma/1vv}{tu:tuq/1vv}{i:i/1vv}{nnaq:naq/1vv}{tunga:lunga/tv-part-2d-1s-prespas};{tusa:tusaq/1v}{ruma:juma/1vv}{tu:tuq/1vv}{i:i/1vv}{nnaq:naq/1vv}{tunga:lunga/tv-part-4d-1s-prespas};{tusa:tusaq/1v}{ruma:juma/1vv}{tu:tuq/1vv}{i:i/1vv}{nnaq:naq/1vv}{tunga:lunga/tv-part-2p-1s-prespas};{tusa:tusaq/1v}{ruma:juma/1vv}{tu:tuq/1vv}{i:i/1vv}{nnaq:naq/1vv}{tunga:lunga/tv-part-4p-1s-prespas};{tusa:tusaq/1v}{ruma:juma/1vv}{tu:tuq/1vv}{i:i/1vv}{nnaq:naq/1vv}{tu:juq/1vn}{nga:nga/tn-nom-s-4s};{tusa:tusaq/1v}{ruma:juma/1vv}{tu:tuq/1vv}{i:i/1vv}{nnaq:naq/2vn}{tu:tuq/1nv}{nga:nnga/tv-imp-2s-1s};{tusa:tusaq/1v}{ruma:juma/1vv}{tu:tuq/1vv}{i:i/1vv}{nnaq:naq/1vv}{tu:tuq/1vv}{nga:nnga/tv-imp-2s-1s};{tusa:tusaq/1v}{ruma:juma/1vv}{tu:tuq/1vv}{i:i/1vv}{nna:naq/2vn}{qtu:ttuq/1nv}{nga:nnga/tv-imp-2s-1s};{tu:tut/1v}{sa:saq/1vv}{ruma:juma/1vv}{tuinnaq:tuinnaq/1vv}{tunga:junga/tv-ger-1s};{tu:tut/1v}{sa:saq/1vv}{ruma:juma/1vv}{tuinnaq:tuinnaq/1vv}{tunga:lunga/tv-part-1s-prespas};{tu:tut/1v}{sa:saq/1vv}{ruma:juma/1vv}{tuinnaq:tuinnaq/1vv}{tunga:lunga/tv-part-2s-1s-prespas};{tu:tut/1v}{sa:saq/1vv}{ruma:juma/1vv}{tuinnaq:tuinnaq/1vv}{tunga:lunga/tv-part-4s-1s-prespas};{tu:tut/1v}{sa:saq/1vv}{ruma:juma/1vv}{tuinnaq:tuinnaq/1vv}{tunga:lunga/tv-part-2d-1s-prespas};{tu:tut/1v}{sa:saq/1vv}{ruma:juma/1vv}{tuinnaq:tuinnaq/1vv}{tunga:lunga/tv-part-4d-1s-prespas};{tu:tut/1v}{sa:saq/1vv}{ruma:juma/1vv}{tuinnaq:tuinnaq/1vv}{tunga:lunga/tv-part-2p-1s-prespas};{tu:tut/1v}{sa:saq/1vv}{ruma:juma/1vv}{tuinnaq:tuinnaq/1vv}{tunga:lunga/tv-part-4p-1s-prespas};{tu:tut/1v}{sa:saq/1vv}{ruma:juma/1vv}{tuinnaq:tuinnaq/1vv}{tu:juq/1vn}{nga:nga/tn-nom-s-4s};{tu:tut/1v}{sa:saq/1vv}{ruma:juma/1vv}{tuinnaq:tuinnaq/1vv}{tu:tuq/1vv}{nga:nnga/tv-imp-2s-1s};{tu:tut/1v}{sa:saq/1vv}{ruma:juma/1vv}{tu:tu/1vv}{innaq:innaq/2vv}{tunga:junga/tv-ger-1s};{tu:tut/1v}{sa:saq/1vv}{ruma:juma/1vv}{tu:tuq/1vv}{innaq:innaq/2vv}{tunga:junga/tv-ger-1s};{tu:tut/1v}{sa:saq/1vv}{ruma:juma/1vv}{tu:tu/1vv}{innaq:innaq/2vv}{tunga:lunga/tv-part-1s-prespas};{tu:tut/1v}{sa:saq/1vv}{ruma:juma/1vv}{tu:tuq/1vv}{innaq:innaq/2vv}{tunga:lunga/tv-part-1s-prespas};{tu:tut/1v}{sa:saq/1vv}{ruma:juma/1vv}{tu:tu/1vv}{innaq:innaq/2vv}{tunga:lunga/tv-part-2s-1s-prespas};{tu:tut/1v}{sa:saq/1vv}{ruma:juma/1vv}{tu:tuq/1vv}{innaq:innaq/2vv}{tunga:lunga/tv-part-2s-1s-prespas};{tu:tut/1v}{sa:saq/1vv}{ruma:juma/1vv}{tu:tu/1vv}{innaq:innaq/2vv}{tunga:lunga/tv-part-4s-1s-prespas};{tu:tut/1v}{sa:saq/1vv}{ruma:juma/1vv}{tu:tuq/1vv}{innaq:innaq/2vv}{tunga:lunga/tv-part-4s-1s-prespas};{tu:tut/1v}{sa:saq/1vv}{ruma:juma/1vv}{tu:tu/1vv}{innaq:innaq/2vv}{tunga:lunga/tv-part-2d-1s-prespas};{tu:tut/1v}{sa:saq/1vv}{ruma:juma/1vv}{tu:tuq/1vv}{innaq:innaq/2vv}{tunga:lunga/tv-part-2d-1s-prespas};{tu:tut/1v}{sa:saq/1vv}{ruma:juma/1vv}{tu:tu/1vv}{innaq:innaq/2vv}{tunga:lunga/tv-part-4d-1s-prespas};{tu:tut/1v}{sa:saq/1vv}{ruma:juma/1vv}{tu:tuq/1vv}{innaq:innaq/2vv}{tunga:lunga/tv-part-4d-1s-prespas};{tu:tut/1v}{sa:saq/1vv}{ruma:juma/1vv}{tu:tu/1vv}{innaq:innaq/2vv}{tunga:lunga/tv-part-2p-1s-prespas};{tu:tut/1v}{sa:saq/1vv}{ruma:juma/1vv}{tu:tuq/1vv}{innaq:innaq/2vv}{tunga:lunga/tv-part-2p-1s-prespas};{tu:tut/1v}{sa:saq/1vv}{ruma:juma/1vv}{tu:tu/1vv}{innaq:innaq/2vv}{tunga:lunga/tv-part-4p-1s-prespas};{tu:tut/1v}{sa:saq/1vv}{ruma:juma/1vv}{tu:tuq/1vv}{innaq:innaq/2vv}{tunga:lunga/tv-part-4p-1s-prespas};{tu:tut/1v}{sa:saq/1vv}{ruma:juma/1vv}{tu:tu/1vv}{innaq:innaq/2vv}{tu:juq/1vn}{nga:nga/tn-nom-s-4s};{tu:tut/1v}{sa:saq/1vv}{ruma:juma/1vv}{tu:tuq/1vv}{innaq:innaq/2vv}{tu:juq/1vn}{nga:nga/tn-nom-s-4s};{tu:tut/1v}{sa:saq/1vv}{ruma:juma/1vv}{tu:tu/1vv}{innaq:innaq/2vv}{tu:tuq/1vv}{nga:nnga/tv-imp-2s-1s};{tu:tut/1v}{sa:saq/1vv}{ruma:juma/1vv}{tu:tuq/1vv}{innaq:innaq/2vv}{tu:tuq/1vv}{nga:nnga/tv-imp-2s-1s};{tu:tut/1v}{sa:saq/1vv}{ruma:juma/1vv}{tu:tuq/1vv}{i:i/1vv}{nnaq:naq/1vv}{tunga:junga/tv-ger-1s};{tu:tut/1v}{sa:saq/1vv}{ruma:juma/1vv}{tu:tuq/1vv}{i:i/1vv}{nnaq:naq/1vv}{tunga:lunga/tv-part-1s-prespas};{tu:tut/1v}{sa:saq/1vv}{ruma:juma/1vv}{tu:tuq/1vv}{i:i/1vv}{nnaq:naq/1vv}{tunga:lunga/tv-part-2s-1s-prespas};{tu:tut/1v}{sa:saq/1vv}{ruma:juma/1vv}{tu:tuq/1vv}{i:i/1vv}{nnaq:naq/1vv}{tunga:lunga/tv-part-4s-1s-prespas};{tu:tut/1v}{sa:saq/1vv}{ruma:juma/1vv}{tu:tuq/1vv}{i:i/1vv}{nnaq:naq/1vv}{tunga:lunga/tv-part-2d-1s-prespas};{tu:tut/1v}{sa:saq/1vv}{ruma:juma/1vv}{tu:tuq/1vv}{i:i/1vv}{nnaq:naq/1vv}{tunga:lunga/tv-part-4d-1s-prespas};{tu:tut/1v}{sa:saq/1vv}{ruma:juma/1vv}{tu:tuq/1vv}{i:i/1vv}{nnaq:naq/1vv}{tunga:lunga/tv-part-2p-1s-prespas};{tu:tut/1v}{sa:saq/1vv}{ruma:juma/1vv}{tu:tuq/1vv}{i:i/1vv}{nnaq:naq/1vv}{tunga:lunga/tv-part-4p-1s-prespas};{tu:tut/1v}{sa:saq/1vv}{ruma:juma/1vv}{tu:tuq/1vv}{i:i/1vv}{nnaq:naq/1vv}{tu:juq/1vn}{nga:nga/tn-nom-s-4s};{tu:tut/1v}{sa:saq/1vv}{ruma:juma/1vv}{tu:tuq/1vv}{i:i/1vv}{nnaq:naq/2vn}{tu:tuq/1nv}{nga:nnga/tv-imp-2s-1s};{tu:tut/1v}{sa:saq/1vv}{ruma:juma/1vv}{tu:tuq/1vv}{i:i/1vv}{nnaq:naq/1vv}{tu:tuq/1vv}{nga:nnga/tv-imp-2s-1s};{tu:tut/1v}{sa:saq/1vv}{ruma:juma/1vv}{tu:tuq/1vv}{i:i/1vv}{nna:naq/2vn}{qtu:ttuq/1nv}{nga:nnga/tv-imp-2s-1s};{tusa:tusaq/1v}{ruma:juma/1vv}{tuinnaq:tuinnaq/1vv}{tu:juq/1vn}{nga:ngak/tn-nom-s-4d};{tusa:tusaq/1v}{ruma:juma/1vv}{tuinnaq:tuinnaq/1vv}{tu:juq/1vn}{nga:ngat/tn-nom-s-4p};{tusa:tusaq/1v}{ruma:juma/1vv}{tu:tu/1vv}{innaq:innaq/2vv}{tu:juq/1vn}{nga:ngak/tn-nom-s-4d};{tusa:tusaq/1v}{ruma:juma/1vv}{tu:tuq/1vv}{innaq:innaq/2vv}{tu:juq/1vn}{nga:ngak/tn-nom-s-4d};{tusa:tusaq/1v}{ruma:juma/1vv}{tu:tu/1vv}{innaq:innaq/2vv}{tu:juq/1vn}{nga:ngat/tn-nom-s-4p};{tusa:tusaq/1v}{ruma:juma/1vv}{tu:tuq/1vv}{innaq:innaq/2vv}{tu:juq/1vn}{nga:ngat/tn-nom-s-4p};{tusa:tusaq/1v}{ruma:juma/1vv}{tu:tuq/1vv}{i:i/1vv}{nnaq:naq/1vv}{tu:juq/1vn}{nga:ngak/tn-nom-s-4d};{tusa:tusaq/1v}{ruma:juma/1vv}{tu:tuq/1vv}{i:i/1vv}{nnaq:naq/1vv}{tu:juq/1vn}{nga:ngat/tn-nom-s-4p};{tu:tut/1v}{sa:saq/1vv}{ruma:juma/1vv}{tuinnaq:tuinnaq/1vv}{tu:juq/1vn}{nga:ngak/tn-nom-s-4d};{tu:tut/1v}{sa:saq/1vv}{ruma:juma/1vv}{tuinnaq:tuinnaq/1vv}{tu:juq/1vn}{nga:ngat/tn-nom-s-4p};{tu:tut/1v}{sa:saq/1vv}{ruma:juma/1vv}{tu:tu/1vv}{innaq:innaq/2vv}{tu:juq/1vn}{nga:ngak/tn-nom-s-4d};{tu:tut/1v}{sa:saq/1vv}{ruma:juma/1vv}{tu:tuq/1vv}{innaq:innaq/2vv}{tu:juq/1vn}{nga:ngak/tn-nom-s-4d};{tu:tut/1v}{sa:saq/1vv}{ruma:juma/1vv}{tu:tu/1vv}{innaq:innaq/2vv}{tu:juq/1vn}{nga:ngat/tn-nom-s-4p};{tu:tut/1v}{sa:saq/1vv}{ruma:juma/1vv}{tu:tuq/1vv}{innaq:innaq/2vv}{tu:juq/1vn}{nga:ngat/tn-nom-s-4p};{tu:tut/1v}{sa:saq/1vv}{ruma:juma/1vv}{tu:tuq/1vv}{i:i/1vv}{nnaq:naq/1vv}{tu:juq/1vn}{nga:ngak/tn-nom-s-4d};{tu:tut/1v}{sa:saq/1vv}{ruma:juma/1vv}{tu:tuq/1vv}{i:i/1vv}{nnaq:naq/1vv}{tu:juq/1vn}{nga:ngat/tn-nom-s-4p},False,False,False,False,False,
hansard,tutu,[decomposition:/tutu(tutu)/],False,,False,False,False,False,True,
hansard,tutuu,[decomposition:/tutuu(tutuu)/],False,,False,False,False,False,True,
hansard,tuutu,[decomposition:/tuutu(tuutu)/],False,,False,False,False,False,True,
hansard,tuutuu,[decomposition:/tuutuu(tuutuu)/],False,,False,False,False,False,True,
hansard,puraian,,True,,False,False,False,False,True,Brian
hansard,vuraian,,True,,False,False,False,False,True,Brian
hansard,vuraijan,,True,,False,False,False,False,True,Brian
hansard,uannangani,{uanna:uangnaq/1n}{ngani:ngani/tn-loc-s-4s},False,{uanna:uangnaq/1n}{ngani:ngani/tn-loc-s-4s};{ua:ua/1v}{nna:naq/2vn}{ngani:ngani/tn-loc-s-4s};{ua:ua/1v}{n:t/1vv}{na:naq/2vn}{ngani:ngani/tn-loc-s-4s};{uanna:uangnaq/1n}{ngani:nganik/tn-acc-s-4s};{uanna:uangnaq/1n}{ngani:nganit/tn-abl-s-4s};{uanna:uangnaq/1v}{nga:nga/1vv}{ni:niq/2vn};{ua:ua/1v}{nna:naq/2vn}{ngani:nganik/tn-acc-s-4s};{ua:ua/1v}{nna:naq/2vn}{ngani:nganit/tn-abl-s-4s};{ua:ua/1v}{nna:naq/1vv}{nga:nga/1vv}{ni:niq/2vn};{ua:ua/1v}{n:t/1vv}{na:naq/2vn}{ngani:nganik/tn-acc-s-4s};{ua:ua/1v}{n:t/1vv}{na:naq/2vn}{ngani:nganit/tn-abl-s-4s};{ua:ua/1v}{n:t/1vv}{na:naq/1vv}{nga:nga/1vv}{ni:niq/2vn},False,False,False,False,False,
hansard,uattiaq,{uattiaq:uattiaq/1a},False,{uattiaq:uattiaq/1a};{uat:uaq/1v}{tiaq:siaq/1vn};{ua:ua/1v}{t:t/1vv}{tiaq:siaq/1vn},False,False,False,False,False,
hansard,uattiaru,{uattiaru:uattiaruk/1a},False,{uattiaru:uattiaruk/1a};{uattia:uattiaq/1a}{ru:jjut/1vn};{ua:uaq/1v}{ttia:tsiaq/1vv}{ru:guk/tv-imp-2s-3s};{ua:uaq/1v}{ttia:tsiaq/1vv}{ru:jjut/1vn};{ua:uaq/1v}{ttia:tsiaq/1vv}{ru:ut/1vn};{uat:uaq/1v}{ti:ji/1vn}{a:aq/2nv}{ru:guk/tv-imp-2s-3s};{uat:uaq/1v}{ti:tiq/1vn}{a:aq/2nv}{ru:guk/tv-imp-2s-3s};{uat:uaq/1v}{ti:ji/1vn}{a:aq/2nv}{ru:jjut/1vn};{uat:uaq/1v}{ti:tiq/1vn}{a:aq/2nv}{ru:jjut/1vn};{uat:uaq/1v}{ti:ji/1vn}{a:aq/2nv}{ru:ut/1vn};{uat:uaq/1v}{ti:tiq/1vn}{a:aq/2nv}{ru:ut/1vn};{ua:ua/1v}{ttia:tsiaq/1vv}{ru:guk/tv-imp-2s-3s};{ua:ua/1v}{ttia:tsiaq/1vv}{ru:jjut/1vn};{ua:ua/1v}{ttia:tsiaq/1vv}{ru:ut/1vn};{ua:ua/1v}{t:t/1vv}{ti:ji/1vn}{a:aq/2nv}{ru:guk/tv-imp-2s-3s};{ua:ua/1v}{t:t/1vv}{ti:tiq/1vn}{a:aq/2nv}{ru:guk/tv-imp-2s-3s};{ua:ua/1v}{t:t/1vv}{ti:ji/1vn}{a:aq/2nv}{ru:jjut/1vn};{ua:ua/1v}{t:t/1vv}{ti:tiq/1vn}{a:aq/2nv}{ru:jjut/1vn};{ua:ua/1v}{t:t/1vv}{ti:ji/1vn}{a:aq/2nv}{ru:ut/1vn};{ua:ua/1v}{t:t/1vv}{ti:tiq/1vn}{a:aq/2nv}{ru:ut/1vn},False,False,False,False,False,
hansard,uqaalautaa,{uqa:uqaq/1v}{ala:allak/1vv}{uta:ut/1vn}{a:nga/tn-nom-s-4s},False,{uqa:uqaq/1v}{ala:allak/1vv}{uta:ut/1vn}{a:nga/tn-nom-s-4s};{uqa:uqaq/1v}{a:a/1vv}{la:laaq/2vv}{uta:ut/1vn}{a:nga/tn-nom-s-4s};{uqa:uqaq/1n}{a:aq/2nv}{la:laaq/2vv}{uta:ut/1vn}{a:nga/tn-nom-s-4s};{uqa:uqaq/1v}{ala:allak/1vv}{uta:ut/1vn}{a:k/tn-nom-d};{uqa:uqaq/1v}{ala:allak/1vv}{uta:ut/1vn}{a:k/tn-gen-d};{uqa:uqaq/1v}{a:a/1vv}{la:laaq/2vv}{uta:ut/1vn}{a:k/tn-nom-d};{uqa:uqaq/1n}{a:aq/2nv}{la:laaq/2vv}{uta:ut/1vn}{a:k/tn-nom-d};{uqa:uqaq/1v}{a:a/1vv}{la:laaq/2vv}{uta:ut/1vn}{a:k/tn-gen-d};{uqa:uqaq/1n}{a:aq/2nv}{la:laaq/2vv}{uta:ut/1vn}{a:k/tn-gen-d},False,False,False,False,False,
hansard,uiliams,[decomposition:/uiliams(uiliams)/],False,,False,False,False,False,True,
hansard,ukaliq,[decomposition:/ukaliq(ukaliq)/],False,,False,False,False,False,True,
hansard,ukiukkut,{ukiu:ukiuq/1n}{kkut:kkut/1nn},False,{ukiu:ukiuq/1n}{kkut:kkut/1nn};{ukiu:ukiuq/1n}{kkut:kkut/tn-via-s};{ukiu:ukiuq/1n}{kkut:kkut/tn-via-d};{ukiu:ukiuq/1n}{kkut:kkut/tn-via-s-2s};{ukiu:ukiuq/1n}{kkut:kkut/tn-via-d-2s};{ukiu:ukiuq/1n}{kkut:pkut/tn-via-s-1s};{ukiu:ukiuq/1n}{kkut:pkut/tn-via-d-1s};{ukiu:ukiuq/1n}{kkut:pkut/tn-via-p-1s};{uki:ukit/1v}{u:ut/1vn}{kkut:kkut/1nn},False,False,False,False,False,
hansard,ukiunik,{ukiu:ukiuq/1n}{nik:nik/tn-acc-p},False,{ukiu:ukiuq/1n}{nik:nik/tn-acc-p},False,False,False,False,False,
hansard,ukiunut,{ukiu:ukiuq/1n}{nut:nut/tn-dat-p},False,{ukiu:ukiuq/1n}{nut:nut/tn-dat-p};{uki:ukit/1v}{u:ut/1vn}{nut:nut/tn-dat-p},False,False,False,False,False,
hansard,ukiuqtaqtumi,{ukiuqtaqtu:ukiuqtaqtuq/1n}{mi:mi/tn-loc-s},False,{ukiuqtaqtu:ukiuqtaqtuq/1n}{mi:mi/tn-loc-s};{ukiuqtaqtu:ukiuqtaqtuq/1n}{mi:mi/tn-gen-s-3s};{ukiuqtaqtu:ukiuqtaqtuq/1n}{mi:mi/tn-gen-p-3s};{ukiuq:ukiuq/1v}{taq:jaq/1vn}{tu:tuq/1nv}{mi:miik/1vn};{ukiuq:ukiuq/1n}{taq:taq/2nv}{tu:tuq/1vv}{mi:miik/1vn};{ukiuq:ukiuq/1v}{taq:taq/1vv}{tu:tuq/1vv}{mi:miik/1vn};{ukiuq:ukiuq/1v}{ta:jaq/1vn}{qtu:ttuq/1nv}{mi:miik/1vn};{ukiuq:ukiuq/1n}{taq:taq/2nv}{tu:juq/1vn}{mi:mi/tn-loc-s};{ukiuq:ukiuq/1v}{taq:taq/1vv}{tu:juq/1vn}{mi:mi/tn-loc-s};{ukiuq:ukiuq/1n}{taq:taq/2nv}{tu:juq/1vn}{mi:mi/tn-gen-s-3s};{ukiuq:ukiuq/1v}{taq:taq/1vv}{tu:juq/1vn}{mi:mi/tn-gen-s-3s};{ukiuq:ukiuq/1n}{taq:taq/2nv}{tu:juq/1vn}{mi:mi/tn-gen-p-3s};{ukiuq:ukiuq/1v}{taq:taq/1vv}{tu:juq/1vn}{mi:mi/tn-gen-p-3s};{uki:ukit/1v}{uq:uq/3vv}{taq:jaq/1vn}{tu:tuq/1nv}{mi:miik/1vn};{uki:ukit/1v}{uq:ut/1vn}{taq:taq/2nv}{tu:tuq/1vv}{mi:miik/1vn};{uki:ukit/1v}{uq:uq/3vv}{taq:taq/1vv}{tu:tuq/1vv}{mi:miik/1vn};{uki:ukit/1v}{uq:uq/3vv}{ta:jaq/1vn}{qtu:ttuq/1nv}{mi:miik/1vn};{uki:ukit/1v}{uq:ut/1vn}{taq:taq/2nv}{tu:juq/1vn}{mi:mi/tn-loc-s};{uki:ukit/1v}{uq:uq/3vv}{taq:taq/1vv}{tu:juq/1vn}{mi:mi/tn-loc-s};{uki:ukit/1v}{uq:ut/1vn}{taq:taq/2nv}{tu:juq/1vn}{mi:mi/tn-gen-s-3s};{uki:ukit/1v}{uq:uq/3vv}{taq:taq/1vv}{tu:juq/1vn}{mi:mi/tn-gen-s-3s};{uki:ukit/1v}{uq:ut/1vn}{taq:taq/2nv}{tu:juq/1vn}{mi:mi/tn-gen-p-3s};{uki:ukit/1v}{uq:uq/3vv}{taq:taq/1vv}{tu:juq/1vn}{mi:mi/tn-gen-p-3s};{ukiuqtaqtu:ukiuqtaqtuq/1n}{mi:mik/tn-acc-s};{ukiuqtaqtu:ukiuqtaqtuq/1n}{mi:mik/tn-gen-s-3d};{ukiuqtaqtu:ukiuqtaqtuq/1n}{mi:mik/tn-gen-p-3d};{ukiuqtaqtu:ukiuqtaqtuq/1n}{mi:mik/tn-gen-s-3p};{ukiuqtaqtu:ukiuqtaqtuq/1n}{mi:mik/tn-gen-p-3p};{ukiuqtaqtu:ukiuqtaqtuq/1n}{mi:mit/tn-abl-s};{ukiuq:ukiuq/1n}{taq:taq/2nv}{tu:juq/1vn}{mi:mik/tn-acc-s};{ukiuq:ukiuq/1v}{taq:taq/1vv}{tu:juq/1vn}{mi:mik/tn-acc-s};{ukiuq:ukiuq/1n}{taq:taq/2nv}{tu:juq/1vn}{mi:mik/tn-gen-s-3d};{ukiuq:ukiuq/1v}{taq:taq/1vv}{tu:juq/1vn}{mi:mik/tn-gen-s-3d};{ukiuq:ukiuq/1n}{taq:taq/2nv}{tu:juq/1vn}{mi:mik/tn-gen-p-3d};{ukiuq:ukiuq/1v}{taq:taq/1vv}{tu:juq/1vn}{mi:mik/tn-gen-p-3d};{ukiuq:ukiuq/1n}{taq:taq/2nv}{tu:juq/1vn}{mi:mik/tn-gen-s-3p};{ukiuq:ukiuq/1v}{taq:taq/1vv}{tu:juq/1vn}{mi:mik/tn-gen-s-3p};{ukiuq:ukiuq/1n}{taq:taq/2nv}{tu:juq/1vn}{mi:mik/tn-gen-p-3p};{ukiuq:ukiuq/1v}{taq:taq/1vv}{tu:juq/1vn}{mi:mik/tn-gen-p-3p};{ukiuq:ukiuq/1n}{taq:taq/2nv}{tu:juq/1vn}{mi:mit/tn-abl-s};{ukiuq:ukiuq/1v}{taq:taq/1vv}{tu:juq/1vn}{mi:mit/tn-abl-s};{uki:ukit/1v}{uq:ut/1vn}{taq:taq/2nv}{tu:juq/1vn}{mi:mik/tn-acc-s};{uki:ukit/1v}{uq:uq/3vv}{taq:taq/1vv}{tu:juq/1vn}{mi:mik/tn-acc-s};{uki:ukit/1v}{uq:ut/1vn}{taq:taq/2nv}{tu:juq/1vn}{mi:mik/tn-gen-s-3d};{uki:ukit/1v}{uq:uq/3vv}{taq:taq/1vv}{tu:juq/1vn}{mi:mik/tn-gen-s-3d};{uki:ukit/1v}{uq:ut/1vn}{taq:taq/2nv}{tu:juq/1vn}{mi:mik/tn-gen-p-3d};{uki:ukit/1v}{uq:uq/3vv}{taq:taq/1vv}{tu:juq/1vn}{mi:mik/tn-gen-p-3d};{uki:ukit/1v}{uq:ut/1vn}{taq:taq/2nv}{tu:juq/1vn}{mi:mik/tn-gen-s-3p};{uki:ukit/1v}{uq:uq/3vv}{taq:taq/1vv}{tu:juq/1vn}{mi:mik/tn-gen-s-3p};{uki:ukit/1v}{uq:ut/1vn}{taq:taq/2nv}{tu:juq/1vn}{mi:mik/tn-gen-p-3p};{uki:ukit/1v}{uq:uq/3vv}{taq:taq/1vv}{tu:juq/1vn}{mi:mik/tn-gen-p-3p};{uki:ukit/1v}{uq:ut/1vn}{taq:taq/2nv}{tu:juq/1vn}{mi:mit/tn-abl-s};{uki:ukit/1v}{uq:uq/3vv}{taq:taq/1vv}{tu:juq/1vn}{mi:mit/tn-abl-s},False,False,False,False,False,
hansard,ukiurtartumi,{ukiurtartu:ukiuqtaqtuq/1n}{mi:mi/tn-loc-s},False,,True,False,False,False,False,
hansard,ukua,{ukua:ukua/pd-sc-p},False,{uku:ukuaq/1n}{a:nga/tn-nom-s-4s};{ukua:ukua/pd-sc-p};{ukua:ukuaq/1n};{ukua:ukuaq/1n}{:k/tn-nom-d};{ukua:ukuaq/1n}{:k/tn-gen-d};{ukua:ukuaq/1n}{:up/tn-gen-s};{ukua:ukuaq/1n}{:it/tn-nom-p};{ukua:ukuaq/1n}{:it/tn-gen-p};{ukua:ukuaq/1n}{:it/tn-nom-s-2s},False,False,False,False,False,
hansard,ukunani,{uku:uku/1v}{nani:nani/tv-part-3s},False,{uku:uku/1v}{nani:nani/tv-part-3s};{uku:uku/rpd-sc-p}{nani:nani/tpd-loc-p};{uku:uku/1v}{na:naq/2vn}{ni:ni/tn-nom-s-3s};{uku:uku/1v}{na:naq/2vn}{ni:ni/tn-nom-p-3s},False,False,False,False,False,
hansard,ukuninga,{uku:uku/rpd-sc-p}{ninga:ninga/tpd-acc-p},False,{uku:uku/rpd-sc-p}{ninga:ninga/tpd-acc-p};{uku:uku/1v}{ni:niq/2vn}{nga:nga/tn-nom-s-4s};{uku:uku/1v}{ni:niq/2vn}{nga:ngak/tn-nom-s-4d};{uku:uku/1v}{ni:niq/2vn}{nga:ngat/tn-nom-s-4p},False,False,False,False,False,
hansard,ukununga,{uku:uku/rpd-sc-p}{nunga:nunga/tpd-dat-p},False,{uku:uku/rpd-sc-p}{nunga:nunga/tpd-dat-p},False,False,False,False,False,
hansard,ulaaju,[decomposition:/ulaaju(ulaaju)/],False,,False,False,False,False,True,
hansard,ulaajuk,[decomposition:/ulaajuk(ulaajuk)/],False,,False,False,False,False,True,
hansard,ulaajuq,[decomposition:/ulaajuq(ulaajuq)/],False,,False,False,False,False,True,
hansard,ullaakkut,{ullaa:ublaaq/1n}{kkut:kkut/1nn},False,{ullaa:ublaaq/1n}{kkut:kkut/1nn};{ullaa:ublaaq/1n}{kkut:kkut/tn-via-s};{ullaa:ublaaq/1n}{kkut:kkut/tn-via-d};{ullaa:ublaaq/1n}{kkut:kkut/tn-via-s-2s};{ullaa:ublaaq/1n}{kkut:kkut/tn-via-d-2s};{ullaa:ublaaq/1n}{kkut:pkut/tn-via-s-1s};{ullaa:ublaaq/1n}{kkut:pkut/tn-via-d-1s};{ullaa:ublaaq/1n}{kkut:pkut/tn-via-p-1s},False,False,False,False,False,
hansard,ullaaq,{ullaaq:ublaaq/1n},False,{ullaaq:ublaaq/1n},False,False,False,False,False,
hansard,ulluit,{ullu:ubluq/1n}{it:it/tn-nom-p},False,{ullu:ubluq/1n}{it:it/tn-nom-p};{ullu:ubluq/1n}{it:it/tn-gen-p};{ullu:ubluq/1n}{it:it/tn-nom-s-2s};{ullu:ublu/1n}{it:it/tn-nom-p};{ullu:ublu/1n}{it:it/tn-gen-p};{ullu:ublu/1n}{it:it/tn-nom-s-2s},False,False,False,False,False,
hansard,ullumi,{ullumi:ullumi/1a},False,{ullumi:ullumi/1a};{ullu:ubluq/1n}{mi:mi/tn-loc-s};{ullu:ubluq/1n}{mi:mi/tn-gen-s-3s};{ullu:ubluq/1n}{mi:mi/tn-gen-p-3s};{ullu:ublu/1n}{mi:mi/tn-loc-s};{ullu:ublu/1n}{mi:mi/tn-gen-s-3s};{ullu:ublu/1n}{mi:mi/tn-gen-p-3s};{ullu:ubluq/1n}{mi:mik/tn-acc-s};{ullu:ubluq/1n}{mi:mik/tn-gen-s-3d};{ullu:ubluq/1n}{mi:mik/tn-gen-p-3d};{ullu:ubluq/1n}{mi:mik/tn-gen-s-3p};{ullu:ubluq/1n}{mi:mik/tn-gen-p-3p};{ullu:ubluq/1n}{mi:mit/tn-abl-s};{ullu:ublu/1n}{mi:mik/tn-acc-s};{ullu:ublu/1n}{mi:mik/tn-gen-s-3d};{ullu:ublu/1n}{mi:mik/tn-gen-p-3d};{ullu:ublu/1n}{mi:mik/tn-gen-s-3p};{ullu:ublu/1n}{mi:mik/tn-gen-p-3p};{ullu:ublu/1n}{mi:mit/tn-abl-s},False,False,False,False,False,
hansard,ullumimut,{ullumi:ullumi/1a}{mut:mut/tn-dat-s},False,{ullumi:ullumi/1a}{mut:mut/tn-dat-s},False,False,False,False,False,
hansard,ullumiujuq,{ullumi:ullumi/1a}{u:u/1nv}{juq:juq/1vn},False,{ullumi:ullumi/1a}{u:u/1nv}{juq:juq/1vn};{ullumi:ullumi/1a}{u:u/1nv}{juq:juq/tv-ger-3s},False,False,False,False,False,
hansard,ulluq,{ulluq:ubluq/1n},False,{ulluq:ubluq/1n},False,False,False,False,False,
hansard,una,{una:una/pd-sc-s},False,{una:una/pd-sc-s},False,False,False,False,False,
hansard,ungataani,{ungata:ungata/1n}{ani:ngani/tn-loc-s-4s},False,{ungata:ungata/1n}{ani:ngani/tn-loc-s-4s};{unga:unga/1n}{taa:taaq/2nn}{ni:ni/tn-loc-p};{unga:unga/1n}{taa:taaq/2nn}{ni:ni/tn-nom-s-3s};{unga:unga/1n}{taa:taaq/2nn}{ni:ni/tn-nom-p-3s};{unga:unga/1n}{ta:taaq/2nn}{ani:ngani/tn-loc-s-4s};{ungata:ungata/1n}{ani:nganik/tn-acc-s-4s};{ungata:ungata/1n}{ani:nganit/tn-abl-s-4s};{unga:unga/1n}{taa:taaq/2nn}{ni:nik/tn-acc-p};{unga:unga/1n}{taa:taaq/2nn}{ni:nit/tn-abl-p};{unga:unga/1n}{ta:taaq/2nn}{ani:nganik/tn-acc-s-4s};{unga:unga/1n}{ta:taaq/2nn}{ani:nganit/tn-abl-s-4s},False,False,False,False,False,
hansard,ungataanut,{ungata:ungata/1n}{anut:nganut/tn-dat-s-4s},False,{ungata:ungata/1n}{anut:nganut/tn-dat-s-4s};{unga:unga/1n}{taa:taaq/2nn}{nut:nut/tn-dat-p};{unga:unga/1n}{ta:taaq/2nn}{anut:nganut/tn-dat-s-4s},False,False,False,False,False,
hansard,unikkaangat,{unikkaa:unipkaaq/1n}{ngat:ngat/tn-nom-s-4p},False,{unikkaa:unipkaaq/1n}{ngat:ngat/tn-nom-s-4p};{unik:unik/1v}{kaangat:jaraangat/tv-freq-4s},False,False,False,False,False,
hansard,unikkaangit,{unikkaa:unipkaaq/1n}{ngit:ngit/tn-nom-p-4s},False,{unikkaa:unipkaaq/1n}{ngit:ngit/tn-nom-p-4s};{unikkaa:unipkaaq/1n}{ngit:ngik/tn-nom-p-4d};{unikkaa:unipkaaq/1n}{ngit:ngit/tn-nom-p-4p},False,False,False,False,False,
hansard,unikkaaq,{unikkaaq:unipkaaq/1n},False,{unikkaaq:unipkaaq/1n},False,False,False,False,False,
hansard,unikkaat,{unikkaa:unipkaaq/1n}{t:it/tn-nom-p},False,{unikkaa:unipkaaq/1n}{t:it/tn-nom-p};{unikkaa:unipkaaq/1n}{t:it/tn-gen-p};{unikkaa:unipkaaq/1n}{t:it/tn-nom-s-2s},False,False,False,False,False,
hansard,unnuk,{unnuk:unnuk/1n},False,{unnuk:unnuk/1n},False,False,False,False,False,
hansard,unnukkut,{unnu:unnuk/1n}{kkut:kkut/1nn},False,{unnu:unnuk/1n}{kkut:kkut/1nn};{unnu:unnuk/1n}{kkut:kkut/tn-via-s};{unnu:unnuk/1n}{kkut:kkut/tn-via-s-2s};{unnu:unnuk/1n}{kkut:pkut/tn-via-s-1s};{unnu:unnuk/1n}{kkut:pkut/tn-via-p-1s},False,False,False,False,False,
hansard,unnusakkut,{unnusa:unnuksaq/1n}{kkut:kkut/tn-via-s},False,{unnusa:unnuksaq/1n}{kkut:kkut/1nn};{unnusa:unnuksaq/1n}{kkut:kkut/tn-via-s};{unnusa:unnuksaq/1n}{kkut:kkut/tn-via-s-2s};{unnusa:unnuksaq/1n}{kkut:pkut/tn-via-s-1s};{unnusa:unnuksaq/1n}{kkut:pkut/tn-via-p-1s};{unnu:unnuk/1n}{sa:ksaq/1nn}{kkut:kkut/1nn};{unnu:unnuk/1v}{sa:ksaq/1vn}{kkut:kkut/1nn};{unnu:unnuk/1n}{sa:ksaq/1nn}{kkut:kkut/tn-via-s};{unnu:unnuk/1v}{sa:ksaq/1vn}{kkut:kkut/tn-via-s};{unnu:unnuk/1n}{sa:ksaq/1nn}{kkut:kkut/tn-via-s-2s};{unnu:unnuk/1v}{sa:ksaq/1vn}{kkut:kkut/tn-via-s-2s};{unnu:unnuk/1n}{sa:ksaq/1nn}{kkut:pkut/tn-via-s-1s};{unnu:unnuk/1v}{sa:ksaq/1vn}{kkut:pkut/tn-via-s-1s};{unnu:unnuk/1n}{sa:ksaq/1nn}{kkut:pkut/tn-via-p-1s};{unnu:unnuk/1v}{sa:ksaq/1vn}{kkut:pkut/tn-via-p-1s},False,False,False,False,False,
hansard,unnusami,{unnusa:unnuksaq/1n}{mi:mi/tn-loc-s},False,{unnusa:unnuksaq/1n}{mi:mi/tn-loc-s};{unnu:unnuk/1v}{sa:saq/1vv}{mi:miik/1vn};{unnu:unnuk/1n}{sa:ksaq/1nv}{mi:miik/1vn};{unnu:unnuk/1n}{sa:ksaq/1nn}{mi:mi/tn-loc-s};{unnusa:unnuksaq/1n}{mi:mik/tn-acc-s};{unnusa:unnuksaq/1n}{mi:mit/tn-abl-s};{unnu:unnuk/1n}{sa:ksaq/1nn}{mi:mik/tn-acc-s};{unnu:unnuk/1n}{sa:ksaq/1nn}{mi:mit/tn-abl-s},False,False,False,False,False,
hansard,upinnarani,{upinnarani:upinnarani/1a},False,{upinnarani:upinnarani/1a};{upin:upik/1v}{na:naq/1vv}{rani:nani/tv-part-3s},False,False,False,False,False,
hansard,uqalaurama,{uqa:uqaq/1v}{lau:lauq/1vv}{rama:gama/tv-caus-1s},False,{uqa:uqaq/1v}{lau:lauq/1vv}{rama:gama/tv-caus-1s},False,False,False,False,False,
hansard,uqalaurmat,{uqa:uqaq/1v}{laur:lauq/1vv}{mat:mat/tv-caus-4s},False,{uqa:uqaq/1v}{laur:lauq/1vv}{mat:mat/tv-caus-4s},False,False,False,False,False,
hansard,uqalimaaqtauninga,{uqa:uqaq/1v}{limaaq:limaaq/2vv}{ta:jaq/1vn}{u:u/1nv}{ni:niq/2vn}{nga:nga/tn-nom-s-4s},False,{uqalimaaq:uqalimaaq/1v}{ta:jaq/1vn}{u:u/1nv}{ni:niq/2vn}{nga:nga/tn-nom-s-4s};{uqalimaaq:uqalimaaq/1v}{ta:taq/1vv}{u:uq/3vv}{ni:niq/2vn}{nga:nga/tn-nom-s-4s};{uqa:uqaq/1v}{limaaq:limaaq/2vv}{ta:jaq/1vn}{u:u/1nv}{ni:niq/2vn}{nga:nga/tn-nom-s-4s};{uqa:uqaq/1n}{limaaq:limaaq/1nn}{ta:taq/2nv}{u:uq/3vv}{ni:niq/2vn}{nga:nga/tn-nom-s-4s};{uqa:uqaq/1v}{limaaq:limaaq/2vv}{ta:taq/1vv}{u:uq/3vv}{ni:niq/2vn}{nga:nga/tn-nom-s-4s};{uqalimaaq:uqalimaaq/1v}{ta:jaq/1vn}{u:u/1nv}{ni:niq/2vn}{nga:ngak/tn-nom-s-4d};{uqalimaaq:uqalimaaq/1v}{ta:taq/1vv}{u:uq/3vv}{ni:niq/2vn}{nga:ngak/tn-nom-s-4d};{uqalimaaq:uqalimaaq/1v}{ta:jaq/1vn}{u:u/1nv}{ni:niq/2vn}{nga:ngat/tn-nom-s-4p};{uqalimaaq:uqalimaaq/1v}{ta:taq/1vv}{u:uq/3vv}{ni:niq/2vn}{nga:ngat/tn-nom-s-4p};{uqa:uqaq/1v}{limaaq:limaaq/2vv}{ta:jaq/1vn}{u:u/1nv}{ni:niq/2vn}{nga:ngak/tn-nom-s-4d};{uqa:uqaq/1n}{limaaq:limaaq/1nn}{ta:taq/2nv}{u:uq/3vv}{ni:niq/2vn}{nga:ngak/tn-nom-s-4d};{uqa:uqaq/1v}{limaaq:limaaq/2vv}{ta:taq/1vv}{u:uq/3vv}{ni:niq/2vn}{nga:ngak/tn-nom-s-4d};{uqa:uqaq/1v}{limaaq:limaaq/2vv}{ta:jaq/1vn}{u:u/1nv}{ni:niq/2vn}{nga:ngat/tn-nom-s-4p};{uqa:uqaq/1n}{limaaq:limaaq/1nn}{ta:taq/2nv}{u:uq/3vv}{ni:niq/2vn}{nga:ngat/tn-nom-s-4p};{uqa:uqaq/1v}{limaaq:limaaq/2vv}{ta:taq/1vv}{u:uq/3vv}{ni:niq/2vn}{nga:ngat/tn-nom-s-4p},False,False,False,False,False,
hansard,uqalimaaqtauninginnut,{uqa:uqaq/1v}{limaaq:limaaq/2vv}{ta:jaq/1vn}{u:u/1nv}{ni:niq/2vn}{nginnut:nginnut/tn-dat-p-4s},False,{uqalimaaq:uqalimaaq/1v}{ta:jaq/1vn}{u:u/1nv}{ni:niq/2vn}{nginnut:nginnut/tn-dat-p-4s};{uqalimaaq:uqalimaaq/1v}{ta:taq/1vv}{u:uq/3vv}{ni:niq/2vn}{nginnut:nginnut/tn-dat-p-4s};{uqalimaaq:uqalimaaq/1v}{ta:jaq/1vn}{u:u/1nv}{ni:niq/2vn}{nginnut:nginnut/tn-dat-p-4p};{uqalimaaq:uqalimaaq/1v}{ta:taq/1vv}{u:uq/3vv}{ni:niq/2vn}{nginnut:nginnut/tn-dat-p-4p};{uqalimaaq:uqalimaaq/1v}{ta:jaq/1vn}{u:u/1nv}{ni:niq/2vn}{nginnut:ngingnut/tn-dat-p-4d};{uqalimaaq:uqalimaaq/1v}{ta:taq/1vv}{u:uq/3vv}{ni:niq/2vn}{nginnut:ngingnut/tn-dat-p-4d};{uqa:uqaq/1v}{limaaq:limaaq/2vv}{ta:jaq/1vn}{u:u/1nv}{ni:niq/2vn}{nginnut:nginnut/tn-dat-p-4s};{uqa:uqaq/1n}{limaaq:limaaq/1nn}{ta:taq/2nv}{u:uq/3vv}{ni:niq/2vn}{nginnut:nginnut/tn-dat-p-4s};{uqa:uqaq/1v}{limaaq:limaaq/2vv}{ta:taq/1vv}{u:uq/3vv}{ni:niq/2vn}{nginnut:nginnut/tn-dat-p-4s};{uqa:uqaq/1v}{limaaq:limaaq/2vv}{ta:jaq/1vn}{u:u/1nv}{ni:niq/2vn}{nginnut:nginnut/tn-dat-p-4p};{uqa:uqaq/1n}{limaaq:limaaq/1nn}{ta:taq/2nv}{u:uq/3vv}{ni:niq/2vn}{nginnut:nginnut/tn-dat-p-4p};{uqa:uqaq/1v}{limaaq:limaaq/2vv}{ta:taq/1vv}{u:uq/3vv}{ni:niq/2vn}{nginnut:nginnut/tn-dat-p-4p};{uqa:uqaq/1v}{limaaq:limaaq/2vv}{ta:jaq/1vn}{u:u/1nv}{ni:niq/2vn}{nginnut:ngingnut/tn-dat-p-4d};{uqa:uqaq/1n}{limaaq:limaaq/1nn}{ta:taq/2nv}{u:uq/3vv}{ni:niq/2vn}{nginnut:ngingnut/tn-dat-p-4d};{uqa:uqaq/1v}{limaaq:limaaq/2vv}{ta:taq/1vv}{u:uq/3vv}{ni:niq/2vn}{nginnut:ngingnut/tn-dat-p-4d},False,False,False,False,False,
hansard,uqalimaaqtauningit,{uqa:uqaq/1v}{limaaq:limaaq/2vv}{ta:jaq/1vn}{u:u/1nv}{ni:niq/2vn}{ngit:ngit/tn-nom-p-4s},False,{uqalimaaq:uqalimaaq/1v}{ta:jaq/1vn}{u:u/1nv}{ni:niq/2vn}{ngit:ngit/tn-nom-p-4s};{uqalimaaq:uqalimaaq/1v}{ta:taq/1vv}{u:uq/3vv}{ni:niq/2vn}{ngit:ngit/tn-nom-p-4s};{uqalimaaq:uqalimaaq/1v}{ta:jaq/1vn}{u:u/1nv}{ni:niq/2vn}{ngit:ngik/tn-nom-p-4d};{uqalimaaq:uqalimaaq/1v}{ta:taq/1vv}{u:uq/3vv}{ni:niq/2vn}{ngit:ngik/tn-nom-p-4d};{uqalimaaq:uqalimaaq/1v}{ta:jaq/1vn}{u:u/1nv}{ni:niq/2vn}{ngit:ngit/tn-nom-p-4p};{uqalimaaq:uqalimaaq/1v}{ta:taq/1vv}{u:uq/3vv}{ni:niq/2vn}{ngit:ngit/tn-nom-p-4p};{uqa:uqaq/1v}{limaaq:limaaq/2vv}{ta:jaq/1vn}{u:u/1nv}{ni:niq/2vn}{ngit:ngit/tn-nom-p-4s};{uqa:uqaq/1n}{limaaq:limaaq/1nn}{ta:taq/2nv}{u:uq/3vv}{ni:niq/2vn}{ngit:ngit/tn-nom-p-4s};{uqa:uqaq/1v}{limaaq:limaaq/2vv}{ta:taq/1vv}{u:uq/3vv}{ni:niq/2vn}{ngit:ngit/tn-nom-p-4s};{uqa:uqaq/1v}{limaaq:limaaq/2vv}{ta:jaq/1vn}{u:u/1nv}{ni:niq/2vn}{ngit:ngik/tn-nom-p-4d};{uqa:uqaq/1n}{limaaq:limaaq/1nn}{ta:taq/2nv}{u:uq/3vv}{ni:niq/2vn}{ngit:ngik/tn-nom-p-4d};{uqa:uqaq/1v}{limaaq:limaaq/2vv}{ta:taq/1vv}{u:uq/3vv}{ni:niq/2vn}{ngit:ngik/tn-nom-p-4d};{uqa:uqaq/1v}{limaaq:limaaq/2vv}{ta:jaq/1vn}{u:u/1nv}{ni:niq/2vn}{ngit:ngit/tn-nom-p-4p};{uqa:uqaq/1n}{limaaq:limaaq/1nn}{ta:taq/2nv}{u:uq/3vv}{ni:niq/2vn}{ngit:ngit/tn-nom-p-4p};{uqa:uqaq/1v}{limaaq:limaaq/2vv}{ta:taq/1vv}{u:uq/3vv}{ni:niq/2vn}{ngit:ngit/tn-nom-p-4p},False,False,False,False,False,
hansard,uqalimaaqtauqullugu,{uqa:uqaq/1v}{limaaq:limaaq/2vv}{ta:jaq/1vn}{u:u/1nv}{qu:qu/2vv}{llugu:lugu/tv-part-1s-3s-prespas},False,{uqalimaaq:uqalimaaq/1v}{ta:jaq/1vn}{u:u/1nv}{qu:qu/1vv}{llugu:lugu/tv-part-1s-3s-prespas};{uqalimaaq:uqalimaaq/1v}{ta:taq/1vv}{u:uq/3vv}{qu:qu/1vv}{llugu:lugu/tv-part-1s-3s-prespas};{uqalimaaq:uqalimaaq/1v}{ta:jaq/1vn}{u:u/1nv}{qu:qu/2vv}{llugu:lugu/tv-part-1s-3s-prespas};{uqalimaaq:uqalimaaq/1v}{ta:taq/1vv}{u:uq/3vv}{qu:qu/2vv}{llugu:lugu/tv-part-1s-3s-prespas};{uqalimaaq:uqalimaaq/1v}{ta:jaq/1vn}{u:u/1nv}{qu:qu/1vv}{llugu:lugu/tv-part-2s-3s-prespas};{uqalimaaq:uqalimaaq/1v}{ta:taq/1vv}{u:uq/3vv}{qu:qu/1vv}{llugu:lugu/tv-part-2s-3s-prespas};{uqalimaaq:uqalimaaq/1v}{ta:jaq/1vn}{u:u/1nv}{qu:qu/2vv}{llugu:lugu/tv-part-2s-3s-prespas};{uqalimaaq:uqalimaaq/1v}{ta:taq/1vv}{u:uq/3vv}{qu:qu/2vv}{llugu:lugu/tv-part-2s-3s-prespas};{uqalimaaq:uqalimaaq/1v}{ta:jaq/1vn}{u:u/1nv}{qu:qu/1vv}{llugu:lugu/tv-part-4s-3s-prespas};{uqalimaaq:uqalimaaq/1v}{ta:taq/1vv}{u:uq/3vv}{qu:qu/1vv}{llugu:lugu/tv-part-4s-3s-prespas};{uqalimaaq:uqalimaaq/1v}{ta:jaq/1vn}{u:u/1nv}{qu:qu/2vv}{llugu:lugu/tv-part-4s-3s-prespas};{uqalimaaq:uqalimaaq/1v}{ta:taq/1vv}{u:uq/3vv}{qu:qu/2vv}{llugu:lugu/tv-part-4s-3s-prespas};{uqalimaaq:uqalimaaq/1v}{ta:jaq/1vn}{u:u/1nv}{qu:qu/1vv}{llugu:lugu/tv-part-1d-3s-prespas};{uqalimaaq:uqalimaaq/1v}{ta:taq/1vv}{u:uq/3vv}{qu:qu/1vv}{llugu:lugu/tv-part-1d-3s-prespas};{uqalimaaq:uqalimaaq/1v}{ta:jaq/1vn}{u:u/1nv}{qu:qu/2vv}{llugu:lugu/tv-part-1d-3s-prespas};{uqalimaaq:uqalimaaq/1v}{ta:taq/1vv}{u:uq/3vv}{qu:qu/2vv}{llugu:lugu/tv-part-1d-3s-prespas};{uqalimaaq:uqalimaaq/1v}{ta:jaq/1vn}{u:u/1nv}{qu:qu/1vv}{llugu:lugu/tv-part-2d-3s-prespas};{uqalimaaq:uqalimaaq/1v}{ta:taq/1vv}{u:uq/3vv}{qu:qu/1vv}{llugu:lugu/tv-part-2d-3s-prespas};{uqalimaaq:uqalimaaq/1v}{ta:jaq/1vn}{u:u/1nv}{qu:qu/2vv}{llugu:lugu/tv-part-2d-3s-prespas};{uqalimaaq:uqalimaaq/1v}{ta:taq/1vv}{u:uq/3vv}{qu:qu/2vv}{llugu:lugu/tv-part-2d-3s-prespas};{uqalimaaq:uqalimaaq/1v}{ta:jaq/1vn}{u:u/1nv}{qu:qu/1vv}{llugu:lugu/tv-part-4d-3s-prespas};{uqalimaaq:uqalimaaq/1v}{ta:taq/1vv}{u:uq/3vv}{qu:qu/1vv}{llugu:lugu/tv-part-4d-3s-prespas};{uqalimaaq:uqalimaaq/1v}{ta:jaq/1vn}{u:u/1nv}{qu:qu/2vv}{llugu:lugu/tv-part-4d-3s-prespas};{uqalimaaq:uqalimaaq/1v}{ta:taq/1vv}{u:uq/3vv}{qu:qu/2vv}{llugu:lugu/tv-part-4d-3s-prespas};{uqalimaaq:uqalimaaq/1v}{ta:jaq/1vn}{u:u/1nv}{qu:qu/1vv}{llugu:lugu/tv-part-1p-3s-prespas};{uqalimaaq:uqalimaaq/1v}{ta:taq/1vv}{u:uq/3vv}{qu:qu/1vv}{llugu:lugu/tv-part-1p-3s-prespas};{uqalimaaq:uqalimaaq/1v}{ta:jaq/1vn}{u:u/1nv}{qu:qu/2vv}{llugu:lugu/tv-part-1p-3s-prespas};{uqalimaaq:uqalimaaq/1v}{ta:taq/1vv}{u:uq/3vv}{qu:qu/2vv}{llugu:lugu/tv-part-1p-3s-prespas};{uqalimaaq:uqalimaaq/1v}{ta:jaq/1vn}{u:u/1nv}{qu:qu/1vv}{llugu:lugu/tv-part-2p-3s-prespas};{uqalimaaq:uqalimaaq/1v}{ta:taq/1vv}{u:uq/3vv}{qu:qu/1vv}{llugu:lugu/tv-part-2p-3s-prespas};{uqalimaaq:uqalimaaq/1v}{ta:jaq/1vn}{u:u/1nv}{qu:qu/2vv}{llugu:lugu/tv-part-2p-3s-prespas};{uqalimaaq:uqalimaaq/1v}{ta:taq/1vv}{u:uq/3vv}{qu:qu/2vv}{llugu:lugu/tv-part-2p-3s-prespas};{uqalimaaq:uqalimaaq/1v}{ta:jaq/1vn}{u:u/1nv}{qu:qu/1vv}{llugu:lugu/tv-part-4p-3s-prespas};{uqalimaaq:uqalimaaq/1v}{ta:taq/1vv}{u:uq/3vv}{qu:qu/1vv}{llugu:lugu/tv-part-4p-3s-prespas};{uqalimaaq:uqalimaaq/1v}{ta:jaq/1vn}{u:u/1nv}{qu:qu/2vv}{llugu:lugu/tv-part-4p-3s-prespas};{uqalimaaq:uqalimaaq/1v}{ta:taq/1vv}{u:uq/3vv}{qu:qu/2vv}{llugu:lugu/tv-part-4p-3s-prespas};{uqa:uqaq/1v}{limaaq:limaaq/2vv}{ta:jaq/1vn}{u:u/1nv}{qu:qu/1vv}{llugu:lugu/tv-part-1s-3s-prespas};{uqa:uqaq/1n}{limaaq:limaaq/1nn}{ta:taq/2nv}{u:uq/3vv}{qu:qu/1vv}{llugu:lugu/tv-part-1s-3s-prespas};{uqa:uqaq/1v}{limaaq:limaaq/2vv}{ta:taq/1vv}{u:uq/3vv}{qu:qu/1vv}{llugu:lugu/tv-part-1s-3s-prespas};{uqa:uqaq/1v}{limaaq:limaaq/2vv}{ta:jaq/1vn}{u:u/1nv}{qu:qu/2vv}{llugu:lugu/tv-part-1s-3s-prespas};{uqa:uqaq/1n}{limaaq:limaaq/1nn}{ta:taq/2nv}{u:uq/3vv}{qu:qu/2vv}{llugu:lugu/tv-part-1s-3s-prespas};{uqa:uqaq/1v}{limaaq:limaaq/2vv}{ta:taq/1vv}{u:uq/3vv}{qu:qu/2vv}{llugu:lugu/tv-part-1s-3s-prespas};{uqa:uqaq/1v}{limaaq:limaaq/2vv}{ta:jaq/1vn}{u:u/1nv}{qu:qu/1vv}{llugu:lugu/tv-part-2s-3s-prespas};{uqa:uqaq/1n}{limaaq:limaaq/1nn}{ta:taq/2nv}{u:uq/3vv}{qu:qu/1vv}{llugu:lugu/tv-part-2s-3s-prespas};{uqa:uqaq/1v}{limaaq:limaaq/2vv}{ta:taq/1vv}{u:uq/3vv}{qu:qu/1vv}{llugu:lugu/tv-part-2s-3s-prespas};{uqa:uqaq/1v}{limaaq:limaaq/2vv}{ta:jaq/1vn}{u:u/1nv}{qu:qu/2vv}{llugu:lugu/tv-part-2s-3s-prespas};{uqa:uqaq/1n}{limaaq:limaaq/1nn}{ta:taq/2nv}{u:uq/3vv}{qu:qu/2vv}{llugu:lugu/tv-part-2s-3s-prespas};{uqa:uqaq/1v}{limaaq:limaaq/2vv}{ta:taq/1vv}{u:uq/3vv}{qu:qu/2vv}{llugu:lugu/tv-part-2s-3s-prespas};{uqa:uqaq/1v}{limaaq:limaaq/2vv}{ta:jaq/1vn}{u:u/1nv}{qu:qu/1vv}{llugu:lugu/tv-part-4s-3s-prespas};{uqa:uqaq/1n}{limaaq:limaaq/1nn}{ta:taq/2nv}{u:uq/3vv}{qu:qu/1vv}{llugu:lugu/tv-part-4s-3s-prespas};{uqa:uqaq/1v}{limaaq:limaaq/2vv}{ta:taq/1vv}{u:uq/3vv}{qu:qu/1vv}{llugu:lugu/tv-part-4s-3s-prespas};{uqa:uqaq/1v}{limaaq:limaaq/2vv}{ta:jaq/1vn}{u:u/1nv}{qu:qu/2vv}{llugu:lugu/tv-part-4s-3s-prespas};{uqa:uqaq/1n}{limaaq:limaaq/1nn}{ta:taq/2nv}{u:uq/3vv}{qu:qu/2vv}{llugu:lugu/tv-part-4s-3s-prespas};{uqa:uqaq/1v}{limaaq:limaaq/2vv}{ta:taq/1vv}{u:uq/3vv}{qu:qu/2vv}{llugu:lugu/tv-part-4s-3s-prespas};{uqa:uqaq/1v}{limaaq:limaaq/2vv}{ta:jaq/1vn}{u:u/1nv}{qu:qu/1vv}{llugu:lugu/tv-part-1d-3s-prespas};{uqa:uqaq/1n}{limaaq:limaaq/1nn}{ta:taq/2nv}{u:uq/3vv}{qu:qu/1vv}{llugu:lugu/tv-part-1d-3s-prespas};{uqa:uqaq/1v}{limaaq:limaaq/2vv}{ta:taq/1vv}{u:uq/3vv}{qu:qu/1vv}{llugu:lugu/tv-part-1d-3s-prespas};{uqa:uqaq/1v}{limaaq:limaaq/2vv}{ta:jaq/1vn}{u:u/1nv}{qu:qu/2vv}{llugu:lugu/tv-part-1d-3s-prespas};{uqa:uqaq/1n}{limaaq:limaaq/1nn}{ta:taq/2nv}{u:uq/3vv}{qu:qu/2vv}{llugu:lugu/tv-part-1d-3s-prespas};{uqa:uqaq/1v}{limaaq:limaaq/2vv}{ta:taq/1vv}{u:uq/3vv}{qu:qu/2vv}{llugu:lugu/tv-part-1d-3s-prespas};{uqa:uqaq/1v}{limaaq:limaaq/2vv}{ta:jaq/1vn}{u:u/1nv}{qu:qu/1vv}{llugu:lugu/tv-part-2d-3s-prespas};{uqa:uqaq/1n}{limaaq:limaaq/1nn}{ta:taq/2nv}{u:uq/3vv}{qu:qu/1vv}{llugu:lugu/tv-part-2d-3s-prespas};{uqa:uqaq/1v}{limaaq:limaaq/2vv}{ta:taq/1vv}{u:uq/3vv}{qu:qu/1vv}{llugu:lugu/tv-part-2d-3s-prespas};{uqa:uqaq/1v}{limaaq:limaaq/2vv}{ta:jaq/1vn}{u:u/1nv}{qu:qu/2vv}{llugu:lugu/tv-part-2d-3s-prespas};{uqa:uqaq/1n}{limaaq:limaaq/1nn}{ta:taq/2nv}{u:uq/3vv}{qu:qu/2vv}{llugu:lugu/tv-part-2d-3s-prespas};{uqa:uqaq/1v}{limaaq:limaaq/2vv}{ta:taq/1vv}{u:uq/3vv}{qu:qu/2vv}{llugu:lugu/tv-part-2d-3s-prespas};{uqa:uqaq/1v}{limaaq:limaaq/2vv}{ta:jaq/1vn}{u:u/1nv}{qu:qu/1vv}{llugu:lugu/tv-part-4d-3s-prespas};{uqa:uqaq/1n}{limaaq:limaaq/1nn}{ta:taq/2nv}{u:uq/3vv}{qu:qu/1vv}{llugu:lugu/tv-part-4d-3s-prespas};{uqa:uqaq/1v}{limaaq:limaaq/2vv}{ta:taq/1vv}{u:uq/3vv}{qu:qu/1vv}{llugu:lugu/tv-part-4d-3s-prespas};{uqa:uqaq/1v}{limaaq:limaaq/2vv}{ta:jaq/1vn}{u:u/1nv}{qu:qu/2vv}{llugu:lugu/tv-part-4d-3s-prespas};{uqa:uqaq/1n}{limaaq:limaaq/1nn}{ta:taq/2nv}{u:uq/3vv}{qu:qu/2vv}{llugu:lugu/tv-part-4d-3s-prespas};{uqa:uqaq/1v}{limaaq:limaaq/2vv}{ta:taq/1vv}{u:uq/3vv}{qu:qu/2vv}{llugu:lugu/tv-part-4d-3s-prespas};{uqa:uqaq/1v}{limaaq:limaaq/2vv}{ta:jaq/1vn}{u:u/1nv}{qu:qu/1vv}{llugu:lugu/tv-part-1p-3s-prespas};{uqa:uqaq/1n}{limaaq:limaaq/1nn}{ta:taq/2nv}{u:uq/3vv}{qu:qu/1vv}{llugu:lugu/tv-part-1p-3s-prespas};{uqa:uqaq/1v}{limaaq:limaaq/2vv}{ta:taq/1vv}{u:uq/3vv}{qu:qu/1vv}{llugu:lugu/tv-part-1p-3s-prespas};{uqa:uqaq/1v}{limaaq:limaaq/2vv}{ta:jaq/1vn}{u:u/1nv}{qu:qu/2vv}{llugu:lugu/tv-part-1p-3s-prespas};{uqa:uqaq/1n}{limaaq:limaaq/1nn}{ta:taq/2nv}{u:uq/3vv}{qu:qu/2vv}{llugu:lugu/tv-part-1p-3s-prespas};{uqa:uqaq/1v}{limaaq:limaaq/2vv}{ta:taq/1vv}{u:uq/3vv}{qu:qu/2vv}{llugu:lugu/tv-part-1p-3s-prespas};{uqa:uqaq/1v}{limaaq:limaaq/2vv}{ta:jaq/1vn}{u:u/1nv}{qu:qu/1vv}{llugu:lugu/tv-part-2p-3s-prespas};{uqa:uqaq/1n}{limaaq:limaaq/1nn}{ta:taq/2nv}{u:uq/3vv}{qu:qu/1vv}{llugu:lugu/tv-part-2p-3s-prespas};{uqa:uqaq/1v}{limaaq:limaaq/2vv}{ta:taq/1vv}{u:uq/3vv}{qu:qu/1vv}{llugu:lugu/tv-part-2p-3s-prespas};{uqa:uqaq/1v}{limaaq:limaaq/2vv}{ta:jaq/1vn}{u:u/1nv}{qu:qu/2vv}{llugu:lugu/tv-part-2p-3s-prespas};{uqa:uqaq/1n}{limaaq:limaaq/1nn}{ta:taq/2nv}{u:uq/3vv}{qu:qu/2vv}{llugu:lugu/tv-part-2p-3s-prespas};{uqa:uqaq/1v}{limaaq:limaaq/2vv}{ta:taq/1vv}{u:uq/3vv}{qu:qu/2vv}{llugu:lugu/tv-part-2p-3s-prespas};{uqa:uqaq/1v}{limaaq:limaaq/2vv}{ta:jaq/1vn}{u:u/1nv}{qu:qu/1vv}{llugu:lugu/tv-part-4p-3s-prespas};{uqa:uqaq/1n}{limaaq:limaaq/1nn}{ta:taq/2nv}{u:uq/3vv}{qu:qu/1vv}{llugu:lugu/tv-part-4p-3s-prespas};{uqa:uqaq/1v}{limaaq:limaaq/2vv}{ta:taq/1vv}{u:uq/3vv}{qu:qu/1vv}{llugu:lugu/tv-part-4p-3s-prespas};{uqa:uqaq/1v}{limaaq:limaaq/2vv}{ta:jaq/1vn}{u:u/1nv}{qu:qu/2vv}{llugu:lugu/tv-part-4p-3s-prespas};{uqa:uqaq/1n}{limaaq:limaaq/1nn}{ta:taq/2nv}{u:uq/3vv}{qu:qu/2vv}{llugu:lugu/tv-part-4p-3s-prespas};{uqa:uqaq/1v}{limaaq:limaaq/2vv}{ta:taq/1vv}{u:uq/3vv}{qu:qu/2vv}{llugu:lugu/tv-part-4p-3s-prespas},False,False,False,False,False,
hansard,uqalimaarniq,{uqa:uqaq/1v}{limaar:limaaq/2vv}{niq:niq/2vn},False,{uqalimaar:uqalimaaq/1v}{niq:niq/2vn};{uqa:uqaq/1v}{limaar:limaaq/2vv}{niq:niq/2vn},False,False,False,False,False,
hansard,uqalimaarvik,{uqa:uqaq/1v}{limaar:limaaq/2vv}{vik:vik/3vn},False,{uqalimaar:uqalimaaq/1v}{vik:vik/3vn};{uqa:uqaq/1v}{limaar:limaaq/2vv}{vik:vik/3vn},False,False,False,False,False,
hansard,uqaqqaugama,{uqa:uqaq/1v}{qqau:qqau/1vv}{gama:gama/tv-caus-1s},False,{uqa:uqaq/1v}{qqau:qqau/1vv}{gama:gama/tv-caus-1s};{uqa:uqaq/1v}{qqau:qqau/1vv}{ga:gaq/1vn}{ma:ma/tn-gen-s-1s},False,False,False,False,False,
hansard,uqaqqaugamailaak,{uqa:uqaq/1v}{qqau:qqau/1vv}{gama:gama/tv-caus-1s}{ilaak:ilaak/1q},False,{uqa:uqaq/1v}{qqau:qqau/1vv}{gama:gama/tv-caus-1s}{ilaak:ilaak/1q};{uqa:uqaq/1v}{qqau:qqau/1vv}{ga:gaq/1vn}{ma:ma/tn-gen-s-1s}{ilaak:ilaak/1q};{uqa:uqaq/1v}{qqau:qqau/1vv}{ga:gaq/2vv}{ma:ma/1vv}{i:iq/2vv}{laa:laaq/3vn}{k:k/tn-nom-d};{uqa:uqaq/1v}{qqau:qqau/1vv}{ga:gaq/2vv}{ma:ma/1vv}{i:iq/2vv}{laa:laaq/3vn}{k:k/tn-gen-d},False,False,False,False,False,
hansard,uqaqqaugavit,{uqa:uqaq/1v}{qqau:qqau/1vv}{gavit:gavit/tv-caus-2s},False,{uqa:uqaq/1v}{qqau:qqau/1vv}{gavit:gavit/tv-caus-2s};{uqa:uqaq/1v}{qqau:qqau/1vv}{ga:gaq/1vn}{vit:vit/tn-gen-s-2s};{uqa:uqaq/1v}{qqau:qqau/1vv}{ga:gaq/1vn}{vit:tit/tn-gen-p-2s},False,False,False,False,False,
hansard,uqaqqaummat,{uqa:uqaq/1v}{qqau:qqau/1vv}{mmat:mat/tv-caus-4s},False,{uqa:uqaq/1v}{qqau:qqau/1vv}{mmat:mat/tv-caus-4s},False,False,False,False,False,
hansard,uqaqsimammat,{uqaq:uqaq/1v}{sima:sima/1vv}{mmat:mat/tv-caus-4s},False,{uqaq:uqaq/1v}{sima:sima/1vv}{mmat:mat/tv-caus-4s};{uqaq:uqaq/1n}{si:si/4nv}{ma:ma/1vv}{mmat:mat/tv-caus-4s};{uqaq:uqaq/1v}{si:si/2vv}{ma:ma/1vv}{mmat:mat/tv-caus-4s};{uqaq:uqaq/1v}{si:siq/1vv}{ma:ma/1vv}{mmat:mat/tv-caus-4s},False,False,False,False,False,
hansard,uqaqti,{uqaq:uqaq/1v}{ti:ji/1vn},False,{uqaq:uqaq/1v}{ti:ji/1vn};{uqaq:uqaq/1v}{ti:tiq/1vn};{uqaq:uqaq/1n}{ti:&iq/1nn},False,False,False,False,False,
hansard,uqaqtii,{uqaq:uqaq/1v}{ti:ji/1vn}{i:k/tn-nom-d},False,{uqaq:uqaq/1v}{ti:ji/1vn}{i:k/tn-nom-d};{uqaq:uqaq/1v}{ti:tiq/1vn}{i:k/tn-nom-d};{uqaq:uqaq/1n}{ti:&iq/1nn}{i:k/tn-nom-d};{uqaq:uqaq/1v}{ti:ji/1vn}{i:k/tn-gen-d};{uqaq:uqaq/1v}{ti:tiq/1vn}{i:k/tn-gen-d};{uqaq:uqaq/1n}{ti:&iq/1nn}{i:k/tn-gen-d};{uqaq:uqaq/1v}{ti:ji/1vn}{i:it/tn-nom-p};{uqaq:uqaq/1v}{ti:tiq/1vn}{i:it/tn-nom-p};{uqaq:uqaq/1n}{ti:&iq/1nn}{i:it/tn-nom-p};{uqaq:uqaq/1v}{ti:ji/1vn}{i:it/tn-gen-p};{uqaq:uqaq/1v}{ti:tiq/1vn}{i:it/tn-gen-p};{uqaq:uqaq/1n}{ti:&iq/1nn}{i:it/tn-gen-p};{uqaq:uqaq/1v}{ti:ji/1vn}{i:it/tn-nom-s-2s};{uqaq:uqaq/1v}{ti:tiq/1vn}{i:it/tn-nom-s-2s};{uqaq:uqaq/1n}{ti:&iq/1nn}{i:it/tn-nom-s-2s},False,False,False,False,False,
hansard,uqaqtiup,{uqaq:uqaq/1v}{ti:ji/1vn}{up:up/tn-gen-s},False,{uqaq:uqaq/1v}{ti:ji/1vn}{up:up/tn-gen-s};{uqaq:uqaq/1v}{ti:tiq/1vn}{up:up/tn-gen-s};{uqaq:uqaq/1n}{ti:&iq/1nn}{up:up/tn-gen-s};{uqaq:uqaq/1v}{ti:ji/1vn}{u:ut/2nn}{p:up/tn-gen-s};{uqaq:uqaq/1v}{ti:tiq/1vn}{u:ut/2nn}{p:up/tn-gen-s};{uqaq:uqaq/1n}{ti:&iq/1nn}{u:ut/2nn}{p:up/tn-gen-s};{uqaq:uqaq/1v}{ti:tit/1vv}{u:ut/1vn}{p:up/tn-gen-s},False,False,False,False,False,
hansard,uqartii,{uqar:uqaq/1v}{ti:ji/1vn}{i:it/tn-nom-p},False,{uqar:uqaq/1v}{ti:ji/1vn}{i:k/tn-nom-d};{uqar:uqaq/1v}{ti:tiq/1vn}{i:k/tn-nom-d};{uqar:uqaq/1v}{ti:ji/1vn}{i:k/tn-gen-d};{uqar:uqaq/1v}{ti:tiq/1vn}{i:k/tn-gen-d};{uqar:uqaq/1v}{ti:ji/1vn}{i:it/tn-nom-p};{uqar:uqaq/1v}{ti:tiq/1vn}{i:it/tn-nom-p};{uqar:uqaq/1v}{ti:ji/1vn}{i:it/tn-gen-p};{uqar:uqaq/1v}{ti:tiq/1vn}{i:it/tn-gen-p};{uqar:uqaq/1v}{ti:ji/1vn}{i:it/tn-nom-s-2s};{uqar:uqaq/1v}{ti:tiq/1vn}{i:it/tn-nom-s-2s},False,False,False,False,False,
hansard,uqarumajunga,{uqa:uqaq/1v}{ruma:juma/1vv}{junga:junga/tv-ger-1s},False,{uqa:uqaq/1v}{ruma:juma/1vv}{junga:junga/tv-ger-1s};{uqa:uqaq/1v}{ruma:juma/1vv}{ju:juq/1vn}{nga:nga/tn-nom-s-4s};{uqa:uqaq/1n}{ru:guk/1nv}{ma:ma/1vv}{junga:junga/tv-ger-1s};{uqa:uqaq/1n}{ru:guq/2nv}{ma:ma/1vv}{junga:junga/tv-ger-1s};{uqa:uqaq/1n}{ru:nguq/1nv}{ma:ma/1vv}{junga:junga/tv-ger-1s};{uqa:uqaq/1n}{ru:guk/1nv}{ma:ma/1vv}{ju:juq/1vn}{nga:nga/tn-nom-s-4s};{uqa:uqaq/1n}{ru:guq/2nv}{ma:ma/1vv}{ju:juq/1vn}{nga:nga/tn-nom-s-4s};{uqa:uqaq/1n}{ru:nguq/1nv}{ma:ma/1vv}{ju:juq/1vn}{nga:nga/tn-nom-s-4s};{uqa:uqaq/1v}{ruma:juma/1vv}{ju:juq/1vn}{nga:ngak/tn-nom-s-4d};{uqa:uqaq/1v}{ruma:juma/1vv}{ju:juq/1vn}{nga:ngat/tn-nom-s-4p};{uqa:uqaq/1n}{ru:guk/1nv}{ma:ma/1vv}{ju:juq/1vn}{nga:ngak/tn-nom-s-4d};{uqa:uqaq/1n}{ru:guq/2nv}{ma:ma/1vv}{ju:juq/1vn}{nga:ngak/tn-nom-s-4d};{uqa:uqaq/1n}{ru:nguq/1nv}{ma:ma/1vv}{ju:juq/1vn}{nga:ngak/tn-nom-s-4d};{uqa:uqaq/1n}{ru:guk/1nv}{ma:ma/1vv}{ju:juq/1vn}{nga:ngat/tn-nom-s-4p};{uqa:uqaq/1n}{ru:guq/2nv}{ma:ma/1vv}{ju:juq/1vn}{nga:ngat/tn-nom-s-4p};{uqa:uqaq/1n}{ru:nguq/1nv}{ma:ma/1vv}{ju:juq/1vn}{nga:ngat/tn-nom-s-4p},False,False,False,False,False,
hansard,uqarumavunga,{uqa:uqaq/1v}{ruma:juma/1vv}{vunga:vunga/tv-dec-1s},False,{uqa:uqaq/1v}{ruma:juma/1vv}{vunga:vunga/tv-dec-1s};{uqa:uqaq/1v}{ruma:juma/1vv}{vunga:vunga/tv-int-1s};{uqa:uqaq/1n}{ru:guk/1nv}{ma:ma/1vv}{vunga:vunga/tv-dec-1s};{uqa:uqaq/1n}{ru:guq/2nv}{ma:ma/1vv}{vunga:vunga/tv-dec-1s};{uqa:uqaq/1n}{ru:nguq/1nv}{ma:ma/1vv}{vunga:vunga/tv-dec-1s};{uqa:uqaq/1n}{ru:guk/1nv}{ma:ma/1vv}{vunga:vunga/tv-int-1s};{uqa:uqaq/1n}{ru:guq/2nv}{ma:ma/1vv}{vunga:vunga/tv-int-1s};{uqa:uqaq/1n}{ru:nguq/1nv}{ma:ma/1vv}{vunga:vunga/tv-int-1s},False,False,False,False,False,
hansard,uqarunnaqtunga,{uqa:uqaq/1v}{runnaq:junnaq/1vv}{tunga:junga/tv-ger-1s},False,{uqa:uqaq/1v}{runnaq:junnaq/1vv}{tunga:junga/tv-ger-1s};{uqa:uqaq/1v}{runnaq:junnaq/1vv}{tunga:lunga/tv-part-1s-prespas};{uqa:uqaq/1v}{runnaq:junnaq/1vv}{tunga:lunga/tv-part-2s-1s-prespas};{uqa:uqaq/1v}{runnaq:junnaq/1vv}{tunga:lunga/tv-part-4s-1s-prespas};{uqa:uqaq/1v}{runnaq:junnaq/1vv}{tunga:lunga/tv-part-2d-1s-prespas};{uqa:uqaq/1v}{runnaq:junnaq/1vv}{tunga:lunga/tv-part-4d-1s-prespas};{uqa:uqaq/1v}{runnaq:junnaq/1vv}{tunga:lunga/tv-part-2p-1s-prespas};{uqa:uqaq/1v}{runnaq:junnaq/1vv}{tunga:lunga/tv-part-4p-1s-prespas};{uqa:uqaq/1v}{runnaq:junnaq/1vv}{tu:juq/1vn}{nga:nga/tn-nom-s-4s};{uqa:uqaq/1v}{runnaq:junnaq/1vv}{tu:tuq/1vv}{nga:nnga/tv-imp-2s-1s};{uqa:uqaq/1n}{run:guk/1nv}{naq:naq/1vv}{tunga:junga/tv-ger-1s};{uqa:uqaq/1n}{run:guk/1nv}{naq:naq/1vv}{tunga:lunga/tv-part-1s-prespas};{uqa:uqaq/1n}{run:guk/1nv}{naq:naq/1vv}{tunga:lunga/tv-part-2s-1s-prespas};{uqa:uqaq/1n}{run:guk/1nv}{naq:naq/1vv}{tunga:lunga/tv-part-4s-1s-prespas};{uqa:uqaq/1n}{run:guk/1nv}{naq:naq/1vv}{tunga:lunga/tv-part-2d-1s-prespas};{uqa:uqaq/1n}{run:guk/1nv}{naq:naq/1vv}{tunga:lunga/tv-part-4d-1s-prespas};{uqa:uqaq/1n}{run:guk/1nv}{naq:naq/1vv}{tunga:lunga/tv-part-2p-1s-prespas};{uqa:uqaq/1n}{run:guk/1nv}{naq:naq/1vv}{tunga:lunga/tv-part-4p-1s-prespas};{uqa:uqaq/1n}{run:guk/1nv}{naq:naq/1vv}{tu:juq/1vn}{nga:nga/tn-nom-s-4s};{uqa:uqaq/1n}{run:guk/1nv}{naq:naq/2vn}{tu:tuq/1nv}{nga:nnga/tv-imp-2s-1s};{uqa:uqaq/1n}{run:guk/1nv}{naq:naq/1vv}{tu:tuq/1vv}{nga:nnga/tv-imp-2s-1s};{uqa:uqaq/1n}{run:guk/1nv}{na:naq/2vn}{qtu:ttuq/1nv}{nga:nnga/tv-imp-2s-1s};{uqa:uqaq/1v}{runnaq:junnaq/1vv}{tu:juq/1vn}{nga:ngak/tn-nom-s-4d};{uqa:uqaq/1v}{runnaq:junnaq/1vv}{tu:juq/1vn}{nga:ngat/tn-nom-s-4p};{uqa:uqaq/1n}{run:guk/1nv}{naq:naq/1vv}{tu:juq/1vn}{nga:ngak/tn-nom-s-4d};{uqa:uqaq/1n}{run:guk/1nv}{naq:naq/1vv}{tu:juq/1vn}{nga:ngat/tn-nom-s-4p},False,False,False,False,False,
hansard,uqausiit,{uqa:uqaq/1v}{usi:usiq/1vn}{it:it/tn-nom-p},False,{uqausi:uqausiq/1n}{it:it/tn-nom-p};{uqausi:uqausiq/1n}{it:it/tn-gen-p};{uqausi:uqausiq/1n}{it:it/tn-nom-s-2s};{uqa:uqaq/1v}{usi:usiq/1vn}{it:it/tn-nom-p};{uqa:uqaq/1v}{usi:usiq/1vn}{it:it/tn-gen-p};{uqa:uqaq/1v}{usi:usiq/1vn}{it:it/tn-nom-s-2s};{uqa:uqaq/1n}{u:u/1nv}{si:siq/2vn}{it:it/tn-nom-p};{uqa:uqaq/1v}{u:uq/3vv}{si:siq/2vn}{it:it/tn-nom-p};{uqa:uqaq/1n}{u:u/1nv}{si:siq/2vn}{it:it/tn-gen-p};{uqa:uqaq/1v}{u:uq/3vv}{si:siq/2vn}{it:it/tn-gen-p};{uqa:uqaq/1n}{u:u/1nv}{si:siq/2vn}{it:it/tn-nom-s-2s};{uqa:uqaq/1v}{u:uq/3vv}{si:siq/2vn}{it:it/tn-nom-s-2s},False,False,False,False,False,
hansard,uqausikkut,{uqa:uqaq/1v}{usi:usiq/1vn}{kkut:kkut/1nn},False,{uqausi:uqausiq/1n}{kkut:kkut/1nn};{uqausi:uqausiq/1n}{kkut:kkut/tn-via-s};{uqausi:uqausiq/1n}{kkut:kkut/tn-via-s-2s};{uqausi:uqausiq/1n}{kkut:pkut/tn-via-s-1s};{uqausi:uqausiq/1n}{kkut:pkut/tn-via-p-1s};{uqa:uqaq/1v}{usi:usiq/1vn}{kkut:kkut/1nn};{uqa:uqaq/1v}{usi:usiq/1vn}{kkut:kkut/tn-via-s};{uqa:uqaq/1v}{usi:usiq/1vn}{kkut:kkut/tn-via-s-2s};{uqa:uqaq/1v}{usi:usiq/1vn}{kkut:pkut/tn-via-s-1s};{uqa:uqaq/1v}{usi:usiq/1vn}{kkut:pkut/tn-via-p-1s};{uqa:uqaq/1n}{u:u/1nv}{si:siq/2vn}{kkut:kkut/1nn};{uqa:uqaq/1v}{u:uq/3vv}{si:siq/2vn}{kkut:kkut/1nn};{uqa:uqaq/1n}{u:u/1nv}{si:siq/2vn}{kkut:kkut/tn-via-s};{uqa:uqaq/1v}{u:uq/3vv}{si:siq/2vn}{kkut:kkut/tn-via-s};{uqa:uqaq/1n}{u:u/1nv}{si:siq/2vn}{kkut:kkut/tn-via-s-2s};{uqa:uqaq/1v}{u:uq/3vv}{si:siq/2vn}{kkut:kkut/tn-via-s-2s};{uqa:uqaq/1n}{u:u/1nv}{si:siq/2vn}{kkut:pkut/tn-via-s-1s};{uqa:uqaq/1v}{u:uq/3vv}{si:siq/2vn}{kkut:pkut/tn-via-s-1s};{uqa:uqaq/1n}{u:u/1nv}{si:siq/2vn}{kkut:pkut/tn-via-p-1s};{uqa:uqaq/1v}{u:uq/3vv}{si:siq/2vn}{kkut:pkut/tn-via-p-1s},False,False,False,False,False,
hansard,uqausiksait,{uqa:uqaq/1v}{usi:usiq/1vn}{ksa:ksaq/1nn}{it:it/tn-nom-p},False,{uqausi:uqausiq/1n}{ksa:ksaq/1nn}{it:it/tn-nom-p};{uqausi:uqausiq/1n}{ksa:ksaq/1nn}{it:it/tn-gen-p};{uqausi:uqausiq/1n}{ksa:ksaq/1nn}{it:it/tn-nom-s-2s};{uqa:uqaq/1v}{usi:usiq/1vn}{ksa:ksaq/1nn}{it:it/tn-nom-p};{uqa:uqaq/1v}{usi:usiq/1vn}{ksa:ksaq/1nn}{it:it/tn-gen-p};{uqa:uqaq/1v}{usi:usiq/1vn}{ksa:ksaq/1nn}{it:it/tn-nom-s-2s};{uqa:uqaq/1n}{u:u/1nv}{si:siq/2vn}{ksa:ksaq/1nn}{it:it/tn-nom-p};{uqa:uqaq/1v}{u:uq/3vv}{si:siq/2vn}{ksa:ksaq/1nn}{it:it/tn-nom-p};{uqa:uqaq/1n}{u:u/1nv}{si:si/2vv}{ksa:ksaq/1vn}{it:it/tn-nom-p};{uqa:uqaq/1v}{u:uq/3vv}{si:si/2vv}{ksa:ksaq/1vn}{it:it/tn-nom-p};{uqa:uqaq/1n}{u:ut/2nn}{si:liq/2nv}{ksa:ksaq/1vn}{it:it/tn-nom-p};{uqa:uqaq/1v}{u:ut/1vn}{si:liq/2nv}{ksa:ksaq/1vn}{it:it/tn-nom-p};{uqa:uqaq/1n}{u:u/1nv}{si:siq/1vv}{ksa:ksaq/1vn}{it:it/tn-nom-p};{uqa:uqaq/1n}{u:u/1nv}{si:siq/2vn}{ksa:ksaq/1nn}{it:it/tn-gen-p};{uqa:uqaq/1v}{u:uq/3vv}{si:siq/2vn}{ksa:ksaq/1nn}{it:it/tn-gen-p};{uqa:uqaq/1n}{u:u/1nv}{si:si/2vv}{ksa:ksaq/1vn}{it:it/tn-gen-p};{uqa:uqaq/1v}{u:uq/3vv}{si:si/2vv}{ksa:ksaq/1vn}{it:it/tn-gen-p};{uqa:uqaq/1n}{u:ut/2nn}{si:liq/2nv}{ksa:ksaq/1vn}{it:it/tn-gen-p};{uqa:uqaq/1v}{u:ut/1vn}{si:liq/2nv}{ksa:ksaq/1vn}{it:it/tn-gen-p};{uqa:uqaq/1n}{u:u/1nv}{si:siq/1vv}{ksa:ksaq/1vn}{it:it/tn-gen-p};{uqa:uqaq/1n}{u:u/1nv}{si:siq/2vn}{ksa:ksaq/1nn}{it:it/tn-nom-s-2s};{uqa:uqaq/1v}{u:uq/3vv}{si:siq/2vn}{ksa:ksaq/1nn}{it:it/tn-nom-s-2s};{uqa:uqaq/1n}{u:u/1nv}{si:si/2vv}{ksa:ksaq/1vn}{it:it/tn-nom-s-2s};{uqa:uqaq/1v}{u:uq/3vv}{si:si/2vv}{ksa:ksaq/1vn}{it:it/tn-nom-s-2s};{uqa:uqaq/1n}{u:ut/2nn}{si:liq/2nv}{ksa:ksaq/1vn}{it:it/tn-nom-s-2s};{uqa:uqaq/1v}{u:ut/1vn}{si:liq/2nv}{ksa:ksaq/1vn}{it:it/tn-nom-s-2s};{uqa:uqaq/1n}{u:u/1nv}{si:siq/1vv}{ksa:ksaq/1vn}{it:it/tn-nom-s-2s},False,False,False,False,False,
hansard,uqausiksangit,{uqa:uqaq/1v}{usi:usiq/1vn}{ksa:ksaq/1nn}{ngit:ngit/tn-nom-p-4s},False,{uqausi:uqausiq/1n}{ksa:ksaq/1nn}{ngit:ngit/tn-nom-p-4s};{uqausi:uqausiq/1n}{ksa:ksaq/1nn}{ngit:ngik/tn-nom-p-4d};{uqausi:uqausiq/1n}{ksa:ksaq/1nn}{ngit:ngit/tn-nom-p-4p};{uqa:uqaq/1v}{usi:usiq/1vn}{ksa:ksaq/1nn}{ngit:ngit/tn-nom-p-4s};{uqa:uqaq/1v}{usi:usiq/1vn}{ksa:ksaq/1nn}{ngit:ngik/tn-nom-p-4d};{uqa:uqaq/1v}{usi:usiq/1vn}{ksa:ksaq/1nn}{ngit:ngit/tn-nom-p-4p};{uqa:uqaq/1n}{u:u/1nv}{si:siq/2vn}{ksa:ksaq/1nn}{ngit:ngit/tn-nom-p-4s};{uqa:uqaq/1v}{u:uq/3vv}{si:siq/2vn}{ksa:ksaq/1nn}{ngit:ngit/tn-nom-p-4s};{uqa:uqaq/1n}{u:u/1nv}{si:si/2vv}{ksa:ksaq/1vn}{ngit:ngit/tn-nom-p-4s};{uqa:uqaq/1v}{u:uq/3vv}{si:si/2vv}{ksa:ksaq/1vn}{ngit:ngit/tn-nom-p-4s};{uqa:uqaq/1n}{u:ut/2nn}{si:liq/2nv}{ksa:ksaq/1vn}{ngit:ngit/tn-nom-p-4s};{uqa:uqaq/1v}{u:ut/1vn}{si:liq/2nv}{ksa:ksaq/1vn}{ngit:ngit/tn-nom-p-4s};{uqa:uqaq/1n}{u:u/1nv}{si:siq/1vv}{ksa:ksaq/1vn}{ngit:ngit/tn-nom-p-4s};{uqa:uqaq/1n}{u:u/1nv}{si:siq/2vn}{ksa:ksaq/1nn}{ngit:ngik/tn-nom-p-4d};{uqa:uqaq/1v}{u:uq/3vv}{si:siq/2vn}{ksa:ksaq/1nn}{ngit:ngik/tn-nom-p-4d};{uqa:uqaq/1n}{u:u/1nv}{si:si/2vv}{ksa:ksaq/1vn}{ngit:ngik/tn-nom-p-4d};{uqa:uqaq/1v}{u:uq/3vv}{si:si/2vv}{ksa:ksaq/1vn}{ngit:ngik/tn-nom-p-4d};{uqa:uqaq/1n}{u:ut/2nn}{si:liq/2nv}{ksa:ksaq/1vn}{ngit:ngik/tn-nom-p-4d};{uqa:uqaq/1v}{u:ut/1vn}{si:liq/2nv}{ksa:ksaq/1vn}{ngit:ngik/tn-nom-p-4d};{uqa:uqaq/1n}{u:u/1nv}{si:siq/1vv}{ksa:ksaq/1vn}{ngit:ngik/tn-nom-p-4d};{uqa:uqaq/1n}{u:u/1nv}{si:siq/2vn}{ksa:ksaq/1nn}{ngit:ngit/tn-nom-p-4p};{uqa:uqaq/1v}{u:uq/3vv}{si:siq/2vn}{ksa:ksaq/1nn}{ngit:ngit/tn-nom-p-4p};{uqa:uqaq/1n}{u:u/1nv}{si:si/2vv}{ksa:ksaq/1vn}{ngit:ngit/tn-nom-p-4p};{uqa:uqaq/1v}{u:uq/3vv}{si:si/2vv}{ksa:ksaq/1vn}{ngit:ngit/tn-nom-p-4p};{uqa:uqaq/1n}{u:ut/2nn}{si:liq/2nv}{ksa:ksaq/1vn}{ngit:ngit/tn-nom-p-4p};{uqa:uqaq/1v}{u:ut/1vn}{si:liq/2nv}{ksa:ksaq/1vn}{ngit:ngit/tn-nom-p-4p};{uqa:uqaq/1n}{u:u/1nv}{si:siq/1vv}{ksa:ksaq/1vn}{ngit:ngit/tn-nom-p-4p},False,False,False,False,False,
hansard,uqausiksat,{uqausi:uqausiq/1n}{ksa:ksaq/1nn}{t:it/tn-nom-p},False,,False,True,False,False,False,See comment for 'katimajit'
hansard,uqausilirinirmut,{uqa:uqaq/1v}{usi:usiq/1vn}{liri:liri/1nv}{nir:niq/2vn}{mut:mut/tn-dat-s},False,{uqausi:uqausiq/1n}{liri:liri/1nv}{nir:niq/2vn}{mut:mut/tn-dat-s};{uqa:uqaq/1v}{usi:usiq/1vn}{liri:liri/1nv}{nir:niq/2vn}{mut:mut/tn-dat-s};{uqa:uqaq/1n}{u:u/1nv}{si:siq/2vn}{liri:liri/1nv}{nir:niq/2vn}{mut:mut/tn-dat-s};{uqa:uqaq/1v}{u:uq/3vv}{si:siq/2vn}{liri:liri/1nv}{nir:niq/2vn}{mut:mut/tn-dat-s},False,False,False,False,False,
hansard,uqausinga,{uqa:uqaq/1v}{usi:usiq/1vn}{nga:nga/tn-nom-s-4s},False,{uqausi:uqausiq/1n}{nga:nga/tn-nom-s-4s};{uqa:uqaq/1v}{usi:usiq/1vn}{nga:nga/tn-nom-s-4s};{uqa:uqaq/1n}{u:u/1nv}{singa:singa/tv-imp-2p-1s};{uqa:uqaq/1n}{u:u/1nv}{si:siq/2vn}{nga:nga/tn-nom-s-4s};{uqa:uqaq/1v}{u:uq/3vv}{si:siq/2vn}{nga:nga/tn-nom-s-4s};{uqausi:uqausiq/1n}{nga:ngak/tn-nom-s-4d};{uqausi:uqausiq/1n}{nga:ngat/tn-nom-s-4p};{uqa:uqaq/1v}{usi:usiq/1vn}{nga:ngak/tn-nom-s-4d};{uqa:uqaq/1v}{usi:usiq/1vn}{nga:ngat/tn-nom-s-4p};{uqa:uqaq/1n}{u:u/1nv}{si:siq/2vn}{nga:ngak/tn-nom-s-4d};{uqa:uqaq/1v}{u:uq/3vv}{si:siq/2vn}{nga:ngak/tn-nom-s-4d};{uqa:uqaq/1n}{u:u/1nv}{si:siq/2vn}{nga:ngat/tn-nom-s-4p};{uqa:uqaq/1v}{u:uq/3vv}{si:siq/2vn}{nga:ngat/tn-nom-s-4p},False,False,False,False,False,
hansard,uqausingit,{uqa:uqaq/1v}{usi:usiq/1vn}{ngit:ngit/tn-nom-p-4s},False,{uqausi:uqausiq/1n}{ngit:ngit/tn-nom-p-4s};{uqausi:uqausiq/1n}{ngit:ngik/tn-nom-p-4d};{uqausi:uqausiq/1n}{ngit:ngit/tn-nom-p-4p};{uqa:uqaq/1v}{usi:usiq/1vn}{ngit:ngit/tn-nom-p-4s};{uqa:uqaq/1v}{usi:usiq/1vn}{ngit:ngik/tn-nom-p-4d};{uqa:uqaq/1v}{usi:usiq/1vn}{ngit:ngit/tn-nom-p-4p};{uqa:uqaq/1n}{u:u/1nv}{si:siq/2vn}{ngit:ngit/tn-nom-p-4s};{uqa:uqaq/1v}{u:uq/3vv}{si:siq/2vn}{ngit:ngit/tn-nom-p-4s};{uqa:uqaq/1n}{u:u/1nv}{si:siq/2vn}{ngit:ngik/tn-nom-p-4d};{uqa:uqaq/1v}{u:uq/3vv}{si:siq/2vn}{ngit:ngik/tn-nom-p-4d};{uqa:uqaq/1n}{u:u/1nv}{si:siq/2vn}{ngit:ngit/tn-nom-p-4p};{uqa:uqaq/1v}{u:uq/3vv}{si:siq/2vn}{ngit:ngit/tn-nom-p-4p},False,False,False,False,False,
hansard,uqausiq,{uqa:uqaq/1v}{usiq:usiq/1vn},False,{uqausiq:uqausiq/1n};{uqa:uqaq/1v}{usiq:usiq/1vn};{uqa:uqaq/1n}{u:u/1nv}{siq:siq/2vn};{uqa:uqaq/1v}{u:uq/3vv}{siq:siq/2vn},False,False,False,False,False,
hansard,uqausiqtigut,{uqa:uqaq/1v}{usiq:usiq/1vn}{tigut:tigut/tn-via-p},False,{uqausiq:uqausiq/1n}{tigut:tigut/tn-via-p};{uqa:uqaq/1v}{usiq:usiq/1vn}{tigut:tigut/tn-via-p};{uqa:uqaq/1n}{u:u/1nv}{siq:siq/2vn}{tigut:tigut/tn-via-p};{uqa:uqaq/1v}{u:uq/3vv}{siq:siq/2vn}{tigut:tigut/tn-via-p};{uqa:uqaq/1n}{u:ut/2nn}{siq:liq/2nv}{tigut:tigut/tv-imp-2s-1p};{uqa:uqaq/1v}{u:ut/1vn}{siq:liq/2nv}{tigut:tigut/tv-imp-2s-1p};{uqa:uqaq/1n}{u:u/1nv}{siq:siq/1vv}{tigut:tigut/tv-imp-2s-1p};{uqa:uqaq/1n}{u:ut/2nn}{siq:liq/2nv}{tigut:tigut/tv-imp-2d-1p};{uqa:uqaq/1v}{u:ut/1vn}{siq:liq/2nv}{tigut:tigut/tv-imp-2d-1p};{uqa:uqaq/1n}{u:u/1nv}{siq:siq/1vv}{tigut:tigut/tv-imp-2d-1p};{uqa:uqaq/1n}{u:ut/2nn}{siq:liq/2nv}{tigut:tigut/tv-imp-2p-1p};{uqa:uqaq/1v}{u:ut/1vn}{siq:liq/2nv}{tigut:tigut/tv-imp-2p-1p};{uqa:uqaq/1n}{u:u/1nv}{siq:siq/1vv}{tigut:tigut/tv-imp-2p-1p},False,False,False,False,False,
hansard,uqausirijanga,{uqa:uqaq/1v}{usi:usiq/1vn}{ri:gi/1nv}{ja:jaq/1vn}{nga:nga/tn-nom-s-4s},False,{uqausi:uqausiq/1n}{ri:gi/1nv}{janga:janga/tv-ger-3s-3s};{uqausi:uqausiq/1n}{ri:gi/1nv}{ja:jaq/1vn}{nga:nga/tn-nom-s-4s};{uqa:uqaq/1v}{usi:usiq/1vn}{ri:gi/1nv}{janga:janga/tv-ger-3s-3s};{uqa:uqaq/1n}{u:ut/2nn}{siri:liri/1nv}{janga:janga/tv-ger-3s-3s};{uqa:uqaq/1v}{u:ut/1vn}{siri:liri/1nv}{janga:janga/tv-ger-3s-3s};{uqa:uqaq/1n}{u:ut/2nn}{siri:siri/1nv}{janga:janga/tv-ger-3s-3s};{uqa:uqaq/1v}{u:ut/1vn}{siri:siri/1nv}{janga:janga/tv-ger-3s-3s};{uqa:uqaq/1v}{usi:usiq/1vn}{ri:gi/1nv}{ja:jaq/1vn}{nga:nga/tn-nom-s-4s};{uqa:uqaq/1n}{u:ut/2nn}{siri:liri/1nv}{ja:jaq/1vn}{nga:nga/tn-nom-s-4s};{uqa:uqaq/1v}{u:ut/1vn}{siri:liri/1nv}{ja:jaq/1vn}{nga:nga/tn-nom-s-4s};{uqa:uqaq/1n}{u:ut/2nn}{siri:siri/1nv}{ja:jaq/1vn}{nga:nga/tn-nom-s-4s};{uqa:uqaq/1v}{u:ut/1vn}{siri:siri/1nv}{ja:jaq/1vn}{nga:nga/tn-nom-s-4s};{uqa:uqaq/1n}{u:u/1nv}{si:siq/2vn}{ri:gi/1nv}{janga:janga/tv-ger-3s-3s};{uqa:uqaq/1v}{u:uq/3vv}{si:siq/2vn}{ri:gi/1nv}{janga:janga/tv-ger-3s-3s};{uqa:uqaq/1n}{u:u/1nv}{si:siq/2vn}{ri:gi/1nv}{ja:jaq/1vn}{nga:nga/tn-nom-s-4s};{uqa:uqaq/1v}{u:uq/3vv}{si:siq/2vn}{ri:gi/1nv}{ja:jaq/1vn}{nga:nga/tn-nom-s-4s};{uqausi:uqausiq/1n}{ri:gi/1nv}{janga:jangak/tv-ger-3d-3s};{uqausi:uqausiq/1n}{ri:gi/1nv}{janga:jangat/tv-ger-3p-3s};{uqausi:uqausiq/1n}{ri:gi/1nv}{ja:jaq/1vn}{nga:ngak/tn-nom-s-4d};{uqausi:uqausiq/1n}{ri:gi/1nv}{ja:jaq/1vn}{nga:ngat/tn-nom-s-4p};{uqa:uqaq/1v}{usi:usiq/1vn}{ri:gi/1nv}{janga:jangak/tv-ger-3d-3s};{uqa:uqaq/1n}{u:ut/2nn}{siri:liri/1nv}{janga:jangak/tv-ger-3d-3s};{uqa:uqaq/1v}{u:ut/1vn}{siri:liri/1nv}{janga:jangak/tv-ger-3d-3s};{uqa:uqaq/1n}{u:ut/2nn}{siri:siri/1nv}{janga:jangak/tv-ger-3d-3s};{uqa:uqaq/1v}{u:ut/1vn}{siri:siri/1nv}{janga:jangak/tv-ger-3d-3s};{uqa:uqaq/1v}{usi:usiq/1vn}{ri:gi/1nv}{janga:jangat/tv-ger-3p-3s};{uqa:uqaq/1n}{u:ut/2nn}{siri:liri/1nv}{janga:jangat/tv-ger-3p-3s};{uqa:uqaq/1v}{u:ut/1vn}{siri:liri/1nv}{janga:jangat/tv-ger-3p-3s};{uqa:uqaq/1n}{u:ut/2nn}{siri:siri/1nv}{janga:jangat/tv-ger-3p-3s};{uqa:uqaq/1v}{u:ut/1vn}{siri:siri/1nv}{janga:jangat/tv-ger-3p-3s};{uqa:uqaq/1v}{usi:usiq/1vn}{ri:gi/1nv}{ja:jaq/1vn}{nga:ngak/tn-nom-s-4d};{uqa:uqaq/1n}{u:ut/2nn}{siri:liri/1nv}{ja:jaq/1vn}{nga:ngak/tn-nom-s-4d};{uqa:uqaq/1v}{u:ut/1vn}{siri:liri/1nv}{ja:jaq/1vn}{nga:ngak/tn-nom-s-4d};{uqa:uqaq/1n}{u:ut/2nn}{siri:siri/1nv}{ja:jaq/1vn}{nga:ngak/tn-nom-s-4d};{uqa:uqaq/1v}{u:ut/1vn}{siri:siri/1nv}{ja:jaq/1vn}{nga:ngak/tn-nom-s-4d};{uqa:uqaq/1v}{usi:usiq/1vn}{ri:gi/1nv}{ja:jaq/1vn}{nga:ngat/tn-nom-s-4p};{uqa:uqaq/1n}{u:ut/2nn}{siri:liri/1nv}{ja:jaq/1vn}{nga:ngat/tn-nom-s-4p};{uqa:uqaq/1v}{u:ut/1vn}{siri:liri/1nv}{ja:jaq/1vn}{nga:ngat/tn-nom-s-4p};{uqa:uqaq/1n}{u:ut/2nn}{siri:siri/1nv}{ja:jaq/1vn}{nga:ngat/tn-nom-s-4p};{uqa:uqaq/1v}{u:ut/1vn}{siri:siri/1nv}{ja:jaq/1vn}{nga:ngat/tn-nom-s-4p};{uqa:uqaq/1n}{u:u/1nv}{si:siq/2vn}{ri:gi/1nv}{janga:jangak/tv-ger-3d-3s};{uqa:uqaq/1v}{u:uq/3vv}{si:siq/2vn}{ri:gi/1nv}{janga:jangak/tv-ger-3d-3s};{uqa:uqaq/1n}{u:u/1nv}{si:siq/2vn}{ri:gi/1nv}{janga:jangat/tv-ger-3p-3s};{uqa:uqaq/1v}{u:uq/3vv}{si:siq/2vn}{ri:gi/1nv}{janga:jangat/tv-ger-3p-3s};{uqa:uqaq/1n}{u:u/1nv}{si:siq/2vn}{ri:gi/1nv}{ja:jaq/1vn}{nga:ngak/tn-nom-s-4d};{uqa:uqaq/1v}{u:uq/3vv}{si:siq/2vn}{ri:gi/1nv}{ja:jaq/1vn}{nga:ngak/tn-nom-s-4d};{uqa:uqaq/1n}{u:u/1nv}{si:siq/2vn}{ri:gi/1nv}{ja:jaq/1vn}{nga:ngat/tn-nom-s-4p};{uqa:uqaq/1v}{u:uq/3vv}{si:siq/2vn}{ri:gi/1nv}{ja:jaq/1vn}{nga:ngat/tn-nom-s-4p},False,False,False,False,False,
hansard,uqausirmik,{uqa:uqaq/1v}{usir:usiq/1vn}{mik:mik/tn-acc-s},False,{uqausir:uqausiq/1n}{mik:mik/tn-acc-s};{uqausir:uqausiq/1n}{mik:mik/tn-gen-s-3d};{uqausir:uqausiq/1n}{mik:mik/tn-gen-p-3d};{uqausir:uqausiq/1n}{mik:mik/tn-gen-s-3p};{uqausir:uqausiq/1n}{mik:mik/tn-gen-p-3p};{uqa:uqaq/1v}{usir:usiq/1vn}{mik:mik/tn-acc-s};{uqa:uqaq/1v}{usir:usiq/1vn}{mik:mik/tn-gen-s-3d};{uqa:uqaq/1v}{usir:usiq/1vn}{mik:mik/tn-gen-p-3d};{uqa:uqaq/1v}{usir:usiq/1vn}{mik:mik/tn-gen-s-3p};{uqa:uqaq/1v}{usir:usiq/1vn}{mik:mik/tn-gen-p-3p};{uqa:uqaq/1n}{u:u/1nv}{sir:siq/2vn}{mik:mik/tn-acc-s};{uqa:uqaq/1v}{u:uq/3vv}{sir:siq/2vn}{mik:mik/tn-acc-s};{uqa:uqaq/1n}{u:u/1nv}{sir:siq/2vn}{mik:mik/tn-gen-s-3d};{uqa:uqaq/1v}{u:uq/3vv}{sir:siq/2vn}{mik:mik/tn-gen-s-3d};{uqa:uqaq/1n}{u:u/1nv}{sir:siq/2vn}{mik:mik/tn-gen-p-3d};{uqa:uqaq/1v}{u:uq/3vv}{sir:siq/2vn}{mik:mik/tn-gen-p-3d};{uqa:uqaq/1n}{u:u/1nv}{sir:siq/2vn}{mik:mik/tn-gen-s-3p};{uqa:uqaq/1v}{u:uq/3vv}{sir:siq/2vn}{mik:mik/tn-gen-s-3p};{uqa:uqaq/1n}{u:u/1nv}{sir:siq/2vn}{mik:mik/tn-gen-p-3p};{uqa:uqaq/1v}{u:uq/3vv}{sir:siq/2vn}{mik:mik/tn-gen-p-3p},False,False,False,False,False,
hansard,uqausirnik,{uqa:uqaq/1v}{usir:usiq/1vn}{nik:nik/tn-acc-p},False,{uqausir:uqausiq/1n}{nik:nik/tn-acc-p};{uqausir:uqausiq/1n}{nik:ngnik/tn-acc-s-2s};{uqa:uqaq/1v}{usir:usiq/1vn}{nik:nik/tn-acc-p};{uqa:uqaq/1v}{usir:usiq/1vn}{nik:ngnik/tn-acc-s-2s};{uqa:uqaq/1n}{u:u/1nv}{sir:siq/2vn}{nik:nik/tn-acc-p};{uqa:uqaq/1v}{u:uq/3vv}{sir:siq/2vn}{nik:nik/tn-acc-p};{uqa:uqaq/1n}{u:u/1nv}{sir:siq/2vn}{nik:ngnik/tn-acc-s-2s};{uqa:uqaq/1v}{u:uq/3vv}{sir:siq/2vn}{nik:ngnik/tn-acc-s-2s},False,False,False,False,False,
hansard,uqausirnut,{uqa:uqaq/1v}{usir:usiq/1vn}{nut:nut/tn-dat-p},False,{uqausir:uqausiq/1n}{nut:nut/tn-dat-p};{uqausir:uqausiq/1n}{nut:ngnut/tn-dat-s-2s};{uqa:uqaq/1v}{usir:usiq/1vn}{nut:nut/tn-dat-p};{uqa:uqaq/1v}{usir:usiq/1vn}{nut:ngnut/tn-dat-s-2s};{uqa:uqaq/1n}{u:u/1nv}{sir:siq/2vn}{nut:nut/tn-dat-p};{uqa:uqaq/1v}{u:uq/3vv}{sir:siq/2vn}{nut:nut/tn-dat-p};{uqa:uqaq/1n}{u:u/1nv}{sir:siq/2vn}{nut:ngnut/tn-dat-s-2s};{uqa:uqaq/1v}{u:uq/3vv}{sir:siq/2vn}{nut:ngnut/tn-dat-s-2s},False,False,False,False,False,
hansard,uqausissangit,{uqa:uqaq/1v}{usi:usiq/1vn}{ssa:ksaq/1nn}{ngit:ngit/tn-nom-p-4s},False,{uqausi:uqausiq/1n}{ssa:ksaq/1nn}{ngit:ngit/tn-nom-p-4s};{uqausi:uqausiq/1n}{ssa:ksaq/1nn}{ngit:ngik/tn-nom-p-4d};{uqausi:uqausiq/1n}{ssa:ksaq/1nn}{ngit:ngit/tn-nom-p-4p};{uqa:uqaq/1v}{usi:usiq/1vn}{ssa:ksaq/1nn}{ngit:ngit/tn-nom-p-4s};{uqa:uqaq/1v}{usi:usiq/1vn}{ssa:ksaq/1nn}{ngit:ngik/tn-nom-p-4d};{uqa:uqaq/1v}{usi:usiq/1vn}{ssa:ksaq/1nn}{ngit:ngit/tn-nom-p-4p};{uqa:uqaq/1n}{u:u/1nv}{si:siq/2vn}{ssa:ksaq/1nn}{ngit:ngit/tn-nom-p-4s};{uqa:uqaq/1v}{u:uq/3vv}{si:siq/2vn}{ssa:ksaq/1nn}{ngit:ngit/tn-nom-p-4s};{uqa:uqaq/1n}{u:u/1nv}{si:si/2vv}{ssa:ksaq/1vn}{ngit:ngit/tn-nom-p-4s};{uqa:uqaq/1v}{u:uq/3vv}{si:si/2vv}{ssa:ksaq/1vn}{ngit:ngit/tn-nom-p-4s};{uqa:uqaq/1n}{u:ut/2nn}{si:liq/2nv}{ssa:ksaq/1vn}{ngit:ngit/tn-nom-p-4s};{uqa:uqaq/1v}{u:ut/1vn}{si:liq/2nv}{ssa:ksaq/1vn}{ngit:ngit/tn-nom-p-4s};{uqa:uqaq/1n}{u:u/1nv}{si:siq/1vv}{ssa:ksaq/1vn}{ngit:ngit/tn-nom-p-4s};{uqa:uqaq/1n}{u:u/1nv}{si:siq/2vn}{ssa:ksaq/1nn}{ngit:ngik/tn-nom-p-4d};{uqa:uqaq/1v}{u:uq/3vv}{si:siq/2vn}{ssa:ksaq/1nn}{ngit:ngik/tn-nom-p-4d};{uqa:uqaq/1n}{u:u/1nv}{si:si/2vv}{ssa:ksaq/1vn}{ngit:ngik/tn-nom-p-4d};{uqa:uqaq/1v}{u:uq/3vv}{si:si/2vv}{ssa:ksaq/1vn}{ngit:ngik/tn-nom-p-4d};{uqa:uqaq/1n}{u:ut/2nn}{si:liq/2nv}{ssa:ksaq/1vn}{ngit:ngik/tn-nom-p-4d};{uqa:uqaq/1v}{u:ut/1vn}{si:liq/2nv}{ssa:ksaq/1vn}{ngit:ngik/tn-nom-p-4d};{uqa:uqaq/1n}{u:u/1nv}{si:siq/1vv}{ssa:ksaq/1vn}{ngit:ngik/tn-nom-p-4d};{uqa:uqaq/1n}{u:u/1nv}{si:siq/2vn}{ssa:ksaq/1nn}{ngit:ngit/tn-nom-p-4p};{uqa:uqaq/1v}{u:uq/3vv}{si:siq/2vn}{ssa:ksaq/1nn}{ngit:ngit/tn-nom-p-4p};{uqa:uqaq/1n}{u:u/1nv}{si:si/2vv}{ssa:ksaq/1vn}{ngit:ngit/tn-nom-p-4p};{uqa:uqaq/1v}{u:uq/3vv}{si:si/2vv}{ssa:ksaq/1vn}{ngit:ngit/tn-nom-p-4p};{uqa:uqaq/1n}{u:ut/2nn}{si:liq/2nv}{ssa:ksaq/1vn}{ngit:ngit/tn-nom-p-4p};{uqa:uqaq/1v}{u:ut/1vn}{si:liq/2nv}{ssa:ksaq/1vn}{ngit:ngit/tn-nom-p-4p};{uqa:uqaq/1n}{u:u/1nv}{si:siq/1vv}{ssa:ksaq/1vn}{ngit:ngit/tn-nom-p-4p},False,False,False,False,False,
hansard,uqausitsangit,{uqa:uqaq/1v}{usi:usiq/1vn}{tsa:ksaq/1nn}{ngit:ngit/tn-nom-p-4s},False,{uqausi:uqausiq/1n}{tsa:ksaq/1nn}{ngit:ngit/tn-nom-p-4s};{uqausi:uqausiq/1n}{tsa:ksaq/1nn}{ngit:ngik/tn-nom-p-4d};{uqausi:uqausiq/1n}{tsa:ksaq/1nn}{ngit:ngit/tn-nom-p-4p};{uqa:uqaq/1v}{usi:usiq/1vn}{tsa:ksaq/1nn}{ngit:ngit/tn-nom-p-4s};{uqa:uqaq/1v}{usi:usiq/1vn}{tsa:ksaq/1nn}{ngit:ngik/tn-nom-p-4d};{uqa:uqaq/1v}{usi:usiq/1vn}{tsa:ksaq/1nn}{ngit:ngit/tn-nom-p-4p};{uqa:uqaq/1n}{u:u/1nv}{si:siq/2vn}{tsa:ksaq/1nn}{ngit:ngit/tn-nom-p-4s};{uqa:uqaq/1v}{u:uq/3vv}{si:siq/2vn}{tsa:ksaq/1nn}{ngit:ngit/tn-nom-p-4s};{uqa:uqaq/1n}{u:u/1nv}{si:si/2vv}{tsa:ksaq/1vn}{ngit:ngit/tn-nom-p-4s};{uqa:uqaq/1v}{u:uq/3vv}{si:si/2vv}{tsa:ksaq/1vn}{ngit:ngit/tn-nom-p-4s};{uqa:uqaq/1n}{u:ut/2nn}{si:liq/2nv}{tsa:ksaq/1vn}{ngit:ngit/tn-nom-p-4s};{uqa:uqaq/1v}{u:ut/1vn}{si:liq/2nv}{tsa:ksaq/1vn}{ngit:ngit/tn-nom-p-4s};{uqa:uqaq/1n}{u:u/1nv}{si:siq/1vv}{tsa:ksaq/1vn}{ngit:ngit/tn-nom-p-4s};{uqa:uqaq/1n}{u:u/1nv}{si:siq/2vn}{tsa:ksaq/1nn}{ngit:ngik/tn-nom-p-4d};{uqa:uqaq/1v}{u:uq/3vv}{si:siq/2vn}{tsa:ksaq/1nn}{ngit:ngik/tn-nom-p-4d};{uqa:uqaq/1n}{u:u/1nv}{si:si/2vv}{tsa:ksaq/1vn}{ngit:ngik/tn-nom-p-4d};{uqa:uqaq/1v}{u:uq/3vv}{si:si/2vv}{tsa:ksaq/1vn}{ngit:ngik/tn-nom-p-4d};{uqa:uqaq/1n}{u:ut/2nn}{si:liq/2nv}{tsa:ksaq/1vn}{ngit:ngik/tn-nom-p-4d};{uqa:uqaq/1v}{u:ut/1vn}{si:liq/2nv}{tsa:ksaq/1vn}{ngit:ngik/tn-nom-p-4d};{uqa:uqaq/1n}{u:u/1nv}{si:siq/1vv}{tsa:ksaq/1vn}{ngit:ngik/tn-nom-p-4d};{uqa:uqaq/1n}{u:u/1nv}{si:siq/2vn}{tsa:ksaq/1nn}{ngit:ngit/tn-nom-p-4p};{uqa:uqaq/1v}{u:uq/3vv}{si:siq/2vn}{tsa:ksaq/1nn}{ngit:ngit/tn-nom-p-4p};{uqa:uqaq/1n}{u:u/1nv}{si:si/2vv}{tsa:ksaq/1vn}{ngit:ngit/tn-nom-p-4p};{uqa:uqaq/1v}{u:uq/3vv}{si:si/2vv}{tsa:ksaq/1vn}{ngit:ngit/tn-nom-p-4p};{uqa:uqaq/1n}{u:ut/2nn}{si:liq/2nv}{tsa:ksaq/1vn}{ngit:ngit/tn-nom-p-4p};{uqa:uqaq/1v}{u:ut/1vn}{si:liq/2nv}{tsa:ksaq/1vn}{ngit:ngit/tn-nom-p-4p};{uqa:uqaq/1n}{u:u/1nv}{si:siq/1vv}{tsa:ksaq/1vn}{ngit:ngit/tn-nom-p-4p},False,False,False,False,False,
hansard,uqausituinnakkut,{uqa:uqaq/1v}{usi:usiq/1vn}{tuinna:tuinnaq/2nn}{kkut:kkut/1nn},False,{uqausi:uqausiq/1n}{tuinna:tuinnaq/2nn}{kkut:kkut/1nn};{uqausi:uqausiq/1n}{tuinna:tuinnaq/2nn}{kkut:kkut/tn-via-s};{uqausi:uqausiq/1n}{tuinna:tuinnaq/2nn}{kkut:kkut/tn-via-s-2s};{uqausi:uqausiq/1n}{tuinna:tuinnaq/2nn}{kkut:pkut/tn-via-s-1s};{uqausi:uqausiq/1n}{tuinna:tuinnaq/2nn}{kkut:pkut/tn-via-p-1s};{uqausi:uqausiq/1n}{tu:tuaq/2nn}{inna:innaq/1nn}{kkut:kkut/1nn};{uqausi:uqausiq/1n}{tu:tuaq/2nn}{inna:innaq/1nn}{kkut:kkut/tn-via-s};{uqausi:uqausiq/1n}{tu:tuaq/2nn}{inna:innaq/1nn}{kkut:kkut/tn-via-s-2s};{uqausi:uqausiq/1n}{tu:tuaq/2nn}{inna:innaq/1nn}{kkut:pkut/tn-via-s-1s};{uqausi:uqausiq/1n}{tu:tuaq/2nn}{inna:innaq/1nn}{kkut:pkut/tn-via-p-1s};{uqausi:uqausiq/1n}{tu:tuaq/2nn}{in:it/2nv}{na:naq/2vn}{kkut:kkut/1nn};{uqausi:uqausiq/1n}{tu:tuaq/2nn}{in:it/2nv}{na:naq/2vn}{kkut:kkut/tn-via-s};{uqausi:uqausiq/1n}{tu:tuaq/2nn}{in:it/2nv}{na:naq/2vn}{kkut:kkut/tn-via-s-2s};{uqausi:uqausiq/1n}{tu:tuaq/2nn}{in:it/2nv}{na:naq/2vn}{kkut:pkut/tn-via-s-1s};{uqausi:uqausiq/1n}{tu:tuaq/2nn}{in:it/2nv}{na:naq/2vn}{kkut:pkut/tn-via-p-1s};{uqa:uqaq/1v}{usi:usiq/1vn}{tuinna:tuinnaq/2nn}{kkut:kkut/1nn};{uqa:uqaq/1v}{usi:usiq/1vn}{tuinna:tuinnaq/2nn}{kkut:kkut/tn-via-s};{uqa:uqaq/1v}{usi:usiq/1vn}{tuinna:tuinnaq/2nn}{kkut:kkut/tn-via-s-2s};{uqa:uqaq/1v}{usi:usiq/1vn}{tuinna:tuinnaq/2nn}{kkut:pkut/tn-via-s-1s};{uqa:uqaq/1v}{usi:usiq/1vn}{tuinna:tuinnaq/2nn}{kkut:pkut/tn-via-p-1s};{uqa:uqaq/1v}{usi:usiq/1vn}{tu:tuaq/2nn}{inna:innaq/1nn}{kkut:kkut/1nn};{uqa:uqaq/1n}{u:u/1nv}{si:siq/2vn}{tuinna:tuinnaq/2nn}{kkut:kkut/1nn};{uqa:uqaq/1v}{u:uq/3vv}{si:siq/2vn}{tuinna:tuinnaq/2nn}{kkut:kkut/1nn};{uqa:uqaq/1v}{usi:usiq/1vn}{tu:tuaq/2nn}{inna:innaq/1nn}{kkut:kkut/tn-via-s};{uqa:uqaq/1n}{u:u/1nv}{si:siq/2vn}{tuinna:tuinnaq/2nn}{kkut:kkut/tn-via-s};{uqa:uqaq/1v}{u:uq/3vv}{si:siq/2vn}{tuinna:tuinnaq/2nn}{kkut:kkut/tn-via-s};{uqa:uqaq/1v}{usi:usiq/1vn}{tu:tuaq/2nn}{inna:innaq/1nn}{kkut:kkut/tn-via-s-2s};{uqa:uqaq/1n}{u:u/1nv}{si:siq/2vn}{tuinna:tuinnaq/2nn}{kkut:kkut/tn-via-s-2s};{uqa:uqaq/1v}{u:uq/3vv}{si:siq/2vn}{tuinna:tuinnaq/2nn}{kkut:kkut/tn-via-s-2s};{uqa:uqaq/1v}{usi:usiq/1vn}{tu:tuaq/2nn}{inna:innaq/1nn}{kkut:pkut/tn-via-s-1s};{uqa:uqaq/1n}{u:u/1nv}{si:siq/2vn}{tuinna:tuinnaq/2nn}{kkut:pkut/tn-via-s-1s};{uqa:uqaq/1v}{u:uq/3vv}{si:siq/2vn}{tuinna:tuinnaq/2nn}{kkut:pkut/tn-via-s-1s};{uqa:uqaq/1v}{usi:usiq/1vn}{tu:tuaq/2nn}{inna:innaq/1nn}{kkut:pkut/tn-via-p-1s};{uqa:uqaq/1n}{u:u/1nv}{si:siq/2vn}{tuinna:tuinnaq/2nn}{kkut:pkut/tn-via-p-1s};{uqa:uqaq/1v}{u:uq/3vv}{si:siq/2vn}{tuinna:tuinnaq/2nn}{kkut:pkut/tn-via-p-1s};{uqa:uqaq/1v}{usi:usiq/1vn}{tu:tuaq/2nn}{in:it/2nv}{na:naq/2vn}{kkut:kkut/1nn};{uqa:uqaq/1n}{u:u/1nv}{si:siq/2vn}{tu:tuaq/2nn}{inna:innaq/1nn}{kkut:kkut/1nn};{uqa:uqaq/1v}{u:uq/3vv}{si:siq/2vn}{tu:tuaq/2nn}{inna:innaq/1nn}{kkut:kkut/1nn};{uqa:uqaq/1v}{usi:usiq/1vn}{tu:tuaq/2nn}{in:it/2nv}{na:naq/2vn}{kkut:kkut/tn-via-s};{uqa:uqaq/1n}{u:u/1nv}{si:siq/2vn}{tu:tuaq/2nn}{inna:innaq/1nn}{kkut:kkut/tn-via-s};{uqa:uqaq/1v}{u:uq/3vv}{si:siq/2vn}{tu:tuaq/2nn}{inna:innaq/1nn}{kkut:kkut/tn-via-s};{uqa:uqaq/1v}{usi:usiq/1vn}{tu:tuaq/2nn}{in:it/2nv}{na:naq/2vn}{kkut:kkut/tn-via-s-2s};{uqa:uqaq/1n}{u:u/1nv}{si:siq/2vn}{tu:tuaq/2nn}{inna:innaq/1nn}{kkut:kkut/tn-via-s-2s};{uqa:uqaq/1v}{u:uq/3vv}{si:siq/2vn}{tu:tuaq/2nn}{inna:innaq/1nn}{kkut:kkut/tn-via-s-2s};{uqa:uqaq/1v}{usi:usiq/1vn}{tu:tuaq/2nn}{in:it/2nv}{na:naq/2vn}{kkut:pkut/tn-via-s-1s};{uqa:uqaq/1n}{u:u/1nv}{si:siq/2vn}{tu:tuaq/2nn}{inna:innaq/1nn}{kkut:pkut/tn-via-s-1s};{uqa:uqaq/1v}{u:uq/3vv}{si:siq/2vn}{tu:tuaq/2nn}{inna:innaq/1nn}{kkut:pkut/tn-via-s-1s};{uqa:uqaq/1v}{usi:usiq/1vn}{tu:tuaq/2nn}{in:it/2nv}{na:naq/2vn}{kkut:pkut/tn-via-p-1s};{uqa:uqaq/1n}{u:u/1nv}{si:siq/2vn}{tu:tuaq/2nn}{inna:innaq/1nn}{kkut:pkut/tn-via-p-1s};{uqa:uqaq/1v}{u:uq/3vv}{si:siq/2vn}{tu:tuaq/2nn}{inna:innaq/1nn}{kkut:pkut/tn-via-p-1s};{uqa:uqaq/1n}{u:u/1nv}{si:siq/2vn}{tu:tuaq/2nn}{in:it/2nv}{na:naq/2vn}{kkut:kkut/1nn};{uqa:uqaq/1v}{u:uq/3vv}{si:siq/2vn}{tu:tuaq/2nn}{in:it/2nv}{na:naq/2vn}{kkut:kkut/1nn};{uqa:uqaq/1n}{u:u/1nv}{si:si/2vv}{tu:tuq/1vv}{i:i/1vv}{nna:naq/2vn}{kkut:kkut/1nn};{uqa:uqaq/1v}{u:uq/3vv}{si:si/2vv}{tu:tuq/1vv}{i:i/1vv}{nna:naq/2vn}{kkut:kkut/1nn};{uqa:uqaq/1n}{u:u/1nv}{si:siq/2vn}{tu:tuaq/2nn}{in:it/2nv}{na:naq/2vn}{kkut:kkut/tn-via-s};{uqa:uqaq/1v}{u:uq/3vv}{si:siq/2vn}{tu:tuaq/2nn}{in:it/2nv}{na:naq/2vn}{kkut:kkut/tn-via-s};{uqa:uqaq/1n}{u:u/1nv}{si:si/2vv}{tu:tuq/1vv}{i:i/1vv}{nna:naq/2vn}{kkut:kkut/tn-via-s};{uqa:uqaq/1v}{u:uq/3vv}{si:si/2vv}{tu:tuq/1vv}{i:i/1vv}{nna:naq/2vn}{kkut:kkut/tn-via-s};{uqa:uqaq/1n}{u:u/1nv}{si:siq/2vn}{tu:tuaq/2nn}{in:it/2nv}{na:naq/2vn}{kkut:kkut/tn-via-s-2s};{uqa:uqaq/1v}{u:uq/3vv}{si:siq/2vn}{tu:tuaq/2nn}{in:it/2nv}{na:naq/2vn}{kkut:kkut/tn-via-s-2s};{uqa:uqaq/1n}{u:u/1nv}{si:si/2vv}{tu:tuq/1vv}{i:i/1vv}{nna:naq/2vn}{kkut:kkut/tn-via-s-2s};{uqa:uqaq/1v}{u:uq/3vv}{si:si/2vv}{tu:tuq/1vv}{i:i/1vv}{nna:naq/2vn}{kkut:kkut/tn-via-s-2s};{uqa:uqaq/1n}{u:u/1nv}{si:siq/2vn}{tu:tuaq/2nn}{in:it/2nv}{na:naq/2vn}{kkut:pkut/tn-via-s-1s};{uqa:uqaq/1v}{u:uq/3vv}{si:siq/2vn}{tu:tuaq/2nn}{in:it/2nv}{na:naq/2vn}{kkut:pkut/tn-via-s-1s};{uqa:uqaq/1n}{u:u/1nv}{si:si/2vv}{tu:tuq/1vv}{i:i/1vv}{nna:naq/2vn}{kkut:pkut/tn-via-s-1s};{uqa:uqaq/1v}{u:uq/3vv}{si:si/2vv}{tu:tuq/1vv}{i:i/1vv}{nna:naq/2vn}{kkut:pkut/tn-via-s-1s};{uqa:uqaq/1n}{u:u/1nv}{si:siq/2vn}{tu:tuaq/2nn}{in:it/2nv}{na:naq/2vn}{kkut:pkut/tn-via-p-1s};{uqa:uqaq/1v}{u:uq/3vv}{si:siq/2vn}{tu:tuaq/2nn}{in:it/2nv}{na:naq/2vn}{kkut:pkut/tn-via-p-1s};{uqa:uqaq/1n}{u:u/1nv}{si:si/2vv}{tu:tuq/1vv}{i:i/1vv}{nna:naq/2vn}{kkut:pkut/tn-via-p-1s};{uqa:uqaq/1v}{u:uq/3vv}{si:si/2vv}{tu:tuq/1vv}{i:i/1vv}{nna:naq/2vn}{kkut:pkut/tn-via-p-1s},False,False,False,False,False,
hansard,uqqurmiut,{uqqurmiut:uqqurmiut/1n},False,{uqqurmiut:uqqurmiut/1n};{uqqurmiu:uqqurmiut/1n}{t:it/tn-nom-p};{uqqurmiu:uqqurmiut/1n}{t:it/tn-gen-p};{uqqurmiu:uqqurmiut/1n}{t:it/tn-nom-s-2s},False,False,False,False,False,
hansard,uqsualuit,{uqsu:uqsuq/1n}{alu:aluk/1nn}{it:it/tn-nom-p},False,{uqsualu:ursualuk/1n}{it:it/tn-nom-p};{uqsualu:ursualuk/1n}{it:it/tn-gen-p};{uqsualu:ursualuk/1n}{it:it/tn-nom-s-2s};{uqsu:uqsuq/1n}{alu:aluk/1nn}{it:it/tn-nom-p};{uqsu:uqsuq/1n}{alu:aluk/1nn}{it:it/tn-gen-p};{uqsu:uqsuq/1n}{alu:aluk/1nn}{it:it/tn-nom-s-2s},False,False,False,False,False,
hansard,uqsualuk,{uqsu:uqsuq/1n}{aluk:aluk/1nn},False,{uqsualuk:ursualuk/1n};{uqsua:ursuaq/1v}{luk:luk/tv-imp-1d};{uqsu:uqsuq/1n}{aluk:aluk/1nn};{uqsu:uqsuq/1n}{a:aq/2nv}{luk:luk/tv-imp-1d},False,False,False,False,False,
hansard,uqsualummut,{uqsu:uqsuq/1n}{alum:aluk/1nn}{mut:mut/tn-dat-s},False,{uqsualum:ursualuk/1n}{mut:mut/tn-dat-s};{uqsu:uqsuq/1n}{alum:aluk/1nn}{mut:mut/tn-dat-s},False,False,False,False,False,
hansard,uqsualuup,{uqsu:uqsuq/1n}{alu:aluk/1nn}{up:up/tn-gen-s},False,{uqsualu:ursualuk/1n}{up:up/tn-gen-s};{uqsualu:ursualuk/1n}{u:ut/2nn}{p:up/tn-gen-s};{uqsua:ursuaq/1v}{lu:luk/3vv}{u:ut/1vn}{p:up/tn-gen-s};{uqsua:ursuaq/1v}{lu:luaq/1vv}{u:ut/1vn}{p:up/tn-gen-s};{uqsu:uqsuq/1n}{alu:aluk/1nn}{up:up/tn-gen-s};{uqsu:uqsuq/1n}{alu:aluk/1nn}{u:ut/2nn}{p:up/tn-gen-s};{uqsu:uqsuq/1n}{a:aq/2nv}{lu:luk/3vv}{u:ut/1vn}{p:up/tn-gen-s};{uqsu:uqsuq/1n}{a:aq/2nv}{lu:luaq/1vv}{u:ut/1vn}{p:up/tn-gen-s},False,False,False,False,False,
hansard,uqsuqtuumi,{uqsuqtuu:uqsuqtuuq/1n}{mi:mi/tn-loc-s},False,{uqsuqtuu:uqsuqtuuq/1n}{mi:mi/tn-loc-s};{uqsuqtuu:uqsuqtuuq/1n}{mi:mi/tn-gen-s-3s};{uqsuqtuu:uqsuqtuuq/1n}{mi:mi/tn-gen-p-3s};{uqsuqtuu:uqsuqtuuq/1n}{mi:ngmi/tn-gen-d-3s};{uqsuq:uqsuq/1n}{tuu:tuuq/1nn}{mi:mi/tn-loc-s};{uqsuq:uqsuq/1n}{tuu:tuuq/1nn}{mi:mi/tn-gen-s-3s};{uqsuq:uqsuq/1n}{tuu:tuuq/1nn}{mi:mi/tn-gen-p-3s};{uqsuq:uqsuq/1n}{tuu:tuuq/1nn}{mi:ngmi/tn-gen-d-3s};{uqsuq:uqsuq/1n}{tu:tut/tn-sim-s}{u:uq/2nv}{mi:miik/1vn};{uqsuq:uqsuq/1n}{tu:tuq/1nv}{u:uq/3vv}{mi:miik/1vn};{uqsu:uqsuq/1n}{qtu:ttuq/1nv}{u:uq/3vv}{mi:miik/1vn};{uqsuq:uqsuq/1n}{tu:tuq/1nv}{u:ut/1vn}{mi:mi/tn-loc-s};{uqsu:uqsuq/1n}{qtu:ttuq/1nv}{u:ut/1vn}{mi:mi/tn-loc-s};{uqsuqtuu:uqsuqtuuq/1n}{mi:mik/tn-acc-s};{uqsuqtuu:uqsuqtuuq/1n}{mi:mik/tn-gen-s-3d};{uqsuqtuu:uqsuqtuuq/1n}{mi:mik/tn-gen-p-3d};{uqsuqtuu:uqsuqtuuq/1n}{mi:mik/tn-gen-s-3p};{uqsuqtuu:uqsuqtuuq/1n}{mi:mik/tn-gen-p-3p};{uqsuqtuu:uqsuqtuuq/1n}{mi:mit/tn-abl-s};{uqsuqtuu:uqsuqtuuq/1n}{mi:nmik/tn-gen-d-3d};{uqsuqtuu:uqsuqtuuq/1n}{mi:ngmik/tn-gen-d-3p};{uqsuq:uqsuq/1n}{tuu:tuuq/1nn}{mi:mik/tn-acc-s};{uqsuq:uqsuq/1n}{tuu:tuuq/1nn}{mi:mik/tn-gen-s-3d};{uqsuq:uqsuq/1n}{tuu:tuuq/1nn}{mi:mik/tn-gen-p-3d};{uqsuq:uqsuq/1n}{tuu:tuuq/1nn}{mi:mik/tn-gen-s-3p};{uqsuq:uqsuq/1n}{tuu:tuuq/1nn}{mi:mik/tn-gen-p-3p};{uqsuq:uqsuq/1n}{tuu:tuuq/1nn}{mi:mit/tn-abl-s};{uqsuq:uqsuq/1n}{tuu:tuuq/1nn}{mi:nmik/tn-gen-d-3d};{uqsuq:uqsuq/1n}{tuu:tuuq/1nn}{mi:ngmik/tn-gen-d-3p};{uqsuq:uqsuq/1n}{tu:tuq/1nv}{u:ut/1vn}{mi:mik/tn-acc-s};{uqsu:uqsuq/1n}{qtu:ttuq/1nv}{u:ut/1vn}{mi:mik/tn-acc-s};{uqsuq:uqsuq/1n}{tu:tuq/1nv}{u:ut/1vn}{mi:mit/tn-abl-s};{uqsu:uqsuq/1n}{qtu:ttuq/1nv}{u:ut/1vn}{mi:mit/tn-abl-s},False,False,False,False,False,
hansard,utirluta,{utir:utiq/1v}{luta:luta/tv-part-1p-fut},False,{utir:utiq/1v}{luta:luta/tv-part-1p-fut};{utir:utiq/1v}{luta:luta/tv-part-2s-1p-fut};{utir:utiq/1v}{luta:luta/tv-part-4s-1p-fut};{utir:utiq/1v}{luta:luta/tv-part-2d-1p-fut};{utir:utiq/1v}{luta:luta/tv-part-4d-1p-fut};{utir:utiq/1v}{luta:luta/tv-part-2p-1p-fut};{utir:utiq/1v}{luta:luta/tv-part-4p-1p-fut},False,False,False,False,False,
hansard,utupiri,{utupiri:utupiri/1n},False,{utupiri:utupiri/1n},False,False,False,False,False,
hansard,uuktutigilugu,{uuk:uuk/1v}{tu:tuq/1vv}{ti:ut/1vn}{gi:gi/1nv}{lugu:lugu/tv-part-1s-3s-fut},False,,True,False,False,False,False,
hansard,uuktuutigilugu,{uuk:uuk/1v}{tu:tuq/1vv}{uti:ut/1vn}{gi:gi/1nv}{lugu:lugu/tv-part-1s-3s-fut},False,{uuktu:uuttuq/1n}{uti:ut/2nn}{gi:gi/1nv}{lugu:lugu/tv-part-1s-3s-fut};{uuktu:uuttuq/1n}{ut:ut/2nn}{igi:gi/1nv}{lugu:lugu/tv-part-1s-3s-fut};{uuktu:uuttuq/1n}{u:u/1nv}{tigi:tigi/1vv}{lugu:lugu/tv-part-1s-3s-fut};{uuktu:uuttuq/1n}{uti:ut/2nn}{gi:gi/1nv}{lugu:lugu/tv-part-2s-3s-fut};{uuktu:uuttuq/1n}{ut:ut/2nn}{igi:gi/1nv}{lugu:lugu/tv-part-2s-3s-fut};{uuktu:uuttuq/1n}{u:u/1nv}{tigi:tigi/1vv}{lugu:lugu/tv-part-2s-3s-fut};{uuktu:uuttuq/1n}{uti:ut/2nn}{gi:gi/1nv}{lugu:lugu/tv-part-4s-3s-fut};{uuktu:uuttuq/1n}{ut:ut/2nn}{igi:gi/1nv}{lugu:lugu/tv-part-4s-3s-fut};{uuktu:uuttuq/1n}{u:u/1nv}{tigi:tigi/1vv}{lugu:lugu/tv-part-4s-3s-fut};{uuktu:uuttuq/1n}{uti:ut/2nn}{gi:gi/1nv}{lugu:lugu/tv-part-1d-3s-fut};{uuktu:uuttuq/1n}{ut:ut/2nn}{igi:gi/1nv}{lugu:lugu/tv-part-1d-3s-fut};{uuktu:uuttuq/1n}{u:u/1nv}{tigi:tigi/1vv}{lugu:lugu/tv-part-1d-3s-fut};{uuktu:uuttuq/1n}{uti:ut/2nn}{gi:gi/1nv}{lugu:lugu/tv-part-2d-3s-fut};{uuktu:uuttuq/1n}{ut:ut/2nn}{igi:gi/1nv}{lugu:lugu/tv-part-2d-3s-fut};{uuktu:uuttuq/1n}{u:u/1nv}{tigi:tigi/1vv}{lugu:lugu/tv-part-2d-3s-fut};{uuktu:uuttuq/1n}{uti:ut/2nn}{gi:gi/1nv}{lugu:lugu/tv-part-4d-3s-fut};{uuktu:uuttuq/1n}{ut:ut/2nn}{igi:gi/1nv}{lugu:lugu/tv-part-4d-3s-fut};{uuktu:uuttuq/1n}{u:u/1nv}{tigi:tigi/1vv}{lugu:lugu/tv-part-4d-3s-fut};{uuktu:uuttuq/1n}{uti:ut/2nn}{gi:gi/1nv}{lugu:lugu/tv-part-1p-3s-fut};{uuktu:uuttuq/1n}{ut:ut/2nn}{igi:gi/1nv}{lugu:lugu/tv-part-1p-3s-fut};{uuktu:uuttuq/1n}{u:u/1nv}{tigi:tigi/1vv}{lugu:lugu/tv-part-1p-3s-fut};{uuktu:uuttuq/1n}{uti:ut/2nn}{gi:gi/1nv}{lugu:lugu/tv-part-2p-3s-fut};{uuktu:uuttuq/1n}{ut:ut/2nn}{igi:gi/1nv}{lugu:lugu/tv-part-2p-3s-fut};{uuktu:uuttuq/1n}{u:u/1nv}{tigi:tigi/1vv}{lugu:lugu/tv-part-2p-3s-fut};{uuktu:uuttuq/1n}{uti:ut/2nn}{gi:gi/1nv}{lugu:lugu/tv-part-4p-3s-fut};{uuktu:uuttuq/1n}{ut:ut/2nn}{igi:gi/1nv}{lugu:lugu/tv-part-4p-3s-fut};{uuktu:uuttuq/1n}{u:u/1nv}{tigi:tigi/1vv}{lugu:lugu/tv-part-4p-3s-fut};{uuk:uut/1v}{tu:juq/1vn}{uti:ut/2nn}{gi:gi/1nv}{lugu:lugu/tv-part-1s-3s-fut};{uuk:uuk/1v}{tu:juq/1vn}{uti:ut/2nn}{gi:gi/1nv}{lugu:lugu/tv-part-1s-3s-fut};{uuk:uuk/1v}{tu:tuq/1vv}{uti:ut/1vn}{gi:gi/1nv}{lugu:lugu/tv-part-1s-3s-fut};{uuk:uut/1v}{tu:juq/1vn}{uti:uti/3nn}{gi:gi/1nv}{lugu:lugu/tv-part-1s-3s-fut};{uuk:uuk/1v}{tu:juq/1vn}{uti:uti/3nn}{gi:gi/1nv}{lugu:lugu/tv-part-1s-3s-fut};{uuk:uut/1v}{tu:juq/1vn}{ut:ut/2nn}{igi:gi/1nv}{lugu:lugu/tv-part-1s-3s-fut};{uuk:uuk/1v}{tu:juq/1vn}{ut:ut/2nn}{igi:gi/1nv}{lugu:lugu/tv-part-1s-3s-fut};{uuk:uuk/1v}{tu:tuq/1vv}{ut:ut/1vn}{igi:gi/1nv}{lugu:lugu/tv-part-1s-3s-fut};{uuk:uut/1v}{tu:juq/1vn}{u:u/1nv}{tigi:tigi/1vv}{lugu:lugu/tv-part-1s-3s-fut};{uuk:uuk/1v}{tu:juq/1vn}{u:u/1nv}{tigi:tigi/1vv}{lugu:lugu/tv-part-1s-3s-fut};{uuk:uuk/1v}{tu:tuq/1vv}{u:uq/3vv}{tigi:tigi/1vv}{lugu:lugu/tv-part-1s-3s-fut};{uuk:uut/1v}{tu:juq/1vn}{uti:ut/2nn}{gi:gi/1nv}{lugu:lugu/tv-part-2s-3s-fut};{uuk:uuk/1v}{tu:juq/1vn}{uti:ut/2nn}{gi:gi/1nv}{lugu:lugu/tv-part-2s-3s-fut};{uuk:uuk/1v}{tu:tuq/1vv}{uti:ut/1vn}{gi:gi/1nv}{lugu:lugu/tv-part-2s-3s-fut};{uuk:uut/1v}{tu:juq/1vn}{uti:uti/3nn}{gi:gi/1nv}{lugu:lugu/tv-part-2s-3s-fut};{uuk:uuk/1v}{tu:juq/1vn}{uti:uti/3nn}{gi:gi/1nv}{lugu:lugu/tv-part-2s-3s-fut};{uuk:uut/1v}{tu:juq/1vn}{ut:ut/2nn}{igi:gi/1nv}{lugu:lugu/tv-part-2s-3s-fut};{uuk:uuk/1v}{tu:juq/1vn}{ut:ut/2nn}{igi:gi/1nv}{lugu:lugu/tv-part-2s-3s-fut};{uuk:uuk/1v}{tu:tuq/1vv}{ut:ut/1vn}{igi:gi/1nv}{lugu:lugu/tv-part-2s-3s-fut};{uuk:uut/1v}{tu:juq/1vn}{u:u/1nv}{tigi:tigi/1vv}{lugu:lugu/tv-part-2s-3s-fut};{uuk:uuk/1v}{tu:juq/1vn}{u:u/1nv}{tigi:tigi/1vv}{lugu:lugu/tv-part-2s-3s-fut};{uuk:uuk/1v}{tu:tuq/1vv}{u:uq/3vv}{tigi:tigi/1vv}{lugu:lugu/tv-part-2s-3s-fut};{uuk:uut/1v}{tu:juq/1vn}{uti:ut/2nn}{gi:gi/1nv}{lugu:lugu/tv-part-4s-3s-fut};{uuk:uuk/1v}{tu:juq/1vn}{uti:ut/2nn}{gi:gi/1nv}{lugu:lugu/tv-part-4s-3s-fut};{uuk:uuk/1v}{tu:tuq/1vv}{uti:ut/1vn}{gi:gi/1nv}{lugu:lugu/tv-part-4s-3s-fut};{uuk:uut/1v}{tu:juq/1vn}{uti:uti/3nn}{gi:gi/1nv}{lugu:lugu/tv-part-4s-3s-fut};{uuk:uuk/1v}{tu:juq/1vn}{uti:uti/3nn}{gi:gi/1nv}{lugu:lugu/tv-part-4s-3s-fut};{uuk:uut/1v}{tu:juq/1vn}{ut:ut/2nn}{igi:gi/1nv}{lugu:lugu/tv-part-4s-3s-fut};{uuk:uuk/1v}{tu:juq/1vn}{ut:ut/2nn}{igi:gi/1nv}{lugu:lugu/tv-part-4s-3s-fut};{uuk:uuk/1v}{tu:tuq/1vv}{ut:ut/1vn}{igi:gi/1nv}{lugu:lugu/tv-part-4s-3s-fut};{uuk:uut/1v}{tu:juq/1vn}{u:u/1nv}{tigi:tigi/1vv}{lugu:lugu/tv-part-4s-3s-fut};{uuk:uuk/1v}{tu:juq/1vn}{u:u/1nv}{tigi:tigi/1vv}{lugu:lugu/tv-part-4s-3s-fut};{uuk:uuk/1v}{tu:tuq/1vv}{u:uq/3vv}{tigi:tigi/1vv}{lugu:lugu/tv-part-4s-3s-fut};{uuk:uut/1v}{tu:juq/1vn}{uti:ut/2nn}{gi:gi/1nv}{lugu:lugu/tv-part-1d-3s-fut};{uuk:uuk/1v}{tu:juq/1vn}{uti:ut/2nn}{gi:gi/1nv}{lugu:lugu/tv-part-1d-3s-fut};{uuk:uuk/1v}{tu:tuq/1vv}{uti:ut/1vn}{gi:gi/1nv}{lugu:lugu/tv-part-1d-3s-fut};{uuk:uut/1v}{tu:juq/1vn}{uti:uti/3nn}{gi:gi/1nv}{lugu:lugu/tv-part-1d-3s-fut};{uuk:uuk/1v}{tu:juq/1vn}{uti:uti/3nn}{gi:gi/1nv}{lugu:lugu/tv-part-1d-3s-fut};{uuk:uut/1v}{tu:juq/1vn}{ut:ut/2nn}{igi:gi/1nv}{lugu:lugu/tv-part-1d-3s-fut};{uuk:uuk/1v}{tu:juq/1vn}{ut:ut/2nn}{igi:gi/1nv}{lugu:lugu/tv-part-1d-3s-fut};{uuk:uuk/1v}{tu:tuq/1vv}{ut:ut/1vn}{igi:gi/1nv}{lugu:lugu/tv-part-1d-3s-fut};{uuk:uut/1v}{tu:juq/1vn}{u:u/1nv}{tigi:tigi/1vv}{lugu:lugu/tv-part-1d-3s-fut};{uuk:uuk/1v}{tu:juq/1vn}{u:u/1nv}{tigi:tigi/1vv}{lugu:lugu/tv-part-1d-3s-fut};{uuk:uuk/1v}{tu:tuq/1vv}{u:uq/3vv}{tigi:tigi/1vv}{lugu:lugu/tv-part-1d-3s-fut};{uuk:uut/1v}{tu:juq/1vn}{uti:ut/2nn}{gi:gi/1nv}{lugu:lugu/tv-part-2d-3s-fut};{uuk:uuk/1v}{tu:juq/1vn}{uti:ut/2nn}{gi:gi/1nv}{lugu:lugu/tv-part-2d-3s-fut};{uuk:uuk/1v}{tu:tuq/1vv}{uti:ut/1vn}{gi:gi/1nv}{lugu:lugu/tv-part-2d-3s-fut};{uuk:uut/1v}{tu:juq/1vn}{uti:uti/3nn}{gi:gi/1nv}{lugu:lugu/tv-part-2d-3s-fut};{uuk:uuk/1v}{tu:juq/1vn}{uti:uti/3nn}{gi:gi/1nv}{lugu:lugu/tv-part-2d-3s-fut};{uuk:uut/1v}{tu:juq/1vn}{ut:ut/2nn}{igi:gi/1nv}{lugu:lugu/tv-part-2d-3s-fut};{uuk:uuk/1v}{tu:juq/1vn}{ut:ut/2nn}{igi:gi/1nv}{lugu:lugu/tv-part-2d-3s-fut};{uuk:uuk/1v}{tu:tuq/1vv}{ut:ut/1vn}{igi:gi/1nv}{lugu:lugu/tv-part-2d-3s-fut};{uuk:uut/1v}{tu:juq/1vn}{u:u/1nv}{tigi:tigi/1vv}{lugu:lugu/tv-part-2d-3s-fut};{uuk:uuk/1v}{tu:juq/1vn}{u:u/1nv}{tigi:tigi/1vv}{lugu:lugu/tv-part-2d-3s-fut};{uuk:uuk/1v}{tu:tuq/1vv}{u:uq/3vv}{tigi:tigi/1vv}{lugu:lugu/tv-part-2d-3s-fut};{uuk:uut/1v}{tu:juq/1vn}{uti:ut/2nn}{gi:gi/1nv}{lugu:lugu/tv-part-4d-3s-fut};{uuk:uuk/1v}{tu:juq/1vn}{uti:ut/2nn}{gi:gi/1nv}{lugu:lugu/tv-part-4d-3s-fut};{uuk:uuk/1v}{tu:tuq/1vv}{uti:ut/1vn}{gi:gi/1nv}{lugu:lugu/tv-part-4d-3s-fut};{uuk:uut/1v}{tu:juq/1vn}{uti:uti/3nn}{gi:gi/1nv}{lugu:lugu/tv-part-4d-3s-fut};{uuk:uuk/1v}{tu:juq/1vn}{uti:uti/3nn}{gi:gi/1nv}{lugu:lugu/tv-part-4d-3s-fut};{uuk:uut/1v}{tu:juq/1vn}{ut:ut/2nn}{igi:gi/1nv}{lugu:lugu/tv-part-4d-3s-fut};{uuk:uuk/1v}{tu:juq/1vn}{ut:ut/2nn}{igi:gi/1nv}{lugu:lugu/tv-part-4d-3s-fut};{uuk:uuk/1v}{tu:tuq/1vv}{ut:ut/1vn}{igi:gi/1nv}{lugu:lugu/tv-part-4d-3s-fut};{uuk:uut/1v}{tu:juq/1vn}{u:u/1nv}{tigi:tigi/1vv}{lugu:lugu/tv-part-4d-3s-fut};{uuk:uuk/1v}{tu:juq/1vn}{u:u/1nv}{tigi:tigi/1vv}{lugu:lugu/tv-part-4d-3s-fut};{uuk:uuk/1v}{tu:tuq/1vv}{u:uq/3vv}{tigi:tigi/1vv}{lugu:lugu/tv-part-4d-3s-fut};{uuk:uut/1v}{tu:juq/1vn}{uti:ut/2nn}{gi:gi/1nv}{lugu:lugu/tv-part-1p-3s-fut};{uuk:uuk/1v}{tu:juq/1vn}{uti:ut/2nn}{gi:gi/1nv}{lugu:lugu/tv-part-1p-3s-fut};{uuk:uuk/1v}{tu:tuq/1vv}{uti:ut/1vn}{gi:gi/1nv}{lugu:lugu/tv-part-1p-3s-fut};{uuk:uut/1v}{tu:juq/1vn}{uti:uti/3nn}{gi:gi/1nv}{lugu:lugu/tv-part-1p-3s-fut};{uuk:uuk/1v}{tu:juq/1vn}{uti:uti/3nn}{gi:gi/1nv}{lugu:lugu/tv-part-1p-3s-fut};{uuk:uut/1v}{tu:juq/1vn}{ut:ut/2nn}{igi:gi/1nv}{lugu:lugu/tv-part-1p-3s-fut};{uuk:uuk/1v}{tu:juq/1vn}{ut:ut/2nn}{igi:gi/1nv}{lugu:lugu/tv-part-1p-3s-fut};{uuk:uuk/1v}{tu:tuq/1vv}{ut:ut/1vn}{igi:gi/1nv}{lugu:lugu/tv-part-1p-3s-fut};{uuk:uut/1v}{tu:juq/1vn}{u:u/1nv}{tigi:tigi/1vv}{lugu:lugu/tv-part-1p-3s-fut};{uuk:uuk/1v}{tu:juq/1vn}{u:u/1nv}{tigi:tigi/1vv}{lugu:lugu/tv-part-1p-3s-fut};{uuk:uuk/1v}{tu:tuq/1vv}{u:uq/3vv}{tigi:tigi/1vv}{lugu:lugu/tv-part-1p-3s-fut};{uuk:uut/1v}{tu:juq/1vn}{uti:ut/2nn}{gi:gi/1nv}{lugu:lugu/tv-part-2p-3s-fut};{uuk:uuk/1v}{tu:juq/1vn}{uti:ut/2nn}{gi:gi/1nv}{lugu:lugu/tv-part-2p-3s-fut};{uuk:uuk/1v}{tu:tuq/1vv}{uti:ut/1vn}{gi:gi/1nv}{lugu:lugu/tv-part-2p-3s-fut};{uuk:uut/1v}{tu:juq/1vn}{uti:uti/3nn}{gi:gi/1nv}{lugu:lugu/tv-part-2p-3s-fut};{uuk:uuk/1v}{tu:juq/1vn}{uti:uti/3nn}{gi:gi/1nv}{lugu:lugu/tv-part-2p-3s-fut};{uuk:uut/1v}{tu:juq/1vn}{ut:ut/2nn}{igi:gi/1nv}{lugu:lugu/tv-part-2p-3s-fut};{uuk:uuk/1v}{tu:juq/1vn}{ut:ut/2nn}{igi:gi/1nv}{lugu:lugu/tv-part-2p-3s-fut};{uuk:uuk/1v}{tu:tuq/1vv}{ut:ut/1vn}{igi:gi/1nv}{lugu:lugu/tv-part-2p-3s-fut};{uuk:uut/1v}{tu:juq/1vn}{u:u/1nv}{tigi:tigi/1vv}{lugu:lugu/tv-part-2p-3s-fut};{uuk:uuk/1v}{tu:juq/1vn}{u:u/1nv}{tigi:tigi/1vv}{lugu:lugu/tv-part-2p-3s-fut};{uuk:uuk/1v}{tu:tuq/1vv}{u:uq/3vv}{tigi:tigi/1vv}{lugu:lugu/tv-part-2p-3s-fut};{uuk:uut/1v}{tu:juq/1vn}{uti:ut/2nn}{gi:gi/1nv}{lugu:lugu/tv-part-4p-3s-fut};{uuk:uuk/1v}{tu:juq/1vn}{uti:ut/2nn}{gi:gi/1nv}{lugu:lugu/tv-part-4p-3s-fut};{uuk:uuk/1v}{tu:tuq/1vv}{uti:ut/1vn}{gi:gi/1nv}{lugu:lugu/tv-part-4p-3s-fut};{uuk:uut/1v}{tu:juq/1vn}{uti:uti/3nn}{gi:gi/1nv}{lugu:lugu/tv-part-4p-3s-fut};{uuk:uuk/1v}{tu:juq/1vn}{uti:uti/3nn}{gi:gi/1nv}{lugu:lugu/tv-part-4p-3s-fut};{uuk:uut/1v}{tu:juq/1vn}{ut:ut/2nn}{igi:gi/1nv}{lugu:lugu/tv-part-4p-3s-fut};{uuk:uuk/1v}{tu:juq/1vn}{ut:ut/2nn}{igi:gi/1nv}{lugu:lugu/tv-part-4p-3s-fut};{uuk:uuk/1v}{tu:tuq/1vv}{ut:ut/1vn}{igi:gi/1nv}{lugu:lugu/tv-part-4p-3s-fut};{uuk:uut/1v}{tu:juq/1vn}{u:u/1nv}{tigi:tigi/1vv}{lugu:lugu/tv-part-4p-3s-fut};{uuk:uuk/1v}{tu:juq/1vn}{u:u/1nv}{tigi:tigi/1vv}{lugu:lugu/tv-part-4p-3s-fut};{uuk:uuk/1v}{tu:tuq/1vv}{u:uq/3vv}{tigi:tigi/1vv}{lugu:lugu/tv-part-4p-3s-fut};{uuk:uuk/1v}{tu:tuq/1vv}{u:uq/3vv}{ti:ji/1vn}{gi:gi/1nv}{lugu:lugu/tv-part-1s-3s-fut};{uuk:uuk/1v}{tu:tuq/1vv}{u:uq/3vv}{ti:ji/1vn}{gi:gi/1nv}{lugu:lugu/tv-part-2s-3s-fut};{uuk:uuk/1v}{tu:tuq/1vv}{u:uq/3vv}{ti:ji/1vn}{gi:gi/1nv}{lugu:lugu/tv-part-4s-3s-fut};{uuk:uuk/1v}{tu:tuq/1vv}{u:uq/3vv}{ti:ji/1vn}{gi:gi/1nv}{lugu:lugu/tv-part-1d-3s-fut};{uuk:uuk/1v}{tu:tuq/1vv}{u:uq/3vv}{ti:ji/1vn}{gi:gi/1nv}{lugu:lugu/tv-part-2d-3s-fut};{uuk:uuk/1v}{tu:tuq/1vv}{u:uq/3vv}{ti:ji/1vn}{gi:gi/1nv}{lugu:lugu/tv-part-4d-3s-fut};{uuk:uuk/1v}{tu:tuq/1vv}{u:uq/3vv}{ti:ji/1vn}{gi:gi/1nv}{lugu:lugu/tv-part-1p-3s-fut};{uuk:uuk/1v}{tu:tuq/1vv}{u:uq/3vv}{ti:ji/1vn}{gi:gi/1nv}{lugu:lugu/tv-part-2p-3s-fut};{uuk:uuk/1v}{tu:tuq/1vv}{u:uq/3vv}{ti:ji/1vn}{gi:gi/1nv}{lugu:lugu/tv-part-4p-3s-fut};{uuktu:uuttuq/1n}{uti:ut/2nn}{gi:gi/1nv}{lu:luk/3vv}{gu:guk/tv-imp-2s-3s};{uuktu:uuttuq/1n}{ut:ut/2nn}{igi:gi/1nv}{lu:luk/3vv}{gu:guk/tv-imp-2s-3s};{uuktu:uuttuq/1n}{u:u/1nv}{tigi:tigi/1vv}{lu:luk/3vv}{gu:guk/tv-imp-2s-3s};{uuktu:uuttuq/1n}{uti:ut/2nn}{gi:gik/1nv}{lu:luk/3vv}{gu:guk/tv-imp-2s-3s};{uuk:uut/1v}{tu:juq/1vn}{uti:ut/2nn}{gi:gi/1nv}{lu:luk/3vv}{gu:guk/tv-imp-2s-3s};{uuk:uuk/1v}{tu:juq/1vn}{uti:ut/2nn}{gi:gi/1nv}{lu:luk/3vv}{gu:guk/tv-imp-2s-3s};{uuk:uuk/1v}{tu:tuq/1vv}{uti:ut/1vn}{gi:gi/1nv}{lu:luk/3vv}{gu:guk/tv-imp-2s-3s};{uuk:uut/1v}{tu:juq/1vn}{uti:uti/3nn}{gi:gi/1nv}{lu:luk/3vv}{gu:guk/tv-imp-2s-3s};{uuk:uuk/1v}{tu:juq/1vn}{uti:uti/3nn}{gi:gi/1nv}{lu:luk/3vv}{gu:guk/tv-imp-2s-3s};{uuk:uut/1v}{tu:juq/1vn}{ut:ut/2nn}{igi:gi/1nv}{lu:luk/3vv}{gu:guk/tv-imp-2s-3s};{uuk:uuk/1v}{tu:juq/1vn}{ut:ut/2nn}{igi:gi/1nv}{lu:luk/3vv}{gu:guk/tv-imp-2s-3s};{uuk:uuk/1v}{tu:tuq/1vv}{ut:ut/1vn}{igi:gi/1nv}{lu:luk/3vv}{gu:guk/tv-imp-2s-3s};{uuk:uut/1v}{tu:juq/1vn}{u:u/1nv}{tigi:tigi/1vv}{lu:luk/3vv}{gu:guk/tv-imp-2s-3s};{uuk:uuk/1v}{tu:juq/1vn}{u:u/1nv}{tigi:tigi/1vv}{lu:luk/3vv}{gu:guk/tv-imp-2s-3s};{uuk:uuk/1v}{tu:tuq/1vv}{u:uq/3vv}{tigi:tigi/1vv}{lu:luk/3vv}{gu:guk/tv-imp-2s-3s};{uuk:uut/1v}{tu:juq/1vn}{uti:ut/2nn}{gi:gik/1nv}{lu:luk/3vv}{gu:guk/tv-imp-2s-3s};{uuk:uuk/1v}{tu:juq/1vn}{uti:ut/2nn}{gi:gik/1nv}{lu:luk/3vv}{gu:guk/tv-imp-2s-3s};{uuk:uuk/1v}{tu:tuq/1vv}{uti:ut/1vn}{gi:gik/1nv}{lu:luk/3vv}{gu:guk/tv-imp-2s-3s};{uuk:uut/1v}{tu:juq/1vn}{uti:uti/3nn}{gi:gik/1nv}{lu:luk/3vv}{gu:guk/tv-imp-2s-3s};{uuk:uuk/1v}{tu:juq/1vn}{uti:uti/3nn}{gi:gik/1nv}{lu:luk/3vv}{gu:guk/tv-imp-2s-3s};{uuk:uuk/1v}{tu:tuq/1vv}{u:uq/3vv}{ti:ji/1vn}{gi:gi/1nv}{lu:luk/3vv}{gu:guk/tv-imp-2s-3s};{uuk:uuk/1v}{tu:tuq/1vv}{u:uq/3vv}{ti:ji/1vn}{gi:gik/1nv}{lu:luk/3vv}{gu:guk/tv-imp-2s-3s},False,False,False,False,False,
hansard,uupraijan,,True,,False,False,False,False,True,O'brien
hansard,uuttuutigillugu,{uut:uuk/1v}{tu:tuq/1vv}{uti:ut/1vn}{gi:gi/1nv}{llugu:lugu/tv-part-1s-3s-prespas},False,{uuttu:uuttuq/1n}{uti:ut/2nn}{gil:gik/1nv}{lugu:lugu/tv-part-1s-3s-fut};{uuttu:uuttuq/1n}{uti:ut/2nn}{gil:gik/1nv}{lugu:lugu/tv-part-2s-3s-fut};{uuttu:uuttuq/1n}{uti:ut/2nn}{gil:gik/1nv}{lugu:lugu/tv-part-4s-3s-fut};{uuttu:uuttuq/1n}{uti:ut/2nn}{gil:gik/1nv}{lugu:lugu/tv-part-1d-3s-fut};{uuttu:uuttuq/1n}{uti:ut/2nn}{gil:gik/1nv}{lugu:lugu/tv-part-2d-3s-fut};{uuttu:uuttuq/1n}{uti:ut/2nn}{gil:gik/1nv}{lugu:lugu/tv-part-4d-3s-fut};{uuttu:uuttuq/1n}{uti:ut/2nn}{gil:gik/1nv}{lugu:lugu/tv-part-1p-3s-fut};{uuttu:uuttuq/1n}{uti:ut/2nn}{gil:gik/1nv}{lugu:lugu/tv-part-2p-3s-fut};{uuttu:uuttuq/1n}{uti:ut/2nn}{gil:gik/1nv}{lugu:lugu/tv-part-4p-3s-fut};{uuttu:uuttuq/1n}{uti:ut/2nn}{gi:gi/1nv}{llugu:lugu/tv-part-1s-3s-prespas};{uuttu:uuttuq/1n}{ut:ut/2nn}{igi:gi/1nv}{llugu:lugu/tv-part-1s-3s-prespas};{uuttu:uuttuq/1n}{u:u/1nv}{tigi:tigi/1vv}{llugu:lugu/tv-part-1s-3s-prespas};{uuttu:uuttuq/1n}{uti:ut/2nn}{gi:gi/1nv}{llugu:lugu/tv-part-2s-3s-prespas};{uuttu:uuttuq/1n}{ut:ut/2nn}{igi:gi/1nv}{llugu:lugu/tv-part-2s-3s-prespas};{uuttu:uuttuq/1n}{u:u/1nv}{tigi:tigi/1vv}{llugu:lugu/tv-part-2s-3s-prespas};{uuttu:uuttuq/1n}{uti:ut/2nn}{gi:gi/1nv}{llugu:lugu/tv-part-4s-3s-prespas};{uuttu:uuttuq/1n}{ut:ut/2nn}{igi:gi/1nv}{llugu:lugu/tv-part-4s-3s-prespas};{uuttu:uuttuq/1n}{u:u/1nv}{tigi:tigi/1vv}{llugu:lugu/tv-part-4s-3s-prespas};{uuttu:uuttuq/1n}{uti:ut/2nn}{gi:gi/1nv}{llugu:lugu/tv-part-1d-3s-prespas};{uuttu:uuttuq/1n}{ut:ut/2nn}{igi:gi/1nv}{llugu:lugu/tv-part-1d-3s-prespas};{uuttu:uuttuq/1n}{u:u/1nv}{tigi:tigi/1vv}{llugu:lugu/tv-part-1d-3s-prespas};{uuttu:uuttuq/1n}{uti:ut/2nn}{gi:gi/1nv}{llugu:lugu/tv-part-2d-3s-prespas};{uuttu:uuttuq/1n}{ut:ut/2nn}{igi:gi/1nv}{llugu:lugu/tv-part-2d-3s-prespas};{uuttu:uuttuq/1n}{u:u/1nv}{tigi:tigi/1vv}{llugu:lugu/tv-part-2d-3s-prespas};{uuttu:uuttuq/1n}{uti:ut/2nn}{gi:gi/1nv}{llugu:lugu/tv-part-4d-3s-prespas};{uuttu:uuttuq/1n}{ut:ut/2nn}{igi:gi/1nv}{llugu:lugu/tv-part-4d-3s-prespas};{uuttu:uuttuq/1n}{u:u/1nv}{tigi:tigi/1vv}{llugu:lugu/tv-part-4d-3s-prespas};{uuttu:uuttuq/1n}{uti:ut/2nn}{gi:gi/1nv}{llugu:lugu/tv-part-1p-3s-prespas};{uuttu:uuttuq/1n}{ut:ut/2nn}{igi:gi/1nv}{llugu:lugu/tv-part-1p-3s-prespas};{uuttu:uuttuq/1n}{u:u/1nv}{tigi:tigi/1vv}{llugu:lugu/tv-part-1p-3s-prespas};{uuttu:uuttuq/1n}{uti:ut/2nn}{gi:gi/1nv}{llugu:lugu/tv-part-2p-3s-prespas};{uuttu:uuttuq/1n}{ut:ut/2nn}{igi:gi/1nv}{llugu:lugu/tv-part-2p-3s-prespas};{uuttu:uuttuq/1n}{u:u/1nv}{tigi:tigi/1vv}{llugu:lugu/tv-part-2p-3s-prespas};{uuttu:uuttuq/1n}{uti:ut/2nn}{gi:gi/1nv}{llugu:lugu/tv-part-4p-3s-prespas};{uuttu:uuttuq/1n}{ut:ut/2nn}{igi:gi/1nv}{llugu:lugu/tv-part-4p-3s-prespas};{uuttu:uuttuq/1n}{u:u/1nv}{tigi:tigi/1vv}{llugu:lugu/tv-part-4p-3s-prespas};{uut:uut/1v}{tu:juq/1vn}{uti:ut/2nn}{gil:gik/1nv}{lugu:lugu/tv-part-1s-3s-fut};{uut:uuk/1v}{tu:juq/1vn}{uti:ut/2nn}{gil:gik/1nv}{lugu:lugu/tv-part-1s-3s-fut};{uut:uuk/1v}{tu:tuq/1vv}{uti:ut/1vn}{gil:gik/1nv}{lugu:lugu/tv-part-1s-3s-fut};{uut:uuk/1v}{tu:suq/1vv}{uti:ut/1vn}{gil:gik/1nv}{lugu:lugu/tv-part-1s-3s-fut};{uut:uut/1v}{tu:juq/1vn}{uti:uti/3nn}{gil:gik/1nv}{lugu:lugu/tv-part-1s-3s-fut};{uut:uuk/1v}{tu:juq/1vn}{uti:uti/3nn}{gil:gik/1nv}{lugu:lugu/tv-part-1s-3s-fut};{uut:uut/1v}{tu:juq/1vn}{uti:ut/2nn}{gil:gik/1nv}{lugu:lugu/tv-part-2s-3s-fut};{uut:uuk/1v}{tu:juq/1vn}{uti:ut/2nn}{gil:gik/1nv}{lugu:lugu/tv-part-2s-3s-fut};{uut:uuk/1v}{tu:tuq/1vv}{uti:ut/1vn}{gil:gik/1nv}{lugu:lugu/tv-part-2s-3s-fut};{uut:uuk/1v}{tu:suq/1vv}{uti:ut/1vn}{gil:gik/1nv}{lugu:lugu/tv-part-2s-3s-fut};{uut:uut/1v}{tu:juq/1vn}{uti:uti/3nn}{gil:gik/1nv}{lugu:lugu/tv-part-2s-3s-fut};{uut:uuk/1v}{tu:juq/1vn}{uti:uti/3nn}{gil:gik/1nv}{lugu:lugu/tv-part-2s-3s-fut};{uut:uut/1v}{tu:juq/1vn}{uti:ut/2nn}{gil:gik/1nv}{lugu:lugu/tv-part-4s-3s-fut};{uut:uuk/1v}{tu:juq/1vn}{uti:ut/2nn}{gil:gik/1nv}{lugu:lugu/tv-part-4s-3s-fut};{uut:uuk/1v}{tu:tuq/1vv}{uti:ut/1vn}{gil:gik/1nv}{lugu:lugu/tv-part-4s-3s-fut};{uut:uuk/1v}{tu:suq/1vv}{uti:ut/1vn}{gil:gik/1nv}{lugu:lugu/tv-part-4s-3s-fut};{uut:uut/1v}{tu:juq/1vn}{uti:uti/3nn}{gil:gik/1nv}{lugu:lugu/tv-part-4s-3s-fut};{uut:uuk/1v}{tu:juq/1vn}{uti:uti/3nn}{gil:gik/1nv}{lugu:lugu/tv-part-4s-3s-fut};{uut:uut/1v}{tu:juq/1vn}{uti:ut/2nn}{gil:gik/1nv}{lugu:lugu/tv-part-1d-3s-fut};{uut:uuk/1v}{tu:juq/1vn}{uti:ut/2nn}{gil:gik/1nv}{lugu:lugu/tv-part-1d-3s-fut};{uut:uuk/1v}{tu:tuq/1vv}{uti:ut/1vn}{gil:gik/1nv}{lugu:lugu/tv-part-1d-3s-fut};{uut:uuk/1v}{tu:suq/1vv}{uti:ut/1vn}{gil:gik/1nv}{lugu:lugu/tv-part-1d-3s-fut};{uut:uut/1v}{tu:juq/1vn}{uti:uti/3nn}{gil:gik/1nv}{lugu:lugu/tv-part-1d-3s-fut};{uut:uuk/1v}{tu:juq/1vn}{uti:uti/3nn}{gil:gik/1nv}{lugu:lugu/tv-part-1d-3s-fut};{uut:uut/1v}{tu:juq/1vn}{uti:ut/2nn}{gil:gik/1nv}{lugu:lugu/tv-part-2d-3s-fut};{uut:uuk/1v}{tu:juq/1vn}{uti:ut/2nn}{gil:gik/1nv}{lugu:lugu/tv-part-2d-3s-fut};{uut:uuk/1v}{tu:tuq/1vv}{uti:ut/1vn}{gil:gik/1nv}{lugu:lugu/tv-part-2d-3s-fut};{uut:uuk/1v}{tu:suq/1vv}{uti:ut/1vn}{gil:gik/1nv}{lugu:lugu/tv-part-2d-3s-fut};{uut:uut/1v}{tu:juq/1vn}{uti:uti/3nn}{gil:gik/1nv}{lugu:lugu/tv-part-2d-3s-fut};{uut:uuk/1v}{tu:juq/1vn}{uti:uti/3nn}{gil:gik/1nv}{lugu:lugu/tv-part-2d-3s-fut};{uut:uut/1v}{tu:juq/1vn}{uti:ut/2nn}{gil:gik/1nv}{lugu:lugu/tv-part-4d-3s-fut};{uut:uuk/1v}{tu:juq/1vn}{uti:ut/2nn}{gil:gik/1nv}{lugu:lugu/tv-part-4d-3s-fut};{uut:uuk/1v}{tu:tuq/1vv}{uti:ut/1vn}{gil:gik/1nv}{lugu:lugu/tv-part-4d-3s-fut};{uut:uuk/1v}{tu:suq/1vv}{uti:ut/1vn}{gil:gik/1nv}{lugu:lugu/tv-part-4d-3s-fut};{uut:uut/1v}{tu:juq/1vn}{uti:uti/3nn}{gil:gik/1nv}{lugu:lugu/tv-part-4d-3s-fut};{uut:uuk/1v}{tu:juq/1vn}{uti:uti/3nn}{gil:gik/1nv}{lugu:lugu/tv-part-4d-3s-fut};{uut:uut/1v}{tu:juq/1vn}{uti:ut/2nn}{gil:gik/1nv}{lugu:lugu/tv-part-1p-3s-fut};{uut:uuk/1v}{tu:juq/1vn}{uti:ut/2nn}{gil:gik/1nv}{lugu:lugu/tv-part-1p-3s-fut};{uut:uuk/1v}{tu:tuq/1vv}{uti:ut/1vn}{gil:gik/1nv}{lugu:lugu/tv-part-1p-3s-fut};{uut:uuk/1v}{tu:suq/1vv}{uti:ut/1vn}{gil:gik/1nv}{lugu:lugu/tv-part-1p-3s-fut};{uut:uut/1v}{tu:juq/1vn}{uti:uti/3nn}{gil:gik/1nv}{lugu:lugu/tv-part-1p-3s-fut};{uut:uuk/1v}{tu:juq/1vn}{uti:uti/3nn}{gil:gik/1nv}{lugu:lugu/tv-part-1p-3s-fut};{uut:uut/1v}{tu:juq/1vn}{uti:ut/2nn}{gil:gik/1nv}{lugu:lugu/tv-part-2p-3s-fut};{uut:uuk/1v}{tu:juq/1vn}{uti:ut/2nn}{gil:gik/1nv}{lugu:lugu/tv-part-2p-3s-fut};{uut:uuk/1v}{tu:tuq/1vv}{uti:ut/1vn}{gil:gik/1nv}{lugu:lugu/tv-part-2p-3s-fut};{uut:uuk/1v}{tu:suq/1vv}{uti:ut/1vn}{gil:gik/1nv}{lugu:lugu/tv-part-2p-3s-fut};{uut:uut/1v}{tu:juq/1vn}{uti:uti/3nn}{gil:gik/1nv}{lugu:lugu/tv-part-2p-3s-fut};{uut:uuk/1v}{tu:juq/1vn}{uti:uti/3nn}{gil:gik/1nv}{lugu:lugu/tv-part-2p-3s-fut};{uut:uut/1v}{tu:juq/1vn}{uti:ut/2nn}{gil:gik/1nv}{lugu:lugu/tv-part-4p-3s-fut};{uut:uuk/1v}{tu:juq/1vn}{uti:ut/2nn}{gil:gik/1nv}{lugu:lugu/tv-part-4p-3s-fut};{uut:uuk/1v}{tu:tuq/1vv}{uti:ut/1vn}{gil:gik/1nv}{lugu:lugu/tv-part-4p-3s-fut};{uut:uuk/1v}{tu:suq/1vv}{uti:ut/1vn}{gil:gik/1nv}{lugu:lugu/tv-part-4p-3s-fut};{uut:uut/1v}{tu:juq/1vn}{uti:uti/3nn}{gil:gik/1nv}{lugu:lugu/tv-part-4p-3s-fut};{uut:uuk/1v}{tu:juq/1vn}{uti:uti/3nn}{gil:gik/1nv}{lugu:lugu/tv-part-4p-3s-fut};{uut:uut/1v}{tu:juq/1vn}{uti:ut/2nn}{gi:gi/1nv}{llugu:lugu/tv-part-1s-3s-prespas};{uut:uuk/1v}{tu:juq/1vn}{uti:ut/2nn}{gi:gi/1nv}{llugu:lugu/tv-part-1s-3s-prespas};{uut:uuk/1v}{tu:tuq/1vv}{uti:ut/1vn}{gi:gi/1nv}{llugu:lugu/tv-part-1s-3s-prespas};{uut:uuk/1v}{tu:suq/1vv}{uti:ut/1vn}{gi:gi/1nv}{llugu:lugu/tv-part-1s-3s-prespas};{uut:uut/1v}{tu:juq/1vn}{uti:uti/3nn}{gi:gi/1nv}{llugu:lugu/tv-part-1s-3s-prespas};{uut:uuk/1v}{tu:juq/1vn}{uti:uti/3nn}{gi:gi/1nv}{llugu:lugu/tv-part-1s-3s-prespas};{uut:uut/1v}{tu:juq/1vn}{ut:ut/2nn}{igi:gi/1nv}{llugu:lugu/tv-part-1s-3s-prespas};{uut:uuk/1v}{tu:juq/1vn}{ut:ut/2nn}{igi:gi/1nv}{llugu:lugu/tv-part-1s-3s-prespas};{uut:uuk/1v}{tu:tuq/1vv}{ut:ut/1vn}{igi:gi/1nv}{llugu:lugu/tv-part-1s-3s-prespas};{uut:uuk/1v}{tu:suq/1vv}{ut:ut/1vn}{igi:gi/1nv}{llugu:lugu/tv-part-1s-3s-prespas};{uut:uut/1v}{tu:juq/1vn}{u:u/1nv}{tigi:tigi/1vv}{llugu:lugu/tv-part-1s-3s-prespas};{uut:uuk/1v}{tu:juq/1vn}{u:u/1nv}{tigi:tigi/1vv}{llugu:lugu/tv-part-1s-3s-prespas};{uut:uuk/1v}{tu:tuq/1vv}{u:uq/3vv}{tigi:tigi/1vv}{llugu:lugu/tv-part-1s-3s-prespas};{uut:uuk/1v}{tu:suq/1vv}{u:uq/3vv}{tigi:tigi/1vv}{llugu:lugu/tv-part-1s-3s-prespas};{uut:uut/1v}{tu:juq/1vn}{uti:ut/2nn}{gi:gi/1nv}{llugu:lugu/tv-part-2s-3s-prespas};{uut:uuk/1v}{tu:juq/1vn}{uti:ut/2nn}{gi:gi/1nv}{llugu:lugu/tv-part-2s-3s-prespas};{uut:uuk/1v}{tu:tuq/1vv}{uti:ut/1vn}{gi:gi/1nv}{llugu:lugu/tv-part-2s-3s-prespas};{uut:uuk/1v}{tu:suq/1vv}{uti:ut/1vn}{gi:gi/1nv}{llugu:lugu/tv-part-2s-3s-prespas};{uut:uut/1v}{tu:juq/1vn}{uti:uti/3nn}{gi:gi/1nv}{llugu:lugu/tv-part-2s-3s-prespas};{uut:uuk/1v}{tu:juq/1vn}{uti:uti/3nn}{gi:gi/1nv}{llugu:lugu/tv-part-2s-3s-prespas};{uut:uut/1v}{tu:juq/1vn}{ut:ut/2nn}{igi:gi/1nv}{llugu:lugu/tv-part-2s-3s-prespas};{uut:uuk/1v}{tu:juq/1vn}{ut:ut/2nn}{igi:gi/1nv}{llugu:lugu/tv-part-2s-3s-prespas};{uut:uuk/1v}{tu:tuq/1vv}{ut:ut/1vn}{igi:gi/1nv}{llugu:lugu/tv-part-2s-3s-prespas};{uut:uuk/1v}{tu:suq/1vv}{ut:ut/1vn}{igi:gi/1nv}{llugu:lugu/tv-part-2s-3s-prespas};{uut:uut/1v}{tu:juq/1vn}{u:u/1nv}{tigi:tigi/1vv}{llugu:lugu/tv-part-2s-3s-prespas};{uut:uuk/1v}{tu:juq/1vn}{u:u/1nv}{tigi:tigi/1vv}{llugu:lugu/tv-part-2s-3s-prespas};{uut:uuk/1v}{tu:tuq/1vv}{u:uq/3vv}{tigi:tigi/1vv}{llugu:lugu/tv-part-2s-3s-prespas};{uut:uuk/1v}{tu:suq/1vv}{u:uq/3vv}{tigi:tigi/1vv}{llugu:lugu/tv-part-2s-3s-prespas};{uut:uut/1v}{tu:juq/1vn}{uti:ut/2nn}{gi:gi/1nv}{llugu:lugu/tv-part-4s-3s-prespas};{uut:uuk/1v}{tu:juq/1vn}{uti:ut/2nn}{gi:gi/1nv}{llugu:lugu/tv-part-4s-3s-prespas};{uut:uuk/1v}{tu:tuq/1vv}{uti:ut/1vn}{gi:gi/1nv}{llugu:lugu/tv-part-4s-3s-prespas};{uut:uuk/1v}{tu:suq/1vv}{uti:ut/1vn}{gi:gi/1nv}{llugu:lugu/tv-part-4s-3s-prespas};{uut:uut/1v}{tu:juq/1vn}{uti:uti/3nn}{gi:gi/1nv}{llugu:lugu/tv-part-4s-3s-prespas};{uut:uuk/1v}{tu:juq/1vn}{uti:uti/3nn}{gi:gi/1nv}{llugu:lugu/tv-part-4s-3s-prespas};{uut:uut/1v}{tu:juq/1vn}{ut:ut/2nn}{igi:gi/1nv}{llugu:lugu/tv-part-4s-3s-prespas};{uut:uuk/1v}{tu:juq/1vn}{ut:ut/2nn}{igi:gi/1nv}{llugu:lugu/tv-part-4s-3s-prespas};{uut:uuk/1v}{tu:tuq/1vv}{ut:ut/1vn}{igi:gi/1nv}{llugu:lugu/tv-part-4s-3s-prespas};{uut:uuk/1v}{tu:suq/1vv}{ut:ut/1vn}{igi:gi/1nv}{llugu:lugu/tv-part-4s-3s-prespas};{uut:uut/1v}{tu:juq/1vn}{u:u/1nv}{tigi:tigi/1vv}{llugu:lugu/tv-part-4s-3s-prespas};{uut:uuk/1v}{tu:juq/1vn}{u:u/1nv}{tigi:tigi/1vv}{llugu:lugu/tv-part-4s-3s-prespas};{uut:uuk/1v}{tu:tuq/1vv}{u:uq/3vv}{tigi:tigi/1vv}{llugu:lugu/tv-part-4s-3s-prespas};{uut:uuk/1v}{tu:suq/1vv}{u:uq/3vv}{tigi:tigi/1vv}{llugu:lugu/tv-part-4s-3s-prespas};{uut:uut/1v}{tu:juq/1vn}{uti:ut/2nn}{gi:gi/1nv}{llugu:lugu/tv-part-1d-3s-prespas};{uut:uuk/1v}{tu:juq/1vn}{uti:ut/2nn}{gi:gi/1nv}{llugu:lugu/tv-part-1d-3s-prespas};{uut:uuk/1v}{tu:tuq/1vv}{uti:ut/1vn}{gi:gi/1nv}{llugu:lugu/tv-part-1d-3s-prespas};{uut:uuk/1v}{tu:suq/1vv}{uti:ut/1vn}{gi:gi/1nv}{llugu:lugu/tv-part-1d-3s-prespas};{uut:uut/1v}{tu:juq/1vn}{uti:uti/3nn}{gi:gi/1nv}{llugu:lugu/tv-part-1d-3s-prespas};{uut:uuk/1v}{tu:juq/1vn}{uti:uti/3nn}{gi:gi/1nv}{llugu:lugu/tv-part-1d-3s-prespas};{uut:uut/1v}{tu:juq/1vn}{ut:ut/2nn}{igi:gi/1nv}{llugu:lugu/tv-part-1d-3s-prespas};{uut:uuk/1v}{tu:juq/1vn}{ut:ut/2nn}{igi:gi/1nv}{llugu:lugu/tv-part-1d-3s-prespas};{uut:uuk/1v}{tu:tuq/1vv}{ut:ut/1vn}{igi:gi/1nv}{llugu:lugu/tv-part-1d-3s-prespas};{uut:uuk/1v}{tu:suq/1vv}{ut:ut/1vn}{igi:gi/1nv}{llugu:lugu/tv-part-1d-3s-prespas};{uut:uut/1v}{tu:juq/1vn}{u:u/1nv}{tigi:tigi/1vv}{llugu:lugu/tv-part-1d-3s-prespas};{uut:uuk/1v}{tu:juq/1vn}{u:u/1nv}{tigi:tigi/1vv}{llugu:lugu/tv-part-1d-3s-prespas};{uut:uuk/1v}{tu:tuq/1vv}{u:uq/3vv}{tigi:tigi/1vv}{llugu:lugu/tv-part-1d-3s-prespas};{uut:uuk/1v}{tu:suq/1vv}{u:uq/3vv}{tigi:tigi/1vv}{llugu:lugu/tv-part-1d-3s-prespas};{uut:uut/1v}{tu:juq/1vn}{uti:ut/2nn}{gi:gi/1nv}{llugu:lugu/tv-part-2d-3s-prespas};{uut:uuk/1v}{tu:juq/1vn}{uti:ut/2nn}{gi:gi/1nv}{llugu:lugu/tv-part-2d-3s-prespas};{uut:uuk/1v}{tu:tuq/1vv}{uti:ut/1vn}{gi:gi/1nv}{llugu:lugu/tv-part-2d-3s-prespas};{uut:uuk/1v}{tu:suq/1vv}{uti:ut/1vn}{gi:gi/1nv}{llugu:lugu/tv-part-2d-3s-prespas};{uut:uut/1v}{tu:juq/1vn}{uti:uti/3nn}{gi:gi/1nv}{llugu:lugu/tv-part-2d-3s-prespas};{uut:uuk/1v}{tu:juq/1vn}{uti:uti/3nn}{gi:gi/1nv}{llugu:lugu/tv-part-2d-3s-prespas};{uut:uut/1v}{tu:juq/1vn}{ut:ut/2nn}{igi:gi/1nv}{llugu:lugu/tv-part-2d-3s-prespas};{uut:uuk/1v}{tu:juq/1vn}{ut:ut/2nn}{igi:gi/1nv}{llugu:lugu/tv-part-2d-3s-prespas};{uut:uuk/1v}{tu:tuq/1vv}{ut:ut/1vn}{igi:gi/1nv}{llugu:lugu/tv-part-2d-3s-prespas};{uut:uuk/1v}{tu:suq/1vv}{ut:ut/1vn}{igi:gi/1nv}{llugu:lugu/tv-part-2d-3s-prespas};{uut:uut/1v}{tu:juq/1vn}{u:u/1nv}{tigi:tigi/1vv}{llugu:lugu/tv-part-2d-3s-prespas};{uut:uuk/1v}{tu:juq/1vn}{u:u/1nv}{tigi:tigi/1vv}{llugu:lugu/tv-part-2d-3s-prespas};{uut:uuk/1v}{tu:tuq/1vv}{u:uq/3vv}{tigi:tigi/1vv}{llugu:lugu/tv-part-2d-3s-prespas};{uut:uuk/1v}{tu:suq/1vv}{u:uq/3vv}{tigi:tigi/1vv}{llugu:lugu/tv-part-2d-3s-prespas};{uut:uut/1v}{tu:juq/1vn}{uti:ut/2nn}{gi:gi/1nv}{llugu:lugu/tv-part-4d-3s-prespas};{uut:uuk/1v}{tu:juq/1vn}{uti:ut/2nn}{gi:gi/1nv}{llugu:lugu/tv-part-4d-3s-prespas};{uut:uuk/1v}{tu:tuq/1vv}{uti:ut/1vn}{gi:gi/1nv}{llugu:lugu/tv-part-4d-3s-prespas};{uut:uuk/1v}{tu:suq/1vv}{uti:ut/1vn}{gi:gi/1nv}{llugu:lugu/tv-part-4d-3s-prespas};{uut:uut/1v}{tu:juq/1vn}{uti:uti/3nn}{gi:gi/1nv}{llugu:lugu/tv-part-4d-3s-prespas};{uut:uuk/1v}{tu:juq/1vn}{uti:uti/3nn}{gi:gi/1nv}{llugu:lugu/tv-part-4d-3s-prespas};{uut:uut/1v}{tu:juq/1vn}{ut:ut/2nn}{igi:gi/1nv}{llugu:lugu/tv-part-4d-3s-prespas};{uut:uuk/1v}{tu:juq/1vn}{ut:ut/2nn}{igi:gi/1nv}{llugu:lugu/tv-part-4d-3s-prespas};{uut:uuk/1v}{tu:tuq/1vv}{ut:ut/1vn}{igi:gi/1nv}{llugu:lugu/tv-part-4d-3s-prespas};{uut:uuk/1v}{tu:suq/1vv}{ut:ut/1vn}{igi:gi/1nv}{llugu:lugu/tv-part-4d-3s-prespas};{uut:uut/1v}{tu:juq/1vn}{u:u/1nv}{tigi:tigi/1vv}{llugu:lugu/tv-part-4d-3s-prespas};{uut:uuk/1v}{tu:juq/1vn}{u:u/1nv}{tigi:tigi/1vv}{llugu:lugu/tv-part-4d-3s-prespas};{uut:uuk/1v}{tu:tuq/1vv}{u:uq/3vv}{tigi:tigi/1vv}{llugu:lugu/tv-part-4d-3s-prespas};{uut:uuk/1v}{tu:suq/1vv}{u:uq/3vv}{tigi:tigi/1vv}{llugu:lugu/tv-part-4d-3s-prespas};{uut:uut/1v}{tu:juq/1vn}{uti:ut/2nn}{gi:gi/1nv}{llugu:lugu/tv-part-1p-3s-prespas};{uut:uuk/1v}{tu:juq/1vn}{uti:ut/2nn}{gi:gi/1nv}{llugu:lugu/tv-part-1p-3s-prespas};{uut:uuk/1v}{tu:tuq/1vv}{uti:ut/1vn}{gi:gi/1nv}{llugu:lugu/tv-part-1p-3s-prespas};{uut:uuk/1v}{tu:suq/1vv}{uti:ut/1vn}{gi:gi/1nv}{llugu:lugu/tv-part-1p-3s-prespas};{uut:uut/1v}{tu:juq/1vn}{uti:uti/3nn}{gi:gi/1nv}{llugu:lugu/tv-part-1p-3s-prespas};{uut:uuk/1v}{tu:juq/1vn}{uti:uti/3nn}{gi:gi/1nv}{llugu:lugu/tv-part-1p-3s-prespas};{uut:uut/1v}{tu:juq/1vn}{ut:ut/2nn}{igi:gi/1nv}{llugu:lugu/tv-part-1p-3s-prespas};{uut:uuk/1v}{tu:juq/1vn}{ut:ut/2nn}{igi:gi/1nv}{llugu:lugu/tv-part-1p-3s-prespas};{uut:uuk/1v}{tu:tuq/1vv}{ut:ut/1vn}{igi:gi/1nv}{llugu:lugu/tv-part-1p-3s-prespas};{uut:uuk/1v}{tu:suq/1vv}{ut:ut/1vn}{igi:gi/1nv}{llugu:lugu/tv-part-1p-3s-prespas};{uut:uut/1v}{tu:juq/1vn}{u:u/1nv}{tigi:tigi/1vv}{llugu:lugu/tv-part-1p-3s-prespas};{uut:uuk/1v}{tu:juq/1vn}{u:u/1nv}{tigi:tigi/1vv}{llugu:lugu/tv-part-1p-3s-prespas};{uut:uuk/1v}{tu:tuq/1vv}{u:uq/3vv}{tigi:tigi/1vv}{llugu:lugu/tv-part-1p-3s-prespas};{uut:uuk/1v}{tu:suq/1vv}{u:uq/3vv}{tigi:tigi/1vv}{llugu:lugu/tv-part-1p-3s-prespas};{uut:uut/1v}{tu:juq/1vn}{uti:ut/2nn}{gi:gi/1nv}{llugu:lugu/tv-part-2p-3s-prespas};{uut:uuk/1v}{tu:juq/1vn}{uti:ut/2nn}{gi:gi/1nv}{llugu:lugu/tv-part-2p-3s-prespas};{uut:uuk/1v}{tu:tuq/1vv}{uti:ut/1vn}{gi:gi/1nv}{llugu:lugu/tv-part-2p-3s-prespas};{uut:uuk/1v}{tu:suq/1vv}{uti:ut/1vn}{gi:gi/1nv}{llugu:lugu/tv-part-2p-3s-prespas};{uut:uut/1v}{tu:juq/1vn}{uti:uti/3nn}{gi:gi/1nv}{llugu:lugu/tv-part-2p-3s-prespas};{uut:uuk/1v}{tu:juq/1vn}{uti:uti/3nn}{gi:gi/1nv}{llugu:lugu/tv-part-2p-3s-prespas};{uut:uut/1v}{tu:juq/1vn}{ut:ut/2nn}{igi:gi/1nv}{llugu:lugu/tv-part-2p-3s-prespas};{uut:uuk/1v}{tu:juq/1vn}{ut:ut/2nn}{igi:gi/1nv}{llugu:lugu/tv-part-2p-3s-prespas};{uut:uuk/1v}{tu:tuq/1vv}{ut:ut/1vn}{igi:gi/1nv}{llugu:lugu/tv-part-2p-3s-prespas};{uut:uuk/1v}{tu:suq/1vv}{ut:ut/1vn}{igi:gi/1nv}{llugu:lugu/tv-part-2p-3s-prespas};{uut:uut/1v}{tu:juq/1vn}{u:u/1nv}{tigi:tigi/1vv}{llugu:lugu/tv-part-2p-3s-prespas};{uut:uuk/1v}{tu:juq/1vn}{u:u/1nv}{tigi:tigi/1vv}{llugu:lugu/tv-part-2p-3s-prespas};{uut:uuk/1v}{tu:tuq/1vv}{u:uq/3vv}{tigi:tigi/1vv}{llugu:lugu/tv-part-2p-3s-prespas};{uut:uuk/1v}{tu:suq/1vv}{u:uq/3vv}{tigi:tigi/1vv}{llugu:lugu/tv-part-2p-3s-prespas};{uut:uut/1v}{tu:juq/1vn}{uti:ut/2nn}{gi:gi/1nv}{llugu:lugu/tv-part-4p-3s-prespas};{uut:uuk/1v}{tu:juq/1vn}{uti:ut/2nn}{gi:gi/1nv}{llugu:lugu/tv-part-4p-3s-prespas};{uut:uuk/1v}{tu:tuq/1vv}{uti:ut/1vn}{gi:gi/1nv}{llugu:lugu/tv-part-4p-3s-prespas};{uut:uuk/1v}{tu:suq/1vv}{uti:ut/1vn}{gi:gi/1nv}{llugu:lugu/tv-part-4p-3s-prespas};{uut:uut/1v}{tu:juq/1vn}{uti:uti/3nn}{gi:gi/1nv}{llugu:lugu/tv-part-4p-3s-prespas};{uut:uuk/1v}{tu:juq/1vn}{uti:uti/3nn}{gi:gi/1nv}{llugu:lugu/tv-part-4p-3s-prespas};{uut:uut/1v}{tu:juq/1vn}{ut:ut/2nn}{igi:gi/1nv}{llugu:lugu/tv-part-4p-3s-prespas};{uut:uuk/1v}{tu:juq/1vn}{ut:ut/2nn}{igi:gi/1nv}{llugu:lugu/tv-part-4p-3s-prespas};{uut:uuk/1v}{tu:tuq/1vv}{ut:ut/1vn}{igi:gi/1nv}{llugu:lugu/tv-part-4p-3s-prespas};{uut:uuk/1v}{tu:suq/1vv}{ut:ut/1vn}{igi:gi/1nv}{llugu:lugu/tv-part-4p-3s-prespas};{uut:uut/1v}{tu:juq/1vn}{u:u/1nv}{tigi:tigi/1vv}{llugu:lugu/tv-part-4p-3s-prespas};{uut:uuk/1v}{tu:juq/1vn}{u:u/1nv}{tigi:tigi/1vv}{llugu:lugu/tv-part-4p-3s-prespas};{uut:uuk/1v}{tu:tuq/1vv}{u:uq/3vv}{tigi:tigi/1vv}{llugu:lugu/tv-part-4p-3s-prespas};{uut:uuk/1v}{tu:suq/1vv}{u:uq/3vv}{tigi:tigi/1vv}{llugu:lugu/tv-part-4p-3s-prespas};{uut:uuk/1v}{tu:tuq/1vv}{u:uq/3vv}{ti:ji/1vn}{gil:gik/1nv}{lugu:lugu/tv-part-1s-3s-fut};{uut:uuk/1v}{tu:suq/1vv}{u:uq/3vv}{ti:ji/1vn}{gil:gik/1nv}{lugu:lugu/tv-part-1s-3s-fut};{uut:uuk/1v}{tu:tuq/1vv}{u:uq/3vv}{ti:ji/1vn}{gil:gik/1nv}{lugu:lugu/tv-part-2s-3s-fut};{uut:uuk/1v}{tu:suq/1vv}{u:uq/3vv}{ti:ji/1vn}{gil:gik/1nv}{lugu:lugu/tv-part-2s-3s-fut};{uut:uuk/1v}{tu:tuq/1vv}{u:uq/3vv}{ti:ji/1vn}{gil:gik/1nv}{lugu:lugu/tv-part-4s-3s-fut};{uut:uuk/1v}{tu:suq/1vv}{u:uq/3vv}{ti:ji/1vn}{gil:gik/1nv}{lugu:lugu/tv-part-4s-3s-fut};{uut:uuk/1v}{tu:tuq/1vv}{u:uq/3vv}{ti:ji/1vn}{gil:gik/1nv}{lugu:lugu/tv-part-1d-3s-fut};{uut:uuk/1v}{tu:suq/1vv}{u:uq/3vv}{ti:ji/1vn}{gil:gik/1nv}{lugu:lugu/tv-part-1d-3s-fut};{uut:uuk/1v}{tu:tuq/1vv}{u:uq/3vv}{ti:ji/1vn}{gil:gik/1nv}{lugu:lugu/tv-part-2d-3s-fut};{uut:uuk/1v}{tu:suq/1vv}{u:uq/3vv}{ti:ji/1vn}{gil:gik/1nv}{lugu:lugu/tv-part-2d-3s-fut};{uut:uuk/1v}{tu:tuq/1vv}{u:uq/3vv}{ti:ji/1vn}{gil:gik/1nv}{lugu:lugu/tv-part-4d-3s-fut};{uut:uuk/1v}{tu:suq/1vv}{u:uq/3vv}{ti:ji/1vn}{gil:gik/1nv}{lugu:lugu/tv-part-4d-3s-fut};{uut:uuk/1v}{tu:tuq/1vv}{u:uq/3vv}{ti:ji/1vn}{gil:gik/1nv}{lugu:lugu/tv-part-1p-3s-fut};{uut:uuk/1v}{tu:suq/1vv}{u:uq/3vv}{ti:ji/1vn}{gil:gik/1nv}{lugu:lugu/tv-part-1p-3s-fut};{uut:uuk/1v}{tu:tuq/1vv}{u:uq/3vv}{ti:ji/1vn}{gil:gik/1nv}{lugu:lugu/tv-part-2p-3s-fut};{uut:uuk/1v}{tu:suq/1vv}{u:uq/3vv}{ti:ji/1vn}{gil:gik/1nv}{lugu:lugu/tv-part-2p-3s-fut};{uut:uuk/1v}{tu:tuq/1vv}{u:uq/3vv}{ti:ji/1vn}{gil:gik/1nv}{lugu:lugu/tv-part-4p-3s-fut};{uut:uuk/1v}{tu:suq/1vv}{u:uq/3vv}{ti:ji/1vn}{gil:gik/1nv}{lugu:lugu/tv-part-4p-3s-fut};{uut:uuk/1v}{tu:tuq/1vv}{u:uq/3vv}{ti:ji/1vn}{gi:gi/1nv}{llugu:lugu/tv-part-1s-3s-prespas};{uut:uuk/1v}{tu:suq/1vv}{u:uq/3vv}{ti:ji/1vn}{gi:gi/1nv}{llugu:lugu/tv-part-1s-3s-prespas};{uut:uuk/1v}{tu:tuq/1vv}{u:uq/3vv}{ti:ji/1vn}{gi:gi/1nv}{llugu:lugu/tv-part-2s-3s-prespas};{uut:uuk/1v}{tu:suq/1vv}{u:uq/3vv}{ti:ji/1vn}{gi:gi/1nv}{llugu:lugu/tv-part-2s-3s-prespas};{uut:uuk/1v}{tu:tuq/1vv}{u:uq/3vv}{ti:ji/1vn}{gi:gi/1nv}{llugu:lugu/tv-part-4s-3s-prespas};{uut:uuk/1v}{tu:suq/1vv}{u:uq/3vv}{ti:ji/1vn}{gi:gi/1nv}{llugu:lugu/tv-part-4s-3s-prespas};{uut:uuk/1v}{tu:tuq/1vv}{u:uq/3vv}{ti:ji/1vn}{gi:gi/1nv}{llugu:lugu/tv-part-1d-3s-prespas};{uut:uuk/1v}{tu:suq/1vv}{u:uq/3vv}{ti:ji/1vn}{gi:gi/1nv}{llugu:lugu/tv-part-1d-3s-prespas};{uut:uuk/1v}{tu:tuq/1vv}{u:uq/3vv}{ti:ji/1vn}{gi:gi/1nv}{llugu:lugu/tv-part-2d-3s-prespas};{uut:uuk/1v}{tu:suq/1vv}{u:uq/3vv}{ti:ji/1vn}{gi:gi/1nv}{llugu:lugu/tv-part-2d-3s-prespas};{uut:uuk/1v}{tu:tuq/1vv}{u:uq/3vv}{ti:ji/1vn}{gi:gi/1nv}{llugu:lugu/tv-part-4d-3s-prespas};{uut:uuk/1v}{tu:suq/1vv}{u:uq/3vv}{ti:ji/1vn}{gi:gi/1nv}{llugu:lugu/tv-part-4d-3s-prespas};{uut:uuk/1v}{tu:tuq/1vv}{u:uq/3vv}{ti:ji/1vn}{gi:gi/1nv}{llugu:lugu/tv-part-1p-3s-prespas};{uut:uuk/1v}{tu:suq/1vv}{u:uq/3vv}{ti:ji/1vn}{gi:gi/1nv}{llugu:lugu/tv-part-1p-3s-prespas};{uut:uuk/1v}{tu:tuq/1vv}{u:uq/3vv}{ti:ji/1vn}{gi:gi/1nv}{llugu:lugu/tv-part-2p-3s-prespas};{uut:uuk/1v}{tu:suq/1vv}{u:uq/3vv}{ti:ji/1vn}{gi:gi/1nv}{llugu:lugu/tv-part-2p-3s-prespas};{uut:uuk/1v}{tu:tuq/1vv}{u:uq/3vv}{ti:ji/1vn}{gi:gi/1nv}{llugu:lugu/tv-part-4p-3s-prespas};{uut:uuk/1v}{tu:suq/1vv}{u:uq/3vv}{ti:ji/1vn}{gi:gi/1nv}{llugu:lugu/tv-part-4p-3s-prespas},False,False,False,False,False,
hansard,uuttuutigilugu,{uut:uuk/1v}{tu:tuq/1vv}{uti:ut/1vn}{gi:gi/1nv}{lugu:lugu/tv-part-1s-3s-fut},False,{uuttu:uuttuq/1n}{uti:ut/2nn}{gi:gi/1nv}{lugu:lugu/tv-part-1s-3s-fut};{uuttu:uuttuq/1n}{ut:ut/2nn}{igi:gi/1nv}{lugu:lugu/tv-part-1s-3s-fut};{uuttu:uuttuq/1n}{u:u/1nv}{tigi:tigi/1vv}{lugu:lugu/tv-part-1s-3s-fut};{uuttu:uuttuq/1n}{uti:ut/2nn}{gi:gi/1nv}{lugu:lugu/tv-part-2s-3s-fut};{uuttu:uuttuq/1n}{ut:ut/2nn}{igi:gi/1nv}{lugu:lugu/tv-part-2s-3s-fut};{uuttu:uuttuq/1n}{u:u/1nv}{tigi:tigi/1vv}{lugu:lugu/tv-part-2s-3s-fut};{uuttu:uuttuq/1n}{uti:ut/2nn}{gi:gi/1nv}{lugu:lugu/tv-part-4s-3s-fut};{uuttu:uuttuq/1n}{ut:ut/2nn}{igi:gi/1nv}{lugu:lugu/tv-part-4s-3s-fut};{uuttu:uuttuq/1n}{u:u/1nv}{tigi:tigi/1vv}{lugu:lugu/tv-part-4s-3s-fut};{uuttu:uuttuq/1n}{uti:ut/2nn}{gi:gi/1nv}{lugu:lugu/tv-part-1d-3s-fut};{uuttu:uuttuq/1n}{ut:ut/2nn}{igi:gi/1nv}{lugu:lugu/tv-part-1d-3s-fut};{uuttu:uuttuq/1n}{u:u/1nv}{tigi:tigi/1vv}{lugu:lugu/tv-part-1d-3s-fut};{uuttu:uuttuq/1n}{uti:ut/2nn}{gi:gi/1nv}{lugu:lugu/tv-part-2d-3s-fut};{uuttu:uuttuq/1n}{ut:ut/2nn}{igi:gi/1nv}{lugu:lugu/tv-part-2d-3s-fut};{uuttu:uuttuq/1n}{u:u/1nv}{tigi:tigi/1vv}{lugu:lugu/tv-part-2d-3s-fut};{uuttu:uuttuq/1n}{uti:ut/2nn}{gi:gi/1nv}{lugu:lugu/tv-part-4d-3s-fut};{uuttu:uuttuq/1n}{ut:ut/2nn}{igi:gi/1nv}{lugu:lugu/tv-part-4d-3s-fut};{uuttu:uuttuq/1n}{u:u/1nv}{tigi:tigi/1vv}{lugu:lugu/tv-part-4d-3s-fut};{uuttu:uuttuq/1n}{uti:ut/2nn}{gi:gi/1nv}{lugu:lugu/tv-part-1p-3s-fut};{uuttu:uuttuq/1n}{ut:ut/2nn}{igi:gi/1nv}{lugu:lugu/tv-part-1p-3s-fut};{uuttu:uuttuq/1n}{u:u/1nv}{tigi:tigi/1vv}{lugu:lugu/tv-part-1p-3s-fut};{uuttu:uuttuq/1n}{uti:ut/2nn}{gi:gi/1nv}{lugu:lugu/tv-part-2p-3s-fut};{uuttu:uuttuq/1n}{ut:ut/2nn}{igi:gi/1nv}{lugu:lugu/tv-part-2p-3s-fut};{uuttu:uuttuq/1n}{u:u/1nv}{tigi:tigi/1vv}{lugu:lugu/tv-part-2p-3s-fut};{uuttu:uuttuq/1n}{uti:ut/2nn}{gi:gi/1nv}{lugu:lugu/tv-part-4p-3s-fut};{uuttu:uuttuq/1n}{ut:ut/2nn}{igi:gi/1nv}{lugu:lugu/tv-part-4p-3s-fut};{uuttu:uuttuq/1n}{u:u/1nv}{tigi:tigi/1vv}{lugu:lugu/tv-part-4p-3s-fut};{uut:uut/1v}{tu:juq/1vn}{uti:ut/2nn}{gi:gi/1nv}{lugu:lugu/tv-part-1s-3s-fut};{uut:uuk/1v}{tu:juq/1vn}{uti:ut/2nn}{gi:gi/1nv}{lugu:lugu/tv-part-1s-3s-fut};{uut:uuk/1v}{tu:tuq/1vv}{uti:ut/1vn}{gi:gi/1nv}{lugu:lugu/tv-part-1s-3s-fut};{uut:uuk/1v}{tu:suq/1vv}{uti:ut/1vn}{gi:gi/1nv}{lugu:lugu/tv-part-1s-3s-fut};{uut:uut/1v}{tu:juq/1vn}{uti:uti/3nn}{gi:gi/1nv}{lugu:lugu/tv-part-1s-3s-fut};{uut:uuk/1v}{tu:juq/1vn}{uti:uti/3nn}{gi:gi/1nv}{lugu:lugu/tv-part-1s-3s-fut};{uut:uut/1v}{tu:juq/1vn}{ut:ut/2nn}{igi:gi/1nv}{lugu:lugu/tv-part-1s-3s-fut};{uut:uuk/1v}{tu:juq/1vn}{ut:ut/2nn}{igi:gi/1nv}{lugu:lugu/tv-part-1s-3s-fut};{uut:uuk/1v}{tu:tuq/1vv}{ut:ut/1vn}{igi:gi/1nv}{lugu:lugu/tv-part-1s-3s-fut};{uut:uuk/1v}{tu:suq/1vv}{ut:ut/1vn}{igi:gi/1nv}{lugu:lugu/tv-part-1s-3s-fut};{uut:uut/1v}{tu:juq/1vn}{u:u/1nv}{tigi:tigi/1vv}{lugu:lugu/tv-part-1s-3s-fut};{uut:uuk/1v}{tu:juq/1vn}{u:u/1nv}{tigi:tigi/1vv}{lugu:lugu/tv-part-1s-3s-fut};{uut:uuk/1v}{tu:tuq/1vv}{u:uq/3vv}{tigi:tigi/1vv}{lugu:lugu/tv-part-1s-3s-fut};{uut:uuk/1v}{tu:suq/1vv}{u:uq/3vv}{tigi:tigi/1vv}{lugu:lugu/tv-part-1s-3s-fut};{uut:uut/1v}{tu:juq/1vn}{uti:ut/2nn}{gi:gi/1nv}{lugu:lugu/tv-part-2s-3s-fut};{uut:uuk/1v}{tu:juq/1vn}{uti:ut/2nn}{gi:gi/1nv}{lugu:lugu/tv-part-2s-3s-fut};{uut:uuk/1v}{tu:tuq/1vv}{uti:ut/1vn}{gi:gi/1nv}{lugu:lugu/tv-part-2s-3s-fut};{uut:uuk/1v}{tu:suq/1vv}{uti:ut/1vn}{gi:gi/1nv}{lugu:lugu/tv-part-2s-3s-fut};{uut:uut/1v}{tu:juq/1vn}{uti:uti/3nn}{gi:gi/1nv}{lugu:lugu/tv-part-2s-3s-fut};{uut:uuk/1v}{tu:juq/1vn}{uti:uti/3nn}{gi:gi/1nv}{lugu:lugu/tv-part-2s-3s-fut};{uut:uut/1v}{tu:juq/1vn}{ut:ut/2nn}{igi:gi/1nv}{lugu:lugu/tv-part-2s-3s-fut};{uut:uuk/1v}{tu:juq/1vn}{ut:ut/2nn}{igi:gi/1nv}{lugu:lugu/tv-part-2s-3s-fut};{uut:uuk/1v}{tu:tuq/1vv}{ut:ut/1vn}{igi:gi/1nv}{lugu:lugu/tv-part-2s-3s-fut};{uut:uuk/1v}{tu:suq/1vv}{ut:ut/1vn}{igi:gi/1nv}{lugu:lugu/tv-part-2s-3s-fut};{uut:uut/1v}{tu:juq/1vn}{u:u/1nv}{tigi:tigi/1vv}{lugu:lugu/tv-part-2s-3s-fut};{uut:uuk/1v}{tu:juq/1vn}{u:u/1nv}{tigi:tigi/1vv}{lugu:lugu/tv-part-2s-3s-fut};{uut:uuk/1v}{tu:tuq/1vv}{u:uq/3vv}{tigi:tigi/1vv}{lugu:lugu/tv-part-2s-3s-fut};{uut:uuk/1v}{tu:suq/1vv}{u:uq/3vv}{tigi:tigi/1vv}{lugu:lugu/tv-part-2s-3s-fut};{uut:uut/1v}{tu:juq/1vn}{uti:ut/2nn}{gi:gi/1nv}{lugu:lugu/tv-part-4s-3s-fut};{uut:uuk/1v}{tu:juq/1vn}{uti:ut/2nn}{gi:gi/1nv}{lugu:lugu/tv-part-4s-3s-fut};{uut:uuk/1v}{tu:tuq/1vv}{uti:ut/1vn}{gi:gi/1nv}{lugu:lugu/tv-part-4s-3s-fut};{uut:uuk/1v}{tu:suq/1vv}{uti:ut/1vn}{gi:gi/1nv}{lugu:lugu/tv-part-4s-3s-fut};{uut:uut/1v}{tu:juq/1vn}{uti:uti/3nn}{gi:gi/1nv}{lugu:lugu/tv-part-4s-3s-fut};{uut:uuk/1v}{tu:juq/1vn}{uti:uti/3nn}{gi:gi/1nv}{lugu:lugu/tv-part-4s-3s-fut};{uut:uut/1v}{tu:juq/1vn}{ut:ut/2nn}{igi:gi/1nv}{lugu:lugu/tv-part-4s-3s-fut};{uut:uuk/1v}{tu:juq/1vn}{ut:ut/2nn}{igi:gi/1nv}{lugu:lugu/tv-part-4s-3s-fut};{uut:uuk/1v}{tu:tuq/1vv}{ut:ut/1vn}{igi:gi/1nv}{lugu:lugu/tv-part-4s-3s-fut};{uut:uuk/1v}{tu:suq/1vv}{ut:ut/1vn}{igi:gi/1nv}{lugu:lugu/tv-part-4s-3s-fut};{uut:uut/1v}{tu:juq/1vn}{u:u/1nv}{tigi:tigi/1vv}{lugu:lugu/tv-part-4s-3s-fut};{uut:uuk/1v}{tu:juq/1vn}{u:u/1nv}{tigi:tigi/1vv}{lugu:lugu/tv-part-4s-3s-fut};{uut:uuk/1v}{tu:tuq/1vv}{u:uq/3vv}{tigi:tigi/1vv}{lugu:lugu/tv-part-4s-3s-fut};{uut:uuk/1v}{tu:suq/1vv}{u:uq/3vv}{tigi:tigi/1vv}{lugu:lugu/tv-part-4s-3s-fut};{uut:uut/1v}{tu:juq/1vn}{uti:ut/2nn}{gi:gi/1nv}{lugu:lugu/tv-part-1d-3s-fut};{uut:uuk/1v}{tu:juq/1vn}{uti:ut/2nn}{gi:gi/1nv}{lugu:lugu/tv-part-1d-3s-fut};{uut:uuk/1v}{tu:tuq/1vv}{uti:ut/1vn}{gi:gi/1nv}{lugu:lugu/tv-part-1d-3s-fut};{uut:uuk/1v}{tu:suq/1vv}{uti:ut/1vn}{gi:gi/1nv}{lugu:lugu/tv-part-1d-3s-fut};{uut:uut/1v}{tu:juq/1vn}{uti:uti/3nn}{gi:gi/1nv}{lugu:lugu/tv-part-1d-3s-fut};{uut:uuk/1v}{tu:juq/1vn}{uti:uti/3nn}{gi:gi/1nv}{lugu:lugu/tv-part-1d-3s-fut};{uut:uut/1v}{tu:juq/1vn}{ut:ut/2nn}{igi:gi/1nv}{lugu:lugu/tv-part-1d-3s-fut};{uut:uuk/1v}{tu:juq/1vn}{ut:ut/2nn}{igi:gi/1nv}{lugu:lugu/tv-part-1d-3s-fut};{uut:uuk/1v}{tu:tuq/1vv}{ut:ut/1vn}{igi:gi/1nv}{lugu:lugu/tv-part-1d-3s-fut};{uut:uuk/1v}{tu:suq/1vv}{ut:ut/1vn}{igi:gi/1nv}{lugu:lugu/tv-part-1d-3s-fut};{uut:uut/1v}{tu:juq/1vn}{u:u/1nv}{tigi:tigi/1vv}{lugu:lugu/tv-part-1d-3s-fut};{uut:uuk/1v}{tu:juq/1vn}{u:u/1nv}{tigi:tigi/1vv}{lugu:lugu/tv-part-1d-3s-fut};{uut:uuk/1v}{tu:tuq/1vv}{u:uq/3vv}{tigi:tigi/1vv}{lugu:lugu/tv-part-1d-3s-fut};{uut:uuk/1v}{tu:suq/1vv}{u:uq/3vv}{tigi:tigi/1vv}{lugu:lugu/tv-part-1d-3s-fut};{uut:uut/1v}{tu:juq/1vn}{uti:ut/2nn}{gi:gi/1nv}{lugu:lugu/tv-part-2d-3s-fut};{uut:uuk/1v}{tu:juq/1vn}{uti:ut/2nn}{gi:gi/1nv}{lugu:lugu/tv-part-2d-3s-fut};{uut:uuk/1v}{tu:tuq/1vv}{uti:ut/1vn}{gi:gi/1nv}{lugu:lugu/tv-part-2d-3s-fut};{uut:uuk/1v}{tu:suq/1vv}{uti:ut/1vn}{gi:gi/1nv}{lugu:lugu/tv-part-2d-3s-fut};{uut:uut/1v}{tu:juq/1vn}{uti:uti/3nn}{gi:gi/1nv}{lugu:lugu/tv-part-2d-3s-fut};{uut:uuk/1v}{tu:juq/1vn}{uti:uti/3nn}{gi:gi/1nv}{lugu:lugu/tv-part-2d-3s-fut};{uut:uut/1v}{tu:juq/1vn}{ut:ut/2nn}{igi:gi/1nv}{lugu:lugu/tv-part-2d-3s-fut};{uut:uuk/1v}{tu:juq/1vn}{ut:ut/2nn}{igi:gi/1nv}{lugu:lugu/tv-part-2d-3s-fut};{uut:uuk/1v}{tu:tuq/1vv}{ut:ut/1vn}{igi:gi/1nv}{lugu:lugu/tv-part-2d-3s-fut};{uut:uuk/1v}{tu:suq/1vv}{ut:ut/1vn}{igi:gi/1nv}{lugu:lugu/tv-part-2d-3s-fut};{uut:uut/1v}{tu:juq/1vn}{u:u/1nv}{tigi:tigi/1vv}{lugu:lugu/tv-part-2d-3s-fut};{uut:uuk/1v}{tu:juq/1vn}{u:u/1nv}{tigi:tigi/1vv}{lugu:lugu/tv-part-2d-3s-fut};{uut:uuk/1v}{tu:tuq/1vv}{u:uq/3vv}{tigi:tigi/1vv}{lugu:lugu/tv-part-2d-3s-fut};{uut:uuk/1v}{tu:suq/1vv}{u:uq/3vv}{tigi:tigi/1vv}{lugu:lugu/tv-part-2d-3s-fut};{uut:uut/1v}{tu:juq/1vn}{uti:ut/2nn}{gi:gi/1nv}{lugu:lugu/tv-part-4d-3s-fut};{uut:uuk/1v}{tu:juq/1vn}{uti:ut/2nn}{gi:gi/1nv}{lugu:lugu/tv-part-4d-3s-fut};{uut:uuk/1v}{tu:tuq/1vv}{uti:ut/1vn}{gi:gi/1nv}{lugu:lugu/tv-part-4d-3s-fut};{uut:uuk/1v}{tu:suq/1vv}{uti:ut/1vn}{gi:gi/1nv}{lugu:lugu/tv-part-4d-3s-fut};{uut:uut/1v}{tu:juq/1vn}{uti:uti/3nn}{gi:gi/1nv}{lugu:lugu/tv-part-4d-3s-fut};{uut:uuk/1v}{tu:juq/1vn}{uti:uti/3nn}{gi:gi/1nv}{lugu:lugu/tv-part-4d-3s-fut};{uut:uut/1v}{tu:juq/1vn}{ut:ut/2nn}{igi:gi/1nv}{lugu:lugu/tv-part-4d-3s-fut};{uut:uuk/1v}{tu:juq/1vn}{ut:ut/2nn}{igi:gi/1nv}{lugu:lugu/tv-part-4d-3s-fut};{uut:uuk/1v}{tu:tuq/1vv}{ut:ut/1vn}{igi:gi/1nv}{lugu:lugu/tv-part-4d-3s-fut};{uut:uuk/1v}{tu:suq/1vv}{ut:ut/1vn}{igi:gi/1nv}{lugu:lugu/tv-part-4d-3s-fut};{uut:uut/1v}{tu:juq/1vn}{u:u/1nv}{tigi:tigi/1vv}{lugu:lugu/tv-part-4d-3s-fut};{uut:uuk/1v}{tu:juq/1vn}{u:u/1nv}{tigi:tigi/1vv}{lugu:lugu/tv-part-4d-3s-fut};{uut:uuk/1v}{tu:tuq/1vv}{u:uq/3vv}{tigi:tigi/1vv}{lugu:lugu/tv-part-4d-3s-fut};{uut:uuk/1v}{tu:suq/1vv}{u:uq/3vv}{tigi:tigi/1vv}{lugu:lugu/tv-part-4d-3s-fut};{uut:uut/1v}{tu:juq/1vn}{uti:ut/2nn}{gi:gi/1nv}{lugu:lugu/tv-part-1p-3s-fut};{uut:uuk/1v}{tu:juq/1vn}{uti:ut/2nn}{gi:gi/1nv}{lugu:lugu/tv-part-1p-3s-fut};{uut:uuk/1v}{tu:tuq/1vv}{uti:ut/1vn}{gi:gi/1nv}{lugu:lugu/tv-part-1p-3s-fut};{uut:uuk/1v}{tu:suq/1vv}{uti:ut/1vn}{gi:gi/1nv}{lugu:lugu/tv-part-1p-3s-fut};{uut:uut/1v}{tu:juq/1vn}{uti:uti/3nn}{gi:gi/1nv}{lugu:lugu/tv-part-1p-3s-fut};{uut:uuk/1v}{tu:juq/1vn}{uti:uti/3nn}{gi:gi/1nv}{lugu:lugu/tv-part-1p-3s-fut};{uut:uut/1v}{tu:juq/1vn}{ut:ut/2nn}{igi:gi/1nv}{lugu:lugu/tv-part-1p-3s-fut};{uut:uuk/1v}{tu:juq/1vn}{ut:ut/2nn}{igi:gi/1nv}{lugu:lugu/tv-part-1p-3s-fut};{uut:uuk/1v}{tu:tuq/1vv}{ut:ut/1vn}{igi:gi/1nv}{lugu:lugu/tv-part-1p-3s-fut};{uut:uuk/1v}{tu:suq/1vv}{ut:ut/1vn}{igi:gi/1nv}{lugu:lugu/tv-part-1p-3s-fut};{uut:uut/1v}{tu:juq/1vn}{u:u/1nv}{tigi:tigi/1vv}{lugu:lugu/tv-part-1p-3s-fut};{uut:uuk/1v}{tu:juq/1vn}{u:u/1nv}{tigi:tigi/1vv}{lugu:lugu/tv-part-1p-3s-fut};{uut:uuk/1v}{tu:tuq/1vv}{u:uq/3vv}{tigi:tigi/1vv}{lugu:lugu/tv-part-1p-3s-fut};{uut:uuk/1v}{tu:suq/1vv}{u:uq/3vv}{tigi:tigi/1vv}{lugu:lugu/tv-part-1p-3s-fut};{uut:uut/1v}{tu:juq/1vn}{uti:ut/2nn}{gi:gi/1nv}{lugu:lugu/tv-part-2p-3s-fut};{uut:uuk/1v}{tu:juq/1vn}{uti:ut/2nn}{gi:gi/1nv}{lugu:lugu/tv-part-2p-3s-fut};{uut:uuk/1v}{tu:tuq/1vv}{uti:ut/1vn}{gi:gi/1nv}{lugu:lugu/tv-part-2p-3s-fut};{uut:uuk/1v}{tu:suq/1vv}{uti:ut/1vn}{gi:gi/1nv}{lugu:lugu/tv-part-2p-3s-fut};{uut:uut/1v}{tu:juq/1vn}{uti:uti/3nn}{gi:gi/1nv}{lugu:lugu/tv-part-2p-3s-fut};{uut:uuk/1v}{tu:juq/1vn}{uti:uti/3nn}{gi:gi/1nv}{lugu:lugu/tv-part-2p-3s-fut};{uut:uut/1v}{tu:juq/1vn}{ut:ut/2nn}{igi:gi/1nv}{lugu:lugu/tv-part-2p-3s-fut};{uut:uuk/1v}{tu:juq/1vn}{ut:ut/2nn}{igi:gi/1nv}{lugu:lugu/tv-part-2p-3s-fut};{uut:uuk/1v}{tu:tuq/1vv}{ut:ut/1vn}{igi:gi/1nv}{lugu:lugu/tv-part-2p-3s-fut};{uut:uuk/1v}{tu:suq/1vv}{ut:ut/1vn}{igi:gi/1nv}{lugu:lugu/tv-part-2p-3s-fut};{uut:uut/1v}{tu:juq/1vn}{u:u/1nv}{tigi:tigi/1vv}{lugu:lugu/tv-part-2p-3s-fut};{uut:uuk/1v}{tu:juq/1vn}{u:u/1nv}{tigi:tigi/1vv}{lugu:lugu/tv-part-2p-3s-fut};{uut:uuk/1v}{tu:tuq/1vv}{u:uq/3vv}{tigi:tigi/1vv}{lugu:lugu/tv-part-2p-3s-fut};{uut:uuk/1v}{tu:suq/1vv}{u:uq/3vv}{tigi:tigi/1vv}{lugu:lugu/tv-part-2p-3s-fut};{uut:uut/1v}{tu:juq/1vn}{uti:ut/2nn}{gi:gi/1nv}{lugu:lugu/tv-part-4p-3s-fut};{uut:uuk/1v}{tu:juq/1vn}{uti:ut/2nn}{gi:gi/1nv}{lugu:lugu/tv-part-4p-3s-fut};{uut:uuk/1v}{tu:tuq/1vv}{uti:ut/1vn}{gi:gi/1nv}{lugu:lugu/tv-part-4p-3s-fut};{uut:uuk/1v}{tu:suq/1vv}{uti:ut/1vn}{gi:gi/1nv}{lugu:lugu/tv-part-4p-3s-fut};{uut:uut/1v}{tu:juq/1vn}{uti:uti/3nn}{gi:gi/1nv}{lugu:lugu/tv-part-4p-3s-fut};{uut:uuk/1v}{tu:juq/1vn}{uti:uti/3nn}{gi:gi/1nv}{lugu:lugu/tv-part-4p-3s-fut};{uut:uut/1v}{tu:juq/1vn}{ut:ut/2nn}{igi:gi/1nv}{lugu:lugu/tv-part-4p-3s-fut};{uut:uuk/1v}{tu:juq/1vn}{ut:ut/2nn}{igi:gi/1nv}{lugu:lugu/tv-part-4p-3s-fut};{uut:uuk/1v}{tu:tuq/1vv}{ut:ut/1vn}{igi:gi/1nv}{lugu:lugu/tv-part-4p-3s-fut};{uut:uuk/1v}{tu:suq/1vv}{ut:ut/1vn}{igi:gi/1nv}{lugu:lugu/tv-part-4p-3s-fut};{uut:uut/1v}{tu:juq/1vn}{u:u/1nv}{tigi:tigi/1vv}{lugu:lugu/tv-part-4p-3s-fut};{uut:uuk/1v}{tu:juq/1vn}{u:u/1nv}{tigi:tigi/1vv}{lugu:lugu/tv-part-4p-3s-fut};{uut:uuk/1v}{tu:tuq/1vv}{u:uq/3vv}{tigi:tigi/1vv}{lugu:lugu/tv-part-4p-3s-fut};{uut:uuk/1v}{tu:suq/1vv}{u:uq/3vv}{tigi:tigi/1vv}{lugu:lugu/tv-part-4p-3s-fut};{uut:uuk/1v}{tu:tuq/1vv}{u:uq/3vv}{ti:ji/1vn}{gi:gi/1nv}{lugu:lugu/tv-part-1s-3s-fut};{uut:uuk/1v}{tu:suq/1vv}{u:uq/3vv}{ti:ji/1vn}{gi:gi/1nv}{lugu:lugu/tv-part-1s-3s-fut};{uut:uuk/1v}{tu:tuq/1vv}{u:uq/3vv}{ti:ji/1vn}{gi:gi/1nv}{lugu:lugu/tv-part-2s-3s-fut};{uut:uuk/1v}{tu:suq/1vv}{u:uq/3vv}{ti:ji/1vn}{gi:gi/1nv}{lugu:lugu/tv-part-2s-3s-fut};{uut:uuk/1v}{tu:tuq/1vv}{u:uq/3vv}{ti:ji/1vn}{gi:gi/1nv}{lugu:lugu/tv-part-4s-3s-fut};{uut:uuk/1v}{tu:suq/1vv}{u:uq/3vv}{ti:ji/1vn}{gi:gi/1nv}{lugu:lugu/tv-part-4s-3s-fut};{uut:uuk/1v}{tu:tuq/1vv}{u:uq/3vv}{ti:ji/1vn}{gi:gi/1nv}{lugu:lugu/tv-part-1d-3s-fut};{uut:uuk/1v}{tu:suq/1vv}{u:uq/3vv}{ti:ji/1vn}{gi:gi/1nv}{lugu:lugu/tv-part-1d-3s-fut};{uut:uuk/1v}{tu:tuq/1vv}{u:uq/3vv}{ti:ji/1vn}{gi:gi/1nv}{lugu:lugu/tv-part-2d-3s-fut};{uut:uuk/1v}{tu:suq/1vv}{u:uq/3vv}{ti:ji/1vn}{gi:gi/1nv}{lugu:lugu/tv-part-2d-3s-fut};{uut:uuk/1v}{tu:tuq/1vv}{u:uq/3vv}{ti:ji/1vn}{gi:gi/1nv}{lugu:lugu/tv-part-4d-3s-fut};{uut:uuk/1v}{tu:suq/1vv}{u:uq/3vv}{ti:ji/1vn}{gi:gi/1nv}{lugu:lugu/tv-part-4d-3s-fut};{uut:uuk/1v}{tu:tuq/1vv}{u:uq/3vv}{ti:ji/1vn}{gi:gi/1nv}{lugu:lugu/tv-part-1p-3s-fut};{uut:uuk/1v}{tu:suq/1vv}{u:uq/3vv}{ti:ji/1vn}{gi:gi/1nv}{lugu:lugu/tv-part-1p-3s-fut};{uut:uuk/1v}{tu:tuq/1vv}{u:uq/3vv}{ti:ji/1vn}{gi:gi/1nv}{lugu:lugu/tv-part-2p-3s-fut};{uut:uuk/1v}{tu:suq/1vv}{u:uq/3vv}{ti:ji/1vn}{gi:gi/1nv}{lugu:lugu/tv-part-2p-3s-fut};{uut:uuk/1v}{tu:tuq/1vv}{u:uq/3vv}{ti:ji/1vn}{gi:gi/1nv}{lugu:lugu/tv-part-4p-3s-fut};{uut:uuk/1v}{tu:suq/1vv}{u:uq/3vv}{ti:ji/1vn}{gi:gi/1nv}{lugu:lugu/tv-part-4p-3s-fut};{uuttu:uuttuq/1n}{uti:ut/2nn}{gi:gi/1nv}{lu:luk/3vv}{gu:guk/tv-imp-2s-3s};{uuttu:uuttuq/1n}{ut:ut/2nn}{igi:gi/1nv}{lu:luk/3vv}{gu:guk/tv-imp-2s-3s};{uuttu:uuttuq/1n}{u:u/1nv}{tigi:tigi/1vv}{lu:luk/3vv}{gu:guk/tv-imp-2s-3s};{uuttu:uuttuq/1n}{uti:ut/2nn}{gi:gik/1nv}{lu:luk/3vv}{gu:guk/tv-imp-2s-3s};{uut:uut/1v}{tu:juq/1vn}{uti:ut/2nn}{gi:gi/1nv}{lu:luk/3vv}{gu:guk/tv-imp-2s-3s};{uut:uuk/1v}{tu:juq/1vn}{uti:ut/2nn}{gi:gi/1nv}{lu:luk/3vv}{gu:guk/tv-imp-2s-3s};{uut:uuk/1v}{tu:tuq/1vv}{uti:ut/1vn}{gi:gi/1nv}{lu:luk/3vv}{gu:guk/tv-imp-2s-3s};{uut:uuk/1v}{tu:suq/1vv}{uti:ut/1vn}{gi:gi/1nv}{lu:luk/3vv}{gu:guk/tv-imp-2s-3s};{uut:uut/1v}{tu:juq/1vn}{uti:uti/3nn}{gi:gi/1nv}{lu:luk/3vv}{gu:guk/tv-imp-2s-3s};{uut:uuk/1v}{tu:juq/1vn}{uti:uti/3nn}{gi:gi/1nv}{lu:luk/3vv}{gu:guk/tv-imp-2s-3s};{uut:uut/1v}{tu:juq/1vn}{ut:ut/2nn}{igi:gi/1nv}{lu:luk/3vv}{gu:guk/tv-imp-2s-3s};{uut:uuk/1v}{tu:juq/1vn}{ut:ut/2nn}{igi:gi/1nv}{lu:luk/3vv}{gu:guk/tv-imp-2s-3s};{uut:uuk/1v}{tu:tuq/1vv}{ut:ut/1vn}{igi:gi/1nv}{lu:luk/3vv}{gu:guk/tv-imp-2s-3s};{uut:uuk/1v}{tu:suq/1vv}{ut:ut/1vn}{igi:gi/1nv}{lu:luk/3vv}{gu:guk/tv-imp-2s-3s};{uut:uut/1v}{tu:juq/1vn}{u:u/1nv}{tigi:tigi/1vv}{lu:luk/3vv}{gu:guk/tv-imp-2s-3s};{uut:uuk/1v}{tu:juq/1vn}{u:u/1nv}{tigi:tigi/1vv}{lu:luk/3vv}{gu:guk/tv-imp-2s-3s};{uut:uuk/1v}{tu:tuq/1vv}{u:uq/3vv}{tigi:tigi/1vv}{lu:luk/3vv}{gu:guk/tv-imp-2s-3s};{uut:uuk/1v}{tu:suq/1vv}{u:uq/3vv}{tigi:tigi/1vv}{lu:luk/3vv}{gu:guk/tv-imp-2s-3s};{uut:uut/1v}{tu:juq/1vn}{uti:ut/2nn}{gi:gik/1nv}{lu:luk/3vv}{gu:guk/tv-imp-2s-3s};{uut:uuk/1v}{tu:juq/1vn}{uti:ut/2nn}{gi:gik/1nv}{lu:luk/3vv}{gu:guk/tv-imp-2s-3s};{uut:uuk/1v}{tu:tuq/1vv}{uti:ut/1vn}{gi:gik/1nv}{lu:luk/3vv}{gu:guk/tv-imp-2s-3s};{uut:uuk/1v}{tu:suq/1vv}{uti:ut/1vn}{gi:gik/1nv}{lu:luk/3vv}{gu:guk/tv-imp-2s-3s};{uut:uut/1v}{tu:juq/1vn}{uti:uti/3nn}{gi:gik/1nv}{lu:luk/3vv}{gu:guk/tv-imp-2s-3s};{uut:uuk/1v}{tu:juq/1vn}{uti:uti/3nn}{gi:gik/1nv}{lu:luk/3vv}{gu:guk/tv-imp-2s-3s};{uut:uuk/1v}{tu:tuq/1vv}{u:uq/3vv}{ti:ji/1vn}{gi:gi/1nv}{lu:luk/3vv}{gu:guk/tv-imp-2s-3s};{uut:uuk/1v}{tu:suq/1vv}{u:uq/3vv}{ti:ji/1vn}{gi:gi/1nv}{lu:luk/3vv}{gu:guk/tv-imp-2s-3s};{uut:uuk/1v}{tu:tuq/1vv}{u:uq/3vv}{ti:ji/1vn}{gi:gik/1nv}{lu:luk/3vv}{gu:guk/tv-imp-2s-3s};{uut:uuk/1v}{tu:suq/1vv}{u:uq/3vv}{ti:ji/1vn}{gi:gik/1nv}{lu:luk/3vv}{gu:guk/tv-imp-2s-3s},False,False,False,False,False,
hansard,uuviti,,True,,False,False,False,False,True,Ovide
hansard,uuvuraian,,True,,False,False,False,False,True,O'brien
hansard,uuvuraijan,,True,,False,False,False,False,True,O'brien
hansard,uvagut,{uvagut:uvagut/1p},False,{uvagut:uvagut/1p},False,False,False,False,False,
hansard,uvalu,{uvalu:uvvalu/1c},False,,True,False,False,False,False,
hansard,uvanga,{uvanga:uvanga/1p},False,{uvanga:uvanga/1p},False,False,False,False,False,
hansard,uvani,{uv:uv/rad-sc}{ani:ani/tad-loc},False,{uv:uv/rad-sc}{ani:ani/tad-loc},False,False,False,False,False,
hansard,uvannik,{uva:uva/1rpr}{nnik:mnik/tn-acc-s-1s},False,{uva:uva/1rpr}{nnik:mnik/tn-acc-s-1s},False,False,False,False,False,
hansard,uvannut,{uva:uva/1rpr}{nnut:mnut/tn-dat-s-1s},False,{uva:uva/1rpr}{nnut:mnut/tn-dat-s-1s},False,False,False,False,False,
hansard,uvattinni,{uva:uva/1rpr}{ttinni:ptingni/tn-loc-p-1p},False,{uva:uva/1rpr}{ttinni:ptingni/tn-loc-p-1p};{uva:uva/1rpr}{ttinni:ptingnik/tn-acc-p-1p};{uva:uva/1rpr}{ttinni:ptingnit/tn-abl-p-1p},False,False,False,False,False,
hansard,uvattinnik,{uva:uva/1rpr}{ttinnik:ptingnik/tn-acc-p-1p},False,{uva:uva/1rpr}{ttinnik:ptingnik/tn-acc-p-1p},False,False,False,False,False,
hansard,uvattinnut,{uva:uva/1rpr}{ttinnut:ptingnut/tn-dat-p-1p},False,{uva:uva/1rpr}{ttinnut:ptingnut/tn-dat-p-1p},False,False,False,False,False,
hansard,uvunga,{uv:uv/rad-sc}{unga:unga/tad-dat},False,{uv:uv/rad-sc}{unga:unga/tad-dat},False,False,False,False,False,
hansard,uvva,{uvva:ubva/ad-sc},False,{uvva:ubva/ad-sc},False,False,False,False,False,
hansard,uvvalu,{uvvalu:uvvalu/1c},False,{uvvalu:uvvalu/1c};{uvva:ubva/ad-sc}{lu:lu/1q},False,False,False,False,False,
hansard,uvvalukiaq,{uvvalu:uvvalu/1c}{kiaq:kia/1q},False,{uvvalu:uvvalu/1c}{kiaq:kia/1q};{uvva:ubva/ad-sc}{lu:lu/1q}{kiaq:kia/1q},False,False,False,False,False,
hansard,uvvaluunni,{uvvaluunni:uvvaluunniit/1c},False,,True,False,False,False,False,
hansard,uvvaluunniit,{uvvaluunniit:uvvaluunniit/1c},False,{uvvaluunniit:uvvaluunniit/1c};{uvva:ubva/ad-sc}{luunniit:luunniit/1q},False,False,False,False,False,
hansard,vaanavas,,True,,False,False,False,False,True,Barnabas
hansard,viliams,[decomposition:/viliams(viliams)/],False,,False,False,False,False,True,
hansard,viuris,,True,,False,False,False,False,True,Ferris
hansard,vivvuari,{vivvuari:vivvuari/1n},False,{vivvuari:vivvuari/1n},False,False,False,False,False,
words_that_failed_before,angilligiaqtunit,{angi:angi/1v}{lli:llik/1vv}{giaq:giaq/1vv}{tu:juq/1vn}{nit:nit/tn-abl-p},False,{angi:angiq/1v}{lli:llik/1vv}{giaq:giaq/1vv}{tu:juq/1vn}{nit:nit/tn-abl-p};{angi:angiq/1v}{lli:llik/1vv}{giaq:giaq/1vv}{tu:juq/1vn}{nit:ngnit/tn-abl-s-2s};{angi:angiq/1v}{lli:llik/1vv}{giaq:giaq/1vv}{tu:juq/1vn}{nit:ngnit/tn-abl-p-2s};{angi:angiq/1v}{lli:llik/1vv}{giaq:giaq/1vv}{tu:juq/1vn}{nit:mnit/tn-abl-s-1s};{angi:angiq/1v}{lli:llik/1vv}{giaq:giaq/1vv}{tu:juq/1vn}{nit:mnit/tn-abl-p-1s};{angi:angi/1v}{lli:llik/1vv}{giaq:giaq/1vv}{tu:juq/1vn}{nit:nit/tn-abl-p};{angi:angi/1v}{lli:llik/1vv}{giaq:giaq/1vv}{tu:juq/1vn}{nit:ngnit/tn-abl-s-2s};{angi:angi/1v}{lli:llik/1vv}{giaq:giaq/1vv}{tu:juq/1vn}{nit:ngnit/tn-abl-p-2s};{angi:angi/1v}{lli:llik/1vv}{giaq:giaq/1vv}{tu:juq/1vn}{nit:mnit/tn-abl-s-1s};{angi:angi/1v}{lli:llik/1vv}{giaq:giaq/1vv}{tu:juq/1vn}{nit:mnit/tn-abl-p-1s},False,False,False,False,False,
words_that_failed_before,angilligiaqtittigunnaqpat,{angi:angi/1v}{lli:llik/1vv}{giaq:giaq/1vv}{tit:tit/1vv}{ti:si/1vv}{gunnaq:junnaq/1vv}{pat:vat/tv-int-3p},False,{angi:angiq/1v}{lli:llik/1vv}{giaq:giaq/1vv}{tit:tiq/1vn}{ti:si/4nv}{gunnaq:junnaq/1vv}{pat:vat/tv-int-3p};{angi:angiq/1v}{lli:llik/1vv}{giaq:giaq/2vn}{tit:&iq/1nn}{ti:si/4nv}{gunnaq:junnaq/1vv}{pat:vat/tv-int-3p};{angi:angiq/1v}{lli:llik/1vv}{giaq:giaq/3vn}{tit:&iq/1nn}{ti:si/4nv}{gunnaq:junnaq/1vv}{pat:vat/tv-int-3p};{angi:angiq/1v}{lli:llik/1vv}{giaq:giaq/1vv}{tit:tit/1vv}{ti:si/1vv}{gunnaq:junnaq/1vv}{pat:vat/tv-int-3p};{angi:angiq/1v}{lli:llik/1vv}{giaq:giaq/1vv}{tit:tiq/1vn}{ti:si/4nv}{gunnaq:junnaq/1vv}{pat:pat/tv-cond-4s};{angi:angiq/1v}{lli:llik/1vv}{giaq:giaq/2vn}{tit:&iq/1nn}{ti:si/4nv}{gunnaq:junnaq/1vv}{pat:pat/tv-cond-4s};{angi:angiq/1v}{lli:llik/1vv}{giaq:giaq/3vn}{tit:&iq/1nn}{ti:si/4nv}{gunnaq:junnaq/1vv}{pat:pat/tv-cond-4s};{angi:angiq/1v}{lli:llik/1vv}{giaq:giaq/1vv}{tit:tit/1vv}{ti:si/1vv}{gunnaq:junnaq/1vv}{pat:pat/tv-cond-4s};{angi:angiq/1v}{lli:llik/1vv}{giaq:giaq/1vv}{tit:tit/1vv}{ti:ji/1vn}{gun:guk/1nv}{naq:naq/1vv}{pat:vat/tv-int-3p};{angi:angiq/1v}{lli:llik/1vv}{giaq:giaq/1vv}{tit:tit/1vv}{ti:ji/1vn}{gun:guk/1nv}{naq:naq/1vv}{pat:pat/tv-cond-4s};{angi:angi/1v}{lli:llik/1vv}{giaq:giaq/1vv}{tit:tiq/1vn}{ti:si/4nv}{gunnaq:junnaq/1vv}{pat:vat/tv-int-3p};{angi:angi/1v}{lli:llik/1vv}{giaq:giaq/2vn}{tit:&iq/1nn}{ti:si/4nv}{gunnaq:junnaq/1vv}{pat:vat/tv-int-3p};{angi:angi/1v}{lli:llik/1vv}{giaq:giaq/3vn}{tit:&iq/1nn}{ti:si/4nv}{gunnaq:junnaq/1vv}{pat:vat/tv-int-3p};{angi:angi/1v}{lli:llik/1vv}{giaq:giaq/1vv}{tit:tit/1vv}{ti:si/1vv}{gunnaq:junnaq/1vv}{pat:vat/tv-int-3p};{angi:angi/1v}{lli:llik/1vv}{giaq:giaq/1vv}{tit:tiq/1vn}{ti:si/4nv}{gunnaq:junnaq/1vv}{pat:pat/tv-cond-4s};{angi:angi/1v}{lli:llik/1vv}{giaq:giaq/2vn}{tit:&iq/1nn}{ti:si/4nv}{gunnaq:junnaq/1vv}{pat:pat/tv-cond-4s};{angi:angi/1v}{lli:llik/1vv}{giaq:giaq/3vn}{tit:&iq/1nn}{ti:si/4nv}{gunnaq:junnaq/1vv}{pat:pat/tv-cond-4s};{angi:angi/1v}{lli:llik/1vv}{giaq:giaq/1vv}{tit:tit/1vv}{ti:si/1vv}{gunnaq:junnaq/1vv}{pat:pat/tv-cond-4s};{angi:angi/1v}{lli:llik/1vv}{giaq:giaq/1vv}{tit:tit/1vv}{ti:ji/1vn}{gun:guk/1nv}{naq:naq/1vv}{pat:vat/tv-int-3p};{angi:angi/1v}{lli:llik/1vv}{giaq:giaq/1vv}{tit:tit/1vv}{ti:ji/1vn}{gun:guk/1nv}{naq:naq/1vv}{pat:pat/tv-cond-4s},False,False,False,False,False,
words_that_failed_before,angilligiaqtitsigunnaqpat,{angi:angi/1v}{lli:llik/1vv}{giaq:giaq/1vv}{tit:tit/1vv}{si:si/1vv}{gunnaq:junnaq/1vv}{pat:vat/tv-int-3p},False,{angi:angiq/1v}{lli:llik/1vv}{giaq:giaq/1vv}{tit:tit/1vv}{si:si/1vv}{gunnaq:junnaq/1vv}{pat:vat/tv-int-3p};{angi:angiq/1v}{lli:llik/1vv}{giaq:giaq/1vv}{ti:ji/1vn}{tsi:k&i/1nv}{gunnaq:junnaq/1vv}{pat:vat/tv-int-3p};{angi:angiq/1v}{lli:llik/1vv}{giaq:giaq/1vv}{tit:tit/1vv}{si:si/1vv}{gunnaq:junnaq/1vv}{pat:pat/tv-cond-4s};{angi:angiq/1v}{lli:llik/1vv}{giaq:giaq/1vv}{ti:ji/1vn}{tsi:k&i/1nv}{gunnaq:junnaq/1vv}{pat:pat/tv-cond-4s};{angi:angiq/1v}{lli:llik/1vv}{giaq:giaq/1vv}{tit:tit/1vv}{si:ji/1vn}{gun:guk/1nv}{naq:naq/1vv}{pat:vat/tv-int-3p};{angi:angiq/1v}{lli:llik/1vv}{giaq:giaq/1vv}{tit:tit/1vv}{si:ji/1vn}{gun:guk/1nv}{naq:naq/1vv}{pat:pat/tv-cond-4s};{angi:angi/1v}{lli:llik/1vv}{giaq:giaq/1vv}{tit:tit/1vv}{si:si/1vv}{gunnaq:junnaq/1vv}{pat:vat/tv-int-3p};{angi:angi/1v}{lli:llik/1vv}{giaq:giaq/1vv}{ti:ji/1vn}{tsi:k&i/1nv}{gunnaq:junnaq/1vv}{pat:vat/tv-int-3p};{angi:angi/1v}{lli:llik/1vv}{giaq:giaq/1vv}{tit:tit/1vv}{si:si/1vv}{gunnaq:junnaq/1vv}{pat:pat/tv-cond-4s};{angi:angi/1v}{lli:llik/1vv}{giaq:giaq/1vv}{ti:ji/1vn}{tsi:k&i/1nv}{gunnaq:junnaq/1vv}{pat:pat/tv-cond-4s};{angi:angi/1v}{lli:llik/1vv}{giaq:giaq/1vv}{tit:tit/1vv}{si:ji/1vn}{gun:guk/1nv}{naq:naq/1vv}{pat:vat/tv-int-3p};{angi:angi/1v}{lli:llik/1vv}{giaq:giaq/1vv}{tit:tit/1vv}{si:ji/1vn}{gun:guk/1nv}{naq:naq/1vv}{pat:pat/tv-cond-4s},False,False,False,False,False,
